[
{
"json_featuretype":"CSV"
,"Registration Date":"2011 01 03"
,"Name of Lobbyist":"Ian Guan"
,"Company":"Gradual Architecture"
,"Phone Number":"604-721-7738"
,"Nature of Lobbying":"Architectural Consultant"
,"Client":"Property Owner"
,"Project No. ":"7910-0322-00"
}
,{
"json_featuretype":"CSV"
,"Registration Date":"2011 01 03"
,"Name of Lobbyist":"Craig Garden"
,"Company":"8015414 Canada Ltd"
,"Phone Number":"604-518-1846"
,"Nature of Lobbying":""
,"Client":"Property Owner"
,"Project No. ":"7910-0326-00"
}
,{
"json_featuretype":"CSV"
,"Registration Date":"2011 01 04"
,"Name of Lobbyist":"Peter Banicevic"
,"Company":"679484 BC LTD"
,"Phone Number":"604-729-9754"
,"Nature of Lobbying":"Real Estate Development"
,"Client":"Property Owner"
,"Project No. ":"7910-0325-00"
}
,{
"json_featuretype":"CSV"
,"Registration Date":"2011 01 04"
,"Name of Lobbyist":"H. Tessier"
,"Company":""
,"Phone Number":"604-880-4977"
,"Nature of Lobbying":"Rezoning Construction"
,"Client":"624733 BC LTD"
,"Project No. ":"7910-0324-00"
}
,{
"json_featuretype":"CSV"
,"Registration Date":"2011 01 05"
,"Name of Lobbyist":"Avnash Banwait"
,"Company":"Mainland Engineering (2007) Corp."
,"Phone Number":"604-543-8044"
,"Nature of Lobbying":"Engineering Consultant"
,"Client":"Property Owner"
,"Project No. ":"7911-0001-00"
}
,{
"json_featuretype":"CSV"
,"Registration Date":"2011 01 07"
,"Name of Lobbyist":"Wojciech Gryzybowioz"
,"Company":"WG Architecture Inc"
,"Phone Number":"604-331-2378"
,"Nature of Lobbying":"Architectural Consultant"
,"Client":"0815391 BC LTD"
,"Project No. ":"7911-0004-00"
}
,{
"json_featuretype":"CSV"
,"Registration Date":"2011 01 17"
,"Name of Lobbyist":"Brenda Bolwyn"
,"Company":"Toustone Property Management Ltd"
,"Phone Number":"604-630-5586"
,"Nature of Lobbying":"Property Management - Agent for Property Owner"
,"Client":"0895414 BC LTD"
,"Project No. ":"7911-0013-00"
}
,{
"json_featuretype":"CSV"
,"Registration Date":"2011 01 19"
,"Name of Lobbyist":"H.Y Engineering Ltd. (Lori Joyce)"
,"Company":"H.Y Engineering Ltd. "
,"Phone Number":"604-583-1616"
,"Nature of Lobbying":"Engineering Consultant"
,"Client":"Property Owner"
,"Project No. ":"7911-0016-00"
}
,{
"json_featuretype":"CSV"
,"Registration Date":"2011 01 21"
,"Name of Lobbyist":"Clarence Arychuk"
,"Company":"Hunter Laird Engineering Ltd"
,"Phone Number":"604-525-4651"
,"Nature of Lobbying":"Engineering Consultant"
,"Client":"0755829 BC LTD"
,"Project No. ":"7911-0014-00"
}
,{
"json_featuretype":"CSV"
,"Registration Date":"2011 01 21"
,"Name of Lobbyist":"Charlie Seaman"
,"Company":"Atlas Sign & Awning"
,"Phone Number":"604-856-7983"
,"Nature of Lobbying":"Signs"
,"Client":"Investors Group Trust Co Ltd"
,"Project No. ":"7911-0015-00"
}
,{
"json_featuretype":"CSV"
,"Registration Date":"2011 01 24"
,"Name of Lobbyist":"H.Y Engineering Ltd. (Lori Joyce)"
,"Company":"H.Y Engineering Ltd. "
,"Phone Number":"604-583-1616"
,"Nature of Lobbying":"Engineering Consultant"
,"Client":"Property Owner"
,"Project No. ":"7911-0019-00"
}
,{
"json_featuretype":"CSV"
,"Registration Date":"2011 01 25"
,"Name of Lobbyist":"David Gilbert"
,"Company":"Triad Sign"
,"Phone Number":"604-561-6056"
,"Nature of Lobbying":"Signs"
,"Client":"58947 BC LTD"
,"Project No. ":"7911-0020-00"
}
,{
"json_featuretype":"CSV"
,"Registration Date":"2011 01 25"
,"Name of Lobbyist":"David Gilbert"
,"Company":"Triad Sign"
,"Phone Number":"604-561-6056"
,"Nature of Lobbying":"Signs"
,"Client":"581947 BC LTD"
,"Project No. ":"7911-0020-00"
}
,{
"json_featuretype":"CSV"
,"Registration Date":"2011 02 01"
,"Name of Lobbyist":"Bhupiurer S. Litt"
,"Company":"Royal Group Tapestry Reality"
,"Phone Number":"604-671-1730"
,"Nature of Lobbying":"Real Estate Development"
,"Client":"Property Owner"
,"Project No. ":"7911-0024-00"
}
,{
"json_featuretype":"CSV"
,"Registration Date":"2011 02 02"
,"Name of Lobbyist":"Clarence Arychuk"
,"Company":"Hunter Laird Engineering Ltd"
,"Phone Number":"604-525-4651"
,"Nature of Lobbying":"Engineering Consultant"
,"Client":"Rosemary Developments Ltd"
,"Project No. ":"7911-0029-00"
}
,{
"json_featuretype":"CSV"
,"Registration Date":"2011 02 02"
,"Name of Lobbyist":"G. Edwards"
,"Company":""
,"Phone Number":"604-290-5157"
,"Nature of Lobbying":""
,"Client":"Property Owner"
,"Project No. ":"7911-0027-00"
}
,{
"json_featuretype":"CSV"
,"Registration Date":"2011 02 03"
,"Name of Lobbyist":"Patrick Cotter"
,"Company":"Patrick Cotter Architect Inc"
,"Phone Number":"604-272-1477"
,"Nature of Lobbying":"Architectural Consultant"
,"Client":"Royal Canadian Legion Cloverdale Branch 6"
,"Project No. ":"7910-0101-00"
}
,{
"json_featuretype":"CSV"
,"Registration Date":"2011 02 03"
,"Name of Lobbyist":"Patrick Cotter"
,"Company":"Patrick Cotter Architect Inc"
,"Phone Number":"604-272-1477"
,"Nature of Lobbying":"Architectural Consultant"
,"Client":"City of Surrey"
,"Project No. ":"7910-0101-00"
}
,{
"json_featuretype":"CSV"
,"Registration Date":"2011 02 03"
,"Name of Lobbyist":"Lance Andrew Ponych"
,"Company":"Peninsula Construction Ltd"
,"Phone Number":"604-536-3241"
,"Nature of Lobbying":"Renovation Contractor"
,"Client":"Property Owner"
,"Project No. ":"7911-0030-00"
}
,{
"json_featuretype":"CSV"
,"Registration Date":"2011 02 16"
,"Name of Lobbyist":"Jory Matwychuk"
,"Company":"Alberta Neon"
,"Phone Number":"780-238-2865"
,"Nature of Lobbying":"Sign Company"
,"Client":"Canadian Western Bank"
,"Project No. ":"7911-0036-00"
}
,{
"json_featuretype":"CSV"
,"Registration Date":"2011 03 02"
,"Name of Lobbyist":"H.Y Engineering Ltd. (Lori Joyce)"
,"Company":"H.Y Engineering Ltd. "
,"Phone Number":"604-583-1616"
,"Nature of Lobbying":"Engineering Consultant"
,"Client":"Property Owner"
,"Project No. ":"7911-0042-00"
}
,{
"json_featuretype":"CSV"
,"Registration Date":"2011 03 02"
,"Name of Lobbyist":"Pritam S. Kandola"
,"Company":""
,"Phone Number":"604-583-9558"
,"Nature of Lobbying":""
,"Client":"City of Surrey (Ken Woodward)"
,"Project No. ":"7911-0040-00"
}
,{
"json_featuretype":"CSV"
,"Registration Date":"2011 03 03"
,"Name of Lobbyist":"Dirk Kershoff"
,"Company":"Buildworks Construction (BC) Ltd."
,"Phone Number":"604-794-3628"
,"Nature of Lobbying":"Developer/ Builder"
,"Client":"Property Owner"
,"Project No. ":"7911-0046-00"
}
,{
"json_featuretype":"CSV"
,"Registration Date":"2011 03 03"
,"Name of Lobbyist":"Dirk Kershoff"
,"Company":"Buildworks Construction (BC) Ltd."
,"Phone Number":"604-794-3628"
,"Nature of Lobbying":"Developer/ Builder"
,"Client":"First Rate Holdings Inc"
,"Project No. ":"7911-0046-00"
}
,{
"json_featuretype":"CSV"
,"Registration Date":"2011 03 04"
,"Name of Lobbyist":"Peter Moroso"
,"Company":"Citiwest Consulting Ltd"
,"Phone Number":"604-591-2213"
,"Nature of Lobbying":"Engineering Consultant"
,"Client":"Property Owner"
,"Project No. ":"7911-0047-00"
}
,{
"json_featuretype":"CSV"
,"Registration Date":"2011 03 07"
,"Name of Lobbyist":"Antoly Morgulis"
,"Company":"A. Morgulis Architect Inc."
,"Phone Number":"604-542-9970"
,"Nature of Lobbying":"Architectural Consultant"
,"Client":"Property Owner"
,"Project No. ":"7911-0045-00"
}
,{
"json_featuretype":"CSV"
,"Registration Date":"2011 03 08"
,"Name of Lobbyist":"Northstar Signs & Lighting Ltd"
,"Company":"Northstar Signs & Lighting Ltd"
,"Phone Number":"778-388-5343"
,"Nature of Lobbying":"Sign installation and service"
,"Client":"RBC"
,"Project No. ":"7911-0052-00"
}
,{
"json_featuretype":"CSV"
,"Registration Date":"2011 03 11"
,"Name of Lobbyist":"Allen Aubert "
,"Company":"Fraser Valley Heritage Railway Society"
,"Phone Number":"604-538-9611"
,"Nature of Lobbying":"Restore & Operate Heritage Rail Cars"
,"Client":"Fraser Valley Heritage Railway Society"
,"Project No. ":""
}
,{
"json_featuretype":"CSV"
,"Registration Date":"2011 03 14"
,"Name of Lobbyist":"Maggie Koka"
,"Company":"Aplin & Martin Consultants Ltd"
,"Phone Number":"604-597-9058"
,"Nature of Lobbying":"Engineering Consultant"
,"Client":"0745269 BC Ltd"
,"Project No. ":"7911-0054-00"
}
,{
"json_featuretype":"CSV"
,"Registration Date":"2011 03 16"
,"Name of Lobbyist":"H.Y Engineering Ltd. (Lori Joyce)"
,"Company":"H.Y Engineering Ltd. "
,"Phone Number":"604-583-1616"
,"Nature of Lobbying":"Engineering Consultant"
,"Client":"Property Owner"
,"Project No. ":"7911-0057-00"
}
,{
"json_featuretype":"CSV"
,"Registration Date":"2011 03 17"
,"Name of Lobbyist":"Patrick Cotter"
,"Company":"Patrick Cotter Architect Inc"
,"Phone Number":"604-272-1477"
,"Nature of Lobbying":"Architectural Consultant"
,"Client":"Property Owner"
,"Project No. ":"7911-0059-00"
}
,{
"json_featuretype":"CSV"
,"Registration Date":"2011 03 17"
,"Name of Lobbyist":"Shauna Steven"
,"Company":"Spire Development Corp."
,"Phone Number":"604-687-3301"
,"Nature of Lobbying":"Developer/General Contractor"
,"Client":"Barnes Wheaton Chevrolet Buick GMC"
,"Project No. ":"7911-0050-00"
}
,{
"json_featuretype":"CSV"
,"Registration Date":"2011 03 17"
,"Name of Lobbyist":"H.Y Engineering Ltd. (Lori Joyce)"
,"Company":"H.Y Engineering Ltd. "
,"Phone Number":"604-583-1616"
,"Nature of Lobbying":"Engineering Consultant"
,"Client":"Property Owner"
,"Project No. ":"7911-0058-00"
}
,{
"json_featuretype":"CSV"
,"Registration Date":"2011 03 21"
,"Name of Lobbyist":"Standard Land Company c/o Kiersten Enemark"
,"Company":"Standard Land Company"
,"Phone Number":"604-687-1119"
,"Nature of Lobbying":"Radiocommunications Facility"
,"Client":""
,"Project No. ":"7911-0060-00"
}
,{
"json_featuretype":"CSV"
,"Registration Date":"2011 03 25"
,"Name of Lobbyist":"Clarence Arychuk"
,"Company":"Hunter Laird Engineering Ltd"
,"Phone Number":"604-525-4651"
,"Nature of Lobbying":"Engineering Consultant"
,"Client":"Vesta Properties LTD"
,"Project No. ":"7911-0065-00"
}
,{
"json_featuretype":"CSV"
,"Registration Date":"2011 04 05"
,"Name of Lobbyist":"Rajeev Kumar Mangla"
,"Company":"Mainland Engineering (2007) Corp."
,"Phone Number":"604-543-8044"
,"Nature of Lobbying":"Engineering Consultant"
,"Client":"Property Owner"
,"Project No. ":"7911-0074-00"
}
,{
"json_featuretype":"CSV"
,"Registration Date":"2011 04 05"
,"Name of Lobbyist":"Greg Mitchell"
,"Company":"McElhanney"
,"Phone Number":"604-596-0391"
,"Nature of Lobbying":"Engineering Consultant"
,"Client":"Dan Graca - D.B.A DRG Excavating "
,"Project No. ":"7911-0071-00"
}
,{
"json_featuretype":"CSV"
,"Registration Date":"2011 04 05"
,"Name of Lobbyist":"Kevin Dhaliwal"
,"Company":"Legendary Developments"
,"Phone Number":"604-518-1499"
,"Nature of Lobbying":"Land Development "
,"Client":"Property Owner"
,"Project No. ":"7911-0072-00"
}
,{
"json_featuretype":"CSV"
,"Registration Date":"2011 04 05"
,"Name of Lobbyist":"Kevin Dhaliwal"
,"Company":"Legendary Developments"
,"Phone Number":"604-518-1499"
,"Nature of Lobbying":"Land Development "
,"Client":"Property Owner"
,"Project No. ":"7911-0072-00"
}
,{
"json_featuretype":"CSV"
,"Registration Date":"2011 04 05"
,"Name of Lobbyist":"Kevin Dhaliwal"
,"Company":"Legendary Developments"
,"Phone Number":"604-518-1499"
,"Nature of Lobbying":"Land Development "
,"Client":"Property Owner"
,"Project No. ":"7911-0072-00"
}
,{
"json_featuretype":"CSV"
,"Registration Date":"2011 04 05"
,"Name of Lobbyist":"Steven Earle Forrest"
,"Company":"Anthem Properties"
,"Phone Number":"604-365-2224"
,"Nature of Lobbying":"Rest Estate Development"
,"Client":"Anthem Properties"
,"Project No. ":"7911-0075-00"
}
,{
"json_featuretype":"CSV"
,"Registration Date":"2011 04 12"
,"Name of Lobbyist":"Roger Jawanda"
,"Company":"Citiwest Consulting Ltd"
,"Phone Number":"604-591-2213"
,"Nature of Lobbying":"Engineering Consultant"
,"Client":"Property Owner"
,"Project No. ":""
}
,{
"json_featuretype":"CSV"
,"Registration Date":"2011 04 12"
,"Name of Lobbyist":"Roger Jawanda"
,"Company":"Citiwest Consulting Ltd"
,"Phone Number":"604-591-2213"
,"Nature of Lobbying":"Engineering Consultant"
,"Client":"Planet Canada Developments Inc"
,"Project No. ":"7911-0049-00"
}
,{
"json_featuretype":"CSV"
,"Registration Date":"2011 04 13"
,"Name of Lobbyist":"W. David Peatch"
,"Company":"Linden Architecture Studio Limited"
,"Phone Number":"604-681-1216"
,"Nature of Lobbying":"Architectural Consultant"
,"Client":"MA Stewart & Sons Ltd"
,"Project No. ":"7911-0084-00"
}
,{
"json_featuretype":"CSV"
,"Registration Date":"2011 04 13"
,"Name of Lobbyist":"Colleen Diron"
,"Company":"IBI/HB Architects"
,"Phone Number":"604-683-8797"
,"Nature of Lobbying":"Architectural Consultant"
,"Client":"Rize-LHC Building Inc."
,"Project No. ":"7911-0075-00"
}
,{
"json_featuretype":"CSV"
,"Registration Date":"2011 04 14"
,"Name of Lobbyist":"Clarence Arychuk"
,"Company":"Hunter Laird Engineering Ltd"
,"Phone Number":"604-525-4651"
,"Nature of Lobbying":"Engineering Consultant"
,"Client":"Property Owner"
,"Project No. ":"7911-0087-00"
}
,{
"json_featuretype":"CSV"
,"Registration Date":"2011 04 18"
,"Name of Lobbyist":"Clarence Arychuk"
,"Company":"Hunter Laird Engineering Ltd"
,"Phone Number":"604-525-4651"
,"Nature of Lobbying":"Engineering Consultant"
,"Client":"Nico River Developments Ltd"
,"Project No. ":"7911-0085-00"
}
,{
"json_featuretype":"CSV"
,"Registration Date":"2011 04 19"
,"Name of Lobbyist":"Michael Walsh"
,"Company":"Dave Wireless Inc"
,"Phone Number":"604-676-1090"
,"Nature of Lobbying":""
,"Client":"Madsen Properties LTD"
,"Project No. ":"7911-0089-00"
}
,{
"json_featuretype":"CSV"
,"Registration Date":"2011 04 26"
,"Name of Lobbyist":"Berinderpal Singh Dhaliwal"
,"Company":"0885838 BC LTD"
,"Phone Number":"604-782-0161"
,"Nature of Lobbying":""
,"Client":"0885838 BC LTD"
,"Project No. ":"7911-0095-00"
}
,{
"json_featuretype":"CSV"
,"Registration Date":"2011 04 27"
,"Name of Lobbyist":"H.Y Engineering Ltd. (Lori Joyce)"
,"Company":"H.Y Engineering Ltd. "
,"Phone Number":"604-583-1616"
,"Nature of Lobbying":"Engineering Consultant"
,"Client":"Property Owner"
,"Project No. ":"7911-0097-00"
}
,{
"json_featuretype":"CSV"
,"Registration Date":"2011 05 03"
,"Name of Lobbyist":"Leigh Sully"
,"Company":"Elkay Developments"
,"Phone Number":"604-531-6573"
,"Nature of Lobbying":"Real Estate Development"
,"Client":"Elkay Developments"
,"Project No. ":"7911-0098-00"
}
,{
"json_featuretype":"CSV"
,"Registration Date":"2011 05 06"
,"Name of Lobbyist":"Francis Yau"
,"Company":"Andrew Cheung Architects Inc"
,"Phone Number":"604-685-2088"
,"Nature of Lobbying":"Architectural Consultant"
,"Client":"633 Oakview Investments Ltd"
,"Project No. ":"7909-0189-01"
}
,{
"json_featuretype":"CSV"
,"Registration Date":"2011 05 10"
,"Name of Lobbyist":"Douglas Wilson"
,"Company":"Peak Construction Ltd"
,"Phone Number":"604-531-6998"
,"Nature of Lobbying":"Construction and Development"
,"Client":"Property Owner"
,"Project No. ":"7911-0105-00"
}
,{
"json_featuretype":"CSV"
,"Registration Date":"2011 05 11"
,"Name of Lobbyist":"Jeffrey Del Buono"
,"Company":"Nejmark Architect"
,"Phone Number":"204-947-3775"
,"Nature of Lobbying":"Architectural Consultant"
,"Client":"Loblaw Properties West"
,"Project No. ":"7911-0068-00"
}
,{
"json_featuretype":"CSV"
,"Registration Date":"2011 05 18"
,"Name of Lobbyist":"Matthew Cheng "
,"Company":"Matthew Cheng Architect Inc"
,"Phone Number":"604-731-3012"
,"Nature of Lobbying":"Architectural Consultant"
,"Client":"0887525 BC LTD"
,"Project No. ":"7911-0111-00"
}
,{
"json_featuretype":"CSV"
,"Registration Date":"2011 05 19"
,"Name of Lobbyist":"Samuel M. Chan"
,"Company":"Ionic Architecture"
,"Phone Number":"604-571-0618"
,"Nature of Lobbying":"Architectural Consultant"
,"Client":"Elkay Developments"
,"Project No. ":"7911-0112-00"
}
,{
"json_featuretype":"CSV"
,"Registration Date":"2011 05 19"
,"Name of Lobbyist":"Oleg Verbenkov"
,"Company":"Pacfic Land Group"
,"Phone Number":"604-501-1624"
,"Nature of Lobbying":"Consulting"
,"Client":"Panarama Park Investments"
,"Project No. ":"7911-0114-00"
}
,{
"json_featuretype":"CSV"
,"Registration Date":"2011 05 31"
,"Name of Lobbyist":"Mark Lesack"
,"Company":"Ankenman Associates Architects Inc"
,"Phone Number":"604-536-1600"
,"Nature of Lobbying":"Architectural Consultant"
,"Client":"Property Owner"
,"Project No. ":"7911-0120-00"
}
,{
"json_featuretype":"CSV"
,"Registration Date":"2011 06 01"
,"Name of Lobbyist":"S. Bains"
,"Company":""
,"Phone Number":"604-581-0153"
,"Nature of Lobbying":"Not disclosed"
,"Client":"Property Owner"
,"Project No. ":"7911-0116-00"
}
,{
"json_featuretype":"CSV"
,"Registration Date":"2011 06 02"
,"Name of Lobbyist":"Maggie Koka"
,"Company":"Aplin & Martin Consultants Ltd"
,"Phone Number":"604-597-9058"
,"Nature of Lobbying":"Engineering Consultant"
,"Client":"Property Owner"
,"Project No. ":"7911-0124-00"
}
,{
"json_featuretype":"CSV"
,"Registration Date":"2011 06 03"
,"Name of Lobbyist":"Lori Joyce"
,"Company":"H.Y. Engineering Ltd."
,"Phone Number":"604-583-1616"
,"Nature of Lobbying":"Engineering Consultant"
,"Client":"Property Owner"
,"Project No. ":"7911-0119-00"
}
,{
"json_featuretype":"CSV"
,"Registration Date":"2011 06 09"
,"Name of Lobbyist":"Avnash Banwait"
,"Company":"Mainland Engineering (2007) Corp."
,"Phone Number":"604-543-8044"
,"Nature of Lobbying":"Engineering Consultant"
,"Client":"Property Owner"
,"Project No. ":"7991-0129-00"
}
,{
"json_featuretype":"CSV"
,"Registration Date":"2011 06 14"
,"Name of Lobbyist":"Frank Turco"
,"Company":""
,"Phone Number":"604-526-6074"
,"Nature of Lobbying":"Land Use Consultant"
,"Client":"LJA Holdings Ltd."
,"Project No. ":"7911-0132-00"
}
,{
"json_featuretype":"CSV"
,"Registration Date":"2011 06 16"
,"Name of Lobbyist":"Bruno Thielmann"
,"Company":""
,"Phone Number":"604-633-2897"
,"Nature of Lobbying":"Land Use Consultant"
,"Client":"Pacific Link Industrial Park Ltd."
,"Project No. ":"7911-0133-00"
}
,{
"json_featuretype":"CSV"
,"Registration Date":"2011 06 17"
,"Name of Lobbyist":"Lori Joyce"
,"Company":"H.Y. Engineering Ltd."
,"Phone Number":"604-583-1616"
,"Nature of Lobbying":"Engineering Consultant"
,"Client":"Property Owner"
,"Project No. ":"7991-0136-00"
}
,{
"json_featuretype":"CSV"
,"Registration Date":"2011 06 20"
,"Name of Lobbyist":"Colin A Hogan MAIBC"
,"Company":""
,"Phone Number":"604-853-5222"
,"Nature of Lobbying":"Architectural Consultant"
,"Client":"Manorlane Homes ltd."
,"Project No. ":"7911-0140-00"
}
,{
"json_featuretype":"CSV"
,"Registration Date":"2011 06 22"
,"Name of Lobbyist":"Vanessa Lai"
,"Company":"Awing & Sign Manufacturing"
,"Phone Number":"604-278-8638"
,"Nature of Lobbying":"Not disclosed"
,"Client":"Colliers International"
,"Project No. ":""
}
,{
"json_featuretype":"CSV"
,"Registration Date":"2011 06 24"
,"Name of Lobbyist":"Roger Jawanda"
,"Company":"Citiwest Consulting Ltd."
,"Phone Number":"604-591-2213"
,"Nature of Lobbying":"Engineering Consultant"
,"Client":"Property Owner"
,"Project No. ":"7911-0149-00"
}
,{
"json_featuretype":"CSV"
,"Registration Date":"2011 06 24"
,"Name of Lobbyist":"John Kaethler"
,"Company":"0775372 B.C. Ltd."
,"Phone Number":"604-541-6229"
,"Nature of Lobbying":"Land Use Consultant"
,"Client":"Property Owner"
,"Project No. ":"7911-0147-00"
}
,{
"json_featuretype":"CSV"
,"Registration Date":"2011 06 24"
,"Name of Lobbyist":"Teri D. Hudson"
,"Company":"Teck Construction"
,"Phone Number":"604-534-7917"
,"Nature of Lobbying":"Construction Consultant"
,"Client":"Gordon Wilson Dams"
,"Project No. ":"7911-0148-00"
}
,{
"json_featuretype":"CSV"
,"Registration Date":"2011 06 24 "
,"Name of Lobbyist":"Clarence Arychuk"
,"Company":"Hunter Laird Engineering"
,"Phone Number":"604-525-4651"
,"Nature of Lobbying":"Engineering Consultant"
,"Client":"Nico River Developments Ltd."
,"Project No. ":"7911-0144-00"
}
,{
"json_featuretype":"CSV"
,"Registration Date":"2011 06 27"
,"Name of Lobbyist":"Wojcieh Grzybowicz"
,"Company":"WG Architecture Inc."
,"Phone Number":"604-331-2378"
,"Nature of Lobbying":"Architectural Consultant"
,"Client":"0910822 BC Ltd."
,"Project No. ":"7911-0143-00"
}
,{
"json_featuretype":"CSV"
,"Registration Date":"2011 06 29"
,"Name of Lobbyist":"Vanessa Cartwright"
,"Company":"Scott Telecom Services Inc."
,"Phone Number":"403-538-3253"
,"Nature of Lobbying":""
,"Client":"SBA Canada ULC"
,"Project No. ":"7911-0141-00"
}
,{
"json_featuretype":"CSV"
,"Registration Date":"2011 07 04"
,"Name of Lobbyist":"Wojcieh Grzybowicz"
,"Company":"WG Architecture Inc."
,"Phone Number":"604-331-2378"
,"Nature of Lobbying":"Architectural Consultant"
,"Client":"Property Owner"
,"Project No. ":"7911-0151-00"
}
,{
"json_featuretype":"CSV"
,"Registration Date":"2011 07 13"
,"Name of Lobbyist":"Samuel Chan"
,"Company":"Ionic Architecture Inc."
,"Phone Number":"778-571-0618"
,"Nature of Lobbying":"Architectural Consultant"
,"Client":"0898014 BC Ltd."
,"Project No. ":"7911-0159-00"
}
,{
"json_featuretype":"CSV"
,"Registration Date":"2011 07 13"
,"Name of Lobbyist":"Avnash Banwait"
,"Company":"Mainland Engineering (2007) Corp."
,"Phone Number":"604-543-8044"
,"Nature of Lobbying":"Engineering Consultant"
,"Client":"Property Owner"
,"Project No. ":"7911-0162-00"
}
,{
"json_featuretype":"CSV"
,"Registration Date":"2011 07 18"
,"Name of Lobbyist":"D. Bird"
,"Company":""
,"Phone Number":"604-889-5056"
,"Nature of Lobbying":"Not disclosed"
,"Client":"Billkang Investment Ltd."
,"Project No. ":"7911-0160-00"
}
,{
"json_featuretype":"CSV"
,"Registration Date":"2011 07 29"
,"Name of Lobbyist":"Brad Lamoureux"
,"Company":"Lamoureux Architect Incorp."
,"Phone Number":"604-925-5170"
,"Nature of Lobbying":"Architectural Consultant"
,"Client":"Property Owner"
,"Project No. ":"7911-0169-00"
}
,{
"json_featuretype":"CSV"
,"Registration Date":"2011 07 29"
,"Name of Lobbyist":"Geoff Lawler"
,"Company":"Cloverdale Baptist Church"
,"Phone Number":"604-462-7936"
,"Nature of Lobbying":"Not disclosed"
,"Client":"Cloverdale Baptist Church"
,"Project No. ":"7911-0168-00"
}
,{
"json_featuretype":"CSV"
,"Registration Date":"2011 08 02"
,"Name of Lobbyist":"Matthew Cheng"
,"Company":"Matthew Cheng Architect Inc"
,"Phone Number":"604-731-3013"
,"Nature of Lobbying":"Architectural Consultant"
,"Client":"X Sidh Developments Ltd./0811372 BC Ltd"
,"Project No. ":"7911-0171-00"
}
,{
"json_featuretype":"CSV"
,"Registration Date":"2011 08 05"
,"Name of Lobbyist":"Gus Da Roza"
,"Company":"G3 Architecture Inc."
,"Phone Number":"604-916-8582"
,"Nature of Lobbying":"Architectural Consultant"
,"Client":"McLellen Mews Holdings"
,"Project No. ":"7911-0173-00"
}
,{
"json_featuretype":"CSV"
,"Registration Date":"2011 08 05"
,"Name of Lobbyist":"Avnash Banwait"
,"Company":"Mainland Eng.  Corp."
,"Phone Number":"604-543-8044"
,"Nature of Lobbying":"Engineering Consultant"
,"Client":"OCL Industrial Materials"
,"Project No. ":"7911-0175-00"
}
,{
"json_featuretype":"CSV"
,"Registration Date":"2011 08 09"
,"Name of Lobbyist":"Andrea Scott"
,"Company":"P.J. Lowek Architect Ltd."
,"Phone Number":"604-298-3700"
,"Nature of Lobbying":"Architectural Consultant"
,"Client":"Highten Properties 104 Ltd."
,"Project No. ":"7911-0172-00"
}
,{
"json_featuretype":"CSV"
,"Registration Date":"2011 08 09"
,"Name of Lobbyist":"Brian Shigetomi, MAIBC"
,"Company":""
,"Phone Number":"604-662-8689"
,"Nature of Lobbying":""
,"Client":"L. Fisher, Odyssey Properties"
,"Project No. ":"7911-0176-00"
}
,{
"json_featuretype":"CSV"
,"Registration Date":"2011 08 10"
,"Name of Lobbyist":"R. Sidhu"
,"Company":""
,"Phone Number":"604-783-5450"
,"Nature of Lobbying":"Not disclosed"
,"Client":"Property Owner"
,"Project No. ":"7911-0181-00"
}
,{
"json_featuretype":"CSV"
,"Registration Date":"2011 08 11"
,"Name of Lobbyist":"Dag Mothe"
,"Company":"Dag Mothe"
,"Phone Number":"604-538-2981"
,"Nature of Lobbying":"Architectural Consultant"
,"Client":"Property Owner"
,"Project No. ":"7911-0184-00"
}
,{
"json_featuretype":"CSV"
,"Registration Date":"2011 08 11"
,"Name of Lobbyist":"Roger Jawanda"
,"Company":"Citiwest Consulting Ltd."
,"Phone Number":"604-591-213"
,"Nature of Lobbying":"Engineering Consultant"
,"Client":"Property Owner"
,"Project No. ":"7911-0182-00"
}
,{
"json_featuretype":"CSV"
,"Registration Date":"2011 08 12"
,"Name of Lobbyist":"Lori Joyce"
,"Company":"H.Y. Engineering Ltd."
,"Phone Number":"604-583-1616"
,"Nature of Lobbying":"Engineering Consultant"
,"Client":"Property Owner"
,"Project No. ":"7911-0190-00"
}
,{
"json_featuretype":"CSV"
,"Registration Date":"2011 08 15"
,"Name of Lobbyist":"Samuel Chan"
,"Company":"Ionic Architecture Inc."
,"Phone Number":"778-571-0618"
,"Nature of Lobbying":"Architectural Consultant"
,"Client":"07715517 BC Ltd."
,"Project No. ":"7911-0187-00"
}
,{
"json_featuretype":"CSV"
,"Registration Date":"2011 08 17"
,"Name of Lobbyist":"Maciej Dembek"
,"Company":"Barnett Dembek Architects Inc."
,"Phone Number":"604-597-7100"
,"Nature of Lobbying":"Architectural Consultant"
,"Client":"Puran Construction Ltd. "
,"Project No. ":"7911-0186-00"
}
,{
"json_featuretype":"CSV"
,"Registration Date":"2011 08 18"
,"Name of Lobbyist":"Maciej Dembek"
,"Company":"Barnett Dembek Architects Inc."
,"Phone Number":"604-597-7100"
,"Nature of Lobbying":"Architectural Consultant"
,"Client":"Silverstone Ventures Inc."
,"Project No. ":"7911-0196-00"
}
,{
"json_featuretype":"CSV"
,"Registration Date":"2011 08 22"
,"Name of Lobbyist":"Lori Joyce"
,"Company":"H.Y. Engineering Ltd."
,"Phone Number":"604-583-1616"
,"Nature of Lobbying":"Engineering Consultant"
,"Client":"Property Owner"
,"Project No. ":"7911-0192-00"
}
,{
"json_featuretype":"CSV"
,"Registration Date":"2011 08 22"
,"Name of Lobbyist":"Maggie Koka"
,"Company":"Aplin & Martin Consultants Ltd"
,"Phone Number":"604-597-9058"
,"Nature of Lobbying":"Engineering Consultant"
,"Client":"Property Owner"
,"Project No. ":"7911-0183-00"
}
,{
"json_featuretype":"CSV"
,"Registration Date":"2011 08 22"
,"Name of Lobbyist":"Oleg Verbenkov"
,"Company":"Pacific Land Resource Group Inc "
,"Phone Number":"604-501-1624"
,"Nature of Lobbying":"Not disclosed"
,"Client":"527599 BC Ltd"
,"Project No. ":"7911-0193-00"
}
,{
"json_featuretype":"CSV"
,"Registration Date":"2011 08 23"
,"Name of Lobbyist":"Steven Forrest"
,"Company":"Anthem Properties"
,"Phone Number":"604-365-2223"
,"Nature of Lobbying":"Land Use Consultant"
,"Client":"Anthem Fleetwood 3 Developments Ltd."
,"Project No. ":"7911-0205-00"
}
,{
"json_featuretype":"CSV"
,"Registration Date":"2011 08 24"
,"Name of Lobbyist":"Thomas S. Annendale"
,"Company":"TB Architecture Inc."
,"Phone Number":"604-682-6881"
,"Nature of Lobbying":"Architectural Consultant"
,"Client":"Energrated Holdings Inc."
,"Project No. ":"7911-0206-00"
}
,{
"json_featuretype":"CSV"
,"Registration Date":"2011 08 25"
,"Name of Lobbyist":"Liberty Contract Management Inc."
,"Company":""
,"Phone Number":"604-534-3412"
,"Nature of Lobbying":"Not disclosed"
,"Client":"BC Plant Health Care Inc."
,"Project No. ":"7911-0201-00"
}
,{
"json_featuretype":"CSV"
,"Registration Date":"2011 08 31"
,"Name of Lobbyist":"Michael Helle"
,"Company":"Coastland Enginnering & Surveying Ltd."
,"Phone Number":"604-532-8700"
,"Nature of Lobbying":"Engineering Consultant"
,"Client":"Muir Elston Mayfair Realty Ltd."
,"Project No. ":"7911-0211-00"
}
,{
"json_featuretype":"CSV"
,"Registration Date":"2011 08 31"
,"Name of Lobbyist":"Roger Jawanda"
,"Company":"Citiwest Consulting Ltd."
,"Phone Number":"604-591-2213"
,"Nature of Lobbying":"Engineering Consultant"
,"Client":"Property Owner"
,"Project No. ":"7911-0204-00"
}
,{
"json_featuretype":"CSV"
,"Registration Date":"2011 09 01"
,"Name of Lobbyist":"Oleg Verbenkov"
,"Company":"Pacific Land Resource Group Inc "
,"Phone Number":"604-501-1624"
,"Nature of Lobbying":"Not disclosed"
,"Client":"Property Owner"
,"Project No. ":"7911-0202-00"
}
,{
"json_featuretype":"CSV"
,"Registration Date":"2011 09 02"
,"Name of Lobbyist":"Robert Bruce Mctavish"
,"Company":"Professional Agrologist"
,"Phone Number":"604-240-2481"
,"Nature of Lobbying":"Land Use Consultant"
,"Client":"Property Owner"
,"Project No. ":"7911-0213-00"
}
,{
"json_featuretype":"CSV"
,"Registration Date":"2011 09 07"
,"Name of Lobbyist":"Lindsay G.M. Miles"
,"Company":"Imperial Sign Corporation"
,"Phone Number":"604-464-1211"
,"Nature of Lobbying":"Architectural Consultant"
,"Client":"Kings Cross Shopping Centre"
,"Project No. ":"7911-0209-00"
}
,{
"json_featuretype":"CSV"
,"Registration Date":"2011 09 08"
,"Name of Lobbyist":"Maggie Koka"
,"Company":"Aplin & Martin Consultants Ltd"
,"Phone Number":"604-597-9058"
,"Nature of Lobbying":"Engineering Consultant"
,"Client":"Property Owner"
,"Project No. ":"7911-0216-00"
}
,{
"json_featuretype":"CSV"
,"Registration Date":"2011 09 09"
,"Name of Lobbyist":"David Danyluck"
,"Company":""
,"Phone Number":"604-530-0978"
,"Nature of Lobbying":"Architectural Consultant"
,"Client":"Property Owner"
,"Project No. ":"7911-0218-00"
}
,{
"json_featuretype":"CSV"
,"Registration Date":"2011 09 09"
,"Name of Lobbyist":"Lori Joyce"
,"Company":"H.Y. Engineering Ltd."
,"Phone Number":"604-583-1616"
,"Nature of Lobbying":"Engineering Consultant"
,"Client":"Property Owner"
,"Project No. ":"7911-0220-00"
}
,{
"json_featuretype":"CSV"
,"Registration Date":"2011 09 19"
,"Name of Lobbyist":"Michael Helle"
,"Company":"Coastland Enginnering & Surveying Ltd."
,"Phone Number":"604-532-9700"
,"Nature of Lobbying":"Engineering Consultant"
,"Client":"Property Owner"
,"Project No. ":"7911-0221-00"
}
,{
"json_featuretype":"CSV"
,"Registration Date":"2011 09 19"
,"Name of Lobbyist":"Ralph Berezan"
,"Company":"Berezan Management"
,"Phone Number":"604-882-0808"
,"Nature of Lobbying":"Land Use Consultant"
,"Client":"Property Owner"
,"Project No. ":"7911-0219-00"
}
,{
"json_featuretype":"CSV"
,"Registration Date":"2011 09 20"
,"Name of Lobbyist":"W.N. (Bill) Hobbs"
,"Company":"Cushman & Wakefield"
,"Phone Number":"604-640-5808"
,"Nature of Lobbying":"Not disclosed"
,"Client":"0728969 BC Ltd."
,"Project No. ":"7911-0225-00"
}
,{
"json_featuretype":"CSV"
,"Registration Date":"2011 09 21"
,"Name of Lobbyist":"Gerry Blonski"
,"Company":"Gerry Blonski Architect"
,"Phone Number":"604-572-3608"
,"Nature of Lobbying":"Architectural Consultant"
,"Client":"694723 BC Ltd."
,"Project No. ":"7911-0232-00"
}
,{
"json_featuretype":"CSV"
,"Registration Date":"2011 09 21"
,"Name of Lobbyist":"Gerry Blonski"
,"Company":"Gerry Blonski Architect"
,"Phone Number":"604-572-3608"
,"Nature of Lobbying":"Architectural Consultant"
,"Client":"Takhar Enterprises"
,"Project No. ":"7911-0231-00"
}
,{
"json_featuretype":"CSV"
,"Registration Date":"2011 09 21"
,"Name of Lobbyist":"Michael Shun Lu"
,"Company":"Ted Murray Architect Inc."
,"Phone Number":"604-734-4050"
,"Nature of Lobbying":"Architectural Consultant"
,"Client":"Cloverleaf 176 Investments Ltd. Partnership"
,"Project No. ":"7911-0214-00"
}
,{
"json_featuretype":"CSV"
,"Registration Date":"2011 09 21"
,"Name of Lobbyist":"S. Khaira"
,"Company":""
,"Phone Number":"604-591-8202"
,"Nature of Lobbying":"Land Use Consultant"
,"Client":"Property Owner"
,"Project No. ":"7911-0256-00"
}
,{
"json_featuretype":"CSV"
,"Registration Date":"2011 09 23"
,"Name of Lobbyist":"Wojciech Grzybowicz"
,"Company":"WG Architecture Inc"
,"Phone Number":"604-331-2378"
,"Nature of Lobbying":"Architectural Consultant"
,"Client":"0910632 BC Ltd/0798440 BC Ltd"
,"Project No. ":"7911-0215-00"
}
,{
"json_featuretype":"CSV"
,"Registration Date":"2011 09 27"
,"Name of Lobbyist":"McElhanney Consulting Services"
,"Company":"McElhanney Consulting"
,"Phone Number":"604-596-0391"
,"Nature of Lobbying":"Land Use Consultant"
,"Client":"Sunmark Ventures Ltd."
,"Project No. ":"7911-0180-00"
}
,{
"json_featuretype":"CSV"
,"Registration Date":"2011 09 28"
,"Name of Lobbyist":"Matthew Cheng"
,"Company":""
,"Phone Number":"604-731-3012"
,"Nature of Lobbying":"Architectural Consultant"
,"Client":"West Coast Hay Management Ltd."
,"Project No. ":"7911-0236-00"
}
,{
"json_featuretype":"CSV"
,"Registration Date":"2011 10 04"
,"Name of Lobbyist":"Maciej Dembek"
,"Company":"Barnett Dembek Architects Inc."
,"Phone Number":"604-597-7100"
,"Nature of Lobbying":"Architectural Consultant"
,"Client":"United Chinese Enterprises Ltd."
,"Project No. ":"7911-0240-00"
}
,{
"json_featuretype":"CSV"
,"Registration Date":"2011 10 07"
,"Name of Lobbyist":"Avnash Banwait"
,"Company":"Mainland Eng. (2007) Corp."
,"Phone Number":"604-543-8046"
,"Nature of Lobbying":"Engineering Consultant"
,"Client":"Property Owner"
,"Project No. ":"7911-0246-00"
}
,{
"json_featuretype":"CSV"
,"Registration Date":"2011 10 11"
,"Name of Lobbyist":"Michael Helle"
,"Company":"Coastland Enginnering & Surveying Ltd."
,"Phone Number":"604-532-8700"
,"Nature of Lobbying":"Engineering Consultant"
,"Client":"Property Owner"
,"Project No. ":"7911-0251-00"
}
,{
"json_featuretype":"CSV"
,"Registration Date":"2011 10 19"
,"Name of Lobbyist":"Roger Jawanda"
,"Company":"Citiwest Consulting Ltd."
,"Phone Number":"604-591-2213"
,"Nature of Lobbying":"Engineering Consultant"
,"Client":"Property Owner"
,"Project No. ":"7911-0248-00"
}
,{
"json_featuretype":"CSV"
,"Registration Date":"2011 10 20"
,"Name of Lobbyist":"Colin A Hogan MAIBC"
,"Company":"Focus Architecture Inc"
,"Phone Number":"604-853-5222"
,"Nature of Lobbying":"Architectural Consultant"
,"Client":"Property Owner"
,"Project No. ":"7911-0255-00"
}
,{
"json_featuretype":"CSV"
,"Registration Date":"2011 11 01"
,"Name of Lobbyist":"William R. Evans "
,"Company":"Russcher & Evans Architects "
,"Phone Number":"604-530-9030"
,"Nature of Lobbying":"Land Use Consultant"
,"Client":"Property Owner"
,"Project No. ":"7911-0262-00"
}
,{
"json_featuretype":"CSV"
,"Registration Date":"2011 11 02"
,"Name of Lobbyist":"Maggie Koka"
,"Company":"Aplin & Martin Consultants Ltd"
,"Phone Number":"604-597-9058"
,"Nature of Lobbying":"Engineering Consultant"
,"Client":"Cressey Development Corp. "
,"Project No. ":"7911-0269-00"
}
,{
"json_featuretype":"CSV"
,"Registration Date":"2011 11 02"
,"Name of Lobbyist":"Kevin Dhaliwal"
,"Company":"Legendary Development Ltd."
,"Phone Number":"604-507-8201"
,"Nature of Lobbying":"Not disclosed"
,"Client":"Legendary Developments (Clayton)"
,"Project No. ":"7911-0263-00"
}
,{
"json_featuretype":"CSV"
,"Registration Date":"2011 11 02"
,"Name of Lobbyist":"Nirbhaj Virdi "
,"Company":""
,"Phone Number":"604-649-7110"
,"Nature of Lobbying":"Architectural Consultant"
,"Client":"Property Owner"
,"Project No. ":"7910-0268-00"
}
,{
"json_featuretype":"CSV"
,"Registration Date":"2011 11 03"
,"Name of Lobbyist":"Roger Jawanda"
,"Company":"Citiwest Consulting Ltd."
,"Phone Number":"604-591-2213"
,"Nature of Lobbying":"Engineering Consultant"
,"Client":"Property Owner"
,"Project No. ":"7911-0268-00"
}
,{
"json_featuretype":"CSV"
,"Registration Date":"2011 11 07"
,"Name of Lobbyist":"Harvey Hansen"
,"Company":"A1 Signway Ltd."
,"Phone Number":"604-574-2490"
,"Nature of Lobbying":"Architectural Consultant"
,"Client":"RMA Properties (Riverside) Ld. Riverside Heights Dental Group"
,"Project No. ":"7911-0277-00"
}
,{
"json_featuretype":"CSV"
,"Registration Date":"2011 11 07"
,"Name of Lobbyist":"Xuedong Zhao"
,"Company":"Zhao XD Architect Ltd."
,"Phone Number":"604-275-8882"
,"Nature of Lobbying":"Architectural Consultant"
,"Client":"United Building Materials Ltd."
,"Project No. ":"7911-0272-00"
}
,{
"json_featuretype":"CSV"
,"Registration Date":"2011 11 07"
,"Name of Lobbyist":"Gregory Mitchell"
,"Company":"McElhanney Consulting"
,"Phone Number":"604-596-0391"
,"Nature of Lobbying":"Land Use Consultant"
,"Client":"Property Owner"
,"Project No. ":"7911-0279-00"
}
,{
"json_featuretype":"CSV"
,"Registration Date":"2011 11 07"
,"Name of Lobbyist":"James Pernu"
,"Company":"McElhanney Consulting"
,"Phone Number":"604-596-0391"
,"Nature of Lobbying":"Land Use Consultant"
,"Client":"Lamar Developments Ltd."
,"Project No. ":"7911-0265-00"
}
,{
"json_featuretype":"CSV"
,"Registration Date":"2011 11 07"
,"Name of Lobbyist":"A. Bains"
,"Company":""
,"Phone Number":"778-836-0667"
,"Nature of Lobbying":"Not disclosed"
,"Client":"Property Owner"
,"Project No. ":"7911-0274-00"
}
,{
"json_featuretype":"CSV"
,"Registration Date":"2011 11 10"
,"Name of Lobbyist":"Mike Kompter"
,"Company":"Hub Engineering Inc"
,"Phone Number":"604-572-4328"
,"Nature of Lobbying":"Engineering Consultant"
,"Client":"0900117 BC Ltd"
,"Project No. ":"Not disclosed"
}
,{
"json_featuretype":"CSV"
,"Registration Date":"2011 11 10"
,"Name of Lobbyist":"Clarence Arychuk"
,"Company":"Hunter Laird Engineering"
,"Phone Number":"604-525-4651"
,"Nature of Lobbying":"Land Use Consultant"
,"Client":"Jaycey Investments Ltd"
,"Project No. ":"7911-0264-00"
}
,{
"json_featuretype":"CSV"
,"Registration Date":"2011 11 15"
,"Name of Lobbyist":"Sukh Grewal"
,"Company":""
,"Phone Number":"604-723-0077"
,"Nature of Lobbying":"Land Use Consultant"
,"Client":"Property Owner"
,"Project No. ":"7911-0282-00"
}
,{
"json_featuretype":"CSV"
,"Registration Date":"2011 11 18"
,"Name of Lobbyist":"G. Lefebure"
,"Company":""
,"Phone Number":"778-235-5654"
,"Nature of Lobbying":"Not disclosed"
,"Client":"Property Owner"
,"Project No. ":""
}
,{
"json_featuretype":"CSV"
,"Registration Date":"2011 11 22"
,"Name of Lobbyist":"Ron Hoffart"
,"Company":"Graham Hoffart Mathiasen Architects"
,"Phone Number":"604-581-8128"
,"Nature of Lobbying":"Architectural Consultant"
,"Client":"Property Owner"
,"Project No. ":"Not disclosed"
}
,{
"json_featuretype":"CSV"
,"Registration Date":"2011 11 22"
,"Name of Lobbyist":"Cyndi Condon Moore"
,"Company":"Graham Hoffart Mathiasen Architects"
,"Phone Number":"604-581-8128"
,"Nature of Lobbying":"Architectural Consultant"
,"Client":"Property Owner"
,"Project No. ":"Not disclosed"
}
,{
"json_featuretype":"CSV"
,"Registration Date":"2011 11 22"
,"Name of Lobbyist":"Maggie Koka"
,"Company":"Aplin & Martin Consultants Ltd"
,"Phone Number":"604-597-9058"
,"Nature of Lobbying":"Engineering Consultant"
,"Client":"Canadian Horizons Land Investment Corp"
,"Project No. ":"7911-0287-00"
}
,{
"json_featuretype":"CSV"
,"Registration Date":"2011 11 28"
,"Name of Lobbyist":"Maggie Koka"
,"Company":"Aplin & Martin Consultants Ltd"
,"Phone Number":"604-597-9058"
,"Nature of Lobbying":"Engineering Consultant"
,"Client":"BC Transportation & Finance Authority"
,"Project No. ":"7911-0292-00"
}
,{
"json_featuretype":"CSV"
,"Registration Date":"2011 12 06"
,"Name of Lobbyist":"Rod F. Gonzalez"
,"Company":"Hub Engineering Inc"
,"Phone Number":"604-572-4328"
,"Nature of Lobbying":"Engineering Consultant"
,"Client":"Top Notch Development Ltd."
,"Project No. ":"7911-0297-00"
}
,{
"json_featuretype":"CSV"
,"Registration Date":"2011 12 07"
,"Name of Lobbyist":"Maciej Dembek"
,"Company":"Provision of Architectural Consulting "
,"Phone Number":"604-597-7100"
,"Nature of Lobbying":"Architectural Consultant"
,"Client":"Silverstone Ventures Inc."
,"Project No. ":"7911-0295-00"
}
,{
"json_featuretype":"CSV"
,"Registration Date":"2011 12 07"
,"Name of Lobbyist":"Mike Kompter"
,"Company":"Hub Engineering Inc"
,"Phone Number":"604-572-4328"
,"Nature of Lobbying":"Engineering Consultant"
,"Client":"Property Owner"
,"Project No. ":"7911-0294-00"
}
,{
"json_featuretype":"CSV"
,"Registration Date":"2011 12 08"
,"Name of Lobbyist":"Balvinder S. Sekhon"
,"Company":""
,"Phone Number":"604-589-0596"
,"Nature of Lobbying":"Land Use Consultant"
,"Client":"Property Owner"
,"Project No. ":"7911-0296-00"
}
,{
"json_featuretype":"CSV"
,"Registration Date":"2011 12 08"
,"Name of Lobbyist":"Art Phillips"
,"Company":"Larco Investments Ltd"
,"Phone Number":"604-925-8218"
,"Nature of Lobbying":"Land Use Consultant"
,"Client":"Morgan Crossing Properties Ltd."
,"Project No. ":"7911-0298-00"
}
,{
"json_featuretype":"CSV"
,"Registration Date":"2011 12 09"
,"Name of Lobbyist":"Craig Garden"
,"Company":"Fraser River Consulting Ltd."
,"Phone Number":"604-518-1846"
,"Nature of Lobbying":"Architectural Consultant"
,"Client":"Property Owner"
,"Project No. ":"7911-0288-00"
}
,{
"json_featuretype":"CSV"
,"Registration Date":"2011 12 09"
,"Name of Lobbyist":"Roger Jawanda"
,"Company":"Citiwest Consulting Ltd."
,"Phone Number":"604-591-2213"
,"Nature of Lobbying":"Engineering Consultant"
,"Client":"Property Owner"
,"Project No. ":"7911-0306-00"
}
,{
"json_featuretype":"CSV"
,"Registration Date":"2011 12 12"
,"Name of Lobbyist":"Brent Dean Tedford"
,"Company":"Pacific Land Resource Group Inc "
,"Phone Number":"604-501-1624"
,"Nature of Lobbying":"Land Use Consultant"
,"Client":"Penreal Property Fundv Holdings"
,"Project No. ":"7911-0310-00"
}
,{
"json_featuretype":"CSV"
,"Registration Date":"2011 12 13"
,"Name of Lobbyist":"Clarence Arychuk"
,"Company":""
,"Phone Number":"604-525-4651"
,"Nature of Lobbying":"Engineering Consultant"
,"Client":"Property Owner"
,"Project No. ":"7911-0309-00"
}
,{
"json_featuretype":"CSV"
,"Registration Date":"2011 12 13"
,"Name of Lobbyist":"Clarence Arychuk"
,"Company":""
,"Phone Number":"604-525-4651"
,"Nature of Lobbying":"Engineering Consultant"
,"Client":"Property Owner"
,"Project No. ":"7911-0304-00"
}
,{
"json_featuretype":"CSV"
,"Registration Date":"2011 12 14"
,"Name of Lobbyist":"Perry Basilio"
,"Company":""
,"Phone Number":"604-518-9124"
,"Nature of Lobbying":"Land Use Consultant"
,"Client":"Property Owner"
,"Project No. ":"7911-0315-00"
}
,{
"json_featuretype":"CSV"
,"Registration Date":"2011 12 15"
,"Name of Lobbyist":"Avnash Banwait"
,"Company":"Mainland Eng. (2007) Corp."
,"Phone Number":"604-543-8044"
,"Nature of Lobbying":"Engineering Consultant"
,"Client":"Property Owner"
,"Project No. ":"7911-0316-00"
}
,{
"json_featuretype":"CSV"
,"Registration Date":"2011 12 15"
,"Name of Lobbyist":"Joe Dhaliwal"
,"Company":""
,"Phone Number":"604-583-0505"
,"Nature of Lobbying":"Land Use Consultant"
,"Client":"BC Strata Plan 1022"
,"Project No. ":"7911-0313-00"
}
,{
"json_featuretype":"CSV"
,"Registration Date":"2011 12 21"
,"Name of Lobbyist":"Roger Jawanda"
,"Company":"Citiwest Consulting Ltd."
,"Phone Number":"604-591-2213"
,"Nature of Lobbying":"Engineering Consultant"
,"Client":"Property Owner"
,"Project No. ":"7911-0323-00"
}
,{
"json_featuretype":"CSV"
,"Registration Date":"2011 12 22"
,"Name of Lobbyist":"Dexter Hirabe"
,"Company":"Hunter Laird Engineering"
,"Phone Number":"604-525-4651"
,"Nature of Lobbying":"Engineering Consultant"
,"Client":"Property Owner"
,"Project No. ":"7911-0194-00"
}
,{
"json_featuretype":"CSV"
,"Registration Date":"2011 12 22"
,"Name of Lobbyist":"Maggie Koka"
,"Company":"Aplin & Martin Consultants Ltd"
,"Phone Number":"Not disclosed"
,"Nature of Lobbying":"Engineering Consultant"
,"Client":"Property Owner"
,"Project No. ":"Not disclosed"
}
,{
"json_featuretype":"CSV"
,"Registration Date":"2011 12 23"
,"Name of Lobbyist":"David J. Bird"
,"Company":"G3 Development"
,"Phone Number":"604-889-5056"
,"Nature of Lobbying":"Not disclosed"
,"Client":"0903646 BC Ltd."
,"Project No. ":"7911-0322-00"
}
]