[
{
"json_featuretype":"Web_Analytics_Top10"
,"Page":"Home Page"
,"Pageviews":4303
,"Unique Pageviews":2622
,"Avg. Time on Page":"40.07"
,"Entrances":2430
,"Bounce Rate":"16.50%"
,"% Exit":"15.85%"
}
,{
"json_featuretype":"Web_Analytics_Top10"
,"Page":"Dataset Page"
,"Pageviews":1784
,"Unique Pageviews":894
,"Avg. Time on Page":"31.60"
,"Entrances":203
,"Bounce Rate":"18.32%"
,"% Exit":"8.80%"
}
,{
"json_featuretype":"Web_Analytics_Top10"
,"Page":"Open Government Licence"
,"Pageviews":905
,"Unique Pageviews":787
,"Avg. Time on Page":"61.77"
,"Entrances":742
,"Bounce Rate":"62.67%"
,"% Exit":"62.43%"
}
,{
"json_featuretype":"Web_Analytics_Top10"
,"Page":"Land Use and Development Category"
,"Pageviews":733
,"Unique Pageviews":426
,"Avg. Time on Page":"36.09"
,"Entrances":27
,"Bounce Rate":"29.63%"
,"% Exit":"7.64%"
}
,{
"json_featuretype":"Web_Analytics_Top10"
,"Page":"Infrastructure Category"
,"Pageviews":469
,"Unique Pageviews":302
,"Avg. Time on Page":"32.23"
,"Entrances":13
,"Bounce Rate":"23.08%"
,"% Exit":"5.12%"
}
,{
"json_featuretype":"Web_Analytics_Top10"
,"Page":"Imagery Category"
,"Pageviews":438
,"Unique Pageviews":289
,"Avg. Time on Page":"30.05"
,"Entrances":18
,"Bounce Rate":"22.22%"
,"% Exit":"6.85%"
}
,{
"json_featuretype":"Web_Analytics_Top10"
,"Page":"Property Package Dataset"
,"Pageviews":372
,"Unique Pageviews":277
,"Avg. Time on Page":"81.03"
,"Entrances":43
,"Bounce Rate":"11.63%"
,"% Exit":"20.43%"
}
,{
"json_featuretype":"Web_Analytics_Top10"
,"Page":"Property Package Dynamic Download Page"
,"Pageviews":347
,"Unique Pageviews":247
,"Avg. Time on Page":"194.79"
,"Entrances":109
,"Bounce Rate":"84.40%"
,"% Exit":"58.21%"
}
,{
"json_featuretype":"Web_Analytics_Top10"
,"Page":"Showcase"
,"Pageviews":323
,"Unique Pageviews":201
,"Avg. Time on Page":"65.79"
,"Entrances":4
,"Bounce Rate":"0.00%"
,"% Exit":"6.19%"
}
,{
"json_featuretype":"Web_Analytics_Top10"
,"Page":"2016 Orthophoto Dataset"
,"Pageviews":309
,"Unique Pageviews":182
,"Avg. Time on Page":"53.24"
,"Entrances":13
,"Bounce Rate":"53.85%"
,"% Exit":"13.59%"
}
,{
"json_featuretype":"Web_Analytics_Top10"
,"Page":"Totals"
,"Pageviews":40119
,"Unique Pageviews":27538
,"Avg. Time on Page":"46.91"
,"Entrances":6425
,"Bounce Rate":"31.09%"
,"% Exit":"16.01%"
}
]