[
{
"json_featuretype":"CSV"
,"Registration Date":"2015 01 06"
,"Name of Lobbyist":"Oleg Verbenkov"
,"Company":"Pacific Land Resource Group Inc."
,"Phone Number":"604-501-1624"
,"Nature of Lobbying":"Development Consultant"
,"Client":"Property Owner"
,"Project No. ":"7914-0373-00"
}
,{
"json_featuretype":"CSV"
,"Registration Date":"2015 01 16"
,"Name of Lobbyist":"Roger Jawanda"
,"Company":"Citiwest Consulting Ltd"
,"Phone Number":"604-591-2213"
,"Nature of Lobbying":"Engineering Consultant"
,"Client":"Property Owner"
,"Project No. ":"7915-0003-00"
}
,{
"json_featuretype":"CSV"
,"Registration Date":"2015 01 23"
,"Name of Lobbyist":"Lori Joyce"
,"Company":"HY Engineering Ltd."
,"Phone Number":"604-583-1616"
,"Nature of Lobbying":"Land Development"
,"Client":"Property Owner"
,"Project No. ":"7915-0009-00"
}
,{
"json_featuretype":"CSV"
,"Registration Date":"2015 01 28"
,"Name of Lobbyist":"John Desrochers"
,"Company":"Priority Permits Ltd."
,"Phone Number":"778-397-1394"
,"Nature of Lobbying":"Administration"
,"Client":"A&W"
,"Project No. ":"7914-0330-00"
}
,{
"json_featuretype":"CSV"
,"Registration Date":"2015 01 28"
,"Name of Lobbyist":"Maciej Dembek"
,"Company":"Barnett Dembek Architects Inc."
,"Phone Number":"604-597-7100"
,"Nature of Lobbying":"Architectural Consultant"
,"Client":"1017187 B.C. Ltd."
,"Project No. ":"7914-0354-00"
}
,{
"json_featuretype":"CSV"
,"Registration Date":"2015 01 28"
,"Name of Lobbyist":"Mike Kompter"
,"Company":"Mike Kompter"
,"Phone Number":"604-572-4328"
,"Nature of Lobbying":"Consultant"
,"Client":"Property Owner"
,"Project No. ":"7914-0357-00"
}
,{
"json_featuretype":"CSV"
,"Registration Date":"2015 01 28"
,"Name of Lobbyist":"Maciej Dembek"
,"Company":"Barnett Dembek Architects Inc."
,"Phone Number":"604-597-7100"
,"Nature of Lobbying":"Architectural Consultant"
,"Client":"Property Owner"
,"Project No. ":"7914-0367-00"
}
,{
"json_featuretype":"CSV"
,"Registration Date":"2015 01 28"
,"Name of Lobbyist":"John Wilson"
,"Company":"Pillar Coupe Consulting"
,"Phone Number":"604-652-4568"
,"Nature of Lobbying":"Engineering Consultant"
,"Client":"Property Owner"
,"Project No. ":"7915-0010-00"
}
,{
"json_featuretype":"CSV"
,"Registration Date":"2015 01 28"
,"Name of Lobbyist":"Sam Bogetti"
,"Company":"Dillon Consulting Limited"
,"Phone Number":"604-278-7847"
,"Nature of Lobbying":"Consultant"
,"Client":"RioKim Holdings (Strawberry Hill) Inc."
,"Project No. ":"7914-0011-00"
}
,{
"json_featuretype":"CSV"
,"Registration Date":"2015 01 28"
,"Name of Lobbyist":"Bruce Bennett"
,"Company":"The Car Finance Company (Canada) Ltd."
,"Phone Number":"778-819-8535"
,"Nature of Lobbying":"Finance Loans"
,"Client":"Toor & Pattar Enterprises Ltd."
,"Project No. ":"7915-0013-00"
}
,{
"json_featuretype":"CSV"
,"Registration Date":"2015 01 30"
,"Name of Lobbyist":"Mike Kompter"
,"Company":"Mike Kompter"
,"Phone Number":"604-572-4328"
,"Nature of Lobbying":"Consultant"
,"Client":"Property Owner"
,"Project No. ":"7915-0014-00"
}
,{
"json_featuretype":"CSV"
,"Registration Date":"2015 02 06"
,"Name of Lobbyist":"Sunny Sandher"
,"Company":"Citiwest Consulting Ltd"
,"Phone Number":"604-591-2213"
,"Nature of Lobbying":"Engineering Consultant"
,"Client":"Jack Rabbit Enterprises Ltd."
,"Project No. ":"7915-0024-00"
}
,{
"json_featuretype":"CSV"
,"Registration Date":"2015 02 16"
,"Name of Lobbyist":"Oleg Verbenkov"
,"Company":"Pacific Land Resource Group Inc."
,"Phone Number":"604-501-1624"
,"Nature of Lobbying":"Development Consultant"
,"Client":"Ron Madsen (RDM) Enterprises, BC0414326"
,"Project No. ":"7915-0023-00"
}
,{
"json_featuretype":"CSV"
,"Registration Date":"2015 02 17"
,"Name of Lobbyist":"Sunny Sandher"
,"Company":"Citiwest Consulting Ltd"
,"Phone Number":"604-591-2213"
,"Nature of Lobbying":"Engineering Consultant"
,"Client":"Property Owner"
,"Project No. ":"7915-0032-00"
}
,{
"json_featuretype":"CSV"
,"Registration Date":"2015 02 19"
,"Name of Lobbyist":"Mike Kompter"
,"Company":"Mike Kompter"
,"Phone Number":"604-572-4328"
,"Nature of Lobbying":"Consultant"
,"Client":"Property Owner"
,"Project No. ":"7915-0029-00"
}
,{
"json_featuretype":"CSV"
,"Registration Date":"2015 02 20"
,"Name of Lobbyist":"Douglas Johnson"
,"Company":"Douglas R. Johnson Architect Ltd."
,"Phone Number":"604-998-3381"
,"Nature of Lobbying":"Architectural Consultant"
,"Client":"Panorama Mews Developments"
,"Project No. ":"7915-0038-00"
}
,{
"json_featuretype":"CSV"
,"Registration Date":"2015 02 23"
,"Name of Lobbyist":"Lori Joyce"
,"Company":"HY Engineering Ltd."
,"Phone Number":"604-583-1616"
,"Nature of Lobbying":"Land Development"
,"Client":"Property Owner"
,"Project No. ":"7915-0040-00"
}
,{
"json_featuretype":"CSV"
,"Registration Date":"2015 02 24"
,"Name of Lobbyist":"Rodney J. Robertson"
,"Company":"Self Employed"
,"Phone Number":"778-868-0086"
,"Nature of Lobbying":"Church Consultant"
,"Client":"Christian's Gospel Society"
,"Project No. ":"7915-0039-00"
}
,{
"json_featuretype":"CSV"
,"Registration Date":"2015 02 25"
,"Name of Lobbyist":"Peter J. Lovick"
,"Company":"PJ Lovick Architect Ltd."
,"Phone Number":"604-298-3700"
,"Nature of Lobbying":"Architectural Consultant"
,"Client":"Laurino Holdings Inc."
,"Project No. ":"7915-0043-00"
}
,{
"json_featuretype":"CSV"
,"Registration Date":"2015 02 26"
,"Name of Lobbyist":"Mike Kompter"
,"Company":"Mike Kompter"
,"Phone Number":"604-572-4328"
,"Nature of Lobbying":"Consultant"
,"Client":"W & M 074 Ventures Inc. Parkway Developments Ltd."
,"Project No. ":"7915-0026-00"
}
,{
"json_featuretype":"CSV"
,"Registration Date":"2016 02 26"
,"Name of Lobbyist":"Dave Batten"
,"Company":"Krahn Engineering Ltd."
,"Phone Number":"604-853-8831"
,"Nature of Lobbying":"Engineering Consultant"
,"Client":"Starline Windows"
,"Project No. ":"7915-0028-00"
}
,{
"json_featuretype":"CSV"
,"Registration Date":"2015 03 03"
,"Name of Lobbyist":"Skinder Kaur Dhaliwal"
,"Company":"NA"
,"Phone Number":"604-754-2883"
,"Nature of Lobbying":"NA"
,"Client":"Property Owner"
,"Project No. ":"7915-0047-00"
}
,{
"json_featuretype":"CSV"
,"Registration Date":"2015 03 04"
,"Name of Lobbyist":"Maciej Dembek"
,"Company":"Barnett Dembek Architects Inc."
,"Phone Number":"604-597-7100"
,"Nature of Lobbying":"Architectural Consultant"
,"Client":"Archstone Projects Ltd."
,"Project No. ":"7915-0050-00"
}
,{
"json_featuretype":"CSV"
,"Registration Date":"2015 03 04"
,"Name of Lobbyist":"Mike Kompter"
,"Company":"Mike Kompter"
,"Phone Number":"604-572-4328"
,"Nature of Lobbying":"Consultant"
,"Client":"Property Owner"
,"Project No. ":"7915-0051-00"
}
,{
"json_featuretype":"CSV"
,"Registration Date":"2015 03 04"
,"Name of Lobbyist":"Brent Carlson/Steve Forrest"
,"Company":"Anthem Properties Group"
,"Phone Number":"604-689-3040"
,"Nature of Lobbying":"Development Consultant"
,"Client":"Anthem 16434 Fraser Developments Ltd."
,"Project No. ":"7915-0052-00"
}
,{
"json_featuretype":"CSV"
,"Registration Date":"2015 03 05"
,"Name of Lobbyist":"Maggie Koka"
,"Company":"Aplin & Martin Consultants Ltd."
,"Phone Number":"604-597-9058"
,"Nature of Lobbying":"Engineering Consultant"
,"Client":"Property Owner"
,"Project No. ":"7915-0041-00"
}
,{
"json_featuretype":"CSV"
,"Registration Date":"2015 03 06"
,"Name of Lobbyist":"Clarence Arychuk"
,"Company":"WSP Group"
,"Phone Number":"604-525-4651"
,"Nature of Lobbying":"Planning Consultant"
,"Client":"Property Owner"
,"Project No. ":"7915-0046-00"
}
,{
"json_featuretype":"CSV"
,"Registration Date":"2015 03 06"
,"Name of Lobbyist":"Clarence Arychuk"
,"Company":"WSP Group"
,"Phone Number":"604-525-4651"
,"Nature of Lobbying":"Planning Consultant"
,"Client":"Property Owner"
,"Project No. ":"7915-0046-00"
}
,{
"json_featuretype":"CSV"
,"Registration Date":"2015 03 06"
,"Name of Lobbyist":"Clarence Arychuk"
,"Company":"WSP Group"
,"Phone Number":"604-525-4651"
,"Nature of Lobbying":"Planning Consultant"
,"Client":"Property Owner"
,"Project No. ":"7915-0046-00"
}
,{
"json_featuretype":"CSV"
,"Registration Date":"2015 03 06"
,"Name of Lobbyist":"Clarence Arychuk"
,"Company":"WSP Group"
,"Phone Number":"604-525-4651"
,"Nature of Lobbying":"Planning Consultant"
,"Client":"Property Owner"
,"Project No. ":"7915-0046-00"
}
,{
"json_featuretype":"CSV"
,"Registration Date":"2015 03 17"
,"Name of Lobbyist":"Clarence Arychuk"
,"Company":"WSP Group"
,"Phone Number":"604-525-4651"
,"Nature of Lobbying":"Planning Consultant"
,"Client":"Property Owner"
,"Project No. ":"7915-0125-00"
}
,{
"json_featuretype":"CSV"
,"Registration Date":"2015  02 26"
,"Name of Lobbyist":"Peter John Padley"
,"Company":"Pacific Rim Architecture Ltd."
,"Phone Number":"604-503-0107"
,"Nature of Lobbying":"Architectural Consultant"
,"Client":"Pacific Press Properties Ltd."
,"Project No. ":"7915-0019-00"
}
,{
"json_featuretype":"CSV"
,"Registration Date":"2015 03 19"
,"Name of Lobbyist":"Sunny Sandher"
,"Company":"Citiwest Consulting Ltd"
,"Phone Number":"604-591-2233"
,"Nature of Lobbying":"Engineering Consultant"
,"Client":"Property Owner"
,"Project No. ":"7915-0062-00"
}
,{
"json_featuretype":"CSV"
,"Registration Date":"2015 03 19"
,"Name of Lobbyist":"Maggie Koka"
,"Company":"Aplin & Martin Consultants Ltd."
,"Phone Number":"604-597-9058"
,"Nature of Lobbying":"Engineering Consultant"
,"Client":"Steve Stew - SCS Consulting"
,"Project No. ":"7915-0069-00"
}
,{
"json_featuretype":"CSV"
,"Registration Date":"2015 03 19"
,"Name of Lobbyist":"Ruth Mrav-Jankelowitz"
,"Company":"Janks Design Group Inc."
,"Phone Number":"604-266-5474"
,"Nature of Lobbying":"Interior Design Firm"
,"Client":"Property Owner"
,"Project No. ":"7915-0063-00"
}
,{
"json_featuretype":"CSV"
,"Registration Date":"2015 03 19"
,"Name of Lobbyist":"Lori Joyce"
,"Company":"HY Engineering Ltd."
,"Phone Number":"604-583-1616"
,"Nature of Lobbying":"Land Development"
,"Client":"Monark Investments Ltd."
,"Project No. ":"7915-0065-00"
}
,{
"json_featuretype":"CSV"
,"Registration Date":"2015 03 23"
,"Name of Lobbyist":"Maggie Koka"
,"Company":"Aplin & Martin Consultants Ltd."
,"Phone Number":"604-597-9058"
,"Nature of Lobbying":"Engineering Consultant"
,"Client":"Property Owner"
,"Project No. ":"7915-0084-00"
}
,{
"json_featuretype":"CSV"
,"Registration Date":"2015 03 23"
,"Name of Lobbyist":"Maggie Koka"
,"Company":"Aplin & Martin Consultants Ltd."
,"Phone Number":"604-597-9058"
,"Nature of Lobbying":"Engineering Consultant"
,"Client":"Property Owner"
,"Project No. ":"7915-0084-00"
}
,{
"json_featuretype":"CSV"
,"Registration Date":"2015 03 23"
,"Name of Lobbyist":"Maggie Koka"
,"Company":"Aplin & Martin Consultants Ltd."
,"Phone Number":"604-597-9058"
,"Nature of Lobbying":"Engineering Consultant"
,"Client":"Property Owner"
,"Project No. ":"7915-0084-00"
}
,{
"json_featuretype":"CSV"
,"Registration Date":"2015 03 23"
,"Name of Lobbyist":"Maggie Koka"
,"Company":"Aplin & Martin Consultants Ltd."
,"Phone Number":"604-597-9058"
,"Nature of Lobbying":"Engineering Consultant"
,"Client":"Property Owner"
,"Project No. ":"7915-0084-00"
}
,{
"json_featuretype":"CSV"
,"Registration Date":"2015 03 23"
,"Name of Lobbyist":"Maggie Koka"
,"Company":"Aplin & Martin Consultants Ltd."
,"Phone Number":"604-597-9058"
,"Nature of Lobbying":"Engineering Consultant"
,"Client":"Property Owner"
,"Project No. ":"7915-0084-00"
}
,{
"json_featuretype":"CSV"
,"Registration Date":"2015 03 23"
,"Name of Lobbyist":"Maggie Koka"
,"Company":"Aplin & Martin Consultants Ltd."
,"Phone Number":"604-597-9058"
,"Nature of Lobbying":"Engineering Consultant"
,"Client":"Property Owner"
,"Project No. ":"7915-0084-00"
}
,{
"json_featuretype":"CSV"
,"Registration Date":"2015 03 23"
,"Name of Lobbyist":"Andrew Igel"
,"Company":"Igel Architecture"
,"Phone Number":"778-839-4260"
,"Nature of Lobbying":"Architectural Consultant"
,"Client":"Glastonbury Investment Corp"
,"Project No. ":"7915-0048-00"
}
,{
"json_featuretype":"CSV"
,"Registration Date":"2015 03 24"
,"Name of Lobbyist":"Mike Kompter"
,"Company":"Mike Kompter"
,"Phone Number":"604-572-4328"
,"Nature of Lobbying":"Consultant"
,"Client":"Property Owner"
,"Project No. ":"7915-0085-00"
}
,{
"json_featuretype":"CSV"
,"Registration Date":"2015 03 30"
,"Name of Lobbyist":"Roger Jawanda"
,"Company":"Citiwest Consulting Ltd"
,"Phone Number":"604-591-2213"
,"Nature of Lobbying":"Land Development"
,"Client":"1027097 BC Ltd."
,"Project No. ":"7915-0090-00"
}
,{
"json_featuretype":"CSV"
,"Registration Date":"2015 03 31"
,"Name of Lobbyist":"Douglas Johnson"
,"Company":"Douglas R. Johnson Architect Ltd."
,"Phone Number":"604-998-3381"
,"Nature of Lobbying":"Architectural Consultant"
,"Client":"Titania Holdings Inc."
,"Project No. ":"7915-0083-00"
}
,{
"json_featuretype":"CSV"
,"Registration Date":"2015 03 31"
,"Name of Lobbyist":"Avnash Banwait / Rajeev Mangla"
,"Company":"Mainland Engineering Design Corporation"
,"Phone Number":"604-543-8044"
,"Nature of Lobbying":"Land Development Consultant"
,"Client":"Property Owner"
,"Project No. ":"7915-0092-00"
}
,{
"json_featuretype":"CSV"
,"Registration Date":"2015 04 01"
,"Name of Lobbyist":"Brent Carlson/Steve Forrest"
,"Company":"Anthem Properties Group"
,"Phone Number":"604-689-3040"
,"Nature of Lobbying":"Development Consultant"
,"Client":"Anthen 16518 Fraser Developments LP"
,"Project No. ":"7915-0094-00"
}
,{
"json_featuretype":"CSV"
,"Registration Date":"2015 04 09"
,"Name of Lobbyist":"Avnash Banwait / Rajeev Mangla"
,"Company":"Mainland Engineering Design Corporation"
,"Phone Number":"604-543-8044"
,"Nature of Lobbying":"Land Development Consultant"
,"Client":"Property Owner"
,"Project No. ":"7915-0101-00"
}
,{
"json_featuretype":"CSV"
,"Registration Date":"2015 04 09"
,"Name of Lobbyist":"Peter Chu"
,"Company":"Peter K. Chu Architecture Inc."
,"Phone Number":"604-298-7063"
,"Nature of Lobbying":"Architectural Consultant"
,"Client":"467215  BC Ltd."
,"Project No. ":"7915-0099-00"
}
,{
"json_featuretype":"CSV"
,"Registration Date":"2015 04 10"
,"Name of Lobbyist":"Mike Kompter"
,"Company":"Mike Kompter"
,"Phone Number":"604-572-4328"
,"Nature of Lobbying":"Consultant"
,"Client":"Property Owner"
,"Project No. ":"7913-0164-00"
}
,{
"json_featuretype":"CSV"
,"Registration Date":"2015 04 14"
,"Name of Lobbyist":"Mike Nick"
,"Company":"Fraser Valley Building Supplies Inc."
,"Phone Number":"604-820-1134"
,"Nature of Lobbying":"Retail/Commercial Building Supp."
,"Client":"Fraser Valley Building Supplies Inc."
,"Project No. ":"7915-0106-00"
}
,{
"json_featuretype":"CSV"
,"Registration Date":"2015 04 15"
,"Name of Lobbyist":"Douglas Johnson"
,"Company":"Douglas R. Johnson Architect Ltd."
,"Phone Number":"604-998-3381"
,"Nature of Lobbying":"Architectural Consultant"
,"Client":"686966 BC Ltd."
,"Project No. ":"7915-0108-00"
}
,{
"json_featuretype":"CSV"
,"Registration Date":"2015 04 17"
,"Name of Lobbyist":"Bob Andrews"
,"Company":""
,"Phone Number":"604-306-5595"
,"Nature of Lobbying":"Restaurants"
,"Client":"Browns Restaurant Group"
,"Project No. ":"7915-0107-00"
}
,{
"json_featuretype":"CSV"
,"Registration Date":"2015 04 17"
,"Name of Lobbyist":"Mike Helle"
,"Company":"Coastland Engineering & Surveying Ltd."
,"Phone Number":"604-532-9700"
,"Nature of Lobbying":"Planning & Civil Engineering"
,"Client":"0825311 B.C. Ltd."
,"Project No. ":"7915-0111-00"
}
,{
"json_featuretype":"CSV"
,"Registration Date":"2015 04 21"
,"Name of Lobbyist":"Roger Jawanda"
,"Company":"Citiwest Consulting Ltd"
,"Phone Number":"604-591-2213"
,"Nature of Lobbying":"Engineering Consultant"
,"Client":"Property Owner"
,"Project No. ":"7915-0118-00"
}
,{
"json_featuretype":"CSV"
,"Registration Date":"2015 04 22"
,"Name of Lobbyist":"Sunny Sandher"
,"Company":"Citiwest Consulting Ltd"
,"Phone Number":"604-591-2233"
,"Nature of Lobbying":"Engineering Consultant"
,"Client":"Property Owner"
,"Project No. ":"7915-0091-00"
}
,{
"json_featuretype":"CSV"
,"Registration Date":"2015 04 22"
,"Name of Lobbyist":"Mike Kompter"
,"Company":"Mike Kompter"
,"Phone Number":"604-572-4328"
,"Nature of Lobbying":"Consultant"
,"Client":"Property Owner"
,"Project No. ":"7915-0095-00"
}
,{
"json_featuretype":"CSV"
,"Registration Date":"2015 04 22"
,"Name of Lobbyist":"Mike Kompter"
,"Company":"Mike Kompter"
,"Phone Number":"604-572-4328"
,"Nature of Lobbying":"Consultant"
,"Client":"Property Owner"
,"Project No. ":"7915-0102-00"
}
,{
"json_featuretype":"CSV"
,"Registration Date":"2015 04 22"
,"Name of Lobbyist":"Michael Helle"
,"Company":"Coastland Engineering & Surveying Ltd."
,"Phone Number":"604-532-9700"
,"Nature of Lobbying":"Planning & Civil Engineering"
,"Client":"Property Owner"
,"Project No. ":"7915-0104-00"
}
,{
"json_featuretype":"CSV"
,"Registration Date":"2015 04 22"
,"Name of Lobbyist":"Roger Jawanda"
,"Company":"Citiwest Consulting Ltd"
,"Phone Number":"604-591-2213"
,"Nature of Lobbying":"Land Development"
,"Client":"1007469 BC Ltd. and Gurdian Sandhu"
,"Project No. ":"7915-0109-00"
}
,{
"json_featuretype":"CSV"
,"Registration Date":"2015 04 22"
,"Name of Lobbyist":"Jordan Desrochers"
,"Company":"Priority Permits Ltd."
,"Phone Number":"778-397-1394"
,"Nature of Lobbying":"Consultant"
,"Client":"BCS 2601 Strata"
,"Project No. ":"7915-0112-00"
}
,{
"json_featuretype":"CSV"
,"Registration Date":"2015 04 30"
,"Name of Lobbyist":"Douglas Johnson"
,"Company":"Douglas R. Johnson Architect Ltd."
,"Phone Number":"604-998-3381"
,"Nature of Lobbying":"Architectural Consultant"
,"Client":"Ekham 68 Project Ltd."
,"Project No. ":"7915-0122-00"
}
,{
"json_featuretype":"CSV"
,"Registration Date":"2015 05 01"
,"Name of Lobbyist":"Misha Ratner"
,"Company":"Porte Realty Ltd."
,"Phone Number":"604-732-7651"
,"Nature of Lobbying":"Real Estate Development"
,"Client":"Property Owner"
,"Project No. ":"7915-0123-00"
}
,{
"json_featuretype":"CSV"
,"Registration Date":"2015 05 06"
,"Name of Lobbyist":"Mike Kompter"
,"Company":"Mike Kompter"
,"Phone Number":"604-572-4328"
,"Nature of Lobbying":"Consultant"
,"Client":"Property Owner"
,"Project No. ":"7915-0134-00"
}
,{
"json_featuretype":"CSV"
,"Registration Date":"2015 05 07"
,"Name of Lobbyist":"Anya Paskovic"
,"Company":"Aplin & Martin Consultants Ltd."
,"Phone Number":"604-639-3456"
,"Nature of Lobbying":"Engineering Consultant"
,"Client":"Property Owner"
,"Project No. ":"7915-0141-00"
}
,{
"json_featuretype":"CSV"
,"Registration Date":"2015 05 12"
,"Name of Lobbyist":"Michael Helle"
,"Company":"Coastland Engineering & Surveying Ltd."
,"Phone Number":"604-532-9700"
,"Nature of Lobbying":"Planning & Civil Engineering"
,"Client":"Property Owner"
,"Project No. ":"7915-0138-00"
}
,{
"json_featuretype":"CSV"
,"Registration Date":"2015 05 22"
,"Name of Lobbyist":"Michael Helle"
,"Company":"Coastland Engineering & Surveying Ltd."
,"Phone Number":"604-532-9700"
,"Nature of Lobbying":"Planning & Civil Engineering"
,"Client":"Property Owner"
,"Project No. ":"7915-0157-00"
}
,{
"json_featuretype":"CSV"
,"Registration Date":"2015 05 25"
,"Name of Lobbyist":"Celso Stifelmann"
,"Company":"Musson Cattell Mackey Partnership Architects"
,"Phone Number":"604-646-1156"
,"Nature of Lobbying":"Architectural Consultant"
,"Client":"CP Reit BC Properties Limited"
,"Project No. ":"7915-0164-00"
}
,{
"json_featuretype":"CSV"
,"Registration Date":"2015 05 25"
,"Name of Lobbyist":"Mike Kompter"
,"Company":"Mike Kompter"
,"Phone Number":"604-572-4328"
,"Nature of Lobbying":"Consultant"
,"Client":"Property Owner"
,"Project No. ":"7915-0044-00"
}
,{
"json_featuretype":"CSV"
,"Registration Date":"2015 05 25"
,"Name of Lobbyist":"Paul Goodwin"
,"Company":"GBL Architects"
,"Phone Number":"604-736-1156"
,"Nature of Lobbying":"Architectural Consultant"
,"Client":"Property Owner"
,"Project No. ":"7915-0118-00"
}
,{
"json_featuretype":"CSV"
,"Registration Date":"2015 05 25"
,"Name of Lobbyist":"Douglas Johnson"
,"Company":"Douglas R. Johnson Architect Ltd."
,"Phone Number":"604-998-3381"
,"Nature of Lobbying":"Architectural Consultant"
,"Client":"Property Owner"
,"Project No. ":"7915-0126-00"
}
,{
"json_featuretype":"CSV"
,"Registration Date":"2015 05 25"
,"Name of Lobbyist":"Francis Yau"
,"Company":"Andrew Cheung Architects Inc."
,"Phone Number":"604-685-2088"
,"Nature of Lobbying":"Architectural Consultant"
,"Client":"Maneonville Plastics"
,"Project No. ":"7915-0119-00"
}
,{
"json_featuretype":"CSV"
,"Registration Date":"2015 05 25"
,"Name of Lobbyist":"J. Grewal"
,"Company":""
,"Phone Number":"778-863-2800"
,"Nature of Lobbying":"Builders"
,"Client":"Property Owner"
,"Project No. ":"7915-0150-00"
}
,{
"json_featuretype":"CSV"
,"Registration Date":"2015 05 25"
,"Name of Lobbyist":"Michael Helle"
,"Company":"Coastland Engineering & Surveying Ltd."
,"Phone Number":"604-532-9700"
,"Nature of Lobbying":"Planning & Civil Engineering"
,"Client":"Property Owner"
,"Project No. ":"7915-0159-00"
}
,{
"json_featuretype":"CSV"
,"Registration Date":"2015 05 25"
,"Name of Lobbyist":"Harpinder Singh Billing"
,"Company":"Mainland Engineering Design Corporation"
,"Phone Number":"604-543-8044"
,"Nature of Lobbying":"Land Development Consultant"
,"Client":"1031534 BC Ltd."
,"Project No. ":"7915-0158-00"
}
,{
"json_featuretype":"CSV"
,"Registration Date":"2015 05 25"
,"Name of Lobbyist":"Maciej Dembek"
,"Company":"Barnett Dembek Architects Inc."
,"Phone Number":"604-597-7100"
,"Nature of Lobbying":"Architectural Consultant"
,"Client":"HJ Property Investment Ltd."
,"Project No. ":"7915-0160-00"
}
,{
"json_featuretype":"CSV"
,"Registration Date":"2015 05 25"
,"Name of Lobbyist":"Lance F. Barnett"
,"Company":"Barnett Dembek Architects Inc."
,"Phone Number":"604-597-7100"
,"Nature of Lobbying":"Architectural Consultant"
,"Client":"0988880 BC Ltd."
,"Project No. ":"7915-0161-00"
}
,{
"json_featuretype":"CSV"
,"Registration Date":"2015 05 25"
,"Name of Lobbyist":"John E. Kristianson"
,"Company":"CTA Design Group"
,"Phone Number":"604-736-2554"
,"Nature of Lobbying":"Architectural / Engineering Consultant"
,"Client":"Aman Enterprises 1989 Ltd."
,"Project No. ":"7915-0163-00"
}
,{
"json_featuretype":"CSV"
,"Registration Date":"2015 05 25"
,"Name of Lobbyist":"Mike Kompter"
,"Company":"Mike Kompter"
,"Phone Number":"604-572-4328"
,"Nature of Lobbying":"Consultant"
,"Client":"Property Owner"
,"Project No. ":"7915-0139-00"
}
,{
"json_featuretype":"CSV"
,"Registration Date":"2015 05 26"
,"Name of Lobbyist":"Clarence Arychuk"
,"Company":"WSP Group"
,"Phone Number":"604-525-4651"
,"Nature of Lobbying":"Planning Consultant"
,"Client":"Nico River Developments Ltd."
,"Project No. ":"7915-0165-00"
}
,{
"json_featuretype":"CSV"
,"Registration Date":"2015 05 27"
,"Name of Lobbyist":"Keith Douglas"
,"Company":"Self Employed"
,"Phone Number":"604-880-9633"
,"Nature of Lobbying":"Consultant"
,"Client":"Property Owner"
,"Project No. ":"7915-0153-00"
}
,{
"json_featuretype":"CSV"
,"Registration Date":"2015 05 27"
,"Name of Lobbyist":"Lance F. Barnett"
,"Company":"Barnett Dembek Architects Inc."
,"Phone Number":"604-597-7100"
,"Nature of Lobbying":"Architectural Consultant"
,"Client":"1025211 BC Ltd."
,"Project No. ":"7915-0167-00"
}
,{
"json_featuretype":"CSV"
,"Registration Date":"2015 05 28"
,"Name of Lobbyist":"Leslee Anne Kerfoot"
,"Company":"Belle's Corner Restaurant Ltd."
,"Phone Number":"604-787-5515"
,"Nature of Lobbying":"Café"
,"Client":"Belle's Corner Restaurant Ltd."
,"Project No. ":"7915-0156-00"
}
,{
"json_featuretype":"CSV"
,"Registration Date":"2015 06 10"
,"Name of Lobbyist":"S. Boulanger"
,"Company":""
,"Phone Number":"604-594-4787"
,"Nature of Lobbying":"Architectural Firm"
,"Client":"Solid Rock Holdings Inc."
,"Project No. ":"7915-0166-00"
}
,{
"json_featuretype":"CSV"
,"Registration Date":"2015 06 12"
,"Name of Lobbyist":"Clarence Arychuk"
,"Company":"WSP Group"
,"Phone Number":"604-525-4651"
,"Nature of Lobbying":"Consultant"
,"Client":"Property Owner"
,"Project No. ":"7915-0183-00"
}
,{
"json_featuretype":"CSV"
,"Registration Date":"2015 06 05"
,"Name of Lobbyist":"Leigh Sully"
,"Company":"Elkany Developments"
,"Phone Number":"604-531-6573"
,"Nature of Lobbying":"Real Estate Development"
,"Client":"South Surrey Business Centre Inc"
,"Project No. ":"7915-0194-00"
}
,{
"json_featuretype":"CSV"
,"Registration Date":"2015 06 17"
,"Name of Lobbyist":"Maggie Koka"
,"Company":"Aplin & Martin Consultants Ltd."
,"Phone Number":"604-639-3456"
,"Nature of Lobbying":"Engineering Consultant"
,"Client":"Property Owner"
,"Project No. ":"7915-0185-00"
}
,{
"json_featuretype":"CSV"
,"Registration Date":"2015 06 17"
,"Name of Lobbyist":"Maggie Koka"
,"Company":"Aplin & Martin Consultants Ltd."
,"Phone Number":"604-639-3456"
,"Nature of Lobbying":"Engineering Consultant"
,"Client":"0749021 BC Ltd."
,"Project No. ":"7915-0196-00"
}
,{
"json_featuretype":"CSV"
,"Registration Date":"2015 06 25"
,"Name of Lobbyist":"Rebecca Hardin"
,"Company":"Rising Tide Consultants"
,"Phone Number":"604-669-2928"
,"Nature of Lobbying":"Consultant"
,"Client":"Plaza 188 Holdings"
,"Project No. ":"7915-0204-00"
}
,{
"json_featuretype":"CSV"
,"Registration Date":"2015 06 26"
,"Name of Lobbyist":"Bibianka Fehr"
,"Company":"Bing Thom Architects"
,"Phone Number":"604-682-1881"
,"Nature of Lobbying":"Architecture"
,"Client":"Property Owner"
,"Project No. ":"7915-0206-00"
}
,{
"json_featuretype":"CSV"
,"Registration Date":"2015 06 26"
,"Name of Lobbyist":"Michael Helle"
,"Company":"Coastland Engineering & Surveying Ltd."
,"Phone Number":"604-532-9700"
,"Nature of Lobbying":"Planning Civil Engineer"
,"Client":"Property Owner"
,"Project No. ":"7915-0207-00"
}
,{
"json_featuretype":"CSV"
,"Registration Date":"2015 06 26"
,"Name of Lobbyist":"Celso Stifelmann"
,"Company":"Musson Cattell Mackey Partnership Architects"
,"Phone Number":"604-646-1156"
,"Nature of Lobbying":"Architecture"
,"Client":"CP Reit BC Properties Limited"
,"Project No. ":"7915-0164-00"
}
,{
"json_featuretype":"CSV"
,"Registration Date":"2015 06 26"
,"Name of Lobbyist":"Elizabeth Westerveld"
,"Company":"Baywest Management Corporation"
,"Phone Number":"604-595-8384"
,"Nature of Lobbying":"Strata property and rental management"
,"Client":"Property Owner"
,"Project No. ":"7915-0171-00"
}
,{
"json_featuretype":"CSV"
,"Registration Date":"2015 06 26"
,"Name of Lobbyist":"Colin Hogan"
,"Company":"Focus Architecture"
,"Phone Number":"604-853-5222"
,"Nature of Lobbying":"architect"
,"Client":"Ikonik Homes"
,"Project No. ":"7915-0189-00"
}
,{
"json_featuretype":"CSV"
,"Registration Date":"2015 06 26"
,"Name of Lobbyist":"Kenneth Chow"
,"Company":"Interface Architecture"
,"Phone Number":"604-821-1162"
,"Nature of Lobbying":"Architect"
,"Client":"Property Owner"
,"Project No. ":"7915-0187-00"
}
,{
"json_featuretype":"CSV"
,"Registration Date":"2015 06 26"
,"Name of Lobbyist":"Fariba Gharaei"
,"Company":"Urban Design Group"
,"Phone Number":"604-687-2334"
,"Nature of Lobbying":"Architect"
,"Client":"Clover Square Holdings"
,"Project No. ":"7915-0173-00"
}
,{
"json_featuretype":"CSV"
,"Registration Date":"2015 06 26"
,"Name of Lobbyist":"B. Giesbrecht"
,"Company":""
,"Phone Number":"604-719-4406"
,"Nature of Lobbying":"Contractor"
,"Client":"Property Owner"
,"Project No. ":"7915-0180-00"
}
,{
"json_featuretype":"CSV"
,"Registration Date":"2015 06 26"
,"Name of Lobbyist":"Theresa Rawley"
,"Company":"HY Engineering Ltd."
,"Phone Number":"604-583-1616"
,"Nature of Lobbying":"Land Development Property Management"
,"Client":"Property Owner"
,"Project No. ":"7915-0169-00"
}
,{
"json_featuretype":"CSV"
,"Registration Date":"2015 06 29"
,"Name of Lobbyist":"Waleed Giratalla"
,"Company":"City of Surrey"
,"Phone Number":"604-591-4057"
,"Nature of Lobbying":"Civic Functions"
,"Client":"City of Surrey"
,"Project No. ":"7915-0208-00"
}
,{
"json_featuretype":"CSV"
,"Registration Date":"2015 07 06"
,"Name of Lobbyist":"Lance F. Barnett"
,"Company":"Barnett Dembek Architects Inc."
,"Phone Number":"604-597-7100"
,"Nature of Lobbying":"Architects"
,"Client":"Property Owner"
,"Project No. ":"7915-0209-00"
}
,{
"json_featuretype":"CSV"
,"Registration Date":"2015 07 07"
,"Name of Lobbyist":"Lance F. Barnett"
,"Company":"Barnett Dembek Architects Inc."
,"Phone Number":"604-597-7100"
,"Nature of Lobbying":"Architects"
,"Client":"Property Owner"
,"Project No. ":"7915-0210-00"
}
,{
"json_featuretype":"CSV"
,"Registration Date":"2015 07 14"
,"Name of Lobbyist":"Dexter Hirabe/Clarence Arychuk"
,"Company":"WSP Group"
,"Phone Number":"604-525-4651"
,"Nature of Lobbying":""
,"Client":"Property Owner"
,"Project No. ":"7915-0225-00"
}
,{
"json_featuretype":"CSV"
,"Registration Date":"2015 07 28"
,"Name of Lobbyist":"Maggie Koka"
,"Company":"Aplin & Martin Consultants Ltd."
,"Phone Number":"604-639-3456"
,"Nature of Lobbying":"Consulting Engineers & Planners"
,"Client":"Norm Porter, Laronde Woods Ltd."
,"Project No. ":"7915-0229-00"
}
,{
"json_featuretype":"CSV"
,"Registration Date":"2015 07 28"
,"Name of Lobbyist":"Joe Mueho Architect AIBC"
,"Company":"Hearth Architectural Inc."
,"Phone Number":"604-266-4677"
,"Nature of Lobbying":"Architectural Firm"
,"Client":"Property Owner"
,"Project No. ":"7915-0222-00"
}
,{
"json_featuretype":"CSV"
,"Registration Date":"2015 07 28"
,"Name of Lobbyist":"Mike Kompter"
,"Company":"Mike Kompter"
,"Phone Number":"604-572-4328"
,"Nature of Lobbying":"Consultant"
,"Client":"Tirain S. Khattra"
,"Project No. ":"7915-0219-00"
}
,{
"json_featuretype":"CSV"
,"Registration Date":"2015 07 28"
,"Name of Lobbyist":"Clarence Arychuk"
,"Company":"WSP Canada"
,"Phone Number":"604-312-8051"
,"Nature of Lobbying":"Consulting Planners, Engineers, Surveyors"
,"Client":"Nachatar Kaila"
,"Project No. ":"7915-0235-00"
}
,{
"json_featuretype":"CSV"
,"Registration Date":"2015 07 28"
,"Name of Lobbyist":"Clarence Arychuk"
,"Company":"WSP Canada"
,"Phone Number":"604-312-8051"
,"Nature of Lobbying":"Consulting Planner"
,"Client":"Peggy Stevens"
,"Project No. ":"7915-0232-00"
}
,{
"json_featuretype":"CSV"
,"Registration Date":"2015 07 29"
,"Name of Lobbyist":"Edward Archibald"
,"Company":"Adera Development Corp."
,"Phone Number":"604-637-4301"
,"Nature of Lobbying":"Real Estate Development & Construction"
,"Client":"Wit Greenway Adera Ventures Ltd."
,"Project No. ":"7915-0244-00"
}
,{
"json_featuretype":"CSV"
,"Registration Date":"2015 08 06"
,"Name of Lobbyist":"D. Hirabe/C. Arychuk"
,"Company":""
,"Phone Number":"604-525-4651"
,"Nature of Lobbying":""
,"Client":"Property Owner"
,"Project No. ":"7915-0247-00"
}
,{
"json_featuretype":"CSV"
,"Registration Date":"2015 08 06"
,"Name of Lobbyist":"Maciej Dembek"
,"Company":"Barnett Dembek Architects Inc."
,"Phone Number":"604-597-7100"
,"Nature of Lobbying":"Architectural Consulting Services"
,"Client":"Park Ridge Homes (Panorama) Ltd."
,"Project No. ":"7915-0246-00"
}
,{
"json_featuretype":"CSV"
,"Registration Date":"2015 08 06"
,"Name of Lobbyist":"Mike Kompter"
,"Company":"Mike Kompter"
,"Phone Number":"604-572-4328"
,"Nature of Lobbying":"Consultant"
,"Client":"Property Owner"
,"Project No. ":"7915-0243-00"
}
,{
"json_featuretype":"CSV"
,"Registration Date":"2015 08 06"
,"Name of Lobbyist":"Nicholas Sully"
,"Company":"Shape Architecture Inc."
,"Phone Number":"604-687-4457"
,"Nature of Lobbying":"Architecture Firm"
,"Client":"City of Surrey"
,"Project No. ":"7915-0216-00"
}
,{
"json_featuretype":"CSV"
,"Registration Date":"2015 08 06"
,"Name of Lobbyist":"Maggie Koka"
,"Company":"Aplin & Martin Consultants Ltd."
,"Phone Number":"604-639-3456"
,"Nature of Lobbying":"Consulting Engineers & Planners"
,"Client":"SOS Consulting"
,"Project No. ":"7915-0240-00"
}
,{
"json_featuretype":"CSV"
,"Registration Date":"2015 08 06"
,"Name of Lobbyist":"Maggie Koka"
,"Company":"Aplin & Martin Consultants Ltd."
,"Phone Number":"604-639-3456"
,"Nature of Lobbying":"Consultant"
,"Client":"Seiba Properties and Investments Ltd."
,"Project No. ":"7915-0218-00"
}
,{
"json_featuretype":"CSV"
,"Registration Date":"2015 08 06"
,"Name of Lobbyist":"Maggie Koka"
,"Company":"Aplin & Martin Consultants Ltd."
,"Phone Number":"604-639-3457"
,"Nature of Lobbying":"Consultant"
,"Client":"Seiba Properties and Investments Ltd."
,"Project No. ":"7915-0218-00"
}
,{
"json_featuretype":"CSV"
,"Registration Date":"2015 08 06"
,"Name of Lobbyist":"Jin Li"
,"Company":"F-Pacific Opital Communication Co."
,"Phone Number":"778-883-4327"
,"Nature of Lobbying":"High Tech Company Research, Develop & Manufacture Ceramic Ferrule Blanks"
,"Client":"Property Owner"
,"Project No. ":"7915-0230-00"
}
,{
"json_featuretype":"CSV"
,"Registration Date":"2015 08 06"
,"Name of Lobbyist":"Kevin James Thomas Dornan"
,"Company":"O'Durnin Developments Ltd."
,"Phone Number":"604-727-8521"
,"Nature of Lobbying":"Residential General Contractor & Single Family Dwellings"
,"Client":"Property Owner"
,"Project No. ":"7915-0220-00"
}
,{
"json_featuretype":"CSV"
,"Registration Date":"2015 08 06"
,"Name of Lobbyist":"Maciej Dembek"
,"Company":"Barnett Dembek Architects Inc."
,"Phone Number":"604-597-7100"
,"Nature of Lobbying":"Architecture"
,"Client":"Property Owner"
,"Project No. ":"7915-0217-00"
}
,{
"json_featuretype":"CSV"
,"Registration Date":"2015 08 06"
,"Name of Lobbyist":"Anya Paskovic"
,"Company":"Aplin & Martin Consultants Ltd."
,"Phone Number":"604-597-9058"
,"Nature of Lobbying":"Planning & Engineering Consulting"
,"Client":"Property Owner"
,"Project No. ":"7915-0217-00"
}
,{
"json_featuretype":"CSV"
,"Registration Date":"2015 08 06"
,"Name of Lobbyist":"Glenn D. Burwell"
,"Company":"Norr Architects Planners Inc."
,"Phone Number":"604-685-3237"
,"Nature of Lobbying":"Architectural Services"
,"Client":"SSBC (Gerald Gongos) Workplace Dev. Services"
,"Project No. ":"7915-0212-00"
}
,{
"json_featuretype":"CSV"
,"Registration Date":"2015 08 14"
,"Name of Lobbyist":"James Chen"
,"Company":"Gateway Casinos & Entertainment Ltd."
,"Phone Number":"604-412-0116"
,"Nature of Lobbying":"Gaming and Entertainment "
,"Client":"Gateway Casinos & Entertainment Ltd."
,"Project No. ":"7915-0226-00"
}
,{
"json_featuretype":"CSV"
,"Registration Date":"2015 08 14"
,"Name of Lobbyist":"John E. Kristianson"
,"Company":"CTA Design Group"
,"Phone Number":"604-736-2554"
,"Nature of Lobbying":"Architecture and Engineering"
,"Client":"Prism Construction Ltd."
,"Project No. ":"7915-0251-00"
}
,{
"json_featuretype":"CSV"
,"Registration Date":"2015 08 17"
,"Name of Lobbyist":"Wojaech Grzybowior"
,"Company":"WG Architecture Inc."
,"Phone Number":"604-331-2378"
,"Nature of Lobbying":"Architecural"
,"Client":"Property Owner"
,"Project No. ":"7915-0264-00"
}
,{
"json_featuretype":"CSV"
,"Registration Date":"2015 08 18"
,"Name of Lobbyist":"C. Toor"
,"Company":""
,"Phone Number":"604-825-3186"
,"Nature of Lobbying":""
,"Client":"Property Owner"
,"Project No. ":"7915-0257-00"
}
,{
"json_featuretype":"CSV"
,"Registration Date":"2015 08 18"
,"Name of Lobbyist":"Wojaech Grzybowior"
,"Company":"WG Architecture Inc."
,"Phone Number":"604-331-2378"
,"Nature of Lobbying":""
,"Client":"1038004 BC Ltd."
,"Project No. ":"7915-0258-00"
}
,{
"json_featuretype":"CSV"
,"Registration Date":"2015 08 18"
,"Name of Lobbyist":"Avnash Banwait"
,"Company":"Mainland Engineering Design Corporation"
,"Phone Number":"604-543-8044"
,"Nature of Lobbying":"Land Development & Civil Engineering Consulting"
,"Client":"Property Owner"
,"Project No. ":"7915-0256-00"
}
,{
"json_featuretype":"CSV"
,"Registration Date":"2015 08 18"
,"Name of Lobbyist":"Mike Kompter"
,"Company":"Mike Kompter"
,"Phone Number":"604-572-4328"
,"Nature of Lobbying":"Consultant"
,"Client":"Property Owner"
,"Project No. ":"7915-0262-00"
}
,{
"json_featuretype":"CSV"
,"Registration Date":"2015 08 18"
,"Name of Lobbyist":"Mark Ankenman"
,"Company":"Ankenman Assoc. Architects Inc."
,"Phone Number":"604-536-1600"
,"Nature of Lobbying":"Architecture"
,"Client":"Property Owner"
,"Project No. ":"7915-0261-00"
}
,{
"json_featuretype":"CSV"
,"Registration Date":"2015 08 18"
,"Name of Lobbyist":"James Pernu"
,"Company":"McElhanney Consulting Services Ltd."
,"Phone Number":"604-596-0391"
,"Nature of Lobbying":"Engineering Consultant"
,"Client":"Progressive Intercultural Community Services"
,"Project No. ":"7910-0268-00"
}
,{
"json_featuretype":"CSV"
,"Registration Date":"2015 08 18"
,"Name of Lobbyist":"Roger Jawanda"
,"Company":"Citiwest Consulting Ltd"
,"Phone Number":"604-591-2213"
,"Nature of Lobbying":"Civil Engineering"
,"Client":"Brass Bound Ventures Ltd."
,"Project No. ":"7915-0269-00"
}
,{
"json_featuretype":"CSV"
,"Registration Date":"2015 08 19"
,"Name of Lobbyist":"Maciej Dembek"
,"Company":"Barnett Dembek Architects Inc."
,"Phone Number":"604-597-7100"
,"Nature of Lobbying":"Architectural Consultant"
,"Client":"Property Owner"
,"Project No. ":"7915-0220-00"
}
,{
"json_featuretype":"CSV"
,"Registration Date":"2015 08 31"
,"Name of Lobbyist":"Mike Kompter"
,"Company":"Mike Kompter"
,"Phone Number":"604-572-4328"
,"Nature of Lobbying":"Consultant"
,"Client":"Property Owner"
,"Project No. ":"7915-0253-00"
}
,{
"json_featuretype":"CSV"
,"Registration Date":"2015 08 31"
,"Name of Lobbyist":"Irene Horvath"
,"Company":"D.A. Horvath Consultants Inc."
,"Phone Number":"604-538-2496"
,"Nature of Lobbying":"Design Consulting"
,"Client":"Property Owner"
,"Project No. ":"7915-0295-00"
}
,{
"json_featuretype":"CSV"
,"Registration Date":"2015 08 31"
,"Name of Lobbyist":"Clarence Arychuk"
,"Company":"WSP Canada"
,"Phone Number":"604-525-4651"
,"Nature of Lobbying":"Consulting, Planners, Engineers & Surveyors"
,"Client":"Seiba Properties and Investments Ltd."
,"Project No. ":"7915-0280-00"
}
,{
"json_featuretype":"CSV"
,"Registration Date":"2015 08 31"
,"Name of Lobbyist":"James Pernu"
,"Company":"McElhanney Consulting Services Ltd."
,"Phone Number":"604-424-4889"
,"Nature of Lobbying":"Consulting Engineer"
,"Client":"Property Owner"
,"Project No. ":"7915-0299-00"
}
,{
"json_featuretype":"CSV"
,"Registration Date":"2015 08 31"
,"Name of Lobbyist":"R. Mrsic"
,"Company":""
,"Phone Number":"778-288-7006"
,"Nature of Lobbying":""
,"Client":"Property Owner"
,"Project No. ":"7915-0288-00"
}
,{
"json_featuretype":"CSV"
,"Registration Date":"2015 08 31"
,"Name of Lobbyist":"Michael Helle"
,"Company":"Coastland Engineering & Surveying Ltd."
,"Phone Number":"604-532-9700"
,"Nature of Lobbying":"Planning & Civil Engineering"
,"Client":"Property Owner"
,"Project No. ":"7915-0286-00"
}
,{
"json_featuretype":"CSV"
,"Registration Date":"2015 08 31"
,"Name of Lobbyist":"Roger Jawanda"
,"Company":"Citiwest Consulting Ltd"
,"Phone Number":"604-591-2213"
,"Nature of Lobbying":"Civil Engineering"
,"Client":"Property Owner"
,"Project No. ":"7915-0287-00"
}
,{
"json_featuretype":"CSV"
,"Registration Date":"2015 08 31"
,"Name of Lobbyist":"Theresa Rawle"
,"Company":"HY Engineering Ltd."
,"Phone Number":"604-583-1616"
,"Nature of Lobbying":"Land Development, Project Management, Civil Engineering"
,"Client":"Property Owner"
,"Project No. ":"7915-0274-00"
}
,{
"json_featuretype":"CSV"
,"Registration Date":"2015 08 31"
,"Name of Lobbyist":"B. Martin"
,"Company":""
,"Phone Number":"604-351-6599"
,"Nature of Lobbying":"Treeline Const. Ltd. Builder"
,"Client":"Property Owner"
,"Project No. ":"7915-0291-00"
}
,{
"json_featuretype":"CSV"
,"Registration Date":"2015 09 01"
,"Name of Lobbyist":"Lance F. Barnett"
,"Company":"Barnett Dembek Architects Inc."
,"Phone Number":"604-597-7100"
,"Nature of Lobbying":"Architecture"
,"Client":"Property Owner"
,"Project No. ":"7915-0302-00"
}
,{
"json_featuretype":"CSV"
,"Registration Date":"2015 09 01"
,"Name of Lobbyist":"Anya Paskovic"
,"Company":"Aplin & Martin Consultants Ltd."
,"Phone Number":"604-639-3456"
,"Nature of Lobbying":"Planning Engineering Consulting"
,"Client":"Property Owner"
,"Project No. ":"7915-0294-00"
}
,{
"json_featuretype":"CSV"
,"Registration Date":"2015 09 08"
,"Name of Lobbyist":"Harpinder Singh Billing"
,"Company":"Mainland Engineering Design Corporation"
,"Phone Number":"604-543-8044"
,"Nature of Lobbying":""
,"Client":"Property Owner"
,"Project No. ":"7915-0297-00"
}
,{
"json_featuretype":"CSV"
,"Registration Date":"2015 09 08"
,"Name of Lobbyist":"Mike Kompter"
,"Company":"Mike Kompter"
,"Phone Number":"604-572-4328"
,"Nature of Lobbying":"Consultant"
,"Client":"Property Owner"
,"Project No. ":"7915-0298-00"
}
,{
"json_featuretype":"CSV"
,"Registration Date":"2015 09 10"
,"Name of Lobbyist":"Mike Kompter"
,"Company":"Mike Kompter"
,"Phone Number":"604-572-4328"
,"Nature of Lobbying":"Consultant"
,"Client":"Property Owner"
,"Project No. ":"7915-0275-00"
}
,{
"json_featuretype":"CSV"
,"Registration Date":"2015 09 10"
,"Name of Lobbyist":"Mike Kompter"
,"Company":"Mike Kompter"
,"Phone Number":"604-572-4328"
,"Nature of Lobbying":"Consultant"
,"Client":"Property Owner"
,"Project No. ":"7915-0308-00"
}
,{
"json_featuretype":"CSV"
,"Registration Date":"2015 09 10"
,"Name of Lobbyist":"Mike Kompter"
,"Company":"Mike Kompter"
,"Phone Number":"604-572-4328"
,"Nature of Lobbying":"Consultant"
,"Client":"Property Owner"
,"Project No. ":"7915-0310-00"
}
,{
"json_featuretype":"CSV"
,"Registration Date":"2015 09 10"
,"Name of Lobbyist":"Colin Hogan"
,"Company":"Focus Architecture"
,"Phone Number":"604-853-5222"
,"Nature of Lobbying":"Architect"
,"Client":"Brookside Walk Holdings Ltd."
,"Project No. ":"7915-0306-00"
}
,{
"json_featuretype":"CSV"
,"Registration Date":"2015 09 10"
,"Name of Lobbyist":"Roger Jawanda"
,"Company":"Citiwest Consulting Ltd"
,"Phone Number":"604-541-2213"
,"Nature of Lobbying":"Land Development and Civil Engineering"
,"Client":"Property Owner"
,"Project No. ":"7915-0303-00"
}
,{
"json_featuretype":"CSV"
,"Registration Date":"2015 09 10"
,"Name of Lobbyist":"James Pernu"
,"Company":"McElhanney Consulting Services Ltd."
,"Phone Number":"604-424-4889"
,"Nature of Lobbying":"Consulting Engineer"
,"Client":"Property Owner"
,"Project No. ":"7915-0312-00"
}
,{
"json_featuretype":"CSV"
,"Registration Date":"2015 09 11"
,"Name of Lobbyist":"Michael Helle"
,"Company":"Coastland Engineering & Surveying Ltd."
,"Phone Number":"604-532-9700"
,"Nature of Lobbying":"Planning & Civil Engineering Services"
,"Client":"Property Owner"
,"Project No. ":"7915-0313-00"
}
,{
"json_featuretype":"CSV"
,"Registration Date":"2015 09 15"
,"Name of Lobbyist":"Wojaech Grzybowior"
,"Company":"WG Architecture Inc."
,"Phone Number":"604-331-2378"
,"Nature of Lobbying":"Architecture"
,"Client":"Mortise Construction Ltd."
,"Project No. ":"7915-0311-00"
}
,{
"json_featuretype":"CSV"
,"Registration Date":"2015 09 18"
,"Name of Lobbyist":"Rupinder Kooner"
,"Company":"360 Development Group Inc."
,"Phone Number":"604-825-3790"
,"Nature of Lobbying":"Land Development"
,"Client":"Southslope Developments Inc."
,"Project No. ":"7915-0316-00"
}
,{
"json_featuretype":"CSV"
,"Registration Date":"2015 09 21"
,"Name of Lobbyist":"Rick Johal"
,"Company":"Zenterra Developments Ltd."
,"Phone Number":"604-788-7975"
,"Nature of Lobbying":"Land Development and Construction"
,"Client":"Property Owner"
,"Project No. ":"7915-0322-00"
}
,{
"json_featuretype":"CSV"
,"Registration Date":"2015 09 22"
,"Name of Lobbyist":"Malcolm McNaughton"
,"Company":"Aplin & Martin Consultants Ltd."
,"Phone Number":"604-639-3456"
,"Nature of Lobbying":"Planning & Engineering Consulting"
,"Client":"Property Owner"
,"Project No. ":"7915-0315-00"
}
,{
"json_featuretype":"CSV"
,"Registration Date":"2015 09 22"
,"Name of Lobbyist":"Maggie Koka"
,"Company":"Aplin & Martin Consultants Ltd."
,"Phone Number":"604-639-3456"
,"Nature of Lobbying":"Planning & Engineering Consulting"
,"Client":"Property Owner"
,"Project No. ":"7915-0315-00"
}
,{
"json_featuretype":"CSV"
,"Registration Date":"2015 09 25"
,"Name of Lobbyist":"Mike Kompter"
,"Company":"Mike Kompter"
,"Phone Number":"604-572-4328"
,"Nature of Lobbying":"Consultant"
,"Client":"Property Owner"
,"Project No. ":"7915-0292-00"
}
,{
"json_featuretype":"CSV"
,"Registration Date":"2015 09 25"
,"Name of Lobbyist":"Gerry Blonski"
,"Company":"Gerry Blonski Architect"
,"Phone Number":"604-572-3608"
,"Nature of Lobbying":"Architect "
,"Client":"0821369 BC Ltd."
,"Project No. ":"7915-0324-00"
}
,{
"json_featuretype":"CSV"
,"Registration Date":"2015 09 25"
,"Name of Lobbyist":"Gustavo Da Roza"
,"Company":"G3 Architecture Inc."
,"Phone Number":"604-916-8582"
,"Nature of Lobbying":"Architecture "
,"Client":"Property Owner"
,"Project No. ":"7915-0332-00"
}
,{
"json_featuretype":"CSV"
,"Registration Date":"2015 09 25"
,"Name of Lobbyist":"Bill Koonar"
,"Company":"John Volken Foundation"
,"Phone Number":"604-592-3001"
,"Nature of Lobbying":"Philanthropic Foundation"
,"Client":"John Volken Foundation"
,"Project No. ":"7915-0321-00"
}
,{
"json_featuretype":"CSV"
,"Registration Date":"2015 09 25"
,"Name of Lobbyist":"David Ho"
,"Company":"Bing Wong"
,"Phone Number":"604-618-0119"
,"Nature of Lobbying":"Developer/Businessman"
,"Client":"Property Owner"
,"Project No. ":"7915-0333-00"
}
,{
"json_featuretype":"CSV"
,"Registration Date":"2015 09 25"
,"Name of Lobbyist":"Ryan Jenkins"
,"Company":"Beedie Development Group"
,"Phone Number":"604-435-3321"
,"Nature of Lobbying":"Construction & Land Development"
,"Client":"Beedie (600 Series) Holdings Ltd."
,"Project No. ":"7915-0334-00"
}
,{
"json_featuretype":"CSV"
,"Registration Date":"2015 10 02"
,"Name of Lobbyist":"H. Shawkat"
,"Company":""
,"Phone Number":"604-440-1625"
,"Nature of Lobbying":""
,"Client":"AL Kawthar Foundation"
,"Project No. ":"7915-0339-00"
}
,{
"json_featuretype":"CSV"
,"Registration Date":"2015 10 06"
,"Name of Lobbyist":"Maciej Dembek"
,"Company":"Barnett Dembek Architects Inc."
,"Phone Number":"604-597-7100"
,"Nature of Lobbying":"Architectural Consultant "
,"Client":"Property Owner"
,"Project No. ":"7915-0337-00"
}
,{
"json_featuretype":"CSV"
,"Registration Date":"2015 10 14"
,"Name of Lobbyist":"Patrick Reid Stewart"
,"Company":"Patrick R. Stewart Architect"
,"Phone Number":"604-769-1888"
,"Nature of Lobbying":"Architect"
,"Client":"Property Owner"
,"Project No. ":"7915-0365-00"
}
,{
"json_featuretype":"CSV"
,"Registration Date":"2015 10 14"
,"Name of Lobbyist":"Mike Helle"
,"Company":"Coastland Engineering & Surveying Ltd."
,"Phone Number":"604-532-9700"
,"Nature of Lobbying":"Planning & Civil Engineer"
,"Client":"Property Owner"
,"Project No. ":"7915-0364-00"
}
,{
"json_featuretype":"CSV"
,"Registration Date":"2015 10 16"
,"Name of Lobbyist":"Mike Kompter"
,"Company":"Mike Kompter"
,"Phone Number":"604-572-4328"
,"Nature of Lobbying":"Consultant"
,"Client":"Property Owner"
,"Project No. ":"7915-0351-00"
}
,{
"json_featuretype":"CSV"
,"Registration Date":"2015 10 16"
,"Name of Lobbyist":"Mike Kompter"
,"Company":"Mike Kompter"
,"Phone Number":"604-572-4328"
,"Nature of Lobbying":"Consultant"
,"Client":"Property Owner"
,"Project No. ":"7915-0326-00"
}
,{
"json_featuretype":"CSV"
,"Registration Date":"2015 10 16"
,"Name of Lobbyist":"Dwight Heintz"
,"Company":"McElhanney Consulting Services Ltd."
,"Phone Number":"604-596-0391"
,"Nature of Lobbying":"Consulting Engineer"
,"Client":"Property Owner"
,"Project No. ":"7915-0347-00"
}
,{
"json_featuretype":"CSV"
,"Registration Date":"2015 10 16"
,"Name of Lobbyist":"Roger Jawanda"
,"Company":"Citiwest Consulting Ltd"
,"Phone Number":"604-591-2213"
,"Nature of Lobbying":"Civil Engineering"
,"Client":"Property Owner"
,"Project No. ":"7915-0358-00"
}
,{
"json_featuretype":"CSV"
,"Registration Date":"2015 10 16"
,"Name of Lobbyist":"Roger Jawanda"
,"Company":"Citiwest Consulting Ltd"
,"Phone Number":"604-591-2213"
,"Nature of Lobbying":"Civil Engineering"
,"Client":"1019940 BC Ltd."
,"Project No. ":"7915-0350-00"
}
,{
"json_featuretype":"CSV"
,"Registration Date":"2015 10 16"
,"Name of Lobbyist":"James Pernu"
,"Company":"McElhanney Consulting Services Ltd."
,"Phone Number":"604-424-4889"
,"Nature of Lobbying":"Consulting Engineer"
,"Client":"Property Owner"
,"Project No. ":"7915-0340-00"
}
,{
"json_featuretype":"CSV"
,"Registration Date":"2015 10 16"
,"Name of Lobbyist":"Crissy Ram"
,"Company":"Texcan - Division of Sonepar Canada Inc."
,"Phone Number":"604-528-3659"
,"Nature of Lobbying":"Electrical Wire & Cable Distribution & Wholsesale"
,"Client":"Texcan - Division of Sonepar Canada Inc."
,"Project No. ":"7915-0356-00"
}
,{
"json_featuretype":"CSV"
,"Registration Date":"2015 10 16"
,"Name of Lobbyist":"Maggie Koka"
,"Company":"Aplin & Martin Consultants Ltd."
,"Phone Number":"604-639-3456"
,"Nature of Lobbying":"Planning Engineering Consulting"
,"Client":"569048 BC Ltd."
,"Project No. ":"7915-0336-00"
}
,{
"json_featuretype":"CSV"
,"Registration Date":"2015 10 16"
,"Name of Lobbyist":"Derek Foss"
,"Company":"Rona Inc."
,"Phone Number":"604-456-6787"
,"Nature of Lobbying":""
,"Client":"4246551 Canada Inc."
,"Project No. ":"7915-0345-00"
}
,{
"json_featuretype":"CSV"
,"Registration Date":"2015 10 16"
,"Name of Lobbyist":"Dexter Hirabe"
,"Company":"WSP Canada"
,"Phone Number":"604-525-4651"
,"Nature of Lobbying":""
,"Client":"Property Owner"
,"Project No. ":"7915-0360-00"
}
,{
"json_featuretype":"CSV"
,"Registration Date":"2015 10 16"
,"Name of Lobbyist":"Marco Ciriello"
,"Company":"Principal"
,"Phone Number":"604-276-0114"
,"Nature of Lobbying":"Architect"
,"Client":"0720485 BC Ltd."
,"Project No. ":"7915-0363-00"
}
,{
"json_featuretype":"CSV"
,"Registration Date":"2015 10 16"
,"Name of Lobbyist":"Lori Joyce"
,"Company":"HY Engineering Ltd."
,"Phone Number":"604-583-1616"
,"Nature of Lobbying":"Planning and Civil Engineering Consulting Services"
,"Client":"Property Owner"
,"Project No. ":"7915-0357-00"
}
,{
"json_featuretype":"CSV"
,"Registration Date":"2015 10 16"
,"Name of Lobbyist":"W. Thorneloe"
,"Company":""
,"Phone Number":"604-290-5527"
,"Nature of Lobbying":"Land Development Consultant"
,"Client":"Chia Property Ltd."
,"Project No. ":"7915-0354-00"
}
,{
"json_featuretype":"CSV"
,"Registration Date":"2015 10 19"
,"Name of Lobbyist":"Trevor Williams"
,"Company":"Kelmic Consulting Inc."
,"Phone Number":"778-216-2008"
,"Nature of Lobbying":"Project & Construction Management"
,"Client":"Subzero Cold Logistics Inc."
,"Project No. ":"7915-0353-00"
}
,{
"json_featuretype":"CSV"
,"Registration Date":"2015 10 20"
,"Name of Lobbyist":"S. Giesbrecht"
,"Company":""
,"Phone Number":"604-880-3588"
,"Nature of Lobbying":""
,"Client":"Property Owner"
,"Project No. ":"7915-0371-00"
}
,{
"json_featuretype":"CSV"
,"Registration Date":"2015 10 22"
,"Name of Lobbyist":"Sylvain Boulanger"
,"Company":"Boldwing Continuum Architects Inc."
,"Phone Number":"604-594-4787"
,"Nature of Lobbying":"Architectural Firm"
,"Client":"Triton Ventures (Surrey West) Corporation "
,"Project No. ":"7915-0367-00"
}
,{
"json_featuretype":"CSV"
,"Registration Date":"2015 10 27"
,"Name of Lobbyist":"Vikram Singh"
,"Company":"Simplex Home Design"
,"Phone Number":"604-597-3582"
,"Nature of Lobbying":"Home Designer "
,"Client":"Property Owner"
,"Project No. ":"7915-0373-00"
}
,{
"json_featuretype":"CSV"
,"Registration Date":"2015 11 03"
,"Name of Lobbyist":"Mike Kompter"
,"Company":"Mike Kompter"
,"Phone Number":"604-572-4328"
,"Nature of Lobbying":"Consultant"
,"Client":"Property Owner"
,"Project No. ":"7915-0381-00"
}
,{
"json_featuretype":"CSV"
,"Registration Date":"2015 11 04"
,"Name of Lobbyist":"Mike Kompter"
,"Company":"Mike Kompter"
,"Phone Number":"604-572-4328"
,"Nature of Lobbying":"Consultant"
,"Client":"Property Owner"
,"Project No. ":"7915-0379-00"
}
,{
"json_featuretype":"CSV"
,"Registration Date":"2015 11 04"
,"Name of Lobbyist":"W. Thorneloe"
,"Company":""
,"Phone Number":"604-290-5527"
,"Nature of Lobbying":"Land Development Consultant"
,"Client":"Chia Property Ltd."
,"Project No. ":"7915-0352-00"
}
,{
"json_featuretype":"CSV"
,"Registration Date":"2015 11 04"
,"Name of Lobbyist":"Clarence Arychuk"
,"Company":"WSP Canada"
,"Phone Number":"604-525-4651"
,"Nature of Lobbying":"Consulting, Planners, Engineers & Surveyors"
,"Client":"Ocean Park Nurseries Ltd."
,"Project No. ":"7915-0378-00"
}
,{
"json_featuretype":"CSV"
,"Registration Date":"2015 11 04"
,"Name of Lobbyist":"Maggie Koka"
,"Company":"Aplin & Martin Consultants Ltd."
,"Phone Number":"604-639-3456"
,"Nature of Lobbying":"Planning Engineering Consulting"
,"Client":"Property Owner"
,"Project No. ":"7915-0336-00"
}
,{
"json_featuretype":"CSV"
,"Registration Date":"2015 11 04"
,"Name of Lobbyist":"Robert McGill"
,"Company":"Francl Architecture"
,"Phone Number":"604-688-3252"
,"Nature of Lobbying":"Architectural Consulting"
,"Client":"Property Owner"
,"Project No. ":"7915-0375-00"
}
,{
"json_featuretype":"CSV"
,"Registration Date":"2015 11 04"
,"Name of Lobbyist":"Brian Gregg"
,"Company":"Wind Mobile Corp."
,"Phone Number":"778-870-1388"
,"Nature of Lobbying":"Wireless Services (Cell Service) / Telecommunications"
,"Client":"Wind Mobile Corp."
,"Project No. ":"7915-0374-00"
}
,{
"json_featuretype":"CSV"
,"Registration Date":"2015 11 04"
,"Name of Lobbyist":"Sean Clayton"
,"Company":"Humphrey Construction Ltd."
,"Phone Number":"604-888-2535"
,"Nature of Lobbying":"General Contractor"
,"Client":"Bridon Developments Ltd."
,"Project No. ":"7915-0372-00"
}
,{
"json_featuretype":"CSV"
,"Registration Date":"2015 11 04"
,"Name of Lobbyist":"Peter Moroso"
,"Company":"Citiwest Consulting Ltd"
,"Phone Number":"604-591-2213"
,"Nature of Lobbying":"Civil Engineering and Planning Consulting"
,"Client":"Property Owner"
,"Project No. ":"7915-0366-00"
}
,{
"json_featuretype":"CSV"
,"Registration Date":"2015 11 18"
,"Name of Lobbyist":"Allan Manley Power"
,"Company":"Mac Concrete"
,"Phone Number":"604-328-3851"
,"Nature of Lobbying":"Construction"
,"Client":"Nana's Kitchen & Hot Sauce Ltd."
,"Project No. ":"7915-0382-00"
}
,{
"json_featuretype":"CSV"
,"Registration Date":"2015 11 18"
,"Name of Lobbyist":"Clarence Arychuk"
,"Company":"WSP Canada"
,"Phone Number":"604-525-4651"
,"Nature of Lobbying":"Planner"
,"Client":"Property Owner"
,"Project No. ":"7915-0388-00"
}
,{
"json_featuretype":"CSV"
,"Registration Date":"2015 11 18"
,"Name of Lobbyist":"Dexter Hirabe"
,"Company":"WSP Canada"
,"Phone Number":"604-525-4651"
,"Nature of Lobbying":"Planner"
,"Client":"Property Owner"
,"Project No. ":"7915-0388-00"
}
,{
"json_featuretype":"CSV"
,"Registration Date":"2015 11 19"
,"Name of Lobbyist":"Ted Dawson"
,"Company":"Dawson & Sawyer Development "
,"Phone Number":"604-626-5401"
,"Nature of Lobbying":"Development"
,"Client":"Property Owner"
,"Project No. ":"7915-0392-00"
}
,{
"json_featuretype":"CSV"
,"Registration Date":"2015 11 25"
,"Name of Lobbyist":"Mike Kompter"
,"Company":"Mike Kompter"
,"Phone Number":"604-572-4328"
,"Nature of Lobbying":"Consultant "
,"Client":"Property Owner"
,"Project No. ":"7915-0402-00"
}
,{
"json_featuretype":"CSV"
,"Registration Date":"2015 11 26"
,"Name of Lobbyist":"Steph Blackburn"
,"Company":"Northstar Signs"
,"Phone Number":"778-388-5343"
,"Nature of Lobbying":"Sign Installation"
,"Client":"Optical "
,"Project No. ":"7915-0398-00"
}
,{
"json_featuretype":"CSV"
,"Registration Date":"2015 11 26"
,"Name of Lobbyist":"Andrew Igel"
,"Company":"Aplin & Martin Consultants Ltd."
,"Phone Number":"604-639-3456"
,"Nature of Lobbying":"Architecture"
,"Client":"IDR Construction Development Inc."
,"Project No. ":"7915-0364-00"
}
,{
"json_featuretype":"CSV"
,"Registration Date":"2015 11 26"
,"Name of Lobbyist":"Christian Hamm"
,"Company":"Integrated Construction"
,"Phone Number":"604-599-0706"
,"Nature of Lobbying":"General Contractor"
,"Client":"Farrell Estates Ltd."
,"Project No. ":"7915-0387-00"
}
,{
"json_featuretype":"CSV"
,"Registration Date":"2015 11 26"
,"Name of Lobbyist":"James Pernu"
,"Company":"McElhanney Consulting Services Ltd."
,"Phone Number":"604-424-4889"
,"Nature of Lobbying":"Consulting Engineer"
,"Client":"Property Owner"
,"Project No. ":"7915-0312-00"
}
,{
"json_featuretype":"CSV"
,"Registration Date":"2015 11 26"
,"Name of Lobbyist":"Maciej Dembek"
,"Company":"Barnett Dembek Architects Inc."
,"Phone Number":"604-597-7100"
,"Nature of Lobbying":"Architect "
,"Client":"0707784 BC Ltd."
,"Project No. ":"7915-0390-00"
}
,{
"json_featuretype":"CSV"
,"Registration Date":"2015 11 26"
,"Name of Lobbyist":"David Atkinson"
,"Company":"Five Start Permits"
,"Phone Number":"604-487-1210"
,"Nature of Lobbying":"Sign Permit Expediter"
,"Client":"BCAA"
,"Project No. ":"7915-0394-00"
}
,{
"json_featuretype":"CSV"
,"Registration Date":"2015 11 26"
,"Name of Lobbyist":"Daniel Maiden"
,"Company":"Rockridge Development"
,"Phone Number":"604-625-2122"
,"Nature of Lobbying":"Residential Construction"
,"Client":"Property Owner"
,"Project No. ":"7915-0391-00"
}
,{
"json_featuretype":"CSV"
,"Registration Date":"2015 11 26"
,"Name of Lobbyist":"M. Knight"
,"Company":""
,"Phone Number":"604-250-7111"
,"Nature of Lobbying":""
,"Client":"Property Owner"
,"Project No. ":"7915-0395-00"
}
,{
"json_featuretype":"CSV"
,"Registration Date":"2015 11 30"
,"Name of Lobbyist":"Mike Helle"
,"Company":"Coastland Engineering & Surveying Ltd."
,"Phone Number":"604-532-9700"
,"Nature of Lobbying":"Planing & Civil Engineering"
,"Client":"Property Owner"
,"Project No. ":"7915-0401-00"
}
,{
"json_featuretype":"CSV"
,"Registration Date":"2015 12 11"
,"Name of Lobbyist":"J. Evans"
,"Company":""
,"Phone Number":"604-619-5733"
,"Nature of Lobbying":""
,"Client":"Property Owner"
,"Project No. ":"7915-0405-00"
}
,{
"json_featuretype":"CSV"
,"Registration Date":"2015 12 15"
,"Name of Lobbyist":""
,"Company":"HY Engineering Ltd."
,"Phone Number":"604-583-1616"
,"Nature of Lobbying":"Land Development, Project Management, Civil Engineering"
,"Client":"Property Owner"
,"Project No. ":"7915-0421-00"
}
,{
"json_featuretype":"CSV"
,"Registration Date":"2015 12 15"
,"Name of Lobbyist":"Tawny Verigin"
,"Company":"Cypress Land Services Inc."
,"Phone Number":"604-620-0877"
,"Nature of Lobbying":"Agent to TM Mobile Inc. (Telus)"
,"Client":"TM Mobile Inc. (Telus)"
,"Project No. ":"7915-0412-00"
}
,{
"json_featuretype":"CSV"
,"Registration Date":"2015 12 17"
,"Name of Lobbyist":"K. Anestey"
,"Company":""
,"Phone Number":"604-657-4497"
,"Nature of Lobbying":""
,"Client":"Property Owner"
,"Project No. ":"7915-0434-00"
}
,{
"json_featuretype":"CSV"
,"Registration Date":"2015 12 17"
,"Name of Lobbyist":"Mark Lesack"
,"Company":"Ankenman Assoc. Architects Inc."
,"Phone Number":"604-536-1600"
,"Nature of Lobbying":"Architectural Office"
,"Client":"591955 BC Ltd."
,"Project No. ":"7915-0410-00"
}
,{
"json_featuretype":"CSV"
,"Registration Date":"2015 12 17"
,"Name of Lobbyist":"Daniel Martins"
,"Company":"Ankenman Assoc. Architects Inc."
,"Phone Number":"604-827-2595"
,"Nature of Lobbying":"Architectural Firm"
,"Client":"Greenside Development Corporation "
,"Project No. ":"7915-0393-00"
}
,{
"json_featuretype":"CSV"
,"Registration Date":"2015 12 17"
,"Name of Lobbyist":"Anya Paskovic"
,"Company":""
,"Phone Number":"604-639-3456"
,"Nature of Lobbying":"Planning Consulting"
,"Client":"Woodberg Development"
,"Project No. ":"7915-0399-00"
}
,{
"json_featuretype":"CSV"
,"Registration Date":"2015 12 21"
,"Name of Lobbyist":"Wojaech Grzybowior"
,"Company":"WG Architecture Inc."
,"Phone Number":"604-331-2378"
,"Nature of Lobbying":"Architectural "
,"Client":"1049471 BC Ltd. / Baljit Johal"
,"Project No. ":"7915-0414-00"
}
,{
"json_featuretype":"CSV"
,"Registration Date":"2015 12 21"
,"Name of Lobbyist":"Mark Ankenman"
,"Company":"Ankenman Assoc. Architects Inc."
,"Phone Number":"604-536-1600"
,"Nature of Lobbying":"Architecture "
,"Client":"Property Owner"
,"Project No. ":"7915-0424-00"
}
,{
"json_featuretype":"CSV"
,"Registration Date":"2015 12 22"
,"Name of Lobbyist":"Mike Kompter"
,"Company":"Mike Kompter"
,"Phone Number":"604-572-4328"
,"Nature of Lobbying":"Consultant"
,"Client":"Property Owner"
,"Project No. ":"7915-0438-00"
}
]