,CITY_CENTRE,CLOVERDALE,FLEETWOOD,GUILDFORD,NEWTON,SOUTH_SURREY,WHALLEY_EXCLUDING_CITY_CENTRE,WHALLEY,CITY_OF_SURREY
Total Population by Sex and Age Groups (20% Sample Data),17095,29620,44550,48095,91580,53520,61330,78425,345780
"Male, total",8455,14685,22105,23730,45320,25765,31080,39540,171140
  0-4,485,895,1500,1650,3845,1015,2810,3290,12195
  5-9,510,1150,1880,1890,3990,1590,2650,3155,13660
  10-14,445,1360,1705,1840,3490,1955,2155,2600,12955
  15-19,505,1195,1995,2100,3185,2195,2130,2635,13300
  20-24,665,920,1635,1535,3005,1345,2110,2775,11215
  25-29,660,800,1150,1430,3350,970,2165,2825,10520
  30-34,795,995,1590,1610,3760,1040,2595,3390,12380
  35-39,805,1195,1780,1915,4030,1450,2975,3780,14140
  40-44,865,1405,1930,2350,3440,1940,2615,3485,14540
  45-49,615,1140,1735,1895,3105,2105,2220,2835,12815
  50-54,545,990,1570,1720,2675,2240,1710,2250,11455
  55-59,470,750,1155,1065,2210,1725,1445,1910,8815
  60-64,270,545,770,890,1635,1270,1170,1445,6540
  65-74,465,855,1095,1185,2330,2550,1595,2060,10070
  75+,365,495,615,660,1270,2390,740,1110,6540
"Female, total",8640,14935,22450,24365,46260,27750,30245,38880,174640
  0-4,565,1015,1410,1435,3735,1135,2140,2710,11445
  5-9,505,1160,1635,1705,3630,1565,2505,3015,12705
  10-14,390,1055,1780,1880,3215,1825,2265,2655,12410
  15-19,405,1060,1695,1720,2945,1620,1990,2395,11435
  20-24,605,830,1680,1570,3420,1355,2240,2840,11700
  25-29,725,815,1440,1650,3630,980,2525,3245,11750
  30-34,780,1050,1705,1755,3935,1180,2470,3245,12870
  35-39,815,1520,1875,2450,3840,1665,2630,3440,14790
  40-44,590,1420,2030,2320,3750,2260,2535,3130,14915
  45-49,530,1300,1845,2105,3090,2735,2080,2615,13685
  50-54,575,1000,1560,1485,2820,2575,1925,2500,11940
  55-59,345,760,1030,1105,2150,1850,1300,1645,8535
  60-64,440,520,815,740,1840,1375,1025,1465,6760
  65-74,660,835,1115,1350,2520,2615,1580,2240,10670
  75+,700,610,830,1110,1740,3015,1035,1735,9035
Total population 15 years and over by legal marital status,14195,22975,34640,37695,69670,44435,46805,61000,270410
  Never legally married (single),4945,6305,10155,11795,18460,10395,14085,19035,76145
  Legally married (and not separated),5610,13290,20350,20215,41545,26810,25745,31350,153570
"  Separated, but still legally married",805,770,890,1410,2225,1155,1690,2500,8945
  Divorced,1785,1580,1760,2580,4140,3005,3170,4955,18025
  Widowed,1045,1025,1485,1690,3295,3070,2115,3155,13725
Total population 15 years and over by common-law status,14190,22975,34640,37695,69670,44435,46805,61000,270415
  Not in a common law relationship,12965,21410,32995,35530,66330,42285,44015,56980,255535
  In a common law relationship,1225,1560,1645,2160,3345,2155,2790,4015,14880
Total population by mother tongue,17095,29620,44550,48090,91580,53520,61330,78420,345780
 Single responses,16670,29425,43710,47090,89405,53095,59645,76315,339045
  English,11090,24945,26740,29415,45470,44350,31665,42755,213675
  French,265,245,360,460,850,645,420,680,3240
  Non-official languages,5325,4240,16610,17220,43085,8100,27555,32880,122135
    Italian,50,195,375,300,250,265,300,350,1725
    German,300,755,540,815,1110,1640,710,1015,5870
"    Chinese, n.o.s.",205,180,1215,1580,805,910,580,780,5475
    Cantonese,60,55,685,915,630,175,510,570,3035
    Punjabi,770,770,6490,1805,26735,155,13900,14670,50615
    Spanish,295,155,220,670,895,220,975,1275,3435
    Portuguese,30,70,260,180,320,70,220,245,1150
    Polish,185,80,300,1140,265,200,565,755,2730
    Arabic,30,0,105,370,285,30,210,240,1030
    Tagalog (Pilipino),460,105,860,1440,1265,110,1220,1680,5455
    Ukrainian,95,110,235,130,190,295,260,350,1300
    Dutch,55,365,240,290,370,525,280,340,2125
    Vietnamese,275,170,760,780,415,15,1385,1655,3805
    Greek,40,25,110,100,105,120,170,210,670
    Mandarin,215,175,560,1605,285,1200,330,545,4370
    Russian,60,40,55,80,175,80,50,115,545
    Persian (Farsi),95,20,75,170,360,105,145,240,970
    Korean,455,125,1010,2005,275,575,150,600,4590
    Urdu,115,40,155,110,1115,10,325,445,1870
    Hungarian,80,40,215,240,300,100,225,305,1205
    Cree,10,0,0,10,30,0,20,30,65
    Hindi,370,30,780,460,3775,15,2960,3330,8385
    Croatian,35,105,195,65,190,150,95,130,835
    Creoles,10,0,0,10,35,0,0,10,50
    Inuktitut(Eskimo),0,10,0,0,0,0,0,0,10
    Serbo-Croatian,15,0,60,65,15,15,20,40,195
    Ojibway,10,0,0,10,10,0,0,0,20
    Danish,50,65,55,85,105,160,75,125,595
    Montagnais-Naskapi,0,0,0,0,0,0,0,0,0
    Micmac,0,0,0,0,0,0,0,0,0
    Dogrib,0,0,0,0,0,0,0,0,0
    South Slave,0,0,0,0,0,0,0,0,0
    Chipewyan,0,0,0,0,0,0,0,0,0
    Kutchin-Gwich'in (Loucheux),0,0,0,0,0,0,0,0,0
    Tlingit,0,0,0,0,0,0,0,0,0
    Other languages,960,555,1060,1810,2800,955,1875,2835,10010
 Multiple responses,425,195,840,1005,2170,420,1680,2105,6740
  English and French,25,30,55,140,175,115,60,80,595
  English and non-official language(s),355,165,765,840,1905,275,1575,1930,5880
  French and non-official language(s),40,0,10,30,50,25,25,70,190
"  English, French and non-official language(s)",0,0,10,0,30,10,25,25,80
Total population by knowledge of official languages,17095,29620,44550,48095,91580,53515,61325,78420,345780
  English only,15845,27865,40115,43985,81110,49200,54995,70835,313110
  French only,0,20,35,25,50,15,60,55,205
  English and French,805,1410,2435,2350,4060,3940,2370,3170,17360
  Neither English nor French,445,320,1965,1735,6360,375,3905,4355,15110
Total population by first official language spoken,17095,29620,44550,48095,91580,53520,61325,78420,345780
  English,16345,29025,42050,45575,84095,52440,56670,73015,326200
  French,190,240,365,455,810,610,435,625,3100
  English and French,120,45,200,365,490,105,395,515,1720
  Neither English nor French,445,305,1935,1700,6185,370,3825,4265,14760
Total population by home language,17090,29620,44550,48095,91575,53520,61330,78420,345785
 Single responses,14045,27295,34890,38710,69280,49775,46675,60720,280675
  English,12025,26235,28720,31710,48905,47745,34320,46340,229655
  French,15,0,60,90,95,120,50,65,430
  Non-official languages,2010,1055,6115,6910,20280,1910,12310,14315,50595
"    Chinese, n.o.s.",80,90,485,630,255,395,185,265,2125
    Cantonese,55,20,365,485,350,50,275,330,1585
    Punjabi,475,410,2980,710,14900,0,8105,8585,27595
    Italian,0,30,0,45,10,20,45,45,155
    Spanish,95,10,30,245,185,50,340,435,965
    Vietnamese,190,80,395,445,245,0,685,875,2040
    Portuguese,15,10,60,20,40,15,35,50,195
    Arabic,0,0,30,125,45,0,90,90,295
    Mandarin,185,105,305,1045,260,590,175,360,2675
    Polish,50,10,85,315,55,10,130,175,645
    German,25,20,15,30,50,80,25,50,250
    Tamil,40,0,10,0,30,0,10,50,85
    Korean,305,35,550,1300,130,230,90,395,2635
    Persian (Farsi),25,20,15,115,135,15,35,65,360
    Russian,10,0,10,40,50,35,0,10,145
    Tagalog (Pilipino),30,10,95,205,285,10,205,235,830
    Greek,10,10,10,10,10,15,55,65,105
    Urdu,45,0,60,0,545,0,150,200,800
    Cree,0,0,0,0,0,0,0,0,0
    Inuktitut (Eskimo),0,0,0,0,0,0,0,0,0
    Ukrainian,20,0,20,10,70,0,65,90,185
    Hindi,90,10,140,200,1435,10,865,955,2745
    Hungarian,0,0,0,110,25,0,60,60,195
    Japanese,15,0,50,20,30,65,45,60,215
    Serbo-Croatian,0,0,25,10,0,0,0,0,35
    Creoles,0,0,0,0,0,0,0,0,0
    Ojibway,0,0,0,0,0,0,0,0,0
    Montagnais-Naskapi,0,0,0,0,0,0,0,0,0
    Finnish,0,10,0,0,0,0,0,0,25
    Micmac,0,0,0,0,0,0,0,0,0
    Hakka,0,0,0,0,0,10,0,0,15
    Dogrib,0,0,0,0,0,0,0,0,0
    South Slave,0,0,0,0,0,0,0,0,0
    Chipewyan,0,0,0,0,0,0,0,0,0
    Kutchin-Gwich'in (Loucheux),0,0,0,0,0,0,0,0,0
    Tlingit,0,0,0,0,0,0,0,0,0
    Other languages,250,195,360,785,1145,325,635,885,3690
 Multiple responses,3050,2325,9655,9385,22300,3745,14650,17700,65110
   English and French,175,225,180,310,630,355,275,445,2155
   English and non-official language(s),2780,2085,9325,8790,21315,3260,14110,16890,61675
   French and non-official language(s),0,0,10,55,80,0,50,50,190
"   English, French and non-official language(s)",90,10,140,235,275,130,210,305,1090
  Various non-official languages spoken - Italian,145,240,410,430,430,460,395,540,2505
  German,435,995,805,1180,1530,2035,1030,1465,8005
  Spanish,455,410,730,1310,1455,895,1375,1830,6645
"  Chinese, n.o.s.",230,175,1175,1360,805,705,565,800,5015
  Cantonese,85,75,880,1145,885,250,650,735,3975
  Punjabi,1000,1005,7620,2310,30715,185,16045,17045,58880
  Arabic,55,30,180,575,390,75,325,375,1625
  Portuguese,50,55,310,225,355,95,330,385,1425
  Polish,200,120,325,1210,315,210,635,835,3020
  Tagalog (Pilipino),635,160,1325,2020,1790,175,1685,2320,7785
  Hindi,620,360,2485,1285,11720,145,7305,7925,23920
  Mandarin,240,190,975,2260,740,1500,525,765,6430
  Ukrainian,150,125,310,195,285,285,325,480,1685
  Vietnamese,360,185,890,1000,525,30,1575,1935,4565
  Greek,70,35,160,140,205,140,215,285,960
  Dutch,85,545,340,325,410,695,375,460,2775
  Russian,105,60,170,225,270,160,230,335,1215
  Cree,10,0,0,10,35,25,25,35,100
  Hungarian,85,45,225,265,325,115,250,330,1300
  Creoles,10,0,30,15,50,0,0,10,100
  Croatian,35,90,225,110,250,160,105,145,980
  Japanese,130,150,260,290,200,310,255,385,1585
  Non verbal languages,35,95,100,60,180,120,85,120,680
  Inuktitut(Eskimo),0,10,0,0,0,0,10,0,15
  Ojibway,10,0,0,0,35,10,0,10,50
  Danish,55,85,60,85,105,215,85,140,685
  Montagnais-Naskapi,0,0,0,0,0,0,0,0,0
  Micmac,0,0,0,0,0,0,0,0,0
  Gaelic languages,25,0,10,15,0,35,0,20,90
  Dogrib,0,0,0,0,0,0,0,0,0
  South Slave,0,0,0,0,0,0,0,0,0
  Chipewyan,0,0,0,0,0,0,0,0,0
  Kutchin-Gwich'in (Loucheux),0,0,0,0,0,0,0,0,0
  Tlingit,0,0,0,0,0,0,0,0,0
Total population by selected religions,17095,29620,44550,48090,91580,53520,61330,78420,345785
  Roman Catholic,3355,5115,8220,9930,11580,8495,8935,12290,55630
  No Religion,5560,8870,10885,13325,17790,15680,15010,20570,87120
  United Church,1145,3105,3745,3420,5230,8125,2710,3850,27475
  Anglican,640,2050,1895,2155,3380,5995,2150,2790,18260
  Christian not included elsewhere,1060,2165,2485,4055,3785,3200,2760,3825,19515
  Baptist,420,1055,980,1630,2030,1640,1290,1715,9050
  Lutheran,460,1590,810,1090,1550,2180,1360,1820,9035
  Muslin,580,190,715,1110,4740,305,2350,2935,10000
"  Protestant, n.i.e.",430,925,885,1015,1200,1395,1090,1520,6940
  Presbyterian,80,140,360,595,470,845,195,275,2680
  Pentecostal,370,690,490,1460,930,440,825,1200,5210
  Jewish,20,105,35,30,170,235,75,90,665
  Buddhist,325,205,1165,1900,830,890,1350,1670,6655
  Hindu,465,20,1095,535,4370,110,3035,3500,9615
  Sikh,910,1020,7500,2190,29245,210,15260,16170,56330
  Greek Orthodox,85,50,255,170,355,305,380,470,1605
  Mennonite,65,170,160,410,385,385,230,295,1805
  Orthodox not included elsewhere,65,60,75,225,70,120,145,210,760
  Jehovah's Witnesses,120,250,505,335,575,285,425,545,2490
  Ukrainian Catholic,25,65,55,85,165,195,95,115,675
  Church of Jesus Christ of Latter-day Saints,125,155,165,125,425,260,155,275,1405
  Salvation Army,40,40,10,30,75,50,25,65,270
  Christian Reformed Church,15,200,520,200,160,50,270,285,1420
  Evangelical Missionary Church,30,120,230,260,215,155,145,175,1150
  Christian and Missionary Alliance,20,215,180,135,155,470,115,135,1285
  Advantist - Seventh-day,90,120,250,160,235,55,50,140,950
  Non-denominational,20,30,25,105,70,125,15,35,400
  Ukrainian Orthodox,20,30,105,30,55,40,10,35,295
  Native Indian or Inuit,65,0,0,50,160,35,45,110,355
  Hutterite,0,0,0,0,0,0,0,0,0
"  Methodist, n.i.e",65,35,35,200,115,120,75,135,645
  Pagan,0,25,10,25,65,45,65,70,240
  Brethren in Christ,0,10,0,15,45,15,15,10,100
  Serbian Orthodox,10,20,0,40,0,40,0,0,100
Total population 1 year and over by mobility status 1 year ago,16795,29315,44010,47475,90050,53165,60405,77200,341210
 Non-movers,12705,26095,37955,39350,75140,45315,51005,63705,287560
 Movers,4095,3220,6055,8125,14915,7850,9400,13495,53650
  Non-migrants,2470,1710,3940,4550,9700,4360,6375,8845,33105
  Migrants,1625,1505,2120,3570,5215,3490,3025,4650,20550
    Internal migrants,1275,1325,1535,2305,3380,2945,2010,3280,14775
      Intraprovincial migrants,1145,1175,1215,1765,2935,2200,1575,2720,12010
      Interprovincial migrants,130,155,320,540,445,750,430,560,2765
    External migrants,355,180,575,1270,1830,550,1020,1370,5775
Total population 5 years and over by mobility status 5 years ago,16045,27705,41640,45005,83990,51365,56375,72415,322125
 Non-movers,6340,15665,21465,21305,40815,28300,30825,37170,164715
 Movers,9705,12040,20180,23700,43180,23060,25550,35250,157410
  Non-migrants,5015,6550,12415,12230,24640,11280,14870,19885,87005
  Migrants,4685,5490,7760,11470,18540,11780,10675,15365,70405
    Internal migrants,3455,4950,5350,7075,12030,9300,6930,10380,49090
      Intraprovincial migrants,2645,4120,4485,5615,9950,7120,5505,8150,39440
      Interprovincial migrants,805,830,865,1465,2080,2175,1425,2230,9650
    External migrants,1235,535,2410,4390,6510,2480,3750,4985,21310
Total population by citizenship,17095,29625,44550,48090,91580,53515,61325,78420,345785
  Canadian Citizenship,15120,28360,40380,42350,78285,50170,53120,68235,307775
  Citizenship other than Canadian,1975,1260,4170,5745,13300,3350,8210,10185,38005
Total population by immigrant status and place of birth,17095,29620,44550,48095,91580,53520,61330,78420,345785
 Non-immigrant population,11770,24525,29245,30005,54545,40720,37235,49000,228040
  Born in province of residence,7395,17330,22000,20835,41135,24270,28460,35855,161420
  Born outside province of residence,4375,7195,7240,9170,13415,16450,8770,13145,66620
 Total immigrants by selected places of birth,5025,4905,14950,17335,36155,12540,23820,28845,114730
  United Kingdom,455,1065,1345,1340,2205,3930,1180,1640,11515
"  China, People's Republic of",145,100,685,995,475,225,440,580,3060
  Italy,40,145,220,225,150,190,245,290,1215
  India,625,530,4310,1380,18520,165,9850,10475,35385
  United States,185,340,290,405,785,795,340,520,3140
"  Hong Kong, Special Administrative Region",60,25,470,560,490,120,150,210,1865
  Philippines,565,130,1175,1935,1730,155,1645,2210,7330
  Poland,190,110,235,910,210,210,500,690,2365
  Germany,120,285,190,515,660,825,430,550,3025
  Portugal,30,60,200,95,220,65,170,210,840
  Viet Nam,230,115,800,680,410,35,1090,1320,3370
  Jamaica,0,40,70,75,130,0,125,130,445
  Netherlands,55,295,240,255,310,505,275,335,1940
  Guyana,0,30,30,30,90,20,30,25,225
  Greece,15,15,95,40,60,50,95,110,360
"  Korea, South",385,110,915,1665,270,525,105,485,3975
  France,10,30,40,35,70,70,10,15,250
  Lebanon,0,0,115,70,90,15,20,20,315
  Taiwan,140,175,575,1720,380,1760,310,445,5065
  Yugoslavia,120,25,50,130,90,95,85,205,600
  Haiti,10,0,0,0,20,0,0,10,25
  Ukraine,25,25,35,50,60,55,135,160,385
  Croatia,25,70,120,50,165,85,75,95,580
  Mexico,10,35,65,110,100,50,70,80,435
  Egypt,0,0,0,100,10,30,60,60,195
"  South Africa, Republic of",50,70,60,120,180,260,55,105,800
"  Ireland, Republic of (EIRE)",50,50,40,65,35,150,70,120,465
  Morocco,0,0,0,10,10,15,0,0,40
  Austria,50,40,40,45,45,90,25,75,335
  Switzerland,10,25,15,15,30,80,45,55,215
  All other places of birth,1400,975,2535,3725,8155,1965,6215,7615,24965
  Non-permanent residents,305,190,365,755,875,255,275,575,3015
 Total recent immigrants by selected places of birth,1225,515,2775,4620,7815,1960,4970,6195,23875
"  China, People's Republic of",95,20,265,400,90,40,150,250,1065
  India,145,80,835,220,4895,0,2735,2880,8915
  Philippines,205,0,230,640,390,10,440,645,1920
  Pakistan,15,0,60,30,480,0,230,240,820
"  Hong Kong, Special Administrative Region",0,0,85,50,0,20,0,0,165
  Iran,0,0,0,30,0,70,10,0,110
  United States,15,65,55,80,200,60,65,85,540
"  Korea, South",135,20,470,915,50,250,15,150,1855
  Sri Lanka,50,0,10,35,10,0,55,100,145
  Russian Federation,20,0,10,20,15,15,0,25,80
  Romania,15,20,0,20,0,0,10,20,60
  United Kingdom,10,0,0,50,70,135,45,55,320
  Yugoslavia,105,0,0,70,30,30,0,100,235
  Ukraine,0,0,10,30,0,10,0,10,65
  France,0,0,0,0,20,0,0,0,20
  Bosnia and Herzegovina,20,0,0,25,25,0,0,15,70
  Jamaica,0,0,0,30,0,0,10,0,40
  Algeria,0,0,0,0,10,0,0,0,10
  Mexico,0,0,40,10,50,15,20,15,135
  Afghanistan,15,0,0,80,95,0,75,85,260
  Iraq,0,0,0,95,15,0,55,55,165
  Viet Nam,20,15,60,50,10,0,70,85,220
"  South Africa, Republic of",35,25,0,60,105,95,0,40,325
  Germany,0,0,0,0,15,10,0,0,25
  Lebanon,0,0,15,0,70,0,0,0,90
  Haiti,0,0,0,0,10,0,0,0,0
  Morocco,0,0,0,10,0,0,0,0,10
  Colombia,0,0,10,55,0,75,0,0,140
  Croatia,0,0,0,0,10,0,10,0,10
"  Congo, Democratic Republic of the",0,0,0,0,0,0,0,0,0
  All other places of birth,315,255,610,1610,1150,1120,990,1300,6045
Total immigrant population by period of immigration,5020,4905,14945,17335,36155,12540,23820,28845,114725
  Before 1961,435,1235,1235,1470,2035,3520,1455,1890,11380
  1961-1970,455,755,1385,1290,2485,2265,1835,2290,10470
  1971-1980,725,1010,3095,2675,6930,2080,4050,4780,20560
  1981-1990,1090,850,3790,3640,8070,1415,6435,7520,25280
  1991-1995,1095,550,2665,3640,8830,1315,5070,6170,23160
  1996-2001,1225,515,2775,4620,7815,1955,4970,6195,23880
Total immigrant population by age at immigration,5025,4905,14945,17330,36160,12540,23820,28845,114725
  0-4 years,435,570,1135,1535,2720,1145,1685,2110,9215
  5-19 years,1280,1415,4400,5340,9535,3445,6595,7875,32010
  20 years and over,3310,2920,9410,10455,23905,7950,15545,18855,73500
Total population 15 years and over by generation status,14190,22975,34635,37695,69670,44435,46805,60995,270415
  1st generation,4885,4870,14595,16450,35260,12135,23050,27940,111245
  2nd generation,3290,6460,8195,7625,14635,12860,9155,12445,62225
  3rd generation and over,6015,11645,11850,13620,19770,19440,14595,20610,96940
Total population by ethnic origin (single and multiple responses),17095,29620,44545,48095,91580,53515,61325,78420,345785
  Total population - Single responses,10320,14095,28895,29605,63085,27355,42405,52725,215760
  Total population - Multiple responses,6775,15525,15650,18490,28500,26165,18920,25695,130025
Canadian - Total responses,3560,8620,8350,9945,15495,14270,10415,13965,70645
  Canadian - Single responses,1700,3460,3545,3870,5990,5510,4735,6435,28815
  Canadian - Multiple responses,1855,5165,4800,6075,9505,8755,5675,7530,41830
English - Total responses,3755,10275,9420,10965,16125,21085,10100,13850,81730
  English - Single responses,865,2160,2160,2575,3735,6520,2230,3090,20235
  English - Multiple responses,2890,8120,7260,8395,12385,14570,7870,10760,61490
French - Total responses,1425,2500,2540,3185,4955,3970,3630,5050,22210
  French - Single responses,170,110,275,350,540,475,435,600,2350
  French - Multiple responses,1250,2395,2265,2835,4415,3495,3205,4450,19865
Scottish - Total responses,2785,6170,6485,7135,10480,12015,7290,10075,52370
  Scottish - Single responses,445,780,845,745,1465,1975,1130,1580,7380
  Scottish - Multiple responses,2340,5390,5640,6390,9020,10040,6160,8495,44985
Irish - Total responses,2280,4805,4555,4930,7890,9165,5270,7555,38900
  Irish - Single responses,250,420,505,510,725,970,595,845,3980
  Irish - Multiple responses,2030,4385,4045,4430,7160,8195,4675,6710,34920
German - Total responses,2140,5130,4310,5210,7260,7295,5365,7505,36705
  German - Single responses,530,1290,830,1195,1995,2095,1175,1710,9120
  German - Multiple responses,1610,3840,3475,4010,5265,5200,4190,5800,27590
Italian - Total responses,375,1130,1230,1390,1735,1705,1300,1675,8870
  Italian - Single responses,130,280,525,460,530,370,445,570,2735
  Italian - Multiple responses,250,850,705,935,1205,1335,855,1105,6135
Chinese - Total responses,640,610,3415,4955,2875,2335,2170,2805,17000
  Chinese - Single responses,490,430,2660,4125,1955,1875,1610,2105,13145
  Chinese - Multiple responses,145,180,750,830,925,465,560,705,3855
Ukrainian - Total responses,690,1945,2075,2640,3005,3260,2220,2910,15835
  Ukrainian - Single responses,210,320,590,660,775,850,675,890,4090
  Ukrainian - Multiple responses,480,1620,1485,1980,2225,2410,1540,2020,11750
North American Indian - Total responses,715,705,570,1310,1760,695,1655,2375,7405
  North American Indian - Single responses,190,85,65,325,345,70,515,705,1600
  North American Indian - Multiple responses,525,625,505,985,1410,620,1135,1670,5810
Dutch (Netherlands) - Total responses,610,2855,1835,1910,2500,2800,1960,2570,14475
  Dutch (Netherlands) - Single responses,150,1090,835,630,750,1045,695,850,5195
  Dutch (Netherlands) - Multiple responses,455,1765,1005,1275,1755,1755,1270,1725,9280
Polish - Total responses,495,840,1345,2265,1705,1845,1500,2000,10000
  Polish - Single responses,250,150,395,1100,330,310,560,815,3085
  Polish - Multiple responses,245,695,955,1165,1380,1535,940,1185,6910
East Indian - Total responses,1375,1225,8195,3190,32045,590,18345,19725,64970
  East Indian - Single responses,1145,1005,7475,2730,28830,410,16540,17690,58140
  East Indian - Multiple responses,230,220,720,460,3225,175,1805,2030,6830
Norwegian - Total responses,645,1040,925,1245,1535,1575,1420,2060,8385
  Norwegian - Single responses,90,115,180,230,315,275,180,270,1385
  Norwegian - Multiple responses,555,925,750,1020,1215,1295,1235,1795,6995
Welsh - Total responses,235,745,775,870,1365,1445,550,785,5985
  Welsh - Single responses,0,95,65,60,110,140,20,30,495
  Welsh - Multiple responses,235,645,715,815,1255,1305,525,760,5495
Russian - Total responses,320,935,575,830,1190,1020,660,980,5540
  Russian - Single responses,60,70,80,75,255,190,110,170,845
  Russian - Multiple responses,265,865,500,755,935,830,550,810,4690
Filipino - Total responses,770,280,1935,2660,2715,300,2280,3055,10950
  Filipino - Single responses,695,175,1515,2195,2070,160,1880,2575,8685
  Filipino - Multiple responses,75,110,425,465,650,145,405,480,2265
Métis - Total responses,405,295,310,335,575,380,750,1150,3045
  Métis - Single responses,170,20,30,30,90,60,170,340,575
  Métis - Multiple responses,235,275,280,305,480,320,580,815,2480
Swedish - Total responses,425,925,840,1000,1320,1380,805,1235,6700
  Swedish - Single responses,65,90,80,85,150,135,90,160,695
  Swedish - Multiple responses,360,830,755,915,1170,1250,715,1080,6000
American (USA) - Total responses,300,610,445,555,915,1170,405,705,4405
  American (USA) - Single responses,10,25,10,40,60,80,10,20,235
  American (USA) - Multiple responses,290,590,430,515,860,1090,395,685,4175
Greek - Total responses,80,165,280,210,370,340,290,370,1740
  Greek - Single responses,40,45,170,110,155,150,200,245,860
  Greek - Multiple responses,40,115,110,105,210,195,90,135,875
Danish - Total responses,195,505,430,615,705,960,450,645,3860
  Danish - Single responses,65,90,130,100,165,275,145,205,960
  Danish - Multiple responses,135,415,300,515,545,685,305,440,2900
"British, n.i.e. - Total responses",135,205,235,385,350,550,300,440,2155
"  British, n.i.e. - Single responses",40,95,120,155,125,215,80,120,820
"  British, n.i.e. - Multiple responses",100,110,110,230,225,330,225,325,1335
Lebanese - Total responses,15,0,175,210,90,205,50,65,755
  Lebanese - Single responses,0,0,125,45,30,25,40,40,260
  Lebanese - Multiple responses,15,0,45,170,60,185,15,30,495
Québécois - Total responses,0,0,0,0,35,0,0,0,35
  Québécois - Single responses,0,0,10,0,25,0,0,0,25
  Québécois - Multiple responses,0,0,0,0,10,0,0,0,10
Haitian - Total responses,10,0,0,0,50,0,0,0,60
  Haitian - Single responses,0,0,0,0,20,0,0,0,25
  Haitian - Multiple responses,0,0,0,0,35,0,0,0,35
Acadian - Total responses,0,10,15,25,15,10,15,15,75
  Acadian - Single responses,0,0,0,0,0,0,0,0,0
  Acadian - Multiple responses,0,0,15,25,10,10,15,15,75
Inuit - Total responses,25,15,20,15,15,30,45,65,160
  Inuit - Single responses,20,0,10,10,0,0,0,20,40
  Inuit - Multiple responses,10,15,15,10,15,30,35,45,125
Total population by visible minority groups,17095,29620,44550,48095,91580,53520,61325,78420,345780
 Total visible minority population,4955,2970,18220,17155,48150,5375,30185,35140,127020
  Chinese,650,520,3270,4765,2595,2690,1990,2640,16475
  South Asian,1700,1235,9390,3845,37870,630,21010,22710,75680
  Black,280,260,345,615,1475,205,615,900,3810
  Filipino,715,215,1815,2605,2450,245,2190,2905,10235
  Latin American,300,110,250,675,825,165,990,1295,3315
  Southeast Asian,490,260,1020,1330,1020,70,2025,2510,6205
  Arab,30,0,160,260,315,75,270,305,1115
  West Asian,140,20,85,230,440,95,180,315,1190
  Korean,480,170,1160,2185,330,705,165,640,5195
  Japanese,100,140,350,245,400,360,335,430,1925
"  Visible minority, n.i.e.",25,20,50,245,85,15,110,135,550
  Multiple visible minorities,50,30,330,150,350,115,305,350,1320
  All others,12135,26650,26330,30940,43425,48140,31145,43280,218765
Total population by aboriginal and non-aboriginal population,17090,29620,44550,48095,91580,53515,61330,78420,345780
 Total aboriginal identity population,845,600,495,1140,1555,710,1555,2395,6895
  North American Indian single response,365,335,200,740,875,330,765,1130,3610
  Métis single response,445,255,265,370,640,340,700,1145,3015
  Inuit single response,20,10,15,10,0,30,25,45,95
  Multiple aboriginal response,0,0,0,10,10,0,15,15,30
  Aboriginal responses not included elsewhere,10,0,20,20,30,15,50,60,140
 Total non-aboriginal population,16245,29020,44050,46950,90030,52810,59775,76020,338885
Total population by aboriginal and non-aboriginal population,17095,29620,44550,48090,91580,53520,61325,78420,345780
 Total aboriginal origins population,1085,990,870,1605,2265,1060,2395,3480,10270
  North American Indian single origin,190,80,65,325,345,75,515,710,1600
  North American Indian and non-aboriginal origins,475,595,480,935,1330,575,1080,1555,5475
  Métis single origin,170,15,30,30,90,55,175,340,570
  Métis and non-aboriginal origins,190,250,250,255,405,285,525,710,2145
  Inuit single origin,15,0,10,10,0,0,10,20,35
  Inuit and non-aboriginal origins,0,20,10,0,10,30,40,40,105
  Other aboriginal multiple origins,55,25,30,50,85,45,55,110,345
 Total non-aboriginal population,16005,28630,43680,46485,89315,52460,58935,74940,335510
Total population 15 to 24 years by school attendance,2175,4005,7010,6920,12550,6520,8470,10645,47650
  Not attending school,885,1715,2635,2530,4790,2020,3715,4600,18290
  Attending school full time,1060,1895,3700,3745,6265,4005,3775,4835,24450
  Attending school part time,230,390,680,645,1495,495,980,1210,4920
Total population of males with postsecondary qualifications by major field of study,2785,5050,7065,8620,14095,11460,8555,11340,57625
"  Educational, recreational and counselling services",125,280,320,370,700,860,365,485,3015
  Fine and applied arts,70,150,230,200,490,410,255,325,1805
  Humanities and related fields,130,285,345,435,755,555,415,540,2925
  Social sciences and related fields,180,345,495,555,1315,1070,530,710,4500
"  Commerce, management and business administration",430,735,1260,1535,2375,2190,1010,1440,9535
"  Agricultural, biological, nutritional, and food sciences",150,345,245,345,600,455,450,600,2590
  Engineering and applied sciences,180,210,495,735,1000,1085,460,635,4155
  Applied science technologies and trades,1245,2440,3025,3625,5600,3760,4280,5525,23980
  Health professions and related technologies,95,145,345,305,505,550,345,440,2290
"  Mathematics, computer and physical sciences",170,105,275,515,680,510,320,490,2575
  No specialization,15,10,20,0,80,20,120,135,270
Total population of females with postsecondary qualifications by major field of study,2835,4870,6870,8360,13570,11230,7725,10555,55465
"  Educational, recreational and counselling services",395,770,1070,1140,1945,2290,875,1275,8490
  Fine and applied arts,190,360,590,660,1030,960,520,705,4315
  Humanities and related fields,190,225,375,595,1120,780,605,795,3895
  Social sciences and related fields,270,460,630,630,1170,870,680,950,4715
"  Commerce, management and business administration",885,1565,2115,2530,3810,3070,2370,3255,16345
"  Agricultural, biological, nutritional, and food sciences",130,240,235,285,580,525,400,530,2390
  Engineering and applied sciences,55,30,70,125,85,70,40,95,475
  Applied science technologies and trades,175,240,280,445,635,300,475,650,2545
  Health professions and related technologies,505,915,1290,1745,2655,2125,1510,2020,10750
"  Mathematics, computer and physical sciences",25,60,210,185,410,215,185,215,1295
  No specialization,10,25,0,20,130,20,60,65,255
Total population 20 years and over by highest level of schooling,13280,20725,30950,33875,63540,40615,42685,55970,245675
  Less than grade 9,1125,1140,2350,1965,6880,1365,4940,6060,19765
  Grades 9 to 13,4930,6940,10215,10425,21190,11060,16165,21095,80915
    Without high school graduation certificate,3450,3945,5490,6050,12175,6195,10010,13460,47315
    With high school graduation certificate,1470,2995,4720,4370,9015,4870,6160,7630,33600
  Trades certificate or diploma,1875,3215,3730,4400,7645,4945,5455,7335,31270
  College,3060,5660,7610,8815,14165,10495,9195,12260,59005
    Without certificate or diploma,1005,1750,2650,2680,4830,3000,3235,4245,19155
    With certificate or diploma,2055,3915,4960,6135,9335,7500,5955,8015,39850
  University,2295,3770,7040,8280,13660,12745,6930,9225,54720
    Without degree,1000,1555,2890,3200,5070,4210,3100,4105,21030
      Without certificate or diploma,630,1025,1900,1950,3180,2630,2125,2760,13455
      With certificate or diploma,370,530,990,1250,1885,1575,975,1340,7575
    With bachelor's degree or higher,1295,2215,4145,5080,8595,8535,3825,5120,33685
Population - 15 years and over by labour force activity,14195,22980,34640,37695,69675,44435,46805,61000,270415
 In the labour force - 15 years and over ,8780,16425,24140,25165,48155,26490,31930,40710,181080
  Employed - 15 years and over,7855,15680,22590,23110,44130,25225,29145,37005,167745
  Unemployed - 15 years and over ,930,745,1550,2055,4020,1265,2780,3705,13335
 Not in the labour force - 15 years and over,5415,6555,10500,12530,21515,17950,14875,20290,89330
 Participation rate - 15 years and over,61.9,72,70,67,69,60,68,67,67
 Employment rate - 15 years and over ,55.3,68,65,61,63,57,62,61,62
 Unemployment rate - 15 years and over ,10.6,5,6,8,8,5,9,9,7
Population - 15-24 years,2175,4000,7010,6920,12555,6520,8470,10645,47650
  In the labour force - 15-24 years,1260,2770,4420,4000,7835,3980,5420,6680,29690
   Employed - 15-24 years,1055,2480,3855,3490,6880,3480,4695,5755,25930
   Unemployed - 15-24 years,205,300,565,515,955,505,725,930,3760
  Not in the labour force - 15-24 years,915,1230,2590,2920,4715,2540,3050,3965,17965
  Participation rate - 15-24 years,57.9,69,63,58,62,61,64,63,62
  Employment rate - 15-24 years,48.5,62,55,50,55,53,55,54,54
  Unemployment rate - 15-24 years,16.3,11,13,13,12,13,13,14,13
Population - 25 years and over,12015,18975,27625,30770,57120,37915,38335,50350,222760
  In the labour force - 25 years and over,7520,13650,19720,21165,40320,22505,26505,34025,151390
   Employed - 25 years and over,6795,13200,18735,19625,37255,21745,24455,31250,141815
   Unemployed - 25 years and over,725,450,985,1545,3065,760,2055,2775,9575
 Not in the labour force - 25 years and over,4500,5325,7905,9605,16800,15405,11825,16325,71365
  Participation rate - 25 years and over,62.6,72,71,69,71,59,69,68,68
  Employment rate - 25 years and over,56.6,70,68,64,65,57,64,62,64
  Unemployment rate - 25 years and over,9.6,3,5,7,8,3,8,8,6
Total - Males 15 years and over,7020,11270,17015,18350,33990,21210,23475,30495,132330
 In the labour force - Males 15 years and over,4855,8775,12805,13325,25970,13960,17660,22515,97340
  Employed - Males 15 years and over,4365,8405,12065,12365,23935,13285,16265,20630,90685
  Unemployed - Males 15 years and over,490,370,745,960,2030,675,1395,1885,6655
  Not in the labour force - Males 15 years and over,2165,2500,4210,5025,8025,7255,5815,7980,34990
  Participation rate - Males 15 years and over,69.2,78,75,73,76,66,75,74,74
  Employment rate - Males 15 years and over,62.2,75,71,67,70,63,69,68,69
  Unemployment rate - Males 15 years and over,10.1,4,6,7,8,5,8,8,7
Total - Males 15-24 years,1165,2110,3635,3635,6190,3540,4240,5405,24520
  In the labour force - Males 15-24 years,650,1500,2315,2050,3780,2200,2715,3370,15210
   Employed - Males 15-24 years,555,1370,2040,1810,3265,1905,2330,2880,13285
   Unemployed - Males 15-24 years,105,130,270,240,515,285,385,485,1925
  Not in the labour force - Males 15-24 years,515,610,1320,1590,2405,1345,1525,2035,9310
  Participation rate - Males 15-24 years,55.8,71,64,56,61,62,64,62,62
  Employment rate - Males 15-24 years,47.6,65,56,50,53,54,55,53,54
  Unemployment rate - Males 15-24 years,16.2,9,12,12,14,13,14,14,13
Total - Males 25 years and over,5850,9160,13380,14710,27805,17670,19230,25085,107810
  In the labour force - Males 25 years and over,4200,7270,10490,11275,22185,11755,14945,19150,82130
   Employed - Males 25 years and over,3810,7035,10015,10555,20675,11375,13935,17750,77400
   Unemployed - Males 25 years and over,390,240,475,720,1515,385,1010,1400,4735
  Not in the labour force - Males 25 years and over,1650,1890,2890,3435,5615,5910,4290,5940,25680
  Participation rate - Males 25 years and over,71.8,79,78,77,80,67,78,76,76
  Employment rate - Males 25 years and over,65.1,77,75,72,74,64,73,71,72
  Unemployment rate - Males 25 years and over,9.3,3,5,6,7,3,7,7,6
Total - Females 15 years and over,7180,11700,17620,19345,35680,23230,23330,30505,138085
 In the labour force - Females 15 years and over,3925,7650,11335,11840,22185,12535,14265,18190,83740
  Employed - Females 15 years and over,3490,7270,10530,10745,20195,11940,12885,16375,77060
  Unemployed - Females 15 years and over,435,375,805,1095,1990,590,1385,1820,6680
 Not in the labour force - Females 15 years and over,3255,4055,6285,7500,13490,10690,9060,12315,54345
 Participation rate - Females 15 years and over,54.7,65,64,61,62,54,61,60,61
 Employment rate - Females 15 years and over,48.6,62,60,56,57,51,55,54,56
 Unemployment rate - Females 15 years and over,11.1,5,7,9,9,5,10,10,8
Total - Females 15-24 years,1015,1890,3380,3285,6365,2980,4230,5240,23135
  In the labour force - Females 15-24 years,605,1270,2110,1950,4055,1785,2705,3315,14480
   Employed - Females 15-24 years,505,1105,1815,1680,3610,1570,2360,2870,12645
   Unemployed - Females 15-24 years,100,165,295,275,445,220,340,440,1830
  Not in the labour force - Females 15-24 years,405,620,1270,1335,2315,1200,1525,1925,8660
  Participation rate - Females 15-24 years,59.6,67,62,59,64,60,64,63,63
  Employment rate - Females 15-24 years,49.8,59,54,51,57,53,56,55,55
  Unemployment rate - Females 15-24 years,16.5,13,14,14,11,12,13,13,13
Total - Females 25 years and over,6165,9810,14245,16060,29315,20245,19100,25270,114945
  In the labour force - Females 25 years and over,3320,6375,9225,9890,18135,10750,11565,14880,69260
   Employed - Females 25 years and over,2980,6170,8715,9070,16585,10375,10520,13500,64410
   Unemployed - Females 25 years and over,335,210,510,825,1550,375,1045,1380,4845
  Not in the labour force - Females 25 years and over,2850,3435,5015,6170,11185,9495,7535,10385,45690
  Participation rate - Females 25 years and over,53.9,65,65,62,62,53,61,59,60
  Employment rate - Females 25 years and over,48.3,63,61,57,57,51,55,53,56
  Unemployment rate - Females 25 years and over,10.1,3,6,8,9,4,9,9,7
Total labour force 15 years and over  by class of worker,8780,16425,24140,25170,48155,26490,31930,40705,181080
   Class of worker - Not applicable,360,165,465,665,1205,335,745,1105,3940
    All classes of worker,8420,16255,23680,24500,46950,26155,31180,39605,177145
      Paid workers,7800,14745,21950,22505,43645,23230,29095,36890,162970
        Employees,7640,14205,21200,21455,41910,20935,28345,35985,155690
        Self-employed (incorporated),160,540,755,1055,1730,2295,750,910,7280
          Without paid help,85,185,320,430,685,730,255,335,2685
          With paid help,75,360,435,625,1045,1560,495,570,4595
      Self-employed (unincorporated),605,1460,1620,1915,3210,2870,2055,2660,13745
        Without paid help,455,1060,1100,1445,2200,2030,1455,1915,9750
        With paid help,150,405,520,465,1010,840,600,745,3995
      Unpaid family workers,20,50,105,80,95,50,30,50,430
  Males labour force 15 years and over  by class of worker,4855,8770,12805,13325,25965,13955,17660,22515,97340
   Class of worker - Not applicable,180,75,210,255,510,155,350,530,1735
    All classes of worker,4670,8700,12595,13070,25455,13800,17315,21980,95605
      Paid workers,4260,7835,11535,11845,23370,12175,15975,20230,86990
        Employees,4140,7435,11010,11065,22000,10510,15400,19535,81555
        Self-employed (incorporated),120,400,525,785,1375,1660,570,690,5430
          Without paid help,65,145,225,335,530,525,215,280,2035
          With paid help,60,255,300,450,840,1140,360,410,3400
      Self-employed (unincorporated),395,855,1030,1205,2065,1620,1320,1715,8495
        Without paid help,285,570,650,900,1330,1105,960,1245,5805
        With paid help,110,280,380,305,735,520,355,470,2685
      Unpaid family workers,15,15,30,15,15,10,20,40,125
  Females labour force 15 years and over  by class of worker,3930,7650,11335,11840,22185,12535,14270,18195,83740
   Class of worker - Not applicable,175,90,255,410,695,180,400,575,2205
    All classes of worker,3755,7555,11085,11435,21490,12350,13865,17620,81535
      Paid workers,3540,6910,10420,10660,20275,11055,13120,16665,75980
        Employees,3500,6770,10185,10390,19915,10425,12940,16445,74135
        Self-employed (incorporated),35,145,230,270,360,630,180,215,1845
          Without paid help,20,40,100,95,155,210,40,60,655
          With paid help,15,105,135,175,205,420,140,155,1195
      Self-employed (unincorporated),210,610,590,705,1145,1255,740,950,5250
        Without paid help,175,490,450,540,870,930,495,665,3950
        With paid help,40,120,145,165,270,325,245,280,1305
      Unpaid family workers,0,40,70,65,75,45,10,10,305
Total labour force 15 years and over by sex and occupation - 2001 National Occupational Classification for Statistics,8775,16420,24140,25165,48155,26485,31925,40710,181085
    Male labour force 15 years and over - Occupation,4855,8775,12805,13325,25970,13960,17660,22515,97345
      Occupation - Not applicable,185,75,210,255,510,150,350,530,1735
      All occupations,4670,8700,12595,13070,25455,13800,17310,21985,95605
        A Management occupations,390,1330,1805,1805,2575,3165,1170,1560,12240
          A0 Senior management occupations,20,195,190,160,230,735,105,125,1640
          A1 Specialist managers,130,460,420,575,495,645,320,455,3050
"          A2 Managers in retail trade, food and accommodation services",165,285,605,515,820,675,390,555,3460
"          A3 Other managers, n.e.c.",65,390,590,550,1030,1105,355,425,4090
"        B Business, finance and administration occupations",500,695,1185,1125,2290,1295,1530,2030,8620
          B0 Professional occupations in business and finance,105,100,335,225,505,480,190,290,1935
          B1 Finance and insurance administration occupations,15,60,40,50,145,100,30,45,445
          B2 Secretaries,10,0,0,20,25,0,0,15,70
          B3 Administrative and regulatory occupations,45,120,70,155,250,205,105,150,950
          B4 Clerical supervisors,25,15,50,40,110,25,45,65,305
          B5 Clerical occupations,300,400,680,630,1250,480,1160,1465,4910
        C Natural and applied sciences and related occupations,310,660,960,1330,1660,1505,975,1280,7400
          C0 Professional occupations in natural and applied sciences,145,250,405,605,710,705,415,555,3230
          C1 Technical occupations related to natural and applied sciences,160,410,555,725,950,800,560,725,4170
        D Health occupations,45,125,225,225,405,355,210,255,1595
          D0 Professional occupations in health,10,55,60,60,140,300,30,35,650
          D1 Nurse supervisors and registered nurses,0,0,35,25,35,0,50,50,155
          D2 Technical and related occupations in health,20,65,115,75,160,55,105,125,590
          D3 Assisting occupations in support of health services,10,10,15,65,70,0,30,40,200
"        E Occupations in social science, education, government service and religion",110,270,365,500,655,770,405,510,3080
"          E0 Judges, lawyers, psychologists, social workers, ministers of religion, and policy and program officers",25,80,130,135,210,275,70,95,925
          E1 Teachers and professors,60,170,170,245,305,435,205,265,1590
"          E2 Paralegals, social services workers and occupations in education and religion, n.e.c.",25,20,60,115,145,65,130,155,560
"        F Occupations in art, culture, recreation and sport",120,175,205,255,430,445,260,380,1880
          F0 Professional occupations in art and culture,30,40,50,65,140,155,80,110,565
"          F1 Technical occupations in art, culture, recreation and sport",90,135,155,185,295,285,175,265,1315
        G Sales and service occupations,1020,1770,2690,2805,5100,2585,3305,4330,19275
          G0 Sales and service supervisors,15,40,90,90,170,80,140,155,620
"          G1 Wholesale, technical, insurance, real estate sales specialists, and retail, wholesale and grain buyers",100,450,545,455,750,575,280,380,3150
          G2 Retail salespersons and sales clerks,165,335,425,545,715,350,500,660,3035
          G3 Cashiers,20,35,55,95,155,70,85,105,510
          G4 Chefs and cooks,80,55,175,185,245,170,255,335,1170
          G5 Occupations in food and beverage service,40,50,85,80,85,130,60,95,525
          G6 Occupations in protective services,110,235,315,345,905,330,545,660,2790
"          G7 Occupations in travel and accommodation, including attendants in recreation and sport",30,45,75,150,260,120,115,140,785
          G8 Child care and home support workers,10,30,30,60,70,25,65,75,285
"          G9 Sales and service occupations, n.e.c.",450,495,890,810,1760,735,1265,1715,6410
"        H Trades, transport and equipment operators and related occupations",1675,2635,3845,3500,8715,2700,6645,8325,29715
          H0 Contractors and supervisors in trades and transportation,50,200,145,135,390,185,240,290,1345
          H1 Construction trades,345,510,630,640,1350,545,1280,1625,5285
"          H2 Stationary engineers, power station operators and electrical trades and telecommunications occupations",80,205,220,295,405,230,325,400,1760
"          H3 Machinists, metal forming, shaping and erecting occupations",90,200,365,335,410,190,395,480,1985
          H4 Mechanics,210,415,520,520,1190,400,1030,1240,4285
"          H5 Other trades, n.e.c.",80,185,145,235,435,185,335,420,1595
"          H6 Heavy equipment and crane operators, including drillers",60,80,110,75,135,125,135,190,710
"          H7 Transportation equipment operators and related workers, excluding labourers",430,425,990,670,2850,440,1920,2355,7725
"          H8 Trades helpers, construction and transportation labourers and related occupations",335,430,730,595,1545,410,980,1320,5030
        I Occupations unique to primary industry,85,355,255,385,860,570,670,760,3190
"          I0 Occupations unique to agriculture, excluding labourers",25,215,85,165,440,300,290,310,1515
"          I1 Occupations unique to forestry operations, mining, oil and gas extraction and fishing, excluding labourers",40,30,50,40,55,70,60,95,345
          I2 Primary production labourers,30,115,120,180,365,200,325,350,1325
"        J Occupations unique to processing, manufacturing and utilities",415,690,1060,1145,2755,420,2140,2560,8620
          J0 Supervisors in manufacturing,55,85,75,95,200,70,165,220,740
          J1 Machine operators in manufacturing,140,290,435,540,1055,135,725,870,3315
          J2 Assemblers in manufacturing,110,90,235,250,530,105,495,600,1810
"          J3 Labourers in processing, manufacturing and utilities",115,225,320,265,970,115,755,870,2755
    Female labour force 15 years and over - Occupation,3925,7650,11335,11840,22190,12535,14270,18195,83740
      Occupation - Not applicable,175,95,250,410,695,180,400,575,2205
      All occupations,3755,7555,11085,11435,21490,12350,13870,17615,81535
        A Management occupations,220,690,805,915,1310,1230,685,900,5850
          A0 Senior management occupations,20,65,55,35,25,145,30,50,370
          A1 Specialist managers,10,120,165,165,415,365,135,145,1375
"          A2 Managers in retail trade, food and accommodation services",155,280,310,405,500,395,325,480,2370
"          A3 Other managers, n.e.c.",40,220,280,305,370,325,190,230,1735
"        B Business, finance and administration occupations",1290,2395,3775,3800,6115,3945,3685,4980,25010
          B0 Professional occupations in business and finance,100,225,380,260,395,450,220,320,2030
          B1 Finance and insurance administration occupations,50,250,310,260,535,335,335,380,2075
          B2 Secretaries,190,355,510,625,780,835,460,645,3755
          B3 Administrative and regulatory occupations,120,265,375,425,630,580,320,440,2720
          B4 Clerical supervisors,20,50,55,95,145,40,85,110,490
          B5 Clerical occupations,815,1255,2145,2130,3625,1705,2265,3080,13945
        C Natural and applied sciences and related occupations,35,80,235,275,290,225,255,290,1395
          C0 Professional occupations in natural and applied sciences,25,40,125,125,120,130,105,130,665
          C1 Technical occupations related to natural and applied sciences,15,40,115,150,170,95,145,160,730
        D Health occupations,330,500,940,1030,1955,1020,1185,1520,6970
          D0 Professional occupations in health,10,30,40,80,125,140,30,35,450
          D1 Nurse supervisors and registered nurses,115,170,390,425,560,400,240,350,2300
          D2 Technical and related occupations in health,65,170,210,205,455,285,305,370,1695
          D3 Assisting occupations in support of health services,145,130,300,320,820,190,615,760,2520
"        E Occupations in social science, education, government service and religion",240,780,850,925,1690,1630,935,1175,7050
"          E0 Judges, lawyers, psychologists, social workers, ministers of religion, and policy and program officers",55,85,150,185,275,220,135,185,1095
          E1 Teachers and professors,40,360,425,395,675,1005,315,355,3220
"          E2 Paralegals, social services workers and occupations in education and religion, n.e.c.",145,330,275,355,740,400,485,635,2735
"        F Occupations in art, culture, recreation and sport",55,215,255,290,400,600,235,295,2050
          F0 Professional occupations in art and culture,0,90,100,130,220,230,100,105,870
"          F1 Technical occupations in art, culture, recreation and sport",55,120,160,155,190,370,140,190,1175
        G Sales and service occupations,1275,2340,3300,3445,6830,3250,4970,6240,25405
          G0 Sales and service supervisors,30,45,100,55,145,110,150,185,645
"          G1 Wholesale, technical, insurance, real estate sales specialists, and retail, wholesale and grain buyers",40,175,155,235,280,290,130,170,1305
          G2 Retail salespersons and sales clerks,155,560,625,645,895,600,700,855,4180
          G3 Cashiers,110,300,465,330,750,310,540,650,2800
          G4 Chefs and cooks,95,50,180,125,250,70,295,385,1060
          G5 Occupations in food and beverage service,115,200,350,265,450,335,355,470,2065
          G6 Occupations in protective services,15,50,70,50,110,55,50,60,400
"          G7 Occupations in travel and accommodation, including attendants in recreation and sport",55,100,60,125,385,345,145,200,1215
          G8 Child care and home support workers,215,335,335,460,655,375,590,805,2975
"          G9 Sales and service occupations, n.e.c.",445,530,960,1160,2900,765,2020,2465,8765
"        H Trades, transport and equipment operators and related occupations",145,165,245,195,480,85,495,640,1800
          H0 Contractors and supervisors in trades and transportation,0,15,10,10,20,15,20,20,80
          H1 Construction trades,10,30,0,20,15,15,15,20,105
"          H2 Stationary engineers, power station operators and electrical trades and telecommunications occupations",0,0,0,25,25,0,20,25,85
"          H3 Machinists, metal forming, shaping and erecting occupations",0,0,0,0,15,10,15,20,45
          H4 Mechanics,10,0,10,0,15,10,15,20,55
"          H5 Other trades, n.e.c.",15,15,45,40,80,10,95,110,295
"          H6 Heavy equipment and crane operators, including drillers",0,0,0,0,0,0,10,10,15
"          H7 Transportation equipment operators and related workers, excluding labourers",75,40,80,25,145,30,130,205,520
"          H8 Trades helpers, construction and transportation labourers and related occupations",40,60,95,70,165,10,175,210,605
        I Occupations unique to primary industry,15,205,175,145,1030,250,420,435,2245
"          I0 Occupations unique to agriculture, excluding labourers",0,185,125,90,740,220,235,240,1600
"          I1 Occupations unique to forestry operations, mining, oil and gas extraction and fishing, excluding labourers",0,0,0,0,25,0,15,20,45
          I2 Primary production labourers,10,20,45,60,260,35,170,180,600
"        J Occupations unique to processing, manufacturing and utilities",145,195,500,415,1390,115,1005,1145,3760
          J0 Supervisors in manufacturing,0,20,10,15,55,0,20,20,120
          J1 Machine operators in manufacturing,35,55,210,185,590,45,455,485,1570
          J2 Assemblers in manufacturing,35,30,70,90,205,15,120,155,565
"          J3 Labourers in processing, manufacturing and utilities",80,85,215,120,545,55,410,490,1510
Total labour force 15 years and over by industry - 1997 North American Industry Classification System,8780,16420,24140,25165,48155,26490,31930,40710,181080
  Industry - Not applicable,360,170,465,665,1205,335,745,1105,3940
  All industries,8420,16255,23680,24505,46950,26155,31185,39605,177140
"    11 Agriculture, forestry, fishing and hunting",55,520,365,350,1680,670,870,925,4505
    21 Mining and oil and gas extraction,0,55,30,55,15,80,20,30,265
    22 Utilities,30,120,245,155,240,175,145,180,1120
    23 Construction,530,1245,1440,1505,2875,1850,2230,2760,11670
    31-33 Manufacturing,1145,2050,3100,3060,6735,1825,4940,6085,22860
    41 Wholesale trade,525,1160,1470,1375,2720,1720,1645,2170,10620
    44-45 Retail trade,920,2100,2910,3075,4715,2640,3465,4385,19825
    48-49 Transportation and warehousing,790,1050,1825,1435,4860,1745,3315,4100,15015
    51 Information and cultural industries,175,535,650,755,1105,815,780,955,4825
    52 Finance and insurance,290,615,1270,1145,1890,1265,900,1190,7375
    53 Real estate and rental and leasing,155,365,335,435,890,705,380,535,3265
"    54 Professional, scientific and technical services",445,795,1240,1500,2190,2135,1220,1665,9520
    55 Management of companies and enterprises,0,0,15,15,25,40,10,10,105
"    56 Administrative and support, waste management and remediation services",635,460,1115,1235,2685,910,1760,2400,8805
    61 Educational services,250,1025,1130,1455,2095,2365,1210,1460,9520
    62 Healthcare and social assistance,885,1365,2075,2325,4215,2460,2705,3585,16025
"    71 Arts, entertainment and recreation",185,325,385,375,725,815,440,625,3250
    72 Accommodation and food services,685,880,1710,1710,3135,1425,2340,3030,11890
    81 Other services (except public administration),430,755,1080,1500,2340,1190,1655,2090,8955
    91 Public administration,275,835,1290,1045,1820,1320,1160,1435,7740
Total employed labour force 15 years and over by place of work status,7855,15675,22590,23115,44130,25230,29150,37000,167745
    Males,4365,8400,12065,12365,23940,13285,16265,20630,90685
      Usual place of work,3290,6490,9380,9385,18050,9460,12080,15365,68135
        In CSD of residence,885,2140,3385,3075,6125,3465,3925,4810,23000
        In different CSD,2405,4345,5995,6310,11925,5995,8150,10555,45135
         In same CD,2330,4120,5845,6050,11610,5730,7970,10305,43660
      At home,130,505,505,760,1220,1615,685,815,5415
      Outside Canada,0,50,90,140,125,180,60,60,645
      No fixed workplace address,940,1360,2080,2085,4540,2030,3445,4390,16490
    Females,3490,7275,10530,10750,20195,11945,12885,16375,77060
      Usual place of work,3050,6145,9340,9165,17450,9235,11275,14325,65660
        In CSD of residence,1270,2845,4540,4195,7185,4510,4725,5990,29270
        In different CSD,1780,3295,4800,4970,10265,4725,6550,8335,36385
         In same CD,1730,3165,4630,4805,10100,4560,6450,8180,35445
      At home,135,715,570,815,1285,1960,720,850,6205
      Outside Canada,0,15,40,40,60,45,55,60,270
      No fixed workplace address,300,395,575,725,1400,695,835,1135,4925
Total employed labour force 15 years and over by mode of transportation,7580,14390,21375,21360,41440,21420,27640,35220,155210
    Males with a usual place of work or no fixed workplace address,4230,7850,11460,11465,22590,11495,15530,19755,84625
"      Car, truck, van, as driver",2995,6830,9970,9465,19315,9970,12330,15320,70880
"      Car, truck, van, as passenger",305,445,765,630,1325,580,1245,1550,5300
      Public transit,735,190,485,860,1110,410,1355,2090,5150
      Walked,140,230,95,295,455,335,235,380,1790
      Bicycle,15,95,70,85,165,95,190,205,725
      Motorcycle,0,20,30,35,45,20,45,50,190
      Taxicab,10,0,10,25,10,0,15,15,60
      Other method,40,40,40,70,160,80,115,150,535
    Females with usual place of work or no fixed workplace address,3350,6540,9915,9890,18845,9930,12110,15465,70585
"      Car, truck, van, as driver",1725,5540,7675,7025,14110,7915,8455,10175,52440
"      Car, truck, van, as passenger",325,530,1005,900,2185,715,1175,1500,6830
      Public transit,940,190,970,1420,1850,510,1925,2860,7810
      Walked,300,215,195,430,470,570,430,730,2605
      Bicycle,10,35,25,35,50,90,10,25,270
      Motorcycle,0,0,0,0,0,10,10,0,25
      Taxicab,10,0,20,10,0,0,15,25,55
      Other method,45,25,25,60,175,115,100,140,545
"Population 15 years and over who worked since January 1, 2000 by language used at work",9120,17525,25790,26725,51000,29050,33925,43045,193135
 Single responses,8445,16890,23620,24345,44765,27910,30145,38590,176125
  English,8340,16740,22975,23690,42305,27680,28765,37105,170500
  French,0,10,10,20,25,20,0,10,95
  Non-official languages,100,140,635,640,2435,210,1370,1475,5535
"    Chinese, n.o.s.",0,35,105,190,50,75,70,75,530
    Cantonese,0,10,55,90,50,15,55,60,275
    Punjabi,35,20,270,25,2200,0,1090,1125,3645
    German,0,0,0,0,0,0,0,0,10
    Mandarin,10,10,50,120,20,70,15,20,295
    Portuguese,0,0,15,0,0,0,0,0,20
    Spanish,0,0,15,15,10,0,0,0,35
    Vietnamese,0,25,45,15,25,0,100,100,200
    Korean,30,0,60,115,10,20,0,30,240
    Italian,0,0,0,0,0,0,0,0,0
    Other languages,20,30,20,60,85,20,40,60,285
 Multiple responses,675,635,2170,2380,6240,1140,3775,4450,17015
  English and French,25,100,190,180,230,285,150,175,1165
  English and non-official language,625,520,1935,2140,5920,790,3505,4130,15440
  French and non-official language,0,10,10,0,10,0,10,0,25
"  English, French and non-official language",25,10,35,55,85,55,115,145,390
Total population 15 years and over by hours spent doing unpaid housework,14195,22975,34640,37690,69670,44435,46805,60995,270410
  No hours of unpaid housework,1620,1845,3880,3915,7405,4255,5750,7365,28670
  Less than 5 hours of unpaid housework,4015,5645,9015,9605,16950,9665,11475,15500,66375
  5 to 14 hours of unpaid housework,4510,7420,10780,11755,21430,13150,13845,18360,82890
  15 to 29 hours of unpaid housework,2375,4520,6265,6985,13025,9460,8570,10945,51205
  30 to 59 hours of unpaid housework,1140,2400,3520,3815,7430,5955,4910,6050,29165
  60 hours or more of unpaid housework,530,1150,1180,1615,3430,1950,2250,2780,12105
 Males 15 years and over - Hours spent doing unpaid housework,7020,11275,17020,18350,33990,21210,23475,30490,132330
  No hours of unpaid housework,1060,1240,2365,2420,4535,2495,3635,4700,17760
  Less than 5 hours of unpaid housework,2560,3565,5725,6055,10615,6030,7185,9740,41725
  5 to 14 hours of unpaid housework,2155,3975,5680,6095,11435,7100,7835,9990,44270
  15 to 29 hours of unpaid housework,795,1675,2260,2630,5000,3675,3110,3900,19145
  30 to 59 hours of unpaid housework,340,640,825,905,1855,1560,1285,1620,7405
  60 hours or more of unpaid housework,110,180,160,255,550,345,425,535,2025
 Females 15 years and over - Hours spent doing unpaid housework,7175,11700,17620,19345,35680,23225,23330,30510,138080
  No hours of unpaid housework,560,610,1510,1495,2870,1755,2110,2670,10915
  Less than 5 hours of unpaid housework,1455,2080,3285,3555,6335,3635,4300,5755,24650
  5 to 14 hours of unpaid housework,2350,3445,5105,5665,10000,6050,6015,8365,38625
  15 to 29 hours of unpaid housework,1580,2845,4005,4355,8030,5780,5460,7040,32060
  30 to 59 hours of unpaid housework,805,1755,2700,2910,5575,4395,3625,4425,21760
  60 hours or more of unpaid housework,420,965,1020,1365,2875,1605,1825,2245,10080
"Total population 15 years and over by hours spent looking after children, without pay",14190,22975,34640,37695,69670,44435,46805,61000,270410
  No hours of unpaid child care,9625,13025,19115,22080,36930,28265,25600,35230,154640
  Less than 5 hours of unpaid child care,1070,2300,4020,3970,7555,4250,5070,6140,28240
  5 to 14 hours of unpaid child care,1035,2380,4185,4130,8375,4350,5440,6475,29895
  15 to 29 hours of unpaid child care,760,1725,2760,2945,6110,2885,3905,4665,21085
  30 to 59 hours of unpaid child care,675,1450,2145,1845,4960,2090,2780,3455,15950
  60 hours or more of unpaid child care,1020,2095,2410,2730,5735,2595,4015,5030,20605
" Males 15 years and over - Hours spent looking after children, without pay",7015,11275,17015,18350,33990,21210,23475,30490,132330
  No hours of unpaid child care,5075,6865,10130,11470,19705,14030,14040,19115,81315
  Less than 5 hours of unpaid child care,545,1230,2170,2140,4155,2320,2850,3395,15410
  5 to 14 hours of unpaid child care,540,1255,2220,2265,4445,2320,2800,3340,15840
  15 to 29 hours of unpaid child care,325,870,1165,1275,2820,1340,1855,2175,9655
  30 to 59 hours of unpaid child care,270,545,830,640,1680,685,1000,1275,5655
  60 hours or more of unpaid child care,260,510,500,560,1180,515,935,1195,4455
" Females 15 years and over - Hours spent looking after children, without pay",7180,11700,17620,19345,35680,23225,23330,30505,138085
  No hours of unpaid child care,4550,6160,8985,10605,17225,14235,11565,16110,73325
  Less than 5 hours of unpaid child care,530,1070,1850,1835,3400,1930,2215,2750,12830
  5 to 14 hours of unpaid child care,495,1130,1970,1865,3930,2025,2640,3135,14050
  15 to 29 hours of unpaid child care,435,850,1590,1670,3285,1545,2055,2490,11430
  30 to 59 hours of unpaid child care,405,905,1315,1200,3280,1405,1780,2185,10295
  60 hours or more of unpaid child care,765,1585,1915,2165,4560,2085,3080,3840,16155
Total population 15 years and over by hours spent providing unpaid care or assistance to seniors,14190,22975,34640,37690,69670,44435,46805,60995,270410
  No hours of unpaid care or assistance to seniors,12165,18990,28375,31215,55405,35495,37965,50130,219605
  Less than 5 hours of unpaid care or assistance to seniors,1205,2395,3840,3920,8100,5650,5090,6295,30205
  5 to 9 hours of unpaid care or assistance to seniors,405,825,1395,1480,3475,1930,1940,2345,11445
  10 hours or more of unpaid care or assistance to seniors,415,760,1025,1075,2700,1365,1810,2225,9155
    10 to 19 hours of unpaid care or assistance to seniors,220,465,535,440,1450,785,885,1105,4780
    20 hours or more or unpaid care or assistance to seniors,195,290,490,640,1245,585,925,1125,4375
 Males 15 years and over - Hours spent providing unpaid care or assistance to seniors,7015,11270,17015,18350,33990,21210,23480,30490,132325
  No hours of unpaid care or assistance to seniors,6240,9610,14425,15710,27765,17735,19630,25870,111115
  Less than 5 hours of unpaid care or assistance to seniors,460,1070,1745,1705,3935,2420,2390,2850,13730
  5 to 9 hours of unpaid care or assistance to seniors,165,310,540,555,1380,650,805,965,4395
  10 hours or more of unpaid care or assistance to seniors,155,280,310,380,910,405,650,805,3090
    10 to 19 hours of unpaid care or assistance to seniors,60,160,150,155,520,260,320,375,1625
    20 hours or more or unpaid care or assistance to seniors,100,120,155,225,385,150,330,425,1460
 Females 15 years and over - Hours spent providing unpaid care or assistance to seniors,7175,11705,17620,19340,35680,23230,23330,30505,138080
  No hours of unpaid care or assistance to seniors,5930,9380,13945,15505,27640,17765,18335,24260,108495
  Less than 5 hours of unpaid care or assistance to seniors,745,1325,2100,2220,4160,3230,2700,3445,16475
  5 to 9 hours of unpaid care or assistance to seniors,245,515,860,925,2095,1275,1135,1375,7050
  10 hours or more of unpaid care or assistance to seniors,260,480,715,695,1790,960,1165,1425,6065
    10 to 19 hours of unpaid care or assistance to seniors,160,305,385,285,925,525,565,725,3155
    20 hours or more or unpaid care or assistance to seniors,100,175,330,410,860,435,595,700,2910
"Total population 15 years and over with employment income, by sex and work activity ",8590,17135,25130,25720,48575,28550,32710,41305,186410
  Average employment income $ ,26186,34041,32296,30532,28545,40314,26066,26091,31088
  Standard error of average employment income $ ,466,439,407,355,246,973,239,213,192
"  Worked full year, full time ",4565,9745,13255,13365,24920,14070,16835,21400,96755
  Average employment income $ ,34501,44935,44047,41609,38835,58904,34708,34664,42543
  Standard error of average employment income $ ,609,594,538,516,363,1855,326,288,325
  Worked part year or part time ,3840,7010,11180,11710,22270,13470,15005,18845,84490
  Average employment income $ ,17005,20202,19610,19039,18193,22959,17280,17224,19208
  Standard error of average employment income $ ,580,476,535,385,265,507,285,256,157
 Males 15 years and over with employment income by work activity ,4710,9005,13290,13620,25865,14800,17860,22570,99150
  Average employment income $ ,29050,41545,38404,36395,33591,51951,30538,30228,37319
  Standard error of average employment income $ ,681,682,655,574,387,1807,354,314,334
"  Worked full year, full time ",2735,6090,7850,7940,15035,8610,10405,13135,58660
  Average employment income $ ,36017,50291,49696,46856,42592,70351,37976,37568,47868
  Standard error of average employment income $ ,839,824,765,778,529,2960,446,395,513
  Worked part year or part time ,1870,2770,5140,5440,10290,5820,7125,8995,38450
  Average employment income $ ,19790,23981,22637,22286,21558,27054,20438,20303,22518
  Standard error of average employment income $ ,986,900,1043,675,467,992,480,432,287
 Females 15 years and over with employment income by work activity,3880,8135,11835,12100,22710,13750,14855,18735,87255
  Average employment income $ ,22707,25729,25438,23931,22798,27785,20689,21107,24009
  Standard error of average employment income $ ,595,465,421,354,267,416,282,255,142
"  Worked full year, full time ",1830,3665,5405,5420,9885,5455,6430,8260,38095
  Average employment income $ ,32239,36038,35853,33921,33119,40849,29422,30046,34343
  Standard error of average employment income $ ,843,693,645,497,416,646,416,374,215
  Worked part year or part time ,1970,4245,6040,6275,11985,7645,7880,9850,46035
  Average employment income $ ,14360,17734,17034,16224,15304,19842,14427,14414,16444
  Standard error of average employment income $ ,603,504,456,408,277,463,312,277,155
Composition of total income in 2000 - %,100,100,100,100,100,100,100,100,100
 Employment income - %,73.4,83,85,81,81,71,81,80,79
 Government transfer payments - %,18.3,9,9,11,11,10,13,14,11
 Other - %,8.3,8,6,8,8,19,6,6,10
Total income in 2000 of population 15 years and over,14195,22975,34640,37695,69670,44435,46805,61000,270410
  Total income in 2000 of males 15 years and over,7015,11270,17020,18350,33990,21210,23475,30495,132330
    Without income,380,360,875,1115,1975,795,1200,1575,6695
    With income,6640,10915,16145,17235,32015,20415,22275,28915,125635
"      Under $1,000",375,365,745,875,1490,635,965,1340,5455
"      $ 1,000 - $ 2,999",180,325,640,655,1230,640,1005,1185,4675
"      $ 3,000 - $ 4,999",205,330,445,550,905,450,540,750,3425
"      $ 5,000 - $ 6,999",340,275,590,665,1135,470,900,1235,4370
"      $ 7,000 - $ 9,999",420,395,765,930,1630,700,1165,1590,6010
"      $10,000 - $11,999",290,215,640,620,1330,555,930,1225,4590
"      $12,000 - $14,999",425,400,670,820,1830,865,1410,1830,6415
"      $15,000 - $19,999",665,730,1305,1225,2745,1430,2045,2700,10140
"      $20,000 - $24,999",700,705,1135,1315,2680,1260,1985,2690,9780
"      $25,000 - $29,999",625,635,1080,1090,2210,1125,1870,2495,8635
"      $30,000 - $34,999",515,760,985,1140,2590,1370,1710,2225,9070
"      $35,000 - $39,999",510,675,980,1015,1835,1255,1405,1915,7680
"      $40,000 - $44,999",335,795,1095,1280,2435,1435,1415,1750,8795
"      $45,000 - $49,999",310,795,835,1015,1700,885,1135,1445,6670
"      $50,000 - $59,999",375,1375,1465,1435,2385,1880,1900,2275,10815
"      $60,000 and over",375,2120,2770,2595,3885,5460,1900,2275,19110
    Average income $ ,26145,39655,36044,34029,31975,50857,28720,28129,35630
    Median income $ ,22630,36310,30004,29018,26441,37334,25230,24742,29379
    Standard error of average income $ ,564,674,585,501,414,1421,313,274,294
  Total income in 2000 of females 15 years and over,7175,11700,17625,19345,35675,23230,23330,30505,138085
    Without income,500,710,1400,1515,3300,1335,2100,2595,10855
    With income,6680,10995,16220,17825,32380,21895,21235,27910,127230
"      Under $1,000",405,425,795,1115,1780,1005,1280,1680,6800
"      $ 1,000 - $ 2,999",255,675,1095,1150,1835,835,1315,1565,7160
"      $ 3,000 - $ 4,999",295,450,660,755,1525,700,1165,1460,5555
"      $ 5,000 - $ 6,999",325,490,890,1040,1960,925,1295,1620,6925
"      $ 7,000 - $ 9,999",665,680,1320,1405,2975,1665,1995,2665,10705
"      $10,000 - $11,999",380,585,870,990,1810,1170,1155,1530,6955
"      $12,000 - $14,999",810,925,1250,1640,3020,1640,2205,3015,11490
"      $15,000 - $19,999",860,1275,1545,1970,3500,2345,2470,3325,13960
"      $20,000 - $24,999",565,910,1480,1440,2955,1925,1915,2485,11185
"      $25,000 - $29,999",600,940,1225,1185,2370,1675,1535,2135,9520
"      $30,000 - $34,999",515,895,1325,1340,2440,1620,1550,2070,9675
"      $35,000 - $39,999",340,740,955,1035,1780,1390,895,1235,7130
"      $40,000 - $44,999",245,600,820,895,1415,1170,880,1120,6025
"      $45,000 - $49,999",140,425,495,640,850,860,655,790,4055
"      $50,000 - $59,999",135,445,735,655,1065,1240,565,700,4855
"      $60,000 and over",150,535,770,565,1105,1745,375,525,5245
    Average income $ ,19926,24317,23217,21420,21240,26940,19218,19387,22357
    Median income $ ,16033,19890,18584,16782,16513,21426,15324,15453,17596
    Standard error of average income $,433,428,344,279,234,360,230,203,120
Population 15 years and over in private households by presence of children and labour force activity,14145,22975,34635,37690,69610,44360,46760,60910,270170
 In the labour force - 15 years and over in private households,8745,16420,24135,25165,48110,26445,31900,40645,180920
  Employed - 15 years and over in private households,7830,15680,22590,23110,44095,25185,29125,36955,167605
  Unemployed - 15 years and over in private households,920,745,1550,2055,4015,1260,2775,3690,13315
 Not in the labour force - 15 years and over in private households,5395,6555,10500,12530,21500,17915,14860,20260,89250
 Participation rate - 15 years and over in private households,61.8,72,70,67,69,60,68,67,67
 Employment rate - 15 years and over in private households,55.4,68,65,61,63,57,62,61,62
 Unemployment rate - 15 years and over in private households,10.5,5,6,8,8,5,9,9,7
Population - 15 years and over in private households with no children at home,9790,12845,18565,21570,37975,28350,25400,35190,154495
 In the labour force - 15 years and over in private households with no children at home,5550,8090,11340,13115,23210,13930,15740,21290,90975
  Employed - 15 years and over in private households with no children at home,4960,7620,10295,12020,20990,12995,14255,19215,83140
  Unemployed - 15 years and over in private households with no children at home,590,470,1045,1100,2220,930,1485,2075,7840
 Not in the labour force - 15 years and over in private households with no children at home,4235,4755,7225,8455,14765,14415,9665,13900,63515
 Participation rate - 15 years and over in private households with no children at home,56.7,63,61,61,61,49,62,61,59
 Employment rate - 15 years and over in private households with no children at home,50.7,59,56,56,55,46,56,55,54
 Unemployment rate - 15 years and over in private households with no children at home,10.6,6,9,8,10,7,9,10,9
Population - 15 years and over in private households with children,4355,10130,16070,16115,31630,16010,21360,25715,115680
 In the labour force - 15 years and over in private households with children,3195,8330,12800,12045,24900,12515,16160,19355,89945
  Employed - 15 years and over in private households with children,2865,8060,12295,11090,23100,12185,14875,17740,84470
  Unemployed - 15 years and over in private households with children,330,275,505,955,1795,330,1290,1620,5475
 Not in the labour force - 15 years and over in private households with children,1165,1795,3275,4070,6735,3500,5200,6360,25735
 Participation rate - 15 years and over in private households with children,73.4,82,80,75,79,78,76,75,78
 Employment rate - 15 years and over in private households with children,65.8,80,77,69,73,76,70,69,73
 Unemployment rate - 15 years and over in private households with children,10.3,3,4,8,7,3,8,8,6
Population - 15 years and over in private households with children under 6 years only,1105,1825,2630,2990,7065,1995,4680,5785,22290
 In the labour force - 15 years and over in private households with children under 6 years only,880,1550,2145,2295,5860,1590,3525,4405,17840
  Employed - 15 years and over in private households with children under 6 years only,775,1495,1990,2090,5445,1535,3220,4000,16555
  Unemployed - 15 years and over in private households with children under 6 years only,105,55,150,205,415,55,305,410,1285
 Not in the labour force - 15 years and over in private households with children under 6 years only,225,280,485,690,1205,405,1155,1380,4450
 Participation rate - 15 years and over in private households with children under 6 years only,79.6,85,82,77,83,80,75,76,80
 Employment rate - 15 years and over in private households with children under 6 years only,70.1,82,76,70,77,77,69,69,74
 Unemployment rate - 15 years and over in private households with children under 6 years only,11.9,4,7,9,7,4,9,9,7
Population - 15 years and over in private households with children under 6 years as well as children 6 years and over,705,1340,2380,2275,5340,1800,3395,4100,17235
 In the labour force - 15 years and over in private households with children under 6 years as well as children 6 years and over,495,1070,1955,1695,4220,1450,2720,3215,13620
  Employed - 15 years and over in private households with children under 6 years as well as children 6 years and over,450,1045,1875,1575,3905,1430,2470,2920,12750
  Unemployed - 15 years and over in private households with children under 6 years as well as children 6 years and over,50,30,80,125,320,25,245,300,870
 Not in the labour force - 15 years and over in private households with children under 6 years as well as children 6 years and over,210,265,420,575,1120,345,680,885,3615
 Participation rate - 15 years and over in private households with children under 6 years as well as children 6 years and over,70.2,80,82,75,79,81,80,78,79
 Employment rate - 15 years and over in private households with children under 6 years as well as children 6 years and over,63.8,78,79,69,73,79,73,71,74
 Unemployment rate - 15 years and over in private households with children under 6 years as well as children 6 years and over,10.1,3,4,7,8,2,9,9,6
Population - 15 years and over in private households with children 6 years and over only,2550,6960,11065,10855,19220,12215,13285,15835,76155
 In the labour force - 15 years and over in private households with children 6 years and over only,1820,5705,8700,8050,14820,9470,9920,11740,58485
  Employed - 15 years and over in private households with children 6 years and over only,1645,5515,8425,7425,13755,9225,9180,10825,55165
  Unemployed - 15 years and over in private households with children 6 years and over only,180,195,275,625,1065,250,740,915,3320
 Not in the labour force - 15 years and over in private households with children 6 years and over only,730,1255,2365,2800,4405,2745,3365,4095,17670
 Participation rate - 15 years and over in private households with children 6 years and over only,71.4,82,79,74,77,78,75,74,77
 Employment rate - 15 years and over in private households with children 6 years and over only,64.5,79,76,68,72,76,69,68,72
 Unemployment rate - 15 years and over in private households with children 6 years and over only,9.9,3,3,8,7,3,8,8,6
Total - Males 15 years and over in private households,6980,11270,17015,18345,33940,21155,23445,30430,132160
 In the labour force - Males 15 years and over in private households,4830,8775,12800,13325,25930,13920,17645,22470,97220
  Employed - Males 15 years and over in private households,4345,8405,12060,12360,23905,13250,16250,20595,90580
  Unemployed - Males 15 years and over in private households,485,370,740,960,2025,670,1390,1875,6640
 Not in the labour force - Males 15 years and over in private households,2150,2495,4210,5025,8010,7240,5805,7960,34940
 Participation rate - Males 15 years and over in private households,69.2,78,75,73,76,66,75,74,74
 Employment rate - Males 15 years and over in private households,62.2,75,71,67,70,63,69,68,69
 Unemployment rate - Males 15 years and over in private households,10,4,6,7,8,5,8,8,7
Total - Males 15 years and over in private households with no children at home,5155,6500,9455,11035,19400,13730,13610,18765,78885
  In the labour force - Males 15 years and over in private households with no children at home,3195,4410,6160,7135,13015,7410,9200,12395,50525
   Employed - Males 15 years and over in private households with no children at home,2825,4140,5600,6545,11695,6895,8280,11110,45985
   Unemployed - Males 15 years and over in private households with no children at home,370,270,560,590,1320,515,920,1295,4545
  Not in the labour force - Males 15 years and over in private households with no children at home,1955,2090,3290,3900,6390,6320,4410,6365,28360
  Participation rate - Males 15 years and over in private households with no children at home,62,68,65,65,67,54,68,66,64
  Employment rate - Males 15 years and over in private households with no children at home,54.8,64,59,59,60,50,61,59,58
  Unemployment rate - Males 15 years and over in private households with no children at home,11.6,6,9,8,10,7,10,10,9
Total - Males 15 years and over in private households with children,1825,4775,7560,7315,14545,7425,9840,11665,53280
 In the labour force - Males 15 years and over in private households with children,1635,4365,6645,6190,12915,6505,8440,10075,46695
  Employed - Males 15 years and over in private households with children,1520,4260,6460,5820,12210,6355,7970,9490,44595
  Unemployed - Males 15 years and over in private households with children,115,100,180,370,710,150,470,580,2100
 Not in the labour force - Males 15 years and over in private households with children,195,405,920,1120,1625,915,1400,1590,6585
 Participation rate - Males 15 years and over in private households with children,89.6,91,88,85,89,88,86,86,88
 Employment rate - Males 15 years and over in private households with children,83.3,89,85,80,84,86,81,81,84
 Unemployment rate - Males 15 years and over in private households with children,7,2,3,6,6,2,6,6,5
Total - Males 15 years and over in private households with children under 6 years only,485,900,1250,1375,3335,945,2180,2665,10465
 In the labour force - Males 15 years and over in private households with children under 6 years only,450,865,1195,1240,3205,895,1970,2425,9825
  Employed - Males 15 years and over in private households with children under 6 years only,430,855,1150,1180,3030,885,1855,2280,9375
  Unemployed - Males 15 years and over in private households with children under 6 years only,25,10,50,60,175,10,120,140,445
 Not in the labour force - Males 15 years and over in private households with children under 6 years only,30,40,50,135,130,45,215,240,645
 Participation rate - Males 15 years and over in private households with children under 6 years only,92.8,96,96,90,96,95,90,91,94
 Employment rate - Males 15 years and over in private households with children under 6 years only,88.7,95,92,86,91,94,85,86,90
 Unemployment rate - Males 15 years and over in private households with children under 6 years only,5.6,1,4,5,6,1,6,6,5
Total - Males 15 years and over in private households with children under 6 years as well as children 6 years and over,320,650,1145,1060,2520,860,1595,1915,8150
 In the labour force - Males 15 years and over in private households with children under 6 years as well as children 6 years and over,265,615,1085,960,2370,810,1485,1750,7585
  Employed - Males 15 years and over in private households with children under 6 years as well as children 6 years and over,250,595,1050,905,2260,795,1395,1645,7255
  Unemployed - Males 15 years and over in private households with children under 6 years as well as children 6 years and over,15,20,35,50,110,10,90,105,330
 Not in the labour force - Males 15 years and over in private households with children under 6 years as well as children 6 years and over,55,35,60,105,150,55,110,165,570
 Participation rate - Males 15 years and over in private households with children under 6 years as well as children 6 years and over,82.8,95,95,91,94,94,93,91,93
 Employment rate - Males 15 years and over in private households with children under 6 years as well as children 6 years and over,78.1,92,92,85,90,92,88,86,89
 Unemployment rate - Males 15 years and over in private households with children under 6 years as well as children 6 years and over,5.7,3,3,5,5,1,6,6,4
Total - Males 15 years and over in private households with children 6 years and over only,1025,3225,5170,4870,8690,5625,6060,7085,34660
 In the labour force - Males 15 years and over in private households with children 6 years and over only,915,2890,4365,3990,7345,4805,4985,5900,29290
  Employed - Males 15 years and over in private households with children 6 years and over only,840,2815,4265,3735,6925,4665,4725,5565,27970
  Unemployed - Males 15 years and over in private households with children 6 years and over only,75,75,95,255,430,140,260,335,1325
 Not in the labour force - Males 15 years and over in private households with children 6 years and over only,105,335,810,885,1340,820,1075,1185,5370
 Participation rate - Males 15 years and over in private households with children 6 years and over only,89.3,90,84,82,85,85,82,83,85
 Employment rate - Males 15 years and over in private households with children 6 years and over only,82,87,83,77,80,83,78,79,81
 Unemployment rate - Males 15 years and over in private households with children 6 years and over only,8.2,3,2,6,6,3,5,6,5
Total - Female 15 years and over in private households,7165,11705,17625,19345,35665,23200,23315,30480,138010
 In the labour force - Female 15 years and over in private households,3915,7645,11335,11840,22180,12525,14255,18175,83700
  Employed - Female 15 years and over in private households,3480,7270,10530,10745,20185,11935,12875,16355,77025
  Unemployed - Female 15 years and over in private households,430,375,805,1095,1990,585,1385,1820,6675
 Not in the labour force - Female 15 years and over in private households,3250,4055,6290,7505,13485,10675,9060,12305,54310
 Participation rate - Female 15 years and over in private households,54.6,65,64,61,62,54,61,60,61
 Employment rate - Female 15 years and over in private households,48.6,62,60,56,57,51,55,54,56
 Unemployment rate - Female 15 years and over in private households,11,5,7,9,9,5,10,10,8
Total - Females 15 years and over in private households with no children at home,4635,6350,9110,10535,18575,14615,11790,16425,75610
  In the labour force - Females 15 years and over in private households with no children at home,2355,3685,5175,5980,10200,6520,6535,8890,40450
   Employed - Females 15 years and over in private households with no children at home,2140,3480,4695,5470,9290,6105,5970,8110,37160
   Unemployed - Females 15 years and over in private households with no children at home,220,205,480,510,905,410,560,780,3290
  Not in the labour force - Females 15 years and over in private households with no children at home,2275,2665,3930,4555,8380,8100,5255,7535,35155
  Participation rate - Females 15 years and over in private households with no children at home,50.8,58,57,57,55,45,55,54,54
  Employment rate - Females 15 years and over in private households with no children at home,46.2,55,52,52,50,42,51,49,49
  Unemployment rate - Females 15 years and over in private households with no children at home,9.3,6,9,9,9,6,9,9,8
Total - Females 15 years and over in private households with children,2530,5355,8510,8805,17095,8585,11525,14055,62400
 In the labour force - Females 15 years and over in private households with children,1560,3965,6155,5855,11980,6005,7725,9285,43250
  Employed - Females 15 years and over in private households with children,1345,3795,5835,5270,10890,5835,6900,8250,39870
  Unemployed - Females 15 years and over in private households with children,215,170,320,590,1090,175,825,1035,3380
 Not in the labour force - Females 15 years and over in private households with children,970,1390,2360,2950,5110,2580,3800,4770,19150
 Participation rate - Females 15 years and over in private households with children,61.7,74,72,67,70,70,67,66,69
 Employment rate - Females 15 years and over in private households with children,53.2,71,69,60,64,68,60,59,64
 Unemployment rate - Females 15 years and over in private households with children,13.8,4,5,10,9,3,11,11,8
Total - Females 15 years and over in private households with children under 6 years only,620,930,1375,1615,3730,1050,2500,3120,11825
 In the labour force - Females 15 years and over in private households with children under 6 years only,425,685,945,1055,2655,695,1555,1980,8020
  Employed - Females 15 years and over in private households with children under 6 years only,345,640,845,915,2415,645,1365,1715,7180
  Unemployed - Females 15 years and over in private households with children under 6 years only,80,45,95,140,240,50,190,265,845
 Not in the labour force - Females 15 years and over in private households with children under 6 years only,195,240,430,555,1075,360,945,1135,3805
 Participation rate - Females 15 years and over in private households with children under 6 years only,68.5,74,69,65,71,66,62,64,68
 Employment rate - Females 15 years and over in private households with children under 6 years only,55.6,69,62,57,65,61,55,55,61
 Unemployment rate - Females 15 years and over in private households with children under 6 years only,18.8,7,10,13,9,7,12,13,11
Total - Females 15 years and over in private households with children under 6 years as well as children 6 years and over,385,685,1240,1205,2825,940,1805,2185,9085
 In the labour force - Females 15 years and over in private households with children under 6 years as well as children 6 years and over,235,460,875,740,1855,645,1230,1465,6035
  Employed - Females 15 years and over in private households with children under 6 years as well as children 6 years and over,195,450,825,675,1645,635,1080,1270,5495
  Unemployed - Females 15 years and over in private households with children under 6 years as well as children 6 years and over,40,10,45,70,210,20,150,190,540
 Not in the labour force - Females 15 years and over in private households with children under 6 years as well as children 6 years and over,150,230,365,470,970,295,570,720,3045
 Participation rate - Females 15 years and over in private households with children under 6 years as well as children 6 years and over,61,67,71,61,66,69,68,67,66
 Employment rate - Females 15 years and over in private households with children under 6 years as well as children 6 years and over,50.6,66,67,56,58,68,60,58,61
 Unemployment rate - Females 15 years and over in private households with children under 6 years as well as children 6 years and over,17,2,5,10,11,3,12,13,9
Total - Females 15 years and over in private households with children 6 years and over only,1530,3740,5895,5980,10530,6595,7225,8750,41495
 In the labour force - Females 15 years and over in private households with children 6 years and over only,905,2820,4340,4060,7470,4665,4935,5840,29195
  Employed - Females 15 years and over in private households with children 6 years and over only,805,2705,4160,3685,6830,4555,4455,5260,27195
  Unemployed - Females 15 years and over in private households with children 6 years and over only,100,115,175,375,640,115,480,580,1995
 Not in the labour force - Females 15 years and over in private households with children 6 years and over only,625,920,1560,1920,3060,1925,2285,2915,12305
 Participation rate - Females 15 years and over in private households with children 6 years and over only,59.2,75,74,68,71,71,68,67,70
 Employment rate - Females 15 years and over in private households with children 6 years and over only,52.6,72,71,62,65,69,62,60,66
 Unemployment rate - Females 15 years and over in private households with children 6 years and over only,11,4,4,9,9,3,10,10,7
Total number of persons in private households,17045,29620,44550,48090,91520,53440,61280,78325,345540
 Number of non-family persons,4710,3045,4035,6430,9545,6365,7185,11895,41310
  Living with relatives,610,645,1210,1340,2850,610,1860,2470,9125
  Living with non-relatives only,1080,790,1140,1815,2200,1235,2265,3340,10525
  Living alone,3020,1615,1690,3275,4490,4520,3065,6085,21665
 Number of family persons,12335,26575,40510,41660,81975,47075,54100,66430,304225
Total number of persons 65 years and over,2190,2795,3655,4295,7845,10560,4955,7140,36290
  Number of non-family persons 65 years and over,1150,830,1265,1670,2565,3030,1610,2755,12115
    Living with relatives,95,205,555,555,1035,305,725,820,3470
    Living with non-relatives only,60,35,95,85,120,85,125,185,595
    Living alone,990,595,620,1035,1415,2645,760,1750,8050
  Number of family persons 65 years and over,1040,1960,2385,2620,5280,7530,3345,4385,24170
Total number of children at home,4585,10680,17155,17285,34325,16495,23160,27745,123680
  Under 6 years of age,1290,2325,3625,3715,9210,2680,5990,7275,28835
  6 - 14 years,1600,4225,6250,6540,12540,6345,8315,9915,45805
  15 - 17 years,540,1340,2185,2135,3510,2465,2445,2990,14615
  18 - 24 years,720,2045,3745,3375,6350,3425,4250,4970,23910
  25 years and more,435,750,1350,1520,2715,1575,2160,2595,10515
 Average number of children at home per census family ,1,1,1,1,1,1,1,1,1
Total number of census families in private households by family size,4415,8505,12530,13375,25795,16235,17025,21435,97875
"  Size of census family, 2 persons",2430,3535,4630,5490,10305,8510,6600,9025,41490
"  Size of census family, 3 persons",915,1840,2610,2930,5525,2810,3990,4905,20630
"  Size of census family, 4 persons",745,2110,3585,3350,6265,3355,4000,4750,23420
"  Size of census family, 5 or more persons",325,1025,1705,1600,3695,1555,2430,2755,12335
  Average number of persons per census family,2.8,3,3,3,3,3,3,3,3
Total couple families by family structure,3340,7385,10825,11005,21855,14345,13910,17250,82665
  Married couples,2730,6600,10005,9925,20180,13275,12520,15250,75230
    Without children at home,1295,2425,3160,3415,6935,6500,4130,5425,27870
    With children at home,1430,4170,6845,6505,13245,6770,8390,9825,47365
      1 child,525,1355,2005,2055,4205,2150,2695,3225,14995
      2 children,610,1845,3215,3020,5625,3140,3520,4125,20980
      3 or more children,290,970,1620,1430,3410,1480,2180,2470,11395
  Common-law couples,610,780,825,1080,1670,1075,1390,2005,7435
    Without children at home,400,450,480,715,1075,785,660,1060,4560
    With children at home,210,330,345,370,600,295,730,945,2875
      1 child,155,150,115,185,260,145,355,510,1375
      2 children,35,140,175,110,215,85,215,255,980
      3 or more children,20,35,50,70,125,60,160,180,515
Total lone-parent families by sex of parent,1075,1125,1700,2365,3945,1890,3110,4180,15210
  Female parent,885,850,1325,1930,3250,1520,2400,3285,12170
    1 child,605,470,750,1075,1840,970,1350,1960,7070
    2 children,190,280,370,555,875,445,725,910,3430
    3 or more children,90,105,210,295,530,110,325,420,1665
  Male parent,180,270,375,435,695,365,715,895,3045
    1 child,120,180,235,285,455,255,460,580,1990
    2 children,45,55,110,135,190,75,220,265,825
    3 or more children,20,40,30,20,50,30,40,55,225
Census family income in 2000 of all families,4415,8505,12530,13370,25795,16235,17025,21435,97875
"   Under $10,000",365,220,540,935,1585,360,1210,1580,5215
"   $10,000 - $19,999",640,270,815,1135,2205,620,1550,2190,7230
"   $20,000 - $29,999",485,480,940,1365,3025,1165,1805,2285,9260
"   $30,000 - $39,999",695,865,1305,1340,3195,1280,2260,2955,10935
"   $40,000 - $49,999",545,830,1390,1385,2810,1430,2085,2630,10465
"   $50,000 - $59,999",500,935,1130,1210,2765,1520,1860,2360,9920
"   $60,000 - $69,999",360,880,1345,1220,2485,1535,1770,2135,9600
"   $70,000 - $79,999",365,910,1010,1160,2065,1370,1310,1670,8190
"   $80,000 - $89,999",145,865,740,995,1610,1250,1125,1275,6740
"   $90,000 - $99,999",90,585,830,595,1200,1005,685,770,4980
"   $100,000 and over",220,1675,2485,2030,2855,4700,1370,1590,15340
   Average family income $,44919,72084,68349,60420,57263,87397,52149,50661,63954
   Median family income $,40296,66923,60954,54573,50110,70988,47594,46173,55608
   Standard error of average family income $,1019,1006,908,776,670,1927,532,474,432
 Census family income in 2000 of couple families ,3345,7380,10825,11005,21850,14350,13910,17250,82665
   Average family income $ ,50063,75969,72703,66041,61431,93072,56685,55403,69053
   Median family income $ ,46897,72370,65209,60502,53747,76379,53623,51903,60945
   Standard error of average family income $ ,1174,1067,991,874,763,2143,581,522,494
 Census family income in 2000 of married couple families ,2730,6600,10005,9925,20180,13275,12520,15250,75230
   Average family income $ ,50335,76110,73100,66862,61492,94174,56855,55689,69616
   Median family income $ ,48162,73103,65711,61564,53302,76780,53720,52205,61172
   Standard error of average family income $ ,1314,1116,1039,935,811,2301,612,556,532
 Census family income in 2000 of common-law couple families ,610,780,825,1080,1675,1075,1395,2005,7435
   Average family income $ ,48849,74781,67885,58506,60698,79465,55162,53233,63355
   Median family income $ ,44948,66467,61971,54417,59038,72018,50109,47939,58943
   Standard error of average family income $ ,2589,3563,3138,2223,1795,2989,1835,1506,973
 Census family income in 2000 of male-lone parent families ,185,270,375,435,700,360,715,895,3040
   Average family income $ ,41983,58279,44259,47356,40572,58479,38835,39476,45407
   Median family income $ ,21367,54111,40441,42717,34390,52099,36339,35856,41119
   Standard error of average family income $ ,5986,4071,3285,3123,2091,4279,2389,2257,1230
 Census family income in 2000 of female lone-parent families ,890,855,1330,1925,3250,1525,2400,3285,12170
   Average family income $ ,26186,42883,39631,31314,32800,40877,29801,28824,33954
   Median family income $ ,20041,37611,35067,24372,26704,37624,24195,22509,28423
   Standard error of average family income $ ,1396,2804,1816,1145,882,1466,1051,861,510
Total - Economic families,4435,8355,11575,12925,23030,15960,15190,19625,91475
  Low income,1325,695,1500,2805,4350,960,3055,4375,14685
  Other,3120,7660,10080,10115,18685,15000,12135,15250,76790
  Incidence of low income in 2000 %,29.8,8,13,22,19,6,20,22,16
Total - Unattached individuals 15 years and over,4080,2315,2805,4965,6610,5705,5235,9315,31715
  Low income,2115,800,1145,1930,2670,1350,2285,4395,12300
  Other,1970,1510,1655,3040,3940,4355,2950,4915,19415
  Incidence of low income in 2000 % ,51.7,35,41,39,40,24,44,47,39
Total - Population in private households,17030,29530,44525,47970,91435,53390,61185,78215,345060
  Low income,6055,2945,6330,11820,18325,4455,13060,19110,62990
  Other,10975,26585,38190,36150,73105,48940,48130,59100,282070
  Incidence of low income in 2000 %,35.6,10,14,25,20,8,21,24,18
Total number of private households by household size,7820,10085,13545,16675,28050,20750,18785,26605,115715
  1 person,3020,1615,1685,3270,4490,4520,3060,6080,21665
  2 persons,2525,3150,3570,4890,7585,7970,4630,7150,34325
  3 persons,1040,1785,2315,2875,4515,2865,3280,4320,18680
  4-5 persons,1010,3045,4710,4660,8260,4800,5750,6760,32240
  6 or more persons,235,485,1260,970,3205,590,2060,2290,8800
 Average number of persons in private households ,2.2,3,3,3,3,3,3,3,3
Total number of private households by household type,7820,10090,13545,16675,28055,20755,18780,26605,115715
  One-family households,4155,8010,10520,12130,20120,15475,13170,17330,83590
  Multiple-family households,125,240,960,595,2585,375,1800,1925,6690
  Non-family households,3535,1840,2065,3945,5350,4905,3810,7350,25440
Household income in 2000 of all private households,7820,10090,13545,16675,28050,20750,18785,26605,115710
"  Under $10,000",970,325,500,1170,1405,550,1180,2145,6100
"  $ 10,000 - $19,999",1520,645,995,1805,2475,1810,1815,3340,11070
"  $ 20,000 - $29,999",1050,685,1055,1695,2770,1940,1755,2810,10965
"  $ 30,000 - $39,999",1105,1050,1255,1795,3235,1850,2410,3510,12700
"  $ 40,000 - $49,999",845,965,1380,1875,3035,1890,2200,3045,12200
"  $ 50,000 - $59,999",725,1035,1130,1470,2900,1905,1925,2650,11095
"  $ 60,000 - $69,999",460,910,1370,1460,2665,1755,1895,2355,10525
"  $ 70,000 - $79,999",435,945,1095,1215,2365,1500,1500,1935,9060
"  $ 80,000 - $89,999",210,905,845,1100,1865,1365,1210,1425,7510
"  $ 90,000 - $99,999",140,615,890,650,1535,1050,800,935,5675
"  $100,000 and over",355,2010,3015,2435,3795,5130,2090,2445,18820
  Average household income $,39081,69405,70747,58069,60964,78227,55745,50847,63197
  Median household income $,33301,63022,63080,49963,53051,61791,50014,44893,53957
  Standard error household income $,764,967,911,701,656,1562,581,480,389
Total number of occupied private dwellings by structural type of dwelling,7820,10085,13545,16670,28050,20755,18785,26605,115710
  Single-detached house,1805,7530,8420,8125,12845,14785,11135,12945,64650
  Semi-detached house,195,445,220,100,780,955,680,875,3365
  Row house,570,795,1675,1835,3225,1740,1055,1620,10895
"  Apartment, detached duplex",350,445,2010,1055,5170,230,3460,3810,12715
"  Apartment, building that has five or more storeys",1705,0,0,720,300,80,10,1710,2810
"  Apartment, building that has fewer than five storeys",3140,830,935,4675,4925,2725,2245,5390,19475
  Other single-attached house,0,20,10,55,35,15,10,0,135
  Movable dwelling,55,25,280,120,770,225,200,250,1670
  Total number of occupied private dwellings,7820,10085,13545,16670,28055,20755,18780,26605,115710
 Average number of rooms per dwelling ,4.8,7,8,6,7,7,7,6,7
 Average number of bedrooms per dwelling ,1.9,3,3,3,3,3,3,3,3
Total number of occupied private dwellings by tenure,7820,10085,13545,16675,28050,20750,18785,26605,115710
  Owned,3055,8395,10805,11100,19630,17365,12340,15395,82695
  Rented,4770,1690,2740,5575,8420,3385,6445,11210,33015
  Band housing,0,0,0,0,0,0,0,0,0
Total number of occupied private dwellings by condition of dwelling,7820,10090,13545,16675,28055,20755,18785,26605,115710
  Regular maintenance only,5475,7390,10270,12190,21150,15425,12455,17925,84360
  Minor repairs,1460,2200,2620,3375,5320,4320,4895,6355,24185
  Major repairs,885,495,660,1110,1580,1005,1430,2320,7165
Total number of occupied private dwellings by period of construction,7820,10085,13545,16670,28050,20750,18785,26605,115710
"  Period of construction, before 1946",230,315,125,250,330,680,710,935,2630
"  Period of construction, 1946-1960",975,605,415,1030,1345,1240,3195,4175,8805
"  Period of construction, 1961-1970",1280,690,655,2065,1600,1550,3290,4565,11125
"  Period of construction, 1971-1980",1595,2150,1615,2930,4770,4010,4820,6415,21895
"  Period of construction, 1981-1985",970,1005,1495,2075,3595,3790,1570,2540,14510
"  Period of construction, 1986-1990",725,1770,3165,2885,5415,3775,2045,2770,19780
"  Period of construction, 1991-1995",1375,1690,3685,3290,5845,2820,2125,3500,20830
"  Period of construction, 1996-2001",675,1860,2395,2155,5145,2890,1030,1705,16150
"Total Number of Occupied Private Non-farm, Non-reserve Dwellings by Tenure",7820,10010,13545,16630,28040,20580,18780,26600,115405
" Tenant-occupied non-farm, non-reserve dwellings",4770,1680,2740,5570,8415,3350,6445,11215,32970
  Average gross rent $ ,736,841,796,777,731,1078,758,749,791
 Tenant-occupied households spending 30% or more of household income on shelter costs,2500,665,1065,2630,3175,1520,2735,5235,14295
" Owner-occupied non-farm, non-reserve dwellings",3055,8330,10805,11055,19620,17230,12340,15395,82435
  Average value of dwelling $ ,149070,247065,249114,231229,231096,323894,207099,195589,247855
  Average owner major payments $ ,857,1184,1241,1131,1175,1049,1121,1069,1133
 Owner-occupied households spending 30% or more of household income on shelter costs,850,1815,2785,2945,5780,3240,3760,4615,21180
"Tenant one-family households in occupied non-farm, non-reserve private dwellings without additional persons",2090,885,1605,3145,5080,1795,3725,5820,18320
 Average gross rent $,780,932,848,814,727,1125,775,777,817
Tenant one family households spending 30% or more of household income on shelter cost,970,360,645,1395,1895,685,1560,2525,7510
"Owner one-family households in occupied non-farm, non-reserve private dwellings without additional persons",1675,6320,7715,7665,12720,12700,7610,9285,56410
 Average owner major payment $ ,929,1212,1261,1185,1178,1143,1083,1055,1166
Owner one family households spending 30% or more of household income on shelter costs,425,1310,1935,1955,3525,2200,2145,2570,13500
