{
	"name" : "water_pipe_bridges",
	"type" : "FeatureCollection",
	"crs" : {
		"type" : "name",
		"properties" : {
			"name" : "EPSG:26910"
		}
	},
	"features" : [
		{
			"type" : "Feature",
			"geometry" : {
				"type" : "Point",
				"coordinates" : [ 517261.2542114258, 5447174.206787109 ]
			},
			"properties" : {
				"ANCILLARYROLE" : null,
				"ENABLED" : 1,
				"FACILITYID" : "1001568118",
				"LEGACYID" : null,
				"NODE_NO" : "1656309630",
				"LOCATION" : "Serpentine River @ 96 Ave",
				"LAST_INSP_DATE" : null,
				"STRUCTURE" : "Bridge Attachment",
				"SPAN_SUPPORTS" : "Yes",
				"COMMENTS" : null,
				"GIS_ENTRY_STAGE" : "Final AB",
				"WARRANTYDATE" : null,
				"CONDITION" : null,
				"CONDITIONDATE" : null,
				"YTD_COST" : null,
				"LIFECYCLE_COST" : null,
				"CRE_DATE" : "20130220",
				"MOD_DATE" : "20130220",
				"STATUS" : "In Service",
				"YR" : 2012,
				"OWNER" : "Surrey",
				"PROJECT_NO" : "1709-3090-00"
			}
		},
		{
			"type" : "Feature",
			"geometry" : {
				"type" : "Point",
				"coordinates" : [ 520778.88342285156, 5447170.009216309 ]
			},
			"properties" : {
				"ANCILLARYROLE" : null,
				"ENABLED" : 1,
				"FACILITYID" : "1001141492",
				"LEGACYID" : null,
				"NODE_NO" : "1831109628",
				"LOCATION" : "Barnston Dr @ Golden Ears Way",
				"LAST_INSP_DATE" : null,
				"STRUCTURE" : "Bridge Attachment",
				"SPAN_SUPPORTS" : null,
				"COMMENTS" : null,
				"GIS_ENTRY_STAGE" : "Final AB",
				"WARRANTYDATE" : null,
				"CONDITION" : null,
				"CONDITIONDATE" : null,
				"YTD_COST" : null,
				"LIFECYCLE_COST" : null,
				"CRE_DATE" : "20091126",
				"MOD_DATE" : "20091126",
				"STATUS" : "In Service",
				"YR" : null,
				"OWNER" : "Surrey",
				"PROJECT_NO" : null
			}
		},
		{
			"type" : "Feature",
			"geometry" : {
				"type" : "Point",
				"coordinates" : [ 522546.92279052734, 5438099.359619141 ]
			},
			"properties" : {
				"ANCILLARYROLE" : null,
				"ENABLED" : 1,
				"FACILITYID" : "1000862714",
				"LEGACYID" : null,
				"NODE_NO" : "1919005119",
				"LOCATION" : "NICOMEKL RIVER (5100blk @ 168 St)",
				"LAST_INSP_DATE" : null,
				"STRUCTURE" : "Bridge Attachment",
				"SPAN_SUPPORTS" : "No",
				"COMMENTS" : null,
				"GIS_ENTRY_STAGE" : "Final AB",
				"WARRANTYDATE" : null,
				"CONDITION" : null,
				"CONDITIONDATE" : null,
				"YTD_COST" : null,
				"LIFECYCLE_COST" : null,
				"CRE_DATE" : "20081118",
				"MOD_DATE" : "20121102",
				"STATUS" : "In Service",
				"YR" : null,
				"OWNER" : null,
				"PROJECT_NO" : null
			}
		},
		{
			"type" : "Feature",
			"geometry" : {
				"type" : "Point",
				"coordinates" : [ 517767.70739746094, 5437540.209228516 ]
			},
			"properties" : {
				"ANCILLARYROLE" : null,
				"ENABLED" : 1,
				"FACILITYID" : "1000862624",
				"LEGACYID" : null,
				"NODE_NO" : "1681504841",
				"LOCATION" : "NICOMEKL RIVER (48 Ave @ 168 St)",
				"LAST_INSP_DATE" : null,
				"STRUCTURE" : "Bridge Attachment",
				"SPAN_SUPPORTS" : "No",
				"COMMENTS" : null,
				"GIS_ENTRY_STAGE" : "Final AB",
				"WARRANTYDATE" : null,
				"CONDITION" : null,
				"CONDITIONDATE" : null,
				"YTD_COST" : null,
				"LIFECYCLE_COST" : null,
				"CRE_DATE" : "20081118",
				"MOD_DATE" : "20081222",
				"STATUS" : "In Service",
				"YR" : null,
				"OWNER" : null,
				"PROJECT_NO" : null
			}
		}
	]
}