[
{
"json_featuretype":"CSV"
,"col0":""
,"col2":"Dwellings"
,"col3":"Value"
,"2017 Year-to-Date":"Permits"
,"col5":"Dwellings"
,"col6":"Value"
,"col8":"Dwellings"
,"col9":"Value"
,"2018 Year-to-Date":"Permits"
,"col11":"Dwellings"
,"col12":"Value"
}
,{
"json_featuretype":"CSV"
,"col0":"RESIDENTIAL BUILDING PERMITS"
,"col2":""
,"col3":""
,"2017 Year-to-Date":""
,"col5":""
,"col6":""
,"col8":""
,"col9":""
,"2018 Year-to-Date":""
,"col11":""
,"col12":""
}
,{
"json_featuretype":"CSV"
,"col0":"New Single Family Dwelling"
,"col2":"41"
,"col3":"21,188,045"
,"2017 Year-to-Date":"127"
,"col5":"127"
,"col6":"60,009,305"
,"col8":"58"
,"col9":"33,657,155"
,"2018 Year-to-Date":"153"
,"col11":"153"
,"col12":"80,774,695"
}
,{
"json_featuretype":"CSV"
,"col0":"New Single Family with Secondary Suite"
,"col2":"68"
,"col3":"17,007,694"
,"2017 Year-to-Date":"85"
,"col5":"170"
,"col6":"43,859,337"
,"col8":"90"
,"col9":"24,328,040"
,"2018 Year-to-Date":"125"
,"col11":"250"
,"col12":"66,773,571"
}
,{
"json_featuretype":"CSV"
,"col0":"Secondary Suite Addition"
,"col2":"6"
,"col3":"96,504"
,"2017 Year-to-Date":"9"
,"col5":"9"
,"col6":"144,456"
,"col8":"15"
,"col9":"322,660"
,"2018 Year-to-Date":"35"
,"col11":"35"
,"col12":"673,104"
}
,{
"json_featuretype":"CSV"
,"col0":"New Coach House"
,"col2":"0"
,"col3":"0"
,"2017 Year-to-Date":"4"
,"col5":"4"
,"col6":"251,800"
,"col8":"0"
,"col9":"0"
,"2018 Year-to-Date":"0"
,"col11":"0"
,"col12":"0"
}
,{
"json_featuretype":"CSV"
,"col0":"New Two Family Dwelling"
,"col2":"0"
,"col3":"0"
,"2017 Year-to-Date":"0"
,"col5":"0"
,"col6":"0"
,"col8":"0"
,"col9":"0"
,"2018 Year-to-Date":"0"
,"col11":"0"
,"col12":"0"
}
,{
"json_featuretype":"CSV"
,"col0":"New Townhouse"
,"col2":"46"
,"col3":"7,775,874"
,"2017 Year-to-Date":"56"
,"col5":"213"
,"col6":"36,846,887"
,"col8":"51"
,"col9":"9,557,339"
,"2018 Year-to-Date":"44"
,"col11":"236"
,"col12":"48,106,305"
}
,{
"json_featuretype":"CSV"
,"col0":"New Low Rise Apartment (up to six storeys)*"
,"col2":"0"
,"col3":"0"
,"2017 Year-to-Date":"2"
,"col5":"265"
,"col6":"22,523,491"
,"col8":"90"
,"col9":"10,000,000"
,"2018 Year-to-Date":"2"
,"col11":"138"
,"col12":"18,000,000"
}
,{
"json_featuretype":"CSV"
,"col0":"New High Rise Apartment (over six storeys)*"
,"col2":"0"
,"col3":"0"
,"2017 Year-to-Date":"1"
,"col5":"407"
,"col6":"50,001"
,"col8":"0"
,"col9":"0"
,"2018 Year-to-Date":"0"
,"col11":"0"
,"col12":"0"
}
,{
"json_featuretype":"CSV"
,"col0":"Miscellaneous Residential Permits"
,"col2":"-2"
,"col3":"6,362,269"
,"2017 Year-to-Date":"227"
,"col5":"-4"
,"col6":"18,818,656"
,"col8":"-2"
,"col9":"2,420,755"
,"2018 Year-to-Date":"167"
,"col11":"-5"
,"col12":"9,444,355"
}
,{
"json_featuretype":"CSV"
,"col0":"Cancellations"
,"col2":"0"
,"col3":"0"
,"2017 Year-to-Date":"-1"
,"col5":"0"
,"col6":"-43,799"
,"col8":"-2"
,"col9":"-300,738"
,"2018 Year-to-Date":"-3"
,"col11":"-3"
,"col12":"-1,468,483"
}
,{
"json_featuretype":"CSV"
,"col0":"SUBTOTAL"
,"col2":"159"
,"col3":"52,430,386"
,"2017 Year-to-Date":"510"
,"col5":"1,191"
,"col6":"182,460,134"
,"col8":"300"
,"col9":"79,985,211"
,"2018 Year-to-Date":"523"
,"col11":"804"
,"col12":"222,303,547"
}
,{
"json_featuretype":"CSV"
,"col0":"COMMERCIAL BUILDING PERMITS"
,"col2":""
,"col3":""
,"2017 Year-to-Date":""
,"col5":""
,"col6":""
,"col8":""
,"col9":""
,"2018 Year-to-Date":""
,"col11":""
,"col12":""
}
,{
"json_featuretype":"CSV"
,"col0":"New Commercial Buildings"
,"col2":"0"
,"col3":"7,327,678"
,"2017 Year-to-Date":"3"
,"col5":"0"
,"col6":"7,427,678"
,"col8":"0"
,"col9":"2,307,825"
,"2018 Year-to-Date":"8"
,"col11":"0"
,"col12":"4,889,925"
}
,{
"json_featuretype":"CSV"
,"col0":"Miscellaneous Commercial Permits"
,"col2":"0"
,"col3":"4,006,975"
,"2017 Year-to-Date":"135"
,"col5":"0"
,"col6":"14,649,000"
,"col8":"0"
,"col9":"5,425,109"
,"2018 Year-to-Date":"98"
,"col11":"0"
,"col12":"11,723,614"
}
,{
"json_featuretype":"CSV"
,"col0":"Cancellations"
,"col2":"0"
,"col3":"0"
,"2017 Year-to-Date":"-3"
,"col5":"0"
,"col6":"-51,000"
,"col8":"0"
,"col9":"0"
,"2018 Year-to-Date":"0"
,"col11":"0"
,"col12":"0"
}
,{
"json_featuretype":"CSV"
,"col0":"SUBTOTAL"
,"col2":"0"
,"col3":"11,334,653"
,"2017 Year-to-Date":"135"
,"col5":"0"
,"col6":"22,025,678"
,"col8":"0"
,"col9":"7,732,934"
,"2018 Year-to-Date":"106"
,"col11":"0"
,"col12":"16,613,539"
}
,{
"json_featuretype":"CSV"
,"col0":"INDUSTRIAL BUILDING PERMITS"
,"col2":""
,"col3":""
,"2017 Year-to-Date":""
,"col5":""
,"col6":""
,"col8":""
,"col9":""
,"2018 Year-to-Date":""
,"col11":""
,"col12":""
}
,{
"json_featuretype":"CSV"
,"col0":"New Industrial Buildings"
,"col2":"1"
,"col3":"28,618,738"
,"2017 Year-to-Date":"13"
,"col5":"1"
,"col6":"33,781,607"
,"col8":"0"
,"col9":"265,000"
,"2018 Year-to-Date":"5"
,"col11":"0"
,"col12":"9,406,210"
}
,{
"json_featuretype":"CSV"
,"col0":"Miscellaneous Industrial Permits"
,"col2":"0"
,"col3":"758,321"
,"2017 Year-to-Date":"38"
,"col5":"0"
,"col6":"9,848,441"
,"col8":"0"
,"col9":"1,261,480"
,"2018 Year-to-Date":"35"
,"col11":"0"
,"col12":"5,067,934"
}
,{
"json_featuretype":"CSV"
,"col0":"Cancellations"
,"col2":"0"
,"col3":"0"
,"2017 Year-to-Date":"0"
,"col5":"0"
,"col6":"0"
,"col8":"0"
,"col9":"0"
,"2018 Year-to-Date":"-1"
,"col11":"0"
,"col12":"-28,515"
}
,{
"json_featuretype":"CSV"
,"col0":"SUBTOTAL"
,"col2":"1"
,"col3":"29,377,059"
,"2017 Year-to-Date":"51"
,"col5":"1"
,"col6":"43,630,048"
,"col8":"0"
,"col9":"1,526,480"
,"2018 Year-to-Date":"39"
,"col11":"0"
,"col12":"14,445,629"
}
,{
"json_featuretype":"CSV"
,"col0":"INSTITUTIONAL BUILDING PERMITS"
,"col2":""
,"col3":""
,"2017 Year-to-Date":""
,"col5":""
,"col6":""
,"col8":""
,"col9":""
,"2018 Year-to-Date":""
,"col11":""
,"col12":""
}
,{
"json_featuretype":"CSV"
,"col0":"New Institutional Buildings"
,"col2":"0"
,"col3":"0"
,"2017 Year-to-Date":"4"
,"col5":"0"
,"col6":"900,063"
,"col8":"0"
,"col9":"48,674,441"
,"2018 Year-to-Date":"2"
,"col11":"0"
,"col12":"52,874,441"
}
,{
"json_featuretype":"CSV"
,"col0":"Miscellaneous Institutional Permits"
,"col2":"0"
,"col3":"3,241,500"
,"2017 Year-to-Date":"8"
,"col5":"0"
,"col6":"3,369,400"
,"col8":"0"
,"col9":"5,116,569"
,"2018 Year-to-Date":"25"
,"col11":"0"
,"col12":"8,777,369"
}
,{
"json_featuretype":"CSV"
,"col0":"Cancellations"
,"col2":"0"
,"col3":"0"
,"2017 Year-to-Date":"0"
,"col5":"0"
,"col6":"0"
,"col8":"0"
,"col9":"0"
,"2018 Year-to-Date":"0"
,"col11":"0"
,"col12":"0"
}
,{
"json_featuretype":"CSV"
,"col0":"SUBTOTAL"
,"col2":"0"
,"col3":"3,241,500"
,"2017 Year-to-Date":"12"
,"col5":"0"
,"col6":"4,269,463"
,"col8":"0"
,"col9":"53,791,010"
,"2018 Year-to-Date":"27"
,"col11":"0"
,"col12":"61,651,810"
}
,{
"json_featuretype":"CSV"
,"col0":"OTHER PERMITS"
,"col2":""
,"col3":""
,"2017 Year-to-Date":""
,"col5":""
,"col6":""
,"col8":""
,"col9":""
,"2018 Year-to-Date":""
,"col11":""
,"col12":""
}
,{
"json_featuretype":"CSV"
,"col0":"Farm"
,"col2":"0"
,"col3":"0"
,"2017 Year-to-Date":"1"
,"col5":"0"
,"col6":"500,000"
,"col8":"0"
,"col9":"15,000"
,"2018 Year-to-Date":"2"
,"col11":"0"
,"col12":"241,200"
}
,{
"json_featuretype":"CSV"
,"col0":"Sign"
,"col2":"0"
,"col3":"103,431"
,"2017 Year-to-Date":"63"
,"col5":"0"
,"col6":"358,863"
,"col8":"0"
,"col9":"321,991"
,"2018 Year-to-Date":"94"
,"col11":"0"
,"col12":"700,706"
}
,{
"json_featuretype":"CSV"
,"col0":"Demolition"
,"col2":"-72"
,"col3":"0"
,"2017 Year-to-Date":"167"
,"col5":"-154"
,"col6":"0"
,"col8":"-100"
,"col9":"0"
,"2018 Year-to-Date":"233"
,"col11":"-226"
,"col12":"0"
}
,{
"json_featuretype":"CSV"
,"col0":"Parking Lot"
,"col2":"0"
,"col3":"970,000"
,"2017 Year-to-Date":"2"
,"col5":"0"
,"col6":"970,000"
,"col8":"0"
,"col9":"120,000"
,"2018 Year-to-Date":"4"
,"col11":"0"
,"col12":"528,000"
}
,{
"json_featuretype":"CSV"
,"col0":"Cancellations"
,"col2":"0"
,"col3":"0"
,"2017 Year-to-Date":"0"
,"col5":"0"
,"col6":"0"
,"col8":"0"
,"col9":"0"
,"2018 Year-to-Date":"-2"
,"col11":"1"
,"col12":"-1,400"
}
,{
"json_featuretype":"CSV"
,"col0":"SUBTOTAL"
,"col2":"-72"
,"col3":"1,073,431"
,"2017 Year-to-Date":"233"
,"col5":"-154"
,"col6":"1,828,863"
,"col8":"-100"
,"col9":"456,991"
,"2018 Year-to-Date":"331"
,"col11":"-225"
,"col12":"1,468,506"
}
,{
"json_featuretype":"CSV"
,"col0":"TOTAL"
,"col2":"88"
,"col3":"97,457,029"
,"2017 Year-to-Date":"941"
,"col5":"1,038"
,"col6":"254,214,186"
,"col8":"200"
,"col9":"143,492,626"
,"2018 Year-to-Date":"1,026"
,"col11":"579"
,"col12":"316,483,030"
}
,{
"json_featuretype":"CSV"
,"col0":"* Includes mixed use commercial-residential."
,"col2":""
,"col3":""
,"2017 Year-to-Date":""
,"col5":""
,"col6":""
,"col8":""
,"col9":""
,"2018 Year-to-Date":""
,"col11":""
,"col12":"Prepared by Andrew Dong"
}
]