[
{
"json_featuretype":"Residential"
,"COMMUNITY":"CLOVERDALE"
,"RESIDENTIAL PERMITS":"Single Family Units*"
,"JAN":8
,"FEB":16
,"MAR":18
}
,{
"json_featuretype":"Residential"
,"RESIDENTIAL PERMITS":"Coach House Units"
,"JAN":0
,"FEB":0
,"MAR":0
}
,{
"json_featuretype":"Residential"
,"RESIDENTIAL PERMITS":"Two Family Units†"
,"JAN":0
,"FEB":0
,"MAR":0
}
,{
"json_featuretype":"Residential"
,"RESIDENTIAL PERMITS":"Townhouse Units"
,"JAN":41
,"FEB":0
,"MAR":0
}
,{
"json_featuretype":"Residential"
,"RESIDENTIAL PERMITS":"Apartment Units"
,"JAN":0
,"FEB":48
,"MAR":0
}
,{
"json_featuretype":"Residential"
,"RESIDENTIAL PERMITS":"Sub-total"
,"JAN":49
,"FEB":64
,"MAR":18
,"OCT":""
,"NOV":""
,"DEC":""
}
,{
"json_featuretype":"Residential"
,"COMMUNITY":"FLEETWOOD"
,"RESIDENTIAL PERMITS":"Single Family Units*"
,"JAN":17
,"FEB":22
,"MAR":17
}
,{
"json_featuretype":"Residential"
,"RESIDENTIAL PERMITS":"Coach House Units"
,"JAN":0
,"FEB":0
,"MAR":0
}
,{
"json_featuretype":"Residential"
,"RESIDENTIAL PERMITS":"Two Family Units†"
,"JAN":0
,"FEB":0
,"MAR":0
}
,{
"json_featuretype":"Residential"
,"RESIDENTIAL PERMITS":"Townhouse Units"
,"JAN":22
,"FEB":0
,"MAR":0
}
,{
"json_featuretype":"Residential"
,"RESIDENTIAL PERMITS":"Apartment Units"
,"JAN":0
,"FEB":0
,"MAR":0
}
,{
"json_featuretype":"Residential"
,"RESIDENTIAL PERMITS":"Sub-total"
,"JAN":39
,"FEB":22
,"MAR":17
,"OCT":""
,"NOV":""
,"DEC":""
}
,{
"json_featuretype":"Residential"
,"COMMUNITY":"GUILDFORD"
,"RESIDENTIAL PERMITS":"Single Family Units*"
,"JAN":19
,"FEB":7
,"MAR":13
}
,{
"json_featuretype":"Residential"
,"RESIDENTIAL PERMITS":"Coach House Units"
,"JAN":0
,"FEB":0
,"MAR":0
}
,{
"json_featuretype":"Residential"
,"RESIDENTIAL PERMITS":"Two Family Units†"
,"JAN":0
,"FEB":0
,"MAR":0
}
,{
"json_featuretype":"Residential"
,"RESIDENTIAL PERMITS":"Townhouse Units"
,"JAN":0
,"FEB":0
,"MAR":0
}
,{
"json_featuretype":"Residential"
,"RESIDENTIAL PERMITS":"Apartment Units"
,"JAN":0
,"FEB":0
,"MAR":90
}
,{
"json_featuretype":"Residential"
,"RESIDENTIAL PERMITS":"Sub-total"
,"JAN":19
,"FEB":7
,"MAR":103
,"OCT":""
,"NOV":""
,"DEC":""
}
,{
"json_featuretype":"Residential"
,"COMMUNITY":"NEWTON"
,"RESIDENTIAL PERMITS":"Single Family Units*"
,"JAN":23
,"FEB":29
,"MAR":35
}
,{
"json_featuretype":"Residential"
,"RESIDENTIAL PERMITS":"Coach House Units"
,"JAN":0
,"FEB":0
,"MAR":0
}
,{
"json_featuretype":"Residential"
,"RESIDENTIAL PERMITS":"Two Family Units†"
,"JAN":0
,"FEB":0
,"MAR":0
}
,{
"json_featuretype":"Residential"
,"RESIDENTIAL PERMITS":"Townhouse Units"
,"JAN":14
,"FEB":38
,"MAR":29
}
,{
"json_featuretype":"Residential"
,"RESIDENTIAL PERMITS":"Apartment Units"
,"JAN":0
,"FEB":0
,"MAR":0
}
,{
"json_featuretype":"Residential"
,"RESIDENTIAL PERMITS":"Sub-total"
,"JAN":37
,"FEB":67
,"MAR":64
,"OCT":""
,"NOV":""
,"DEC":""
}
,{
"json_featuretype":"Residential"
,"COMMUNITY":"SOUTH SURREY"
,"RESIDENTIAL PERMITS":"Single Family Units*"
,"JAN":66
,"FEB":33
,"MAR":41
}
,{
"json_featuretype":"Residential"
,"RESIDENTIAL PERMITS":"Coach House Units"
,"JAN":0
,"FEB":0
,"MAR":0
}
,{
"json_featuretype":"Residential"
,"RESIDENTIAL PERMITS":"Two Family Units†"
,"JAN":0
,"FEB":0
,"MAR":0
}
,{
"json_featuretype":"Residential"
,"RESIDENTIAL PERMITS":"Townhouse Units"
,"JAN":37
,"FEB":33
,"MAR":22
}
,{
"json_featuretype":"Residential"
,"RESIDENTIAL PERMITS":"Apartment Units"
,"JAN":0
,"FEB":0
,"MAR":0
}
,{
"json_featuretype":"Residential"
,"RESIDENTIAL PERMITS":"Sub-total"
,"JAN":103
,"FEB":66
,"MAR":63
,"OCT":""
,"NOV":""
,"DEC":""
}
,{
"json_featuretype":"Residential"
,"COMMUNITY":"WHALLEY"
,"RESIDENTIAL PERMITS":"Single Family Units*"
,"JAN":16
,"FEB":19
,"MAR":39
}
,{
"json_featuretype":"Residential"
,"RESIDENTIAL PERMITS":"Coach House Units"
,"JAN":0
,"FEB":0
,"MAR":0
}
,{
"json_featuretype":"Residential"
,"RESIDENTIAL PERMITS":"Two Family Units†"
,"JAN":0
,"FEB":0
,"MAR":0
}
,{
"json_featuretype":"Residential"
,"RESIDENTIAL PERMITS":"Townhouse Units"
,"JAN":0
,"FEB":0
,"MAR":0
}
,{
"json_featuretype":"Residential"
,"RESIDENTIAL PERMITS":"Apartment Units"
,"JAN":0
,"FEB":0
,"MAR":0
}
,{
"json_featuretype":"Residential"
,"RESIDENTIAL PERMITS":"Sub-total"
,"JAN":16
,"FEB":19
,"MAR":39
,"OCT":""
,"NOV":""
,"DEC":""
}
,{
"json_featuretype":"Residential"
,"COMMUNITY":"SURREY"
,"RESIDENTIAL PERMITS":"Single Family Units*"
,"JAN":149
,"FEB":126
,"MAR":163
,"OCT":""
,"NOV":""
,"DEC":""
}
,{
"json_featuretype":"Residential"
,"RESIDENTIAL PERMITS":"Coach House Units"
,"JAN":0
,"FEB":0
,"MAR":0
,"OCT":""
,"NOV":""
,"DEC":""
}
,{
"json_featuretype":"Residential"
,"RESIDENTIAL PERMITS":"Two Family Units†"
,"JAN":0
,"FEB":0
,"MAR":0
,"OCT":""
,"NOV":""
,"DEC":""
}
,{
"json_featuretype":"Residential"
,"RESIDENTIAL PERMITS":"Townhouse Units"
,"JAN":114
,"FEB":71
,"MAR":51
,"OCT":""
,"NOV":""
,"DEC":""
}
,{
"json_featuretype":"Residential"
,"RESIDENTIAL PERMITS":"Apartment Units"
,"JAN":0
,"FEB":48
,"MAR":90
,"OCT":""
,"NOV":""
,"DEC":""
}
,{
"json_featuretype":"Residential"
,"RESIDENTIAL PERMITS":"Sub-total"
,"JAN":263
,"FEB":245
,"MAR":304
,"OCT":""
,"NOV":""
,"DEC":""
}
,{
"json_featuretype":"Residential"
}
,{
"json_featuretype":"Residential"
,"COMMUNITY":"* Includes secondary suites"
}
,{
"json_featuretype":"Residential"
,"COMMUNITY":"† Includes semi-detached and duplexes"
}
]