{
	"name" : "drainage_erosion_protection_works",
	"type" : "FeatureCollection",
	"crs" : {
		"type" : "name",
		"properties" : {
			"name" : "EPSG:26910"
		}
	},
	"features" : [
		{
			"type" : "Feature",
			"geometry" : {
				"type" : "Point",
				"coordinates" : [ 523338.1428906247, 5441390.321953125 ]
			},
			"properties" : {
				"EROSION_PROTECTION_TYPE" : 2,
				"EROSION_PROTECTION_TYPE2" : "Retaining Wall",
				"FACILITYID" : "1001082240",
				"MATERIAL" : "Lock Block",
				"SITE_PRIORITY" : null,
				"WATERCOURSE_NAME" : null,
				"STATUS" : "In Service",
				"YR" : 2008,
				"OWNER" : "Surrey",
				"PROJECT_NO" : "7804-0050-00",
				"NAME" : null,
				"LOCATION" : "6700blk 196 St W Side",
				"COMMENTS" : null,
				"GIS_ENTRY_STAGE" : "Final AB",
				"WARRANTYDATE" : null,
				"CONDITION" : null,
				"CONDITIONDATE" : null,
				"YTD_COST" : null,
				"LIFECYCLE_COST" : null,
				"CRE_DATE" : "20090212",
				"MOD_DATE" : "20090714",
				"LEGACYID" : null
			}
		},
		{
			"type" : "Feature",
			"geometry" : {
				"type" : "Point",
				"coordinates" : [ 510481.20828124974, 5447807.0159375 ]
			},
			"properties" : {
				"EROSION_PROTECTION_TYPE" : 2,
				"EROSION_PROTECTION_TYPE2" : "Retaining Wall",
				"FACILITYID" : "1001151761",
				"MATERIAL" : "Lock Block",
				"SITE_PRIORITY" : null,
				"WATERCOURSE_NAME" : null,
				"STATUS" : "In Service",
				"YR" : 2010,
				"OWNER" : "Private",
				"PROJECT_NO" : "7807-0132-00",
				"NAME" : null,
				"LOCATION" : null,
				"COMMENTS" : null,
				"GIS_ENTRY_STAGE" : "Final AB",
				"WARRANTYDATE" : null,
				"CONDITION" : null,
				"CONDITIONDATE" : null,
				"YTD_COST" : null,
				"LIFECYCLE_COST" : null,
				"CRE_DATE" : "20110103",
				"MOD_DATE" : "20110103",
				"LEGACYID" : null
			}
		},
		{
			"type" : "Feature",
			"geometry" : {
				"type" : "Point",
				"coordinates" : [ 510479.55078125, 5447757.905546876 ]
			},
			"properties" : {
				"EROSION_PROTECTION_TYPE" : 2,
				"EROSION_PROTECTION_TYPE2" : "Retaining Wall",
				"FACILITYID" : "1001151756",
				"MATERIAL" : "Lock Block",
				"SITE_PRIORITY" : null,
				"WATERCOURSE_NAME" : null,
				"STATUS" : "In Service",
				"YR" : 2010,
				"OWNER" : "Private",
				"PROJECT_NO" : "7807-0132-00",
				"NAME" : null,
				"LOCATION" : null,
				"COMMENTS" : null,
				"GIS_ENTRY_STAGE" : "Final AB",
				"WARRANTYDATE" : null,
				"CONDITION" : null,
				"CONDITIONDATE" : null,
				"YTD_COST" : null,
				"LIFECYCLE_COST" : null,
				"CRE_DATE" : "20110103",
				"MOD_DATE" : "20110103",
				"LEGACYID" : null
			}
		},
		{
			"type" : "Feature",
			"geometry" : {
				"type" : "Point",
				"coordinates" : [ 511431.8171875002, 5445127.1878125 ]
			},
			"properties" : {
				"EROSION_PROTECTION_TYPE" : 2,
				"EROSION_PROTECTION_TYPE2" : "Retaining Wall",
				"FACILITYID" : "1001185407",
				"MATERIAL" : "Lock Block",
				"SITE_PRIORITY" : null,
				"WATERCOURSE_NAME" : "Bear Creek",
				"STATUS" : "In Service",
				"YR" : 2010,
				"OWNER" : "Surrey",
				"PROJECT_NO" : "4709-6020-00",
				"NAME" : null,
				"LOCATION" : null,
				"COMMENTS" : null,
				"GIS_ENTRY_STAGE" : "Final AB",
				"WARRANTYDATE" : null,
				"CONDITION" : null,
				"CONDITIONDATE" : null,
				"YTD_COST" : null,
				"LIFECYCLE_COST" : null,
				"CRE_DATE" : "20110104",
				"MOD_DATE" : "20110104",
				"LEGACYID" : null
			}
		},
		{
			"type" : "Feature",
			"geometry" : {
				"type" : "Point",
				"coordinates" : [ 519784.43820312526, 5442179.769921875 ]
			},
			"properties" : {
				"EROSION_PROTECTION_TYPE" : 2,
				"EROSION_PROTECTION_TYPE2" : "Retaining Wall",
				"FACILITYID" : "1001186453",
				"MATERIAL" : "Earth",
				"SITE_PRIORITY" : null,
				"WATERCOURSE_NAME" : null,
				"STATUS" : "In Service",
				"YR" : 2010,
				"OWNER" : "Private",
				"PROJECT_NO" : "7807-0159-00",
				"NAME" : null,
				"LOCATION" : null,
				"COMMENTS" : null,
				"GIS_ENTRY_STAGE" : "Final AB",
				"WARRANTYDATE" : null,
				"CONDITION" : null,
				"CONDITIONDATE" : null,
				"YTD_COST" : null,
				"LIFECYCLE_COST" : null,
				"CRE_DATE" : "20110111",
				"MOD_DATE" : "20120229",
				"LEGACYID" : null
			}
		},
		{
			"type" : "Feature",
			"geometry" : {
				"type" : "Point",
				"coordinates" : [ 519885.75843750034, 5442288.601171875 ]
			},
			"properties" : {
				"EROSION_PROTECTION_TYPE" : 2,
				"EROSION_PROTECTION_TYPE2" : "Retaining Wall",
				"FACILITYID" : "1001186454",
				"MATERIAL" : "Earth",
				"SITE_PRIORITY" : null,
				"WATERCOURSE_NAME" : null,
				"STATUS" : "In Service",
				"YR" : 2010,
				"OWNER" : "Private",
				"PROJECT_NO" : "7807-0159-00",
				"NAME" : null,
				"LOCATION" : null,
				"COMMENTS" : null,
				"GIS_ENTRY_STAGE" : "Final AB",
				"WARRANTYDATE" : null,
				"CONDITION" : null,
				"CONDITIONDATE" : null,
				"YTD_COST" : null,
				"LIFECYCLE_COST" : null,
				"CRE_DATE" : "20110111",
				"MOD_DATE" : "20120229",
				"LEGACYID" : null
			}
		},
		{
			"type" : "Feature",
			"geometry" : {
				"type" : "Point",
				"coordinates" : [ 512723.8119531246, 5445558.192890625 ]
			},
			"properties" : {
				"EROSION_PROTECTION_TYPE" : 2,
				"EROSION_PROTECTION_TYPE2" : "Retaining Wall",
				"FACILITYID" : "1001360631",
				"MATERIAL" : null,
				"SITE_PRIORITY" : null,
				"WATERCOURSE_NAME" : null,
				"STATUS" : "In Service",
				"YR" : null,
				"OWNER" : "Surrey",
				"PROJECT_NO" : "R-2101",
				"NAME" : null,
				"LOCATION" : null,
				"COMMENTS" : null,
				"GIS_ENTRY_STAGE" : "Final AB",
				"WARRANTYDATE" : null,
				"CONDITION" : null,
				"CONDITIONDATE" : null,
				"YTD_COST" : null,
				"LIFECYCLE_COST" : null,
				"CRE_DATE" : "20120213",
				"MOD_DATE" : "20120213",
				"LEGACYID" : null
			}
		},
		{
			"type" : "Feature",
			"geometry" : {
				"type" : "Point",
				"coordinates" : [ 521464.8553906251, 5441784.8334375005 ]
			},
			"properties" : {
				"EROSION_PROTECTION_TYPE" : 2,
				"EROSION_PROTECTION_TYPE2" : "Retaining Wall",
				"FACILITYID" : "1001183334",
				"MATERIAL" : "Lock Block",
				"SITE_PRIORITY" : null,
				"WATERCOURSE_NAME" : null,
				"STATUS" : "In Service",
				"YR" : 2002,
				"OWNER" : "Surrey",
				"PROJECT_NO" : "7801-0198-00",
				"NAME" : null,
				"LOCATION" : null,
				"COMMENTS" : null,
				"GIS_ENTRY_STAGE" : "Final AB",
				"WARRANTYDATE" : null,
				"CONDITION" : null,
				"CONDITIONDATE" : null,
				"YTD_COST" : null,
				"LIFECYCLE_COST" : null,
				"CRE_DATE" : "20101129",
				"MOD_DATE" : "20101129",
				"LEGACYID" : null
			}
		},
		{
			"type" : "Feature",
			"geometry" : {
				"type" : "Point",
				"coordinates" : [ 512004.24289062526, 5444122.469609374 ]
			},
			"properties" : {
				"EROSION_PROTECTION_TYPE" : 2,
				"EROSION_PROTECTION_TYPE2" : "Retaining Wall",
				"FACILITYID" : "1001185404",
				"MATERIAL" : "Earth",
				"SITE_PRIORITY" : null,
				"WATERCOURSE_NAME" : "Bear Creek",
				"STATUS" : "In Service",
				"YR" : 2010,
				"OWNER" : "Surrey",
				"PROJECT_NO" : "4809-8010-00",
				"NAME" : null,
				"LOCATION" : null,
				"COMMENTS" : null,
				"GIS_ENTRY_STAGE" : "Final AB",
				"WARRANTYDATE" : null,
				"CONDITION" : null,
				"CONDITIONDATE" : null,
				"YTD_COST" : null,
				"LIFECYCLE_COST" : null,
				"CRE_DATE" : "20110104",
				"MOD_DATE" : "20110104",
				"LEGACYID" : null
			}
		}
	]
}