{
	"name" : "subdivision_markers",
	"type" : "FeatureCollection",
	"crs" : {
		"type" : "name",
		"properties" : {
			"name" : "EPSG:26910"
		}
	},
	"features" : [
		{
			"type" : "Feature",
			"geometry" : {
				"type" : "Point",
				"coordinates" : [ 511602.3472863408, 5434182.764049543 ]
			},
			"properties" : {
				"MISC_ASSET_TYPE" : 3,
				"MISC_ASSET_TYPE2" : "Subdivision Marker",
				"FACILITYID" : "1000960014",
				"LEGACYID" : null,
				"MATERIAL" : null,
				"LENGTH" : null,
				"NAME" : "Bayview West",
				"RESPONSIBILITY" : null,
				"ROTATION" : null,
				"STATUS" : null,
				"PROJECT_NO" : null,
				"YR" : null,
				"OWNER" : null,
				"LOCATION" : null,
				"COMMENTS" : "Bayview West",
				"GIS_ENTRY_STAGE" : null,
				"WARRANTYDATE" : null,
				"CONDITION" : null,
				"CONDITIONDATE" : null,
				"YTD_COST" : null,
				"LIFECYCLE_COST" : null,
				"CRE_DATE" : "20081204",
				"MOD_DATE" : "20081204"
			}
		},
		{
			"type" : "Feature",
			"geometry" : {
				"type" : "Point",
				"coordinates" : [ 515161.94636327215, 5434300.364394017 ]
			},
			"properties" : {
				"MISC_ASSET_TYPE" : 3,
				"MISC_ASSET_TYPE2" : "Subdivision Marker",
				"FACILITYID" : "1000960031",
				"LEGACYID" : null,
				"MATERIAL" : null,
				"LENGTH" : null,
				"NAME" : "Carrington",
				"RESPONSIBILITY" : null,
				"ROTATION" : null,
				"STATUS" : null,
				"PROJECT_NO" : null,
				"YR" : null,
				"OWNER" : null,
				"LOCATION" : null,
				"COMMENTS" : "Carrington",
				"GIS_ENTRY_STAGE" : null,
				"WARRANTYDATE" : null,
				"CONDITION" : null,
				"CONDITIONDATE" : null,
				"YTD_COST" : null,
				"LIFECYCLE_COST" : null,
				"CRE_DATE" : "20081204",
				"MOD_DATE" : "20081204"
			}
		},
		{
			"type" : "Feature",
			"geometry" : {
				"type" : "Point",
				"coordinates" : [ 515057.2281158585, 5434977.642983679 ]
			},
			"properties" : {
				"MISC_ASSET_TYPE" : 3,
				"MISC_ASSET_TYPE2" : "Subdivision Marker",
				"FACILITYID" : "1000960038",
				"LEGACYID" : null,
				"MATERIAL" : null,
				"LENGTH" : null,
				"NAME" : "Rosemary Wynd",
				"RESPONSIBILITY" : null,
				"ROTATION" : null,
				"STATUS" : null,
				"PROJECT_NO" : null,
				"YR" : null,
				"OWNER" : null,
				"LOCATION" : null,
				"COMMENTS" : "Rosemary Wynd",
				"GIS_ENTRY_STAGE" : null,
				"WARRANTYDATE" : null,
				"CONDITION" : null,
				"CONDITIONDATE" : null,
				"YTD_COST" : null,
				"LIFECYCLE_COST" : null,
				"CRE_DATE" : "20081204",
				"MOD_DATE" : "20081204"
			}
		},
		{
			"type" : "Feature",
			"geometry" : {
				"type" : "Point",
				"coordinates" : [ 510385.8688529674, 5431758.381246101 ]
			},
			"properties" : {
				"MISC_ASSET_TYPE" : 3,
				"MISC_ASSET_TYPE2" : "Subdivision Marker",
				"FACILITYID" : "1000959915",
				"LEGACYID" : null,
				"MATERIAL" : null,
				"LENGTH" : null,
				"NAME" : "Huntington Park",
				"RESPONSIBILITY" : null,
				"ROTATION" : null,
				"STATUS" : null,
				"PROJECT_NO" : null,
				"YR" : null,
				"OWNER" : null,
				"LOCATION" : null,
				"COMMENTS" : "Huntington Park",
				"GIS_ENTRY_STAGE" : null,
				"WARRANTYDATE" : null,
				"CONDITION" : null,
				"CONDITIONDATE" : null,
				"YTD_COST" : null,
				"LIFECYCLE_COST" : null,
				"CRE_DATE" : "20081204",
				"MOD_DATE" : "20081204"
			}
		},
		{
			"type" : "Feature",
			"geometry" : {
				"type" : "Point",
				"coordinates" : [ 510155.5191370677, 5432544.653890427 ]
			},
			"properties" : {
				"MISC_ASSET_TYPE" : 3,
				"MISC_ASSET_TYPE2" : "Subdivision Marker",
				"FACILITYID" : "1000959985",
				"LEGACYID" : null,
				"MATERIAL" : null,
				"LENGTH" : null,
				"NAME" : "Huntington Park",
				"RESPONSIBILITY" : null,
				"ROTATION" : null,
				"STATUS" : null,
				"PROJECT_NO" : null,
				"YR" : null,
				"OWNER" : null,
				"LOCATION" : null,
				"COMMENTS" : "Huntington Park",
				"GIS_ENTRY_STAGE" : null,
				"WARRANTYDATE" : null,
				"CONDITION" : null,
				"CONDITIONDATE" : null,
				"YTD_COST" : null,
				"LIFECYCLE_COST" : null,
				"CRE_DATE" : "20081204",
				"MOD_DATE" : "20081204"
			}
		},
		{
			"type" : "Feature",
			"geometry" : {
				"type" : "Point",
				"coordinates" : [ 514113.7811577469, 5431751.485333199 ]
			},
			"properties" : {
				"MISC_ASSET_TYPE" : 3,
				"MISC_ASSET_TYPE2" : "Subdivision Marker",
				"FACILITYID" : "1000959905",
				"LEGACYID" : null,
				"MATERIAL" : null,
				"LENGTH" : null,
				"NAME" : "Meridian by the Sea",
				"RESPONSIBILITY" : null,
				"ROTATION" : null,
				"STATUS" : null,
				"PROJECT_NO" : null,
				"YR" : null,
				"OWNER" : null,
				"LOCATION" : null,
				"COMMENTS" : "Meridian by the Sea",
				"GIS_ENTRY_STAGE" : null,
				"WARRANTYDATE" : null,
				"CONDITION" : null,
				"CONDITIONDATE" : null,
				"YTD_COST" : null,
				"LIFECYCLE_COST" : null,
				"CRE_DATE" : "20081204",
				"MOD_DATE" : "20081204"
			}
		},
		{
			"type" : "Feature",
			"geometry" : {
				"type" : "Point",
				"coordinates" : [ 512089.32397114206, 5432155.882229505 ]
			},
			"properties" : {
				"MISC_ASSET_TYPE" : 3,
				"MISC_ASSET_TYPE2" : "Subdivision Marker",
				"FACILITYID" : "1000959980",
				"LEGACYID" : null,
				"MATERIAL" : null,
				"LENGTH" : null,
				"NAME" : "Chantrell Park / Nichol Gate",
				"RESPONSIBILITY" : null,
				"ROTATION" : null,
				"STATUS" : null,
				"PROJECT_NO" : null,
				"YR" : null,
				"OWNER" : null,
				"LOCATION" : null,
				"COMMENTS" : "Chantrell Park / Nichol Gate",
				"GIS_ENTRY_STAGE" : null,
				"WARRANTYDATE" : null,
				"CONDITION" : null,
				"CONDITIONDATE" : null,
				"YTD_COST" : null,
				"LIFECYCLE_COST" : null,
				"CRE_DATE" : "20081204",
				"MOD_DATE" : "20081204"
			}
		},
		{
			"type" : "Feature",
			"geometry" : {
				"type" : "Point",
				"coordinates" : [ 509133.3035239158, 5431768.908233449 ]
			},
			"properties" : {
				"MISC_ASSET_TYPE" : 3,
				"MISC_ASSET_TYPE2" : "Subdivision Marker",
				"FACILITYID" : "1000960050",
				"LEGACYID" : null,
				"MATERIAL" : null,
				"LENGTH" : null,
				"NAME" : "Ocean Cliff Estates",
				"RESPONSIBILITY" : null,
				"ROTATION" : null,
				"STATUS" : null,
				"PROJECT_NO" : null,
				"YR" : null,
				"OWNER" : null,
				"LOCATION" : null,
				"COMMENTS" : "Ocean Cliff Estates",
				"GIS_ENTRY_STAGE" : null,
				"WARRANTYDATE" : null,
				"CONDITION" : null,
				"CONDITIONDATE" : null,
				"YTD_COST" : null,
				"LIFECYCLE_COST" : null,
				"CRE_DATE" : "20081204",
				"MOD_DATE" : "20081204"
			}
		},
		{
			"type" : "Feature",
			"geometry" : {
				"type" : "Point",
				"coordinates" : [ 510228.07985782996, 5431739.842421029 ]
			},
			"properties" : {
				"MISC_ASSET_TYPE" : 3,
				"MISC_ASSET_TYPE2" : "Subdivision Marker",
				"FACILITYID" : "1000959919",
				"LEGACYID" : null,
				"MATERIAL" : null,
				"LENGTH" : null,
				"NAME" : "Hampstead Heath",
				"RESPONSIBILITY" : null,
				"ROTATION" : null,
				"STATUS" : null,
				"PROJECT_NO" : null,
				"YR" : null,
				"OWNER" : null,
				"LOCATION" : null,
				"COMMENTS" : "Hampstead Heath",
				"GIS_ENTRY_STAGE" : null,
				"WARRANTYDATE" : null,
				"CONDITION" : null,
				"CONDITIONDATE" : null,
				"YTD_COST" : null,
				"LIFECYCLE_COST" : null,
				"CRE_DATE" : "20081204",
				"MOD_DATE" : "20081204"
			}
		},
		{
			"type" : "Feature",
			"geometry" : {
				"type" : "Point",
				"coordinates" : [ 509147.09084246214, 5431768.201459775 ]
			},
			"properties" : {
				"MISC_ASSET_TYPE" : 3,
				"MISC_ASSET_TYPE2" : "Subdivision Marker",
				"FACILITYID" : "1000960052",
				"LEGACYID" : null,
				"MATERIAL" : null,
				"LENGTH" : null,
				"NAME" : "Ocean Cliff Estates",
				"RESPONSIBILITY" : null,
				"ROTATION" : null,
				"STATUS" : null,
				"PROJECT_NO" : null,
				"YR" : null,
				"OWNER" : null,
				"LOCATION" : null,
				"COMMENTS" : "Ocean Cliff Estates",
				"GIS_ENTRY_STAGE" : null,
				"WARRANTYDATE" : null,
				"CONDITION" : null,
				"CONDITIONDATE" : null,
				"YTD_COST" : null,
				"LIFECYCLE_COST" : null,
				"CRE_DATE" : "20081204",
				"MOD_DATE" : "20081204"
			}
		},
		{
			"type" : "Feature",
			"geometry" : {
				"type" : "Point",
				"coordinates" : [ 510140.0414943686, 5432544.08025191 ]
			},
			"properties" : {
				"MISC_ASSET_TYPE" : 3,
				"MISC_ASSET_TYPE2" : "Subdivision Marker",
				"FACILITYID" : "1000959984",
				"LEGACYID" : null,
				"MATERIAL" : null,
				"LENGTH" : null,
				"NAME" : "Huntington Park",
				"RESPONSIBILITY" : null,
				"ROTATION" : null,
				"STATUS" : null,
				"PROJECT_NO" : null,
				"YR" : null,
				"OWNER" : null,
				"LOCATION" : null,
				"COMMENTS" : "Huntington Park",
				"GIS_ENTRY_STAGE" : null,
				"WARRANTYDATE" : null,
				"CONDITION" : null,
				"CONDITIONDATE" : null,
				"YTD_COST" : null,
				"LIFECYCLE_COST" : null,
				"CRE_DATE" : "20081204",
				"MOD_DATE" : "20081204"
			}
		},
		{
			"type" : "Feature",
			"geometry" : {
				"type" : "Point",
				"coordinates" : [ 511581.70982256066, 5434182.234524699 ]
			},
			"properties" : {
				"MISC_ASSET_TYPE" : 3,
				"MISC_ASSET_TYPE2" : "Subdivision Marker",
				"FACILITYID" : "1000960012",
				"LEGACYID" : null,
				"MATERIAL" : null,
				"LENGTH" : null,
				"NAME" : "Bayview West",
				"RESPONSIBILITY" : null,
				"ROTATION" : null,
				"STATUS" : null,
				"PROJECT_NO" : null,
				"YR" : null,
				"OWNER" : null,
				"LOCATION" : null,
				"COMMENTS" : "Bayview West",
				"GIS_ENTRY_STAGE" : null,
				"WARRANTYDATE" : null,
				"CONDITION" : null,
				"CONDITIONDATE" : null,
				"YTD_COST" : null,
				"LIFECYCLE_COST" : null,
				"CRE_DATE" : "20081204",
				"MOD_DATE" : "20081204"
			}
		},
		{
			"type" : "Feature",
			"geometry" : {
				"type" : "Point",
				"coordinates" : [ 510251.3625579495, 5431761.274439139 ]
			},
			"properties" : {
				"MISC_ASSET_TYPE" : 3,
				"MISC_ASSET_TYPE2" : "Subdivision Marker",
				"FACILITYID" : "1000959918",
				"LEGACYID" : null,
				"MATERIAL" : null,
				"LENGTH" : null,
				"NAME" : "Huntington Park",
				"RESPONSIBILITY" : null,
				"ROTATION" : null,
				"STATUS" : null,
				"PROJECT_NO" : null,
				"YR" : null,
				"OWNER" : null,
				"LOCATION" : null,
				"COMMENTS" : "Huntington Park",
				"GIS_ENTRY_STAGE" : null,
				"WARRANTYDATE" : null,
				"CONDITION" : null,
				"CONDITIONDATE" : null,
				"YTD_COST" : null,
				"LIFECYCLE_COST" : null,
				"CRE_DATE" : "20081204",
				"MOD_DATE" : "20081204"
			}
		},
		{
			"type" : "Feature",
			"geometry" : {
				"type" : "Point",
				"coordinates" : [ 510098.13589463197, 5430955.0065839775 ]
			},
			"properties" : {
				"MISC_ASSET_TYPE" : 3,
				"MISC_ASSET_TYPE2" : "Subdivision Marker",
				"FACILITYID" : "1000959880",
				"LEGACYID" : null,
				"MATERIAL" : null,
				"LENGTH" : null,
				"NAME" : null,
				"RESPONSIBILITY" : null,
				"ROTATION" : null,
				"STATUS" : null,
				"PROJECT_NO" : null,
				"YR" : null,
				"OWNER" : null,
				"LOCATION" : null,
				"COMMENTS" : null,
				"GIS_ENTRY_STAGE" : null,
				"WARRANTYDATE" : null,
				"CONDITION" : null,
				"CONDITIONDATE" : null,
				"YTD_COST" : null,
				"LIFECYCLE_COST" : null,
				"CRE_DATE" : "20081204",
				"MOD_DATE" : null
			}
		},
		{
			"type" : "Feature",
			"geometry" : {
				"type" : "Point",
				"coordinates" : [ 515079.4532417031, 5434977.378686756 ]
			},
			"properties" : {
				"MISC_ASSET_TYPE" : 3,
				"MISC_ASSET_TYPE2" : "Subdivision Marker",
				"FACILITYID" : "1000960039",
				"LEGACYID" : null,
				"MATERIAL" : null,
				"LENGTH" : null,
				"NAME" : "Rosemary Wynd",
				"RESPONSIBILITY" : null,
				"ROTATION" : null,
				"STATUS" : null,
				"PROJECT_NO" : null,
				"YR" : null,
				"OWNER" : null,
				"LOCATION" : null,
				"COMMENTS" : "Rosemary Wynd",
				"GIS_ENTRY_STAGE" : null,
				"WARRANTYDATE" : null,
				"CONDITION" : null,
				"CONDITIONDATE" : null,
				"YTD_COST" : null,
				"LIFECYCLE_COST" : null,
				"CRE_DATE" : "20081204",
				"MOD_DATE" : "20081204"
			}
		},
		{
			"type" : "Feature",
			"geometry" : {
				"type" : "Point",
				"coordinates" : [ 516121.91501055285, 5435238.855870668 ]
			},
			"properties" : {
				"MISC_ASSET_TYPE" : 3,
				"MISC_ASSET_TYPE2" : "Subdivision Marker",
				"FACILITYID" : "1000960023",
				"LEGACYID" : null,
				"MATERIAL" : null,
				"LENGTH" : null,
				"NAME" : "Morgan Creek",
				"RESPONSIBILITY" : null,
				"ROTATION" : null,
				"STATUS" : null,
				"PROJECT_NO" : null,
				"YR" : null,
				"OWNER" : null,
				"LOCATION" : null,
				"COMMENTS" : "Morgan Creek",
				"GIS_ENTRY_STAGE" : null,
				"WARRANTYDATE" : null,
				"CONDITION" : null,
				"CONDITIONDATE" : null,
				"YTD_COST" : null,
				"LIFECYCLE_COST" : null,
				"CRE_DATE" : "20081204",
				"MOD_DATE" : "20081204"
			}
		},
		{
			"type" : "Feature",
			"geometry" : {
				"type" : "Point",
				"coordinates" : [ 515152.01293546706, 5435281.216031285 ]
			},
			"properties" : {
				"MISC_ASSET_TYPE" : 3,
				"MISC_ASSET_TYPE2" : "Subdivision Marker",
				"FACILITYID" : "1000960043",
				"LEGACYID" : null,
				"MATERIAL" : null,
				"LENGTH" : null,
				"NAME" : "Ironwood",
				"RESPONSIBILITY" : null,
				"ROTATION" : null,
				"STATUS" : null,
				"PROJECT_NO" : null,
				"YR" : null,
				"OWNER" : null,
				"LOCATION" : null,
				"COMMENTS" : "Ironwood",
				"GIS_ENTRY_STAGE" : null,
				"WARRANTYDATE" : null,
				"CONDITION" : null,
				"CONDITIONDATE" : null,
				"YTD_COST" : null,
				"LIFECYCLE_COST" : null,
				"CRE_DATE" : "20081204",
				"MOD_DATE" : "20081204"
			}
		},
		{
			"type" : "Feature",
			"geometry" : {
				"type" : "Point",
				"coordinates" : [ 512094.02237415686, 5431194.499989422 ]
			},
			"properties" : {
				"MISC_ASSET_TYPE" : 3,
				"MISC_ASSET_TYPE2" : "Subdivision Marker",
				"FACILITYID" : "1000959884",
				"LEGACYID" : null,
				"MATERIAL" : null,
				"LENGTH" : null,
				"NAME" : "Ocean Wood",
				"RESPONSIBILITY" : null,
				"ROTATION" : null,
				"STATUS" : null,
				"PROJECT_NO" : null,
				"YR" : null,
				"OWNER" : null,
				"LOCATION" : null,
				"COMMENTS" : "Ocean Wood",
				"GIS_ENTRY_STAGE" : null,
				"WARRANTYDATE" : null,
				"CONDITION" : null,
				"CONDITIONDATE" : null,
				"YTD_COST" : null,
				"LIFECYCLE_COST" : null,
				"CRE_DATE" : "20081204",
				"MOD_DATE" : "20081204"
			}
		},
		{
			"type" : "Feature",
			"geometry" : {
				"type" : "Point",
				"coordinates" : [ 516144.5559047656, 5434174.496301223 ]
			},
			"properties" : {
				"MISC_ASSET_TYPE" : 3,
				"MISC_ASSET_TYPE2" : "Subdivision Marker",
				"FACILITYID" : "1000960021",
				"LEGACYID" : null,
				"MATERIAL" : null,
				"LENGTH" : null,
				"NAME" : "Morgan Creek",
				"RESPONSIBILITY" : null,
				"ROTATION" : null,
				"STATUS" : null,
				"PROJECT_NO" : null,
				"YR" : null,
				"OWNER" : null,
				"LOCATION" : null,
				"COMMENTS" : "Morgan Creek",
				"GIS_ENTRY_STAGE" : null,
				"WARRANTYDATE" : null,
				"CONDITION" : null,
				"CONDITIONDATE" : null,
				"YTD_COST" : null,
				"LIFECYCLE_COST" : null,
				"CRE_DATE" : "20081204",
				"MOD_DATE" : "20081204"
			}
		},
		{
			"type" : "Feature",
			"geometry" : {
				"type" : "Point",
				"coordinates" : [ 513731.8457167428, 5432986.680841226 ]
			},
			"properties" : {
				"MISC_ASSET_TYPE" : 3,
				"MISC_ASSET_TYPE2" : "Subdivision Marker",
				"FACILITYID" : "1000960004",
				"LEGACYID" : null,
				"MATERIAL" : null,
				"LENGTH" : null,
				"NAME" : "Partridge Place",
				"RESPONSIBILITY" : null,
				"ROTATION" : null,
				"STATUS" : null,
				"PROJECT_NO" : null,
				"YR" : null,
				"OWNER" : null,
				"LOCATION" : null,
				"COMMENTS" : "Partridge Place",
				"GIS_ENTRY_STAGE" : null,
				"WARRANTYDATE" : null,
				"CONDITION" : null,
				"CONDITIONDATE" : null,
				"YTD_COST" : null,
				"LIFECYCLE_COST" : null,
				"CRE_DATE" : "20081204",
				"MOD_DATE" : "20120411"
			}
		},
		{
			"type" : "Feature",
			"geometry" : {
				"type" : "Point",
				"coordinates" : [ 512566.3197716633, 5430947.167815678 ]
			},
			"properties" : {
				"MISC_ASSET_TYPE" : 3,
				"MISC_ASSET_TYPE2" : "Subdivision Marker",
				"FACILITYID" : "1000959883",
				"LEGACYID" : null,
				"MATERIAL" : null,
				"LENGTH" : null,
				"NAME" : "Ocean Bluff",
				"RESPONSIBILITY" : null,
				"ROTATION" : null,
				"STATUS" : null,
				"PROJECT_NO" : null,
				"YR" : null,
				"OWNER" : null,
				"LOCATION" : null,
				"COMMENTS" : "Ocean Bluff",
				"GIS_ENTRY_STAGE" : null,
				"WARRANTYDATE" : null,
				"CONDITION" : null,
				"CONDITIONDATE" : null,
				"YTD_COST" : null,
				"LIFECYCLE_COST" : null,
				"CRE_DATE" : "20081204",
				"MOD_DATE" : "20081204"
			}
		},
		{
			"type" : "Feature",
			"geometry" : {
				"type" : "Point",
				"coordinates" : [ 514138.65193859395, 5431752.014463261 ]
			},
			"properties" : {
				"MISC_ASSET_TYPE" : 3,
				"MISC_ASSET_TYPE2" : "Subdivision Marker",
				"FACILITYID" : "1000959906",
				"LEGACYID" : null,
				"MATERIAL" : null,
				"LENGTH" : null,
				"NAME" : "Meridian by the Sea",
				"RESPONSIBILITY" : null,
				"ROTATION" : null,
				"STATUS" : null,
				"PROJECT_NO" : null,
				"YR" : null,
				"OWNER" : null,
				"LOCATION" : null,
				"COMMENTS" : "Meridian by the Sea",
				"GIS_ENTRY_STAGE" : null,
				"WARRANTYDATE" : null,
				"CONDITION" : null,
				"CONDITIONDATE" : null,
				"YTD_COST" : null,
				"LIFECYCLE_COST" : null,
				"CRE_DATE" : "20081204",
				"MOD_DATE" : "20081204"
			}
		},
		{
			"type" : "Feature",
			"geometry" : {
				"type" : "Point",
				"coordinates" : [ 509708.9491919363, 5432191.261300454 ]
			},
			"properties" : {
				"MISC_ASSET_TYPE" : 3,
				"MISC_ASSET_TYPE2" : "Subdivision Marker",
				"FACILITYID" : "1000959982",
				"LEGACYID" : null,
				"MATERIAL" : null,
				"LENGTH" : null,
				"NAME" : "Ocean Park Terrace",
				"RESPONSIBILITY" : null,
				"ROTATION" : null,
				"STATUS" : null,
				"PROJECT_NO" : null,
				"YR" : null,
				"OWNER" : null,
				"LOCATION" : null,
				"COMMENTS" : "Ocean Park Terrace",
				"GIS_ENTRY_STAGE" : null,
				"WARRANTYDATE" : null,
				"CONDITION" : null,
				"CONDITIONDATE" : null,
				"YTD_COST" : null,
				"LIFECYCLE_COST" : null,
				"CRE_DATE" : "20081204",
				"MOD_DATE" : "20081204"
			}
		},
		{
			"type" : "Feature",
			"geometry" : {
				"type" : "Point",
				"coordinates" : [ 510878.22063850425, 5431760.019921076 ]
			},
			"properties" : {
				"MISC_ASSET_TYPE" : 3,
				"MISC_ASSET_TYPE2" : "Subdivision Marker",
				"FACILITYID" : "1000959911",
				"LEGACYID" : null,
				"MATERIAL" : null,
				"LENGTH" : null,
				"NAME" : "Bridelwood",
				"RESPONSIBILITY" : null,
				"ROTATION" : null,
				"STATUS" : null,
				"PROJECT_NO" : null,
				"YR" : null,
				"OWNER" : null,
				"LOCATION" : null,
				"COMMENTS" : "Bridelwood",
				"GIS_ENTRY_STAGE" : null,
				"WARRANTYDATE" : null,
				"CONDITION" : null,
				"CONDITIONDATE" : null,
				"YTD_COST" : null,
				"LIFECYCLE_COST" : null,
				"CRE_DATE" : "20081204",
				"MOD_DATE" : "20081204"
			}
		},
		{
			"type" : "Feature",
			"geometry" : {
				"type" : "Point",
				"coordinates" : [ 513568.59919341095, 5434154.392690385 ]
			},
			"properties" : {
				"MISC_ASSET_TYPE" : 3,
				"MISC_ASSET_TYPE2" : "Subdivision Marker",
				"FACILITYID" : "1000960017",
				"LEGACYID" : null,
				"MATERIAL" : null,
				"LENGTH" : null,
				"NAME" : "Heritage Trails",
				"RESPONSIBILITY" : null,
				"ROTATION" : null,
				"STATUS" : null,
				"PROJECT_NO" : null,
				"YR" : null,
				"OWNER" : null,
				"LOCATION" : null,
				"COMMENTS" : "Heritage Trails",
				"GIS_ENTRY_STAGE" : null,
				"WARRANTYDATE" : null,
				"CONDITION" : null,
				"CONDITIONDATE" : null,
				"YTD_COST" : null,
				"LIFECYCLE_COST" : null,
				"CRE_DATE" : "20081204",
				"MOD_DATE" : "20081204"
			}
		},
		{
			"type" : "Feature",
			"geometry" : {
				"type" : "Point",
				"coordinates" : [ 514109.24908798374, 5431136.321944125 ]
			},
			"properties" : {
				"MISC_ASSET_TYPE" : 3,
				"MISC_ASSET_TYPE2" : "Subdivision Marker",
				"FACILITYID" : "1000959890",
				"LEGACYID" : null,
				"MATERIAL" : null,
				"LENGTH" : null,
				"NAME" : "Englesea Place",
				"RESPONSIBILITY" : null,
				"ROTATION" : null,
				"STATUS" : null,
				"PROJECT_NO" : null,
				"YR" : null,
				"OWNER" : null,
				"LOCATION" : null,
				"COMMENTS" : "Englesea Place",
				"GIS_ENTRY_STAGE" : null,
				"WARRANTYDATE" : null,
				"CONDITION" : null,
				"CONDITIONDATE" : null,
				"YTD_COST" : null,
				"LIFECYCLE_COST" : null,
				"CRE_DATE" : "20081204",
				"MOD_DATE" : "20081204"
			}
		},
		{
			"type" : "Feature",
			"geometry" : {
				"type" : "Point",
				"coordinates" : [ 515695.0708613843, 5434626.034770852 ]
			},
			"properties" : {
				"MISC_ASSET_TYPE" : 3,
				"MISC_ASSET_TYPE2" : "Subdivision Marker",
				"FACILITYID" : "1000960026",
				"LEGACYID" : null,
				"MATERIAL" : null,
				"LENGTH" : null,
				"NAME" : "Carriage Green",
				"RESPONSIBILITY" : null,
				"ROTATION" : null,
				"STATUS" : null,
				"PROJECT_NO" : null,
				"YR" : null,
				"OWNER" : null,
				"LOCATION" : null,
				"COMMENTS" : "Carriage Green",
				"GIS_ENTRY_STAGE" : null,
				"WARRANTYDATE" : null,
				"CONDITION" : null,
				"CONDITIONDATE" : null,
				"YTD_COST" : null,
				"LIFECYCLE_COST" : null,
				"CRE_DATE" : "20081204",
				"MOD_DATE" : "20081204"
			}
		},
		{
			"type" : "Feature",
			"geometry" : {
				"type" : "Point",
				"coordinates" : [ 511641.4063679073, 5431734.440239636 ]
			},
			"properties" : {
				"MISC_ASSET_TYPE" : 3,
				"MISC_ASSET_TYPE2" : "Subdivision Marker",
				"FACILITYID" : "1000959908",
				"LEGACYID" : null,
				"MATERIAL" : null,
				"LENGTH" : null,
				"NAME" : "Bell Park Estates",
				"RESPONSIBILITY" : null,
				"ROTATION" : null,
				"STATUS" : null,
				"PROJECT_NO" : null,
				"YR" : null,
				"OWNER" : null,
				"LOCATION" : null,
				"COMMENTS" : "Bell Park Estates",
				"GIS_ENTRY_STAGE" : null,
				"WARRANTYDATE" : null,
				"CONDITION" : null,
				"CONDITIONDATE" : null,
				"YTD_COST" : null,
				"LIFECYCLE_COST" : null,
				"CRE_DATE" : "20081204",
				"MOD_DATE" : "20081204"
			}
		},
		{
			"type" : "Feature",
			"geometry" : {
				"type" : "Point",
				"coordinates" : [ 509512.57626414485, 5431762.73999656 ]
			},
			"properties" : {
				"MISC_ASSET_TYPE" : 3,
				"MISC_ASSET_TYPE2" : "Subdivision Marker",
				"FACILITYID" : "1000959924",
				"LEGACYID" : null,
				"MATERIAL" : null,
				"LENGTH" : null,
				"NAME" : "Ocean Cliff Estates",
				"RESPONSIBILITY" : null,
				"ROTATION" : null,
				"STATUS" : null,
				"PROJECT_NO" : null,
				"YR" : null,
				"OWNER" : null,
				"LOCATION" : null,
				"COMMENTS" : "Ocean Cliff Estates",
				"GIS_ENTRY_STAGE" : null,
				"WARRANTYDATE" : null,
				"CONDITION" : null,
				"CONDITIONDATE" : null,
				"YTD_COST" : null,
				"LIFECYCLE_COST" : null,
				"CRE_DATE" : "20081204",
				"MOD_DATE" : "20081204"
			}
		},
		{
			"type" : "Feature",
			"geometry" : {
				"type" : "Point",
				"coordinates" : [ 510898.9981867904, 5432541.946505655 ]
			},
			"properties" : {
				"MISC_ASSET_TYPE" : 3,
				"MISC_ASSET_TYPE2" : "Subdivision Marker",
				"FACILITYID" : "1000959987",
				"LEGACYID" : null,
				"MATERIAL" : null,
				"LENGTH" : null,
				"NAME" : null,
				"RESPONSIBILITY" : null,
				"ROTATION" : null,
				"STATUS" : null,
				"PROJECT_NO" : null,
				"YR" : null,
				"OWNER" : null,
				"LOCATION" : null,
				"COMMENTS" : null,
				"GIS_ENTRY_STAGE" : null,
				"WARRANTYDATE" : null,
				"CONDITION" : null,
				"CONDITIONDATE" : null,
				"YTD_COST" : null,
				"LIFECYCLE_COST" : null,
				"CRE_DATE" : "20081204",
				"MOD_DATE" : null
			}
		},
		{
			"type" : "Feature",
			"geometry" : {
				"type" : "Point",
				"coordinates" : [ 513945.5673403032, 5431373.270378763 ]
			},
			"properties" : {
				"MISC_ASSET_TYPE" : 3,
				"MISC_ASSET_TYPE2" : "Subdivision Marker",
				"FACILITYID" : "1000959900",
				"LEGACYID" : null,
				"MATERIAL" : null,
				"LENGTH" : null,
				"NAME" : "Southpoint at the Park",
				"RESPONSIBILITY" : null,
				"ROTATION" : null,
				"STATUS" : null,
				"PROJECT_NO" : null,
				"YR" : null,
				"OWNER" : null,
				"LOCATION" : null,
				"COMMENTS" : "Southpoint at the Park",
				"GIS_ENTRY_STAGE" : null,
				"WARRANTYDATE" : null,
				"CONDITION" : null,
				"CONDITIONDATE" : null,
				"YTD_COST" : null,
				"LIFECYCLE_COST" : null,
				"CRE_DATE" : "20081204",
				"MOD_DATE" : "20081204"
			}
		},
		{
			"type" : "Feature",
			"geometry" : {
				"type" : "Point",
				"coordinates" : [ 512903.23873576894, 5431464.098046606 ]
			},
			"properties" : {
				"MISC_ASSET_TYPE" : 3,
				"MISC_ASSET_TYPE2" : "Subdivision Marker",
				"FACILITYID" : "1000959893",
				"LEGACYID" : null,
				"MATERIAL" : null,
				"LENGTH" : null,
				"NAME" : "Brambley Hedge",
				"RESPONSIBILITY" : null,
				"ROTATION" : null,
				"STATUS" : null,
				"PROJECT_NO" : null,
				"YR" : null,
				"OWNER" : null,
				"LOCATION" : null,
				"COMMENTS" : "Brambley Hedge",
				"GIS_ENTRY_STAGE" : null,
				"WARRANTYDATE" : null,
				"CONDITION" : null,
				"CONDITIONDATE" : null,
				"YTD_COST" : null,
				"LIFECYCLE_COST" : null,
				"CRE_DATE" : "20081204",
				"MOD_DATE" : "20081204"
			}
		},
		{
			"type" : "Feature",
			"geometry" : {
				"type" : "Point",
				"coordinates" : [ 513703.09739325754, 5433782.1733314805 ]
			},
			"properties" : {
				"MISC_ASSET_TYPE" : 3,
				"MISC_ASSET_TYPE2" : "Subdivision Marker",
				"FACILITYID" : "1000960009",
				"LEGACYID" : null,
				"MATERIAL" : null,
				"LENGTH" : null,
				"NAME" : "Heritage Trails",
				"RESPONSIBILITY" : null,
				"ROTATION" : null,
				"STATUS" : null,
				"PROJECT_NO" : null,
				"YR" : null,
				"OWNER" : null,
				"LOCATION" : null,
				"COMMENTS" : "Heritage Trails",
				"GIS_ENTRY_STAGE" : null,
				"WARRANTYDATE" : null,
				"CONDITION" : null,
				"CONDITIONDATE" : null,
				"YTD_COST" : null,
				"LIFECYCLE_COST" : null,
				"CRE_DATE" : "20081204",
				"MOD_DATE" : "20081204"
			}
		},
		{
			"type" : "Feature",
			"geometry" : {
				"type" : "Point",
				"coordinates" : [ 513706.2723411042, 5433759.419130988 ]
			},
			"properties" : {
				"MISC_ASSET_TYPE" : 3,
				"MISC_ASSET_TYPE2" : "Subdivision Marker",
				"FACILITYID" : "1000960008",
				"LEGACYID" : null,
				"MATERIAL" : null,
				"LENGTH" : null,
				"NAME" : "Heritage Trails",
				"RESPONSIBILITY" : null,
				"ROTATION" : null,
				"STATUS" : null,
				"PROJECT_NO" : null,
				"YR" : null,
				"OWNER" : null,
				"LOCATION" : null,
				"COMMENTS" : "Heritage Trails",
				"GIS_ENTRY_STAGE" : null,
				"WARRANTYDATE" : null,
				"CONDITION" : null,
				"CONDITIONDATE" : null,
				"YTD_COST" : null,
				"LIFECYCLE_COST" : null,
				"CRE_DATE" : "20081204",
				"MOD_DATE" : "20081204"
			}
		},
		{
			"type" : "Feature",
			"geometry" : {
				"type" : "Point",
				"coordinates" : [ 509158.40349042695, 5431768.024920478 ]
			},
			"properties" : {
				"MISC_ASSET_TYPE" : 3,
				"MISC_ASSET_TYPE2" : "Subdivision Marker",
				"FACILITYID" : "1000960053",
				"LEGACYID" : null,
				"MATERIAL" : null,
				"LENGTH" : null,
				"NAME" : "Ocean Cliff Estates",
				"RESPONSIBILITY" : null,
				"ROTATION" : null,
				"STATUS" : null,
				"PROJECT_NO" : null,
				"YR" : null,
				"OWNER" : null,
				"LOCATION" : null,
				"COMMENTS" : "Ocean Cliff Estates",
				"GIS_ENTRY_STAGE" : null,
				"WARRANTYDATE" : null,
				"CONDITION" : null,
				"CONDITIONDATE" : null,
				"YTD_COST" : null,
				"LIFECYCLE_COST" : null,
				"CRE_DATE" : "20081204",
				"MOD_DATE" : "20081204"
			}
		},
		{
			"type" : "Feature",
			"geometry" : {
				"type" : "Point",
				"coordinates" : [ 510556.11159463134, 5431760.911125815 ]
			},
			"properties" : {
				"MISC_ASSET_TYPE" : 3,
				"MISC_ASSET_TYPE2" : "Subdivision Marker",
				"FACILITYID" : "1000959914",
				"LEGACYID" : null,
				"MATERIAL" : null,
				"LENGTH" : null,
				"NAME" : "Bridelwood",
				"RESPONSIBILITY" : null,
				"ROTATION" : null,
				"STATUS" : null,
				"PROJECT_NO" : null,
				"YR" : null,
				"OWNER" : null,
				"LOCATION" : null,
				"COMMENTS" : "Bridelwood",
				"GIS_ENTRY_STAGE" : null,
				"WARRANTYDATE" : null,
				"CONDITION" : null,
				"CONDITIONDATE" : null,
				"YTD_COST" : null,
				"LIFECYCLE_COST" : null,
				"CRE_DATE" : "20081204",
				"MOD_DATE" : "20081204"
			}
		},
		{
			"type" : "Feature",
			"geometry" : {
				"type" : "Point",
				"coordinates" : [ 520955.05408370774, 5438654.490574479 ]
			},
			"properties" : {
				"MISC_ASSET_TYPE" : 3,
				"MISC_ASSET_TYPE2" : "Subdivision Marker",
				"FACILITYID" : "1000959873",
				"LEGACYID" : null,
				"MATERIAL" : null,
				"LENGTH" : null,
				"NAME" : "Shannon Hill Estates",
				"RESPONSIBILITY" : null,
				"ROTATION" : null,
				"STATUS" : null,
				"PROJECT_NO" : null,
				"YR" : null,
				"OWNER" : null,
				"LOCATION" : null,
				"COMMENTS" : "Shannon Hill Estates",
				"GIS_ENTRY_STAGE" : null,
				"WARRANTYDATE" : null,
				"CONDITION" : null,
				"CONDITIONDATE" : null,
				"YTD_COST" : null,
				"LIFECYCLE_COST" : null,
				"CRE_DATE" : "20081204",
				"MOD_DATE" : "20081204"
			}
		},
		{
			"type" : "Feature",
			"geometry" : {
				"type" : "Point",
				"coordinates" : [ 512547.00528882816, 5430947.432105513 ]
			},
			"properties" : {
				"MISC_ASSET_TYPE" : 3,
				"MISC_ASSET_TYPE2" : "Subdivision Marker",
				"FACILITYID" : "1000959882",
				"LEGACYID" : null,
				"MATERIAL" : null,
				"LENGTH" : null,
				"NAME" : "Ocean Bluff",
				"RESPONSIBILITY" : null,
				"ROTATION" : null,
				"STATUS" : null,
				"PROJECT_NO" : null,
				"YR" : null,
				"OWNER" : null,
				"LOCATION" : null,
				"COMMENTS" : "Ocean Bluff",
				"GIS_ENTRY_STAGE" : null,
				"WARRANTYDATE" : null,
				"CONDITION" : null,
				"CONDITIONDATE" : null,
				"YTD_COST" : null,
				"LIFECYCLE_COST" : null,
				"CRE_DATE" : "20081204",
				"MOD_DATE" : "20081204"
			}
		},
		{
			"type" : "Feature",
			"geometry" : {
				"type" : "Point",
				"coordinates" : [ 510228.8733198885, 5431761.274017869 ]
			},
			"properties" : {
				"MISC_ASSET_TYPE" : 3,
				"MISC_ASSET_TYPE2" : "Subdivision Marker",
				"FACILITYID" : "1000959917",
				"LEGACYID" : null,
				"MATERIAL" : null,
				"LENGTH" : null,
				"NAME" : "Huntington Park",
				"RESPONSIBILITY" : null,
				"ROTATION" : null,
				"STATUS" : null,
				"PROJECT_NO" : null,
				"YR" : null,
				"OWNER" : null,
				"LOCATION" : null,
				"COMMENTS" : "Huntington Park",
				"GIS_ENTRY_STAGE" : null,
				"WARRANTYDATE" : null,
				"CONDITION" : null,
				"CONDITIONDATE" : null,
				"YTD_COST" : null,
				"LIFECYCLE_COST" : null,
				"CRE_DATE" : "20081204",
				"MOD_DATE" : "20081204"
			}
		},
		{
			"type" : "Feature",
			"geometry" : {
				"type" : "Point",
				"coordinates" : [ 521065.9142289199, 5438675.656364545 ]
			},
			"properties" : {
				"MISC_ASSET_TYPE" : 3,
				"MISC_ASSET_TYPE2" : "Subdivision Marker",
				"FACILITYID" : "1000959872",
				"LEGACYID" : null,
				"MATERIAL" : null,
				"LENGTH" : null,
				"NAME" : "Country Lane",
				"RESPONSIBILITY" : null,
				"ROTATION" : null,
				"STATUS" : null,
				"PROJECT_NO" : null,
				"YR" : null,
				"OWNER" : null,
				"LOCATION" : null,
				"COMMENTS" : "Country Lane",
				"GIS_ENTRY_STAGE" : null,
				"WARRANTYDATE" : null,
				"CONDITION" : null,
				"CONDITIONDATE" : null,
				"YTD_COST" : null,
				"LIFECYCLE_COST" : null,
				"CRE_DATE" : "20081204",
				"MOD_DATE" : "20081204"
			}
		},
		{
			"type" : "Feature",
			"geometry" : {
				"type" : "Point",
				"coordinates" : [ 512905.20859248936, 5431246.868076967 ]
			},
			"properties" : {
				"MISC_ASSET_TYPE" : 3,
				"MISC_ASSET_TYPE2" : "Subdivision Marker",
				"FACILITYID" : "1000959886",
				"LEGACYID" : null,
				"MATERIAL" : null,
				"LENGTH" : null,
				"NAME" : "Bay Ridge Court",
				"RESPONSIBILITY" : null,
				"ROTATION" : null,
				"STATUS" : null,
				"PROJECT_NO" : null,
				"YR" : null,
				"OWNER" : null,
				"LOCATION" : null,
				"COMMENTS" : "Bay Ridge Court",
				"GIS_ENTRY_STAGE" : null,
				"WARRANTYDATE" : null,
				"CONDITION" : null,
				"CONDITIONDATE" : null,
				"YTD_COST" : null,
				"LIFECYCLE_COST" : null,
				"CRE_DATE" : "20081204",
				"MOD_DATE" : "20081204"
			}
		},
		{
			"type" : "Feature",
			"geometry" : {
				"type" : "Point",
				"coordinates" : [ 511914.2977183983, 5432566.160021044 ]
			},
			"properties" : {
				"MISC_ASSET_TYPE" : 3,
				"MISC_ASSET_TYPE2" : "Subdivision Marker",
				"FACILITYID" : "1000959990",
				"LEGACYID" : null,
				"MATERIAL" : null,
				"LENGTH" : null,
				"NAME" : null,
				"RESPONSIBILITY" : null,
				"ROTATION" : null,
				"STATUS" : null,
				"PROJECT_NO" : null,
				"YR" : null,
				"OWNER" : null,
				"LOCATION" : null,
				"COMMENTS" : null,
				"GIS_ENTRY_STAGE" : null,
				"WARRANTYDATE" : null,
				"CONDITION" : null,
				"CONDITIONDATE" : null,
				"YTD_COST" : null,
				"LIFECYCLE_COST" : null,
				"CRE_DATE" : "20081204",
				"MOD_DATE" : null
			}
		},
		{
			"type" : "Feature",
			"geometry" : {
				"type" : "Point",
				"coordinates" : [ 511585.41412026435, 5434165.565672575 ]
			},
			"properties" : {
				"MISC_ASSET_TYPE" : 3,
				"MISC_ASSET_TYPE2" : "Subdivision Marker",
				"FACILITYID" : "1000960013",
				"LEGACYID" : null,
				"MATERIAL" : null,
				"LENGTH" : null,
				"NAME" : "Bayview West",
				"RESPONSIBILITY" : null,
				"ROTATION" : null,
				"STATUS" : null,
				"PROJECT_NO" : null,
				"YR" : null,
				"OWNER" : null,
				"LOCATION" : null,
				"COMMENTS" : "Bayview West",
				"GIS_ENTRY_STAGE" : null,
				"WARRANTYDATE" : null,
				"CONDITION" : null,
				"CONDITIONDATE" : null,
				"YTD_COST" : null,
				"LIFECYCLE_COST" : null,
				"CRE_DATE" : "20081204",
				"MOD_DATE" : "20081204"
			}
		},
		{
			"type" : "Feature",
			"geometry" : {
				"type" : "Point",
				"coordinates" : [ 512478.6855597198, 5431734.969947655 ]
			},
			"properties" : {
				"MISC_ASSET_TYPE" : 3,
				"MISC_ASSET_TYPE2" : "Subdivision Marker",
				"FACILITYID" : "1000959907",
				"LEGACYID" : null,
				"MATERIAL" : null,
				"LENGTH" : null,
				"NAME" : "Ocean Bluff",
				"RESPONSIBILITY" : null,
				"ROTATION" : null,
				"STATUS" : null,
				"PROJECT_NO" : null,
				"YR" : null,
				"OWNER" : null,
				"LOCATION" : null,
				"COMMENTS" : "Ocean Bluff",
				"GIS_ENTRY_STAGE" : null,
				"WARRANTYDATE" : null,
				"CONDITION" : null,
				"CONDITIONDATE" : null,
				"YTD_COST" : null,
				"LIFECYCLE_COST" : null,
				"CRE_DATE" : "20081204",
				"MOD_DATE" : "20081204"
			}
		},
		{
			"type" : "Feature",
			"geometry" : {
				"type" : "Point",
				"coordinates" : [ 516145.2933460837, 5433731.361395584 ]
			},
			"properties" : {
				"MISC_ASSET_TYPE" : 3,
				"MISC_ASSET_TYPE2" : "Subdivision Marker",
				"FACILITYID" : "1000960010",
				"LEGACYID" : null,
				"MATERIAL" : null,
				"LENGTH" : null,
				"NAME" : "Ocean Acres",
				"RESPONSIBILITY" : null,
				"ROTATION" : null,
				"STATUS" : null,
				"PROJECT_NO" : null,
				"YR" : null,
				"OWNER" : null,
				"LOCATION" : null,
				"COMMENTS" : "Ocean Acres",
				"GIS_ENTRY_STAGE" : null,
				"WARRANTYDATE" : null,
				"CONDITION" : null,
				"CONDITIONDATE" : null,
				"YTD_COST" : null,
				"LIFECYCLE_COST" : null,
				"CRE_DATE" : "20081204",
				"MOD_DATE" : "20081204"
			}
		},
		{
			"type" : "Feature",
			"geometry" : {
				"type" : "Point",
				"coordinates" : [ 514932.48744105175, 5434976.937472794 ]
			},
			"properties" : {
				"MISC_ASSET_TYPE" : 3,
				"MISC_ASSET_TYPE2" : "Subdivision Marker",
				"FACILITYID" : "1000960035",
				"LEGACYID" : null,
				"MATERIAL" : null,
				"LENGTH" : null,
				"NAME" : "Andrews",
				"RESPONSIBILITY" : null,
				"ROTATION" : null,
				"STATUS" : null,
				"PROJECT_NO" : null,
				"YR" : null,
				"OWNER" : null,
				"LOCATION" : null,
				"COMMENTS" : "Andrews",
				"GIS_ENTRY_STAGE" : null,
				"WARRANTYDATE" : null,
				"CONDITION" : null,
				"CONDITIONDATE" : null,
				"YTD_COST" : null,
				"LIFECYCLE_COST" : null,
				"CRE_DATE" : "20081204",
				"MOD_DATE" : "20081204"
			}
		},
		{
			"type" : "Feature",
			"geometry" : {
				"type" : "Point",
				"coordinates" : [ 514720.49743076786, 5434462.5946601555 ]
			},
			"properties" : {
				"MISC_ASSET_TYPE" : 3,
				"MISC_ASSET_TYPE2" : "Subdivision Marker",
				"FACILITYID" : "1000960028",
				"LEGACYID" : null,
				"MATERIAL" : null,
				"LENGTH" : null,
				"NAME" : "Rockwell",
				"RESPONSIBILITY" : null,
				"ROTATION" : null,
				"STATUS" : null,
				"PROJECT_NO" : null,
				"YR" : null,
				"OWNER" : null,
				"LOCATION" : null,
				"COMMENTS" : "Rockwell",
				"GIS_ENTRY_STAGE" : null,
				"WARRANTYDATE" : null,
				"CONDITION" : null,
				"CONDITIONDATE" : null,
				"YTD_COST" : null,
				"LIFECYCLE_COST" : null,
				"CRE_DATE" : "20081204",
				"MOD_DATE" : "20081204"
			}
		},
		{
			"type" : "Feature",
			"geometry" : {
				"type" : "Point",
				"coordinates" : [ 510525.94966374803, 5431760.381243266 ]
			},
			"properties" : {
				"MISC_ASSET_TYPE" : 3,
				"MISC_ASSET_TYPE2" : "Subdivision Marker",
				"FACILITYID" : "1000959913",
				"LEGACYID" : null,
				"MATERIAL" : null,
				"LENGTH" : null,
				"NAME" : "Bridelwood",
				"RESPONSIBILITY" : null,
				"ROTATION" : null,
				"STATUS" : null,
				"PROJECT_NO" : null,
				"YR" : null,
				"OWNER" : null,
				"LOCATION" : null,
				"COMMENTS" : "Bridelwood",
				"GIS_ENTRY_STAGE" : null,
				"WARRANTYDATE" : null,
				"CONDITION" : null,
				"CONDITIONDATE" : null,
				"YTD_COST" : null,
				"LIFECYCLE_COST" : null,
				"CRE_DATE" : "20081204",
				"MOD_DATE" : "20081204"
			}
		},
		{
			"type" : "Feature",
			"geometry" : {
				"type" : "Point",
				"coordinates" : [ 508596.5342256054, 5438972.107272498 ]
			},
			"properties" : {
				"MISC_ASSET_TYPE" : 3,
				"MISC_ASSET_TYPE2" : "Subdivision Marker",
				"FACILITYID" : "1000959874",
				"LEGACYID" : null,
				"MATERIAL" : null,
				"LENGTH" : null,
				"NAME" : "Hyland Ridge Estates",
				"RESPONSIBILITY" : null,
				"ROTATION" : null,
				"STATUS" : null,
				"PROJECT_NO" : null,
				"YR" : null,
				"OWNER" : null,
				"LOCATION" : null,
				"COMMENTS" : "Hyland Ridge Estates",
				"GIS_ENTRY_STAGE" : null,
				"WARRANTYDATE" : null,
				"CONDITION" : null,
				"CONDITIONDATE" : null,
				"YTD_COST" : null,
				"LIFECYCLE_COST" : null,
				"CRE_DATE" : "20081204",
				"MOD_DATE" : "20081204"
			}
		},
		{
			"type" : "Feature",
			"geometry" : {
				"type" : "Point",
				"coordinates" : [ 513956.838297409, 5431496.701309672 ]
			},
			"properties" : {
				"MISC_ASSET_TYPE" : 3,
				"MISC_ASSET_TYPE2" : "Subdivision Marker",
				"FACILITYID" : "1000959897",
				"LEGACYID" : null,
				"MATERIAL" : null,
				"LENGTH" : null,
				"NAME" : "Southpoint at the Park",
				"RESPONSIBILITY" : null,
				"ROTATION" : null,
				"STATUS" : null,
				"PROJECT_NO" : null,
				"YR" : null,
				"OWNER" : null,
				"LOCATION" : null,
				"COMMENTS" : "Southpoint at the Park",
				"GIS_ENTRY_STAGE" : null,
				"WARRANTYDATE" : null,
				"CONDITION" : null,
				"CONDITIONDATE" : null,
				"YTD_COST" : null,
				"LIFECYCLE_COST" : null,
				"CRE_DATE" : "20081204",
				"MOD_DATE" : "20081204"
			}
		},
		{
			"type" : "Feature",
			"geometry" : {
				"type" : "Point",
				"coordinates" : [ 512113.93018213287, 5432156.147126567 ]
			},
			"properties" : {
				"MISC_ASSET_TYPE" : 3,
				"MISC_ASSET_TYPE2" : "Subdivision Marker",
				"FACILITYID" : "1000959983",
				"LEGACYID" : null,
				"MATERIAL" : null,
				"LENGTH" : null,
				"NAME" : "Forest Edge",
				"RESPONSIBILITY" : null,
				"ROTATION" : null,
				"STATUS" : null,
				"PROJECT_NO" : null,
				"YR" : null,
				"OWNER" : null,
				"LOCATION" : null,
				"COMMENTS" : "Forest Edge",
				"GIS_ENTRY_STAGE" : null,
				"WARRANTYDATE" : null,
				"CONDITION" : null,
				"CONDITIONDATE" : null,
				"YTD_COST" : null,
				"LIFECYCLE_COST" : null,
				"CRE_DATE" : "20081204",
				"MOD_DATE" : "20081204"
			}
		},
		{
			"type" : "Feature",
			"geometry" : {
				"type" : "Point",
				"coordinates" : [ 511897.3870183937, 5432565.873073654 ]
			},
			"properties" : {
				"MISC_ASSET_TYPE" : 3,
				"MISC_ASSET_TYPE2" : "Subdivision Marker",
				"FACILITYID" : "1000959989",
				"LEGACYID" : null,
				"MATERIAL" : null,
				"LENGTH" : null,
				"NAME" : null,
				"RESPONSIBILITY" : null,
				"ROTATION" : null,
				"STATUS" : null,
				"PROJECT_NO" : null,
				"YR" : null,
				"OWNER" : null,
				"LOCATION" : null,
				"COMMENTS" : null,
				"GIS_ENTRY_STAGE" : null,
				"WARRANTYDATE" : null,
				"CONDITION" : null,
				"CONDITIONDATE" : null,
				"YTD_COST" : null,
				"LIFECYCLE_COST" : null,
				"CRE_DATE" : "20081204",
				"MOD_DATE" : null
			}
		},
		{
			"type" : "Feature",
			"geometry" : {
				"type" : "Point",
				"coordinates" : [ 515448.21304830816, 5434573.909745773 ]
			},
			"properties" : {
				"MISC_ASSET_TYPE" : 3,
				"MISC_ASSET_TYPE2" : "Subdivision Marker",
				"FACILITYID" : "1000960025",
				"LEGACYID" : null,
				"MATERIAL" : null,
				"LENGTH" : null,
				"NAME" : "Morgan Creek",
				"RESPONSIBILITY" : null,
				"ROTATION" : null,
				"STATUS" : null,
				"PROJECT_NO" : null,
				"YR" : null,
				"OWNER" : null,
				"LOCATION" : null,
				"COMMENTS" : "Morgan Creek",
				"GIS_ENTRY_STAGE" : null,
				"WARRANTYDATE" : null,
				"CONDITION" : null,
				"CONDITIONDATE" : null,
				"YTD_COST" : null,
				"LIFECYCLE_COST" : null,
				"CRE_DATE" : "20081204",
				"MOD_DATE" : "20081204"
			}
		},
		{
			"type" : "Feature",
			"geometry" : {
				"type" : "Point",
				"coordinates" : [ 510489.6214816561, 5430956.838777602 ]
			},
			"properties" : {
				"MISC_ASSET_TYPE" : 3,
				"MISC_ASSET_TYPE2" : "Subdivision Marker",
				"FACILITYID" : "1000959881",
				"LEGACYID" : null,
				"MATERIAL" : null,
				"LENGTH" : null,
				"NAME" : "Amblegreen Park",
				"RESPONSIBILITY" : null,
				"ROTATION" : null,
				"STATUS" : null,
				"PROJECT_NO" : null,
				"YR" : null,
				"OWNER" : null,
				"LOCATION" : null,
				"COMMENTS" : "Amblegreen Park",
				"GIS_ENTRY_STAGE" : null,
				"WARRANTYDATE" : null,
				"CONDITION" : null,
				"CONDITIONDATE" : null,
				"YTD_COST" : null,
				"LIFECYCLE_COST" : null,
				"CRE_DATE" : "20081204",
				"MOD_DATE" : "20081204"
			}
		},
		{
			"type" : "Feature",
			"geometry" : {
				"type" : "Point",
				"coordinates" : [ 512091.70547053963, 5432133.657283805 ]
			},
			"properties" : {
				"MISC_ASSET_TYPE" : 3,
				"MISC_ASSET_TYPE2" : "Subdivision Marker",
				"FACILITYID" : "1000959979",
				"LEGACYID" : null,
				"MATERIAL" : null,
				"LENGTH" : null,
				"NAME" : "Chantrell Park / Nichol Gate",
				"RESPONSIBILITY" : null,
				"ROTATION" : null,
				"STATUS" : null,
				"PROJECT_NO" : null,
				"YR" : null,
				"OWNER" : null,
				"LOCATION" : null,
				"COMMENTS" : "Chantrell Park / Nichol Gate",
				"GIS_ENTRY_STAGE" : null,
				"WARRANTYDATE" : null,
				"CONDITION" : null,
				"CONDITIONDATE" : null,
				"YTD_COST" : null,
				"LIFECYCLE_COST" : null,
				"CRE_DATE" : "20081204",
				"MOD_DATE" : "20081204"
			}
		},
		{
			"type" : "Feature",
			"geometry" : {
				"type" : "Point",
				"coordinates" : [ 512818.95442195795, 5431245.2802556865 ]
			},
			"properties" : {
				"MISC_ASSET_TYPE" : 3,
				"MISC_ASSET_TYPE2" : "Subdivision Marker",
				"FACILITYID" : "1000959885",
				"LEGACYID" : null,
				"MATERIAL" : null,
				"LENGTH" : null,
				"NAME" : "Bay Ridge Court",
				"RESPONSIBILITY" : null,
				"ROTATION" : null,
				"STATUS" : null,
				"PROJECT_NO" : null,
				"YR" : null,
				"OWNER" : null,
				"LOCATION" : null,
				"COMMENTS" : "Bay Ridge Court",
				"GIS_ENTRY_STAGE" : null,
				"WARRANTYDATE" : null,
				"CONDITION" : null,
				"CONDITIONDATE" : null,
				"YTD_COST" : null,
				"LIFECYCLE_COST" : null,
				"CRE_DATE" : "20081204",
				"MOD_DATE" : "20081204"
			}
		},
		{
			"type" : "Feature",
			"geometry" : {
				"type" : "Point",
				"coordinates" : [ 515177.55678205285, 5434300.364510942 ]
			},
			"properties" : {
				"MISC_ASSET_TYPE" : 3,
				"MISC_ASSET_TYPE2" : "Subdivision Marker",
				"FACILITYID" : "1000960032",
				"LEGACYID" : null,
				"MATERIAL" : null,
				"LENGTH" : null,
				"NAME" : "Carrington",
				"RESPONSIBILITY" : null,
				"ROTATION" : null,
				"STATUS" : null,
				"PROJECT_NO" : null,
				"YR" : null,
				"OWNER" : null,
				"LOCATION" : null,
				"COMMENTS" : "Carrington",
				"GIS_ENTRY_STAGE" : null,
				"WARRANTYDATE" : null,
				"CONDITION" : null,
				"CONDITIONDATE" : null,
				"YTD_COST" : null,
				"LIFECYCLE_COST" : null,
				"CRE_DATE" : "20081204",
				"MOD_DATE" : "20081204"
			}
		},
		{
			"type" : "Feature",
			"geometry" : {
				"type" : "Point",
				"coordinates" : [ 508829.3273200281, 5439031.846877933 ]
			},
			"properties" : {
				"MISC_ASSET_TYPE" : 3,
				"MISC_ASSET_TYPE2" : "Subdivision Marker",
				"FACILITYID" : "1000959877",
				"LEGACYID" : null,
				"MATERIAL" : null,
				"LENGTH" : null,
				"NAME" : "Panorama Ridge Estates",
				"RESPONSIBILITY" : null,
				"ROTATION" : null,
				"STATUS" : null,
				"PROJECT_NO" : null,
				"YR" : null,
				"OWNER" : null,
				"LOCATION" : null,
				"COMMENTS" : "Panorama Ridge Estates",
				"GIS_ENTRY_STAGE" : null,
				"WARRANTYDATE" : null,
				"CONDITION" : null,
				"CONDITIONDATE" : null,
				"YTD_COST" : null,
				"LIFECYCLE_COST" : null,
				"CRE_DATE" : "20081204",
				"MOD_DATE" : "20081204"
			}
		},
		{
			"type" : "Feature",
			"geometry" : {
				"type" : "Point",
				"coordinates" : [ 514229.6683815792, 5431752.278887585 ]
			},
			"properties" : {
				"MISC_ASSET_TYPE" : 3,
				"MISC_ASSET_TYPE2" : "Subdivision Marker",
				"FACILITYID" : "1000960046",
				"LEGACYID" : null,
				"MATERIAL" : null,
				"LENGTH" : null,
				"NAME" : "High Grove",
				"RESPONSIBILITY" : null,
				"ROTATION" : null,
				"STATUS" : null,
				"PROJECT_NO" : null,
				"YR" : null,
				"OWNER" : null,
				"LOCATION" : null,
				"COMMENTS" : "High Grove",
				"GIS_ENTRY_STAGE" : null,
				"WARRANTYDATE" : null,
				"CONDITION" : null,
				"CONDITIONDATE" : null,
				"YTD_COST" : null,
				"LIFECYCLE_COST" : null,
				"CRE_DATE" : "20081204",
				"MOD_DATE" : "20081204"
			}
		},
		{
			"type" : "Feature",
			"geometry" : {
				"type" : "Point",
				"coordinates" : [ 514245.27874130197, 5431752.808014788 ]
			},
			"properties" : {
				"MISC_ASSET_TYPE" : 3,
				"MISC_ASSET_TYPE2" : "Subdivision Marker",
				"FACILITYID" : "1000960047",
				"LEGACYID" : null,
				"MATERIAL" : null,
				"LENGTH" : null,
				"NAME" : "High Grove",
				"RESPONSIBILITY" : null,
				"ROTATION" : null,
				"STATUS" : null,
				"PROJECT_NO" : null,
				"YR" : null,
				"OWNER" : null,
				"LOCATION" : null,
				"COMMENTS" : "High Grove",
				"GIS_ENTRY_STAGE" : null,
				"WARRANTYDATE" : null,
				"CONDITION" : null,
				"CONDITIONDATE" : null,
				"YTD_COST" : null,
				"LIFECYCLE_COST" : null,
				"CRE_DATE" : "20081204",
				"MOD_DATE" : "20081204"
			}
		},
		{
			"type" : "Feature",
			"geometry" : {
				"type" : "Point",
				"coordinates" : [ 512902.18044160027, 5431476.00429181 ]
			},
			"properties" : {
				"MISC_ASSET_TYPE" : 3,
				"MISC_ASSET_TYPE2" : "Subdivision Marker",
				"FACILITYID" : "1000959894",
				"LEGACYID" : null,
				"MATERIAL" : null,
				"LENGTH" : null,
				"NAME" : "Brambley Hedge",
				"RESPONSIBILITY" : null,
				"ROTATION" : null,
				"STATUS" : null,
				"PROJECT_NO" : null,
				"YR" : null,
				"OWNER" : null,
				"LOCATION" : null,
				"COMMENTS" : "Brambley Hedge",
				"GIS_ENTRY_STAGE" : null,
				"WARRANTYDATE" : null,
				"CONDITION" : null,
				"CONDITIONDATE" : null,
				"YTD_COST" : null,
				"LIFECYCLE_COST" : null,
				"CRE_DATE" : "20081204",
				"MOD_DATE" : "20081204"
			}
		},
		{
			"type" : "Feature",
			"geometry" : {
				"type" : "Point",
				"coordinates" : [ 511659.3980212584, 5431734.705147674 ]
			},
			"properties" : {
				"MISC_ASSET_TYPE" : 3,
				"MISC_ASSET_TYPE2" : "Subdivision Marker",
				"FACILITYID" : "1000959909",
				"LEGACYID" : null,
				"MATERIAL" : null,
				"LENGTH" : null,
				"NAME" : "Bell Park Estates",
				"RESPONSIBILITY" : null,
				"ROTATION" : null,
				"STATUS" : null,
				"PROJECT_NO" : null,
				"YR" : null,
				"OWNER" : null,
				"LOCATION" : null,
				"COMMENTS" : "Bell Park Estates",
				"GIS_ENTRY_STAGE" : null,
				"WARRANTYDATE" : null,
				"CONDITION" : null,
				"CONDITIONDATE" : null,
				"YTD_COST" : null,
				"LIFECYCLE_COST" : null,
				"CRE_DATE" : "20081204",
				"MOD_DATE" : "20081204"
			}
		},
		{
			"type" : "Feature",
			"geometry" : {
				"type" : "Point",
				"coordinates" : [ 515125.0252069421, 5435280.422250757 ]
			},
			"properties" : {
				"MISC_ASSET_TYPE" : 3,
				"MISC_ASSET_TYPE2" : "Subdivision Marker",
				"FACILITYID" : "1000960040",
				"LEGACYID" : null,
				"MATERIAL" : null,
				"LENGTH" : null,
				"NAME" : "Ironwood",
				"RESPONSIBILITY" : null,
				"ROTATION" : null,
				"STATUS" : null,
				"PROJECT_NO" : null,
				"YR" : null,
				"OWNER" : null,
				"LOCATION" : null,
				"COMMENTS" : "Ironwood",
				"GIS_ENTRY_STAGE" : null,
				"WARRANTYDATE" : null,
				"CONDITION" : null,
				"CONDITIONDATE" : null,
				"YTD_COST" : null,
				"LIFECYCLE_COST" : null,
				"CRE_DATE" : "20081204",
				"MOD_DATE" : "20081204"
			}
		},
		{
			"type" : "Feature",
			"geometry" : {
				"type" : "Point",
				"coordinates" : [ 517770.4496338032, 5433383.69414535 ]
			},
			"properties" : {
				"MISC_ASSET_TYPE" : 3,
				"MISC_ASSET_TYPE2" : "Subdivision Marker",
				"FACILITYID" : "1000960007",
				"LEGACYID" : null,
				"MATERIAL" : null,
				"LENGTH" : null,
				"NAME" : "Grandview Estates",
				"RESPONSIBILITY" : null,
				"ROTATION" : null,
				"STATUS" : null,
				"PROJECT_NO" : null,
				"YR" : null,
				"OWNER" : null,
				"LOCATION" : null,
				"COMMENTS" : "Grandview Estates",
				"GIS_ENTRY_STAGE" : null,
				"WARRANTYDATE" : null,
				"CONDITION" : null,
				"CONDITIONDATE" : null,
				"YTD_COST" : null,
				"LIFECYCLE_COST" : null,
				"CRE_DATE" : "20081204",
				"MOD_DATE" : "20081204"
			}
		},
		{
			"type" : "Feature",
			"geometry" : {
				"type" : "Point",
				"coordinates" : [ 516120.21425291616, 5434173.173126612 ]
			},
			"properties" : {
				"MISC_ASSET_TYPE" : 3,
				"MISC_ASSET_TYPE2" : "Subdivision Marker",
				"FACILITYID" : "1000960020",
				"LEGACYID" : null,
				"MATERIAL" : null,
				"LENGTH" : null,
				"NAME" : "Morgan Creek",
				"RESPONSIBILITY" : null,
				"ROTATION" : null,
				"STATUS" : null,
				"PROJECT_NO" : null,
				"YR" : null,
				"OWNER" : null,
				"LOCATION" : null,
				"COMMENTS" : "Morgan Creek",
				"GIS_ENTRY_STAGE" : null,
				"WARRANTYDATE" : null,
				"CONDITION" : null,
				"CONDITIONDATE" : null,
				"YTD_COST" : null,
				"LIFECYCLE_COST" : null,
				"CRE_DATE" : "20081204",
				"MOD_DATE" : "20081204"
			}
		},
		{
			"type" : "Feature",
			"geometry" : {
				"type" : "Point",
				"coordinates" : [ 511396.64787235856, 5431352.040475413 ]
			},
			"properties" : {
				"MISC_ASSET_TYPE" : 3,
				"MISC_ASSET_TYPE2" : "Subdivision Marker",
				"FACILITYID" : "1000959891",
				"LEGACYID" : null,
				"MATERIAL" : null,
				"LENGTH" : null,
				"NAME" : "Bell Park Estates",
				"RESPONSIBILITY" : null,
				"ROTATION" : null,
				"STATUS" : null,
				"PROJECT_NO" : null,
				"YR" : null,
				"OWNER" : null,
				"LOCATION" : null,
				"COMMENTS" : "Bell Park Estates",
				"GIS_ENTRY_STAGE" : null,
				"WARRANTYDATE" : null,
				"CONDITION" : null,
				"CONDITIONDATE" : null,
				"YTD_COST" : null,
				"LIFECYCLE_COST" : null,
				"CRE_DATE" : "20081204",
				"MOD_DATE" : "20081204"
			}
		},
		{
			"type" : "Feature",
			"geometry" : {
				"type" : "Point",
				"coordinates" : [ 510253.479464123, 5431739.578320235 ]
			},
			"properties" : {
				"MISC_ASSET_TYPE" : 3,
				"MISC_ASSET_TYPE2" : "Subdivision Marker",
				"FACILITYID" : "1000959920",
				"LEGACYID" : null,
				"MATERIAL" : null,
				"LENGTH" : null,
				"NAME" : "Hampstead Heath",
				"RESPONSIBILITY" : null,
				"ROTATION" : null,
				"STATUS" : null,
				"PROJECT_NO" : null,
				"YR" : null,
				"OWNER" : null,
				"LOCATION" : null,
				"COMMENTS" : "Hampstead Heath",
				"GIS_ENTRY_STAGE" : null,
				"WARRANTYDATE" : null,
				"CONDITION" : null,
				"CONDITIONDATE" : null,
				"YTD_COST" : null,
				"LIFECYCLE_COST" : null,
				"CRE_DATE" : "20081204",
				"MOD_DATE" : "20081204"
			}
		},
		{
			"type" : "Feature",
			"geometry" : {
				"type" : "Point",
				"coordinates" : [ 513730.12847603206, 5433007.341182921 ]
			},
			"properties" : {
				"MISC_ASSET_TYPE" : 3,
				"MISC_ASSET_TYPE2" : "Subdivision Marker",
				"FACILITYID" : "1000960003",
				"LEGACYID" : null,
				"MATERIAL" : null,
				"LENGTH" : null,
				"NAME" : "Partridge Place",
				"RESPONSIBILITY" : null,
				"ROTATION" : null,
				"STATUS" : null,
				"PROJECT_NO" : null,
				"YR" : null,
				"OWNER" : null,
				"LOCATION" : null,
				"COMMENTS" : "Partridge Place",
				"GIS_ENTRY_STAGE" : null,
				"WARRANTYDATE" : null,
				"CONDITION" : null,
				"CONDITIONDATE" : null,
				"YTD_COST" : null,
				"LIFECYCLE_COST" : null,
				"CRE_DATE" : "20081204",
				"MOD_DATE" : "20081204"
			}
		},
		{
			"type" : "Feature",
			"geometry" : {
				"type" : "Point",
				"coordinates" : [ 514134.79562964384, 5432562.472053293 ]
			},
			"properties" : {
				"MISC_ASSET_TYPE" : 3,
				"MISC_ASSET_TYPE2" : "Subdivision Marker",
				"FACILITYID" : "1000959992",
				"LEGACYID" : null,
				"MATERIAL" : null,
				"LENGTH" : null,
				"NAME" : "Sherbrooke Estates",
				"RESPONSIBILITY" : null,
				"ROTATION" : null,
				"STATUS" : null,
				"PROJECT_NO" : null,
				"YR" : null,
				"OWNER" : null,
				"LOCATION" : null,
				"COMMENTS" : "Sherbrooke Estates",
				"GIS_ENTRY_STAGE" : null,
				"WARRANTYDATE" : null,
				"CONDITION" : null,
				"CONDITIONDATE" : null,
				"YTD_COST" : null,
				"LIFECYCLE_COST" : null,
				"CRE_DATE" : "20081204",
				"MOD_DATE" : "20081204"
			}
		},
		{
			"type" : "Feature",
			"geometry" : {
				"type" : "Point",
				"coordinates" : [ 517767.01418341696, 5431335.506398676 ]
			},
			"properties" : {
				"MISC_ASSET_TYPE" : 3,
				"MISC_ASSET_TYPE2" : "Subdivision Marker",
				"FACILITYID" : "1000959902",
				"LEGACYID" : null,
				"MATERIAL" : null,
				"LENGTH" : null,
				"NAME" : "Hazelmere Estates",
				"RESPONSIBILITY" : null,
				"ROTATION" : null,
				"STATUS" : null,
				"PROJECT_NO" : null,
				"YR" : null,
				"OWNER" : null,
				"LOCATION" : null,
				"COMMENTS" : "Hazelmere Estates",
				"GIS_ENTRY_STAGE" : null,
				"WARRANTYDATE" : null,
				"CONDITION" : null,
				"CONDITIONDATE" : null,
				"YTD_COST" : null,
				"LIFECYCLE_COST" : null,
				"CRE_DATE" : "20081204",
				"MOD_DATE" : "20081204"
			}
		},
		{
			"type" : "Feature",
			"geometry" : {
				"type" : "Point",
				"coordinates" : [ 512646.5631136261, 5434181.235885285 ]
			},
			"properties" : {
				"MISC_ASSET_TYPE" : 3,
				"MISC_ASSET_TYPE2" : "Subdivision Marker",
				"FACILITYID" : "1000960015",
				"LEGACYID" : null,
				"MATERIAL" : null,
				"LENGTH" : null,
				"NAME" : "The Estate at Elgin Creek",
				"RESPONSIBILITY" : null,
				"ROTATION" : null,
				"STATUS" : null,
				"PROJECT_NO" : null,
				"YR" : null,
				"OWNER" : null,
				"LOCATION" : null,
				"COMMENTS" : "The Estate at Elgin Creek",
				"GIS_ENTRY_STAGE" : null,
				"WARRANTYDATE" : null,
				"CONDITION" : null,
				"CONDITIONDATE" : null,
				"YTD_COST" : null,
				"LIFECYCLE_COST" : null,
				"CRE_DATE" : "20081204",
				"MOD_DATE" : "20081204"
			}
		},
		{
			"type" : "Feature",
			"geometry" : {
				"type" : "Point",
				"coordinates" : [ 521170.89966539666, 5438678.217276493 ]
			},
			"properties" : {
				"MISC_ASSET_TYPE" : 3,
				"MISC_ASSET_TYPE2" : "Subdivision Marker",
				"FACILITYID" : "1000959871",
				"LEGACYID" : null,
				"MATERIAL" : null,
				"LENGTH" : null,
				"NAME" : "Country Lane",
				"RESPONSIBILITY" : null,
				"ROTATION" : null,
				"STATUS" : null,
				"PROJECT_NO" : null,
				"YR" : null,
				"OWNER" : null,
				"LOCATION" : null,
				"COMMENTS" : "Country Lane",
				"GIS_ENTRY_STAGE" : null,
				"WARRANTYDATE" : null,
				"CONDITION" : null,
				"CONDITIONDATE" : null,
				"YTD_COST" : null,
				"LIFECYCLE_COST" : null,
				"CRE_DATE" : "20081204",
				"MOD_DATE" : "20081204"
			}
		},
		{
			"type" : "Feature",
			"geometry" : {
				"type" : "Point",
				"coordinates" : [ 513945.850772975, 5431363.206816159 ]
			},
			"properties" : {
				"MISC_ASSET_TYPE" : 3,
				"MISC_ASSET_TYPE2" : "Subdivision Marker",
				"FACILITYID" : "1000959899",
				"LEGACYID" : null,
				"MATERIAL" : null,
				"LENGTH" : null,
				"NAME" : "Southpoint at the Park",
				"RESPONSIBILITY" : null,
				"ROTATION" : null,
				"STATUS" : null,
				"PROJECT_NO" : null,
				"YR" : null,
				"OWNER" : null,
				"LOCATION" : null,
				"COMMENTS" : "Southpoint at the Park",
				"GIS_ENTRY_STAGE" : null,
				"WARRANTYDATE" : null,
				"CONDITION" : null,
				"CONDITIONDATE" : null,
				"YTD_COST" : null,
				"LIFECYCLE_COST" : null,
				"CRE_DATE" : "20081204",
				"MOD_DATE" : "20081204"
			}
		},
		{
			"type" : "Feature",
			"geometry" : {
				"type" : "Point",
				"coordinates" : [ 509942.91417147405, 5431737.9753943905 ]
			},
			"properties" : {
				"MISC_ASSET_TYPE" : 3,
				"MISC_ASSET_TYPE2" : "Subdivision Marker",
				"FACILITYID" : "1000959921",
				"LEGACYID" : null,
				"MATERIAL" : null,
				"LENGTH" : null,
				"NAME" : "Amble Green West",
				"RESPONSIBILITY" : null,
				"ROTATION" : null,
				"STATUS" : null,
				"PROJECT_NO" : null,
				"YR" : null,
				"OWNER" : null,
				"LOCATION" : null,
				"COMMENTS" : "Amble Green West",
				"GIS_ENTRY_STAGE" : null,
				"WARRANTYDATE" : null,
				"CONDITION" : null,
				"CONDITIONDATE" : null,
				"YTD_COST" : null,
				"LIFECYCLE_COST" : null,
				"CRE_DATE" : "20081204",
				"MOD_DATE" : "20081204"
			}
		},
		{
			"type" : "Feature",
			"geometry" : {
				"type" : "Point",
				"coordinates" : [ 514113.8722015172, 5432562.185382191 ]
			},
			"properties" : {
				"MISC_ASSET_TYPE" : 3,
				"MISC_ASSET_TYPE2" : "Subdivision Marker",
				"FACILITYID" : "1000959991",
				"LEGACYID" : null,
				"MATERIAL" : null,
				"LENGTH" : null,
				"NAME" : "Sherbrooke Estates",
				"RESPONSIBILITY" : null,
				"ROTATION" : null,
				"STATUS" : null,
				"PROJECT_NO" : null,
				"YR" : null,
				"OWNER" : null,
				"LOCATION" : null,
				"COMMENTS" : "Sherbrooke Estates",
				"GIS_ENTRY_STAGE" : null,
				"WARRANTYDATE" : null,
				"CONDITION" : null,
				"CONDITIONDATE" : null,
				"YTD_COST" : null,
				"LIFECYCLE_COST" : null,
				"CRE_DATE" : "20081204",
				"MOD_DATE" : "20081204"
			}
		},
		{
			"type" : "Feature",
			"geometry" : {
				"type" : "Point",
				"coordinates" : [ 510906.26600635424, 5431760.0205638 ]
			},
			"properties" : {
				"MISC_ASSET_TYPE" : 3,
				"MISC_ASSET_TYPE2" : "Subdivision Marker",
				"FACILITYID" : "1000959912",
				"LEGACYID" : null,
				"MATERIAL" : null,
				"LENGTH" : null,
				"NAME" : "Bridelwood",
				"RESPONSIBILITY" : null,
				"ROTATION" : null,
				"STATUS" : null,
				"PROJECT_NO" : null,
				"YR" : null,
				"OWNER" : null,
				"LOCATION" : null,
				"COMMENTS" : "Bridelwood",
				"GIS_ENTRY_STAGE" : null,
				"WARRANTYDATE" : null,
				"CONDITION" : null,
				"CONDITIONDATE" : null,
				"YTD_COST" : null,
				"LIFECYCLE_COST" : null,
				"CRE_DATE" : "20081204",
				"MOD_DATE" : "20081204"
			}
		},
		{
			"type" : "Feature",
			"geometry" : {
				"type" : "Point",
				"coordinates" : [ 511292.67832939327, 5432537.850948932 ]
			},
			"properties" : {
				"MISC_ASSET_TYPE" : 3,
				"MISC_ASSET_TYPE2" : "Subdivision Marker",
				"FACILITYID" : "1000959988",
				"LEGACYID" : null,
				"MATERIAL" : null,
				"LENGTH" : null,
				"NAME" : "Chentrell Place",
				"RESPONSIBILITY" : null,
				"ROTATION" : null,
				"STATUS" : null,
				"PROJECT_NO" : null,
				"YR" : null,
				"OWNER" : null,
				"LOCATION" : null,
				"COMMENTS" : "Chentrell Place",
				"GIS_ENTRY_STAGE" : null,
				"WARRANTYDATE" : null,
				"CONDITION" : null,
				"CONDITIONDATE" : null,
				"YTD_COST" : null,
				"LIFECYCLE_COST" : null,
				"CRE_DATE" : "20081204",
				"MOD_DATE" : "20081204"
			}
		},
		{
			"type" : "Feature",
			"geometry" : {
				"type" : "Point",
				"coordinates" : [ 514818.7368150605, 5434221.460010542 ]
			},
			"properties" : {
				"MISC_ASSET_TYPE" : 3,
				"MISC_ASSET_TYPE2" : "Subdivision Marker",
				"FACILITYID" : "1000960062",
				"LEGACYID" : null,
				"MATERIAL" : null,
				"LENGTH" : null,
				"NAME" : "Carrington",
				"RESPONSIBILITY" : null,
				"ROTATION" : null,
				"STATUS" : null,
				"PROJECT_NO" : null,
				"YR" : null,
				"OWNER" : null,
				"LOCATION" : null,
				"COMMENTS" : "Carrington",
				"GIS_ENTRY_STAGE" : null,
				"WARRANTYDATE" : null,
				"CONDITION" : null,
				"CONDITIONDATE" : null,
				"YTD_COST" : null,
				"LIFECYCLE_COST" : null,
				"CRE_DATE" : "20081204",
				"MOD_DATE" : "20081204"
			}
		},
		{
			"type" : "Feature",
			"geometry" : {
				"type" : "Point",
				"coordinates" : [ 510075.259776121, 5430730.663004614 ]
			},
			"properties" : {
				"MISC_ASSET_TYPE" : 3,
				"MISC_ASSET_TYPE2" : "Subdivision Marker",
				"FACILITYID" : "1000959878",
				"LEGACYID" : null,
				"MATERIAL" : null,
				"LENGTH" : null,
				"NAME" : "Ocean Crest",
				"RESPONSIBILITY" : null,
				"ROTATION" : null,
				"STATUS" : null,
				"PROJECT_NO" : null,
				"YR" : null,
				"OWNER" : null,
				"LOCATION" : null,
				"COMMENTS" : "Ocean Crest",
				"GIS_ENTRY_STAGE" : null,
				"WARRANTYDATE" : null,
				"CONDITION" : null,
				"CONDITIONDATE" : null,
				"YTD_COST" : null,
				"LIFECYCLE_COST" : null,
				"CRE_DATE" : "20081204",
				"MOD_DATE" : "20081204"
			}
		},
		{
			"type" : "Feature",
			"geometry" : {
				"type" : "Point",
				"coordinates" : [ 514112.21849529166, 5432531.957007518 ]
			},
			"properties" : {
				"MISC_ASSET_TYPE" : 3,
				"MISC_ASSET_TYPE2" : "Subdivision Marker",
				"FACILITYID" : "1000960001",
				"LEGACYID" : null,
				"MATERIAL" : null,
				"LENGTH" : null,
				"NAME" : "Meridian by the Sea",
				"RESPONSIBILITY" : null,
				"ROTATION" : null,
				"STATUS" : null,
				"PROJECT_NO" : null,
				"YR" : null,
				"OWNER" : null,
				"LOCATION" : null,
				"COMMENTS" : "Meridian by the Sea",
				"GIS_ENTRY_STAGE" : null,
				"WARRANTYDATE" : null,
				"CONDITION" : null,
				"CONDITIONDATE" : null,
				"YTD_COST" : null,
				"LIFECYCLE_COST" : null,
				"CRE_DATE" : "20081204",
				"MOD_DATE" : "20081204"
			}
		},
		{
			"type" : "Feature",
			"geometry" : {
				"type" : "Point",
				"coordinates" : [ 512526.6174649056, 5434154.46687435 ]
			},
			"properties" : {
				"MISC_ASSET_TYPE" : 3,
				"MISC_ASSET_TYPE2" : "Subdivision Marker",
				"FACILITYID" : "1000960011",
				"LEGACYID" : null,
				"MATERIAL" : null,
				"LENGTH" : null,
				"NAME" : "Elgin Park",
				"RESPONSIBILITY" : null,
				"ROTATION" : null,
				"STATUS" : null,
				"PROJECT_NO" : null,
				"YR" : null,
				"OWNER" : null,
				"LOCATION" : null,
				"COMMENTS" : "Elgin Park",
				"GIS_ENTRY_STAGE" : null,
				"WARRANTYDATE" : null,
				"CONDITION" : null,
				"CONDITIONDATE" : null,
				"YTD_COST" : null,
				"LIFECYCLE_COST" : null,
				"CRE_DATE" : "20081204",
				"MOD_DATE" : "20081204"
			}
		},
		{
			"type" : "Feature",
			"geometry" : {
				"type" : "Point",
				"coordinates" : [ 514099.1949749971, 5431139.496987365 ]
			},
			"properties" : {
				"MISC_ASSET_TYPE" : 3,
				"MISC_ASSET_TYPE2" : "Subdivision Marker",
				"FACILITYID" : "1000959889",
				"LEGACYID" : null,
				"MATERIAL" : null,
				"LENGTH" : null,
				"NAME" : "Englesea Place",
				"RESPONSIBILITY" : null,
				"ROTATION" : null,
				"STATUS" : null,
				"PROJECT_NO" : null,
				"YR" : null,
				"OWNER" : null,
				"LOCATION" : null,
				"COMMENTS" : "Englesea Place",
				"GIS_ENTRY_STAGE" : null,
				"WARRANTYDATE" : null,
				"CONDITION" : null,
				"CONDITIONDATE" : null,
				"YTD_COST" : null,
				"LIFECYCLE_COST" : null,
				"CRE_DATE" : "20081204",
				"MOD_DATE" : "20081204"
			}
		},
		{
			"type" : "Feature",
			"geometry" : {
				"type" : "Point",
				"coordinates" : [ 510407.2996948501, 5431758.910925768 ]
			},
			"properties" : {
				"MISC_ASSET_TYPE" : 3,
				"MISC_ASSET_TYPE2" : "Subdivision Marker",
				"FACILITYID" : "1000959916",
				"LEGACYID" : null,
				"MATERIAL" : null,
				"LENGTH" : null,
				"NAME" : "Huntington Park",
				"RESPONSIBILITY" : null,
				"ROTATION" : null,
				"STATUS" : null,
				"PROJECT_NO" : null,
				"YR" : null,
				"OWNER" : null,
				"LOCATION" : null,
				"COMMENTS" : "Huntington Park",
				"GIS_ENTRY_STAGE" : null,
				"WARRANTYDATE" : null,
				"CONDITION" : null,
				"CONDITIONDATE" : null,
				"YTD_COST" : null,
				"LIFECYCLE_COST" : null,
				"CRE_DATE" : "20081204",
				"MOD_DATE" : "20081204"
			}
		},
		{
			"type" : "Feature",
			"geometry" : {
				"type" : "Point",
				"coordinates" : [ 514725.7889864193, 5434449.89479579 ]
			},
			"properties" : {
				"MISC_ASSET_TYPE" : 3,
				"MISC_ASSET_TYPE2" : "Subdivision Marker",
				"FACILITYID" : "1000960029",
				"LEGACYID" : null,
				"MATERIAL" : null,
				"LENGTH" : null,
				"NAME" : "Rockwell",
				"RESPONSIBILITY" : null,
				"ROTATION" : null,
				"STATUS" : null,
				"PROJECT_NO" : null,
				"YR" : null,
				"OWNER" : null,
				"LOCATION" : null,
				"COMMENTS" : "Rockwell",
				"GIS_ENTRY_STAGE" : null,
				"WARRANTYDATE" : null,
				"CONDITION" : null,
				"CONDITIONDATE" : null,
				"YTD_COST" : null,
				"LIFECYCLE_COST" : null,
				"CRE_DATE" : "20081204",
				"MOD_DATE" : "20081204"
			}
		},
		{
			"type" : "Feature",
			"geometry" : {
				"type" : "Point",
				"coordinates" : [ 509491.409433187, 5431761.681257334 ]
			},
			"properties" : {
				"MISC_ASSET_TYPE" : 3,
				"MISC_ASSET_TYPE2" : "Subdivision Marker",
				"FACILITYID" : "1000959922",
				"LEGACYID" : null,
				"MATERIAL" : null,
				"LENGTH" : null,
				"NAME" : "Ocean Cliff Estates",
				"RESPONSIBILITY" : null,
				"ROTATION" : null,
				"STATUS" : null,
				"PROJECT_NO" : null,
				"YR" : null,
				"OWNER" : null,
				"LOCATION" : null,
				"COMMENTS" : "Ocean Cliff Estates",
				"GIS_ENTRY_STAGE" : null,
				"WARRANTYDATE" : null,
				"CONDITION" : null,
				"CONDITIONDATE" : null,
				"YTD_COST" : null,
				"LIFECYCLE_COST" : null,
				"CRE_DATE" : "20081204",
				"MOD_DATE" : "20081204"
			}
		},
		{
			"type" : "Feature",
			"geometry" : {
				"type" : "Point",
				"coordinates" : [ 509502.7865887452, 5431763.0044044 ]
			},
			"properties" : {
				"MISC_ASSET_TYPE" : 3,
				"MISC_ASSET_TYPE2" : "Subdivision Marker",
				"FACILITYID" : "1000959923",
				"LEGACYID" : null,
				"MATERIAL" : null,
				"LENGTH" : null,
				"NAME" : "Ocean Cliff Estates",
				"RESPONSIBILITY" : null,
				"ROTATION" : null,
				"STATUS" : null,
				"PROJECT_NO" : null,
				"YR" : null,
				"OWNER" : null,
				"LOCATION" : null,
				"COMMENTS" : "Ocean Cliff Estates",
				"GIS_ENTRY_STAGE" : null,
				"WARRANTYDATE" : null,
				"CONDITION" : null,
				"CONDITIONDATE" : null,
				"YTD_COST" : null,
				"LIFECYCLE_COST" : null,
				"CRE_DATE" : "20081204",
				"MOD_DATE" : "20081204"
			}
		},
		{
			"type" : "Feature",
			"geometry" : {
				"type" : "Point",
				"coordinates" : [ 510097.3254775172, 5431066.447193896 ]
			},
			"properties" : {
				"MISC_ASSET_TYPE" : 3,
				"MISC_ASSET_TYPE2" : "Subdivision Marker",
				"FACILITYID" : "1000959975",
				"LEGACYID" : null,
				"MATERIAL" : null,
				"LENGTH" : null,
				"NAME" : null,
				"RESPONSIBILITY" : null,
				"ROTATION" : null,
				"STATUS" : null,
				"PROJECT_NO" : null,
				"YR" : null,
				"OWNER" : null,
				"LOCATION" : null,
				"COMMENTS" : null,
				"GIS_ENTRY_STAGE" : null,
				"WARRANTYDATE" : null,
				"CONDITION" : null,
				"CONDITIONDATE" : null,
				"YTD_COST" : null,
				"LIFECYCLE_COST" : null,
				"CRE_DATE" : "20081204",
				"MOD_DATE" : null
			}
		},
		{
			"type" : "Feature",
			"geometry" : {
				"type" : "Point",
				"coordinates" : [ 516121.1117945593, 5435390.383288065 ]
			},
			"properties" : {
				"MISC_ASSET_TYPE" : 3,
				"MISC_ASSET_TYPE2" : "Subdivision Marker",
				"FACILITYID" : "1000960024",
				"LEGACYID" : null,
				"MATERIAL" : null,
				"LENGTH" : null,
				"NAME" : "Morgan Creek",
				"RESPONSIBILITY" : null,
				"ROTATION" : null,
				"STATUS" : null,
				"PROJECT_NO" : null,
				"YR" : null,
				"OWNER" : null,
				"LOCATION" : null,
				"COMMENTS" : "Morgan Creek",
				"GIS_ENTRY_STAGE" : null,
				"WARRANTYDATE" : null,
				"CONDITION" : null,
				"CONDITIONDATE" : null,
				"YTD_COST" : null,
				"LIFECYCLE_COST" : null,
				"CRE_DATE" : "20081204",
				"MOD_DATE" : "20081204"
			}
		},
		{
			"type" : "Feature",
			"geometry" : {
				"type" : "Point",
				"coordinates" : [ 516611.51117356867, 5434989.230854293 ]
			},
			"properties" : {
				"MISC_ASSET_TYPE" : 3,
				"MISC_ASSET_TYPE2" : "Subdivision Marker",
				"FACILITYID" : "1000960027",
				"LEGACYID" : null,
				"MATERIAL" : null,
				"LENGTH" : null,
				"NAME" : "Canterbury Lane",
				"RESPONSIBILITY" : null,
				"ROTATION" : null,
				"STATUS" : null,
				"PROJECT_NO" : null,
				"YR" : null,
				"OWNER" : null,
				"LOCATION" : null,
				"COMMENTS" : "Canterbury Lane",
				"GIS_ENTRY_STAGE" : null,
				"WARRANTYDATE" : null,
				"CONDITION" : null,
				"CONDITIONDATE" : null,
				"YTD_COST" : null,
				"LIFECYCLE_COST" : null,
				"CRE_DATE" : "20081204",
				"MOD_DATE" : "20081204"
			}
		},
		{
			"type" : "Feature",
			"geometry" : {
				"type" : "Point",
				"coordinates" : [ 513961.69798569195, 5431507.365665326 ]
			},
			"properties" : {
				"MISC_ASSET_TYPE" : 3,
				"MISC_ASSET_TYPE2" : "Subdivision Marker",
				"FACILITYID" : "1000959898",
				"LEGACYID" : null,
				"MATERIAL" : null,
				"LENGTH" : null,
				"NAME" : "Southpoint at the Park",
				"RESPONSIBILITY" : null,
				"ROTATION" : null,
				"STATUS" : null,
				"PROJECT_NO" : null,
				"YR" : null,
				"OWNER" : null,
				"LOCATION" : null,
				"COMMENTS" : "Southpoint at the Park",
				"GIS_ENTRY_STAGE" : null,
				"WARRANTYDATE" : null,
				"CONDITION" : null,
				"CONDITIONDATE" : null,
				"YTD_COST" : null,
				"LIFECYCLE_COST" : null,
				"CRE_DATE" : "20081204",
				"MOD_DATE" : "20081204"
			}
		},
		{
			"type" : "Feature",
			"geometry" : {
				"type" : "Point",
				"coordinates" : [ 512081.65119932033, 5432144.240472205 ]
			},
			"properties" : {
				"MISC_ASSET_TYPE" : 3,
				"MISC_ASSET_TYPE2" : "Subdivision Marker",
				"FACILITYID" : "1000959981",
				"LEGACYID" : null,
				"MATERIAL" : null,
				"LENGTH" : null,
				"NAME" : "Chantrell Park / Nichol Gate",
				"RESPONSIBILITY" : null,
				"ROTATION" : null,
				"STATUS" : null,
				"PROJECT_NO" : null,
				"YR" : null,
				"OWNER" : null,
				"LOCATION" : null,
				"COMMENTS" : "Chantrell Park / Nichol Gate",
				"GIS_ENTRY_STAGE" : null,
				"WARRANTYDATE" : null,
				"CONDITION" : null,
				"CONDITIONDATE" : null,
				"YTD_COST" : null,
				"LIFECYCLE_COST" : null,
				"CRE_DATE" : "20081204",
				"MOD_DATE" : "20081204"
			}
		},
		{
			"type" : "Feature",
			"geometry" : {
				"type" : "Point",
				"coordinates" : [ 511414.1104853265, 5431351.776308134 ]
			},
			"properties" : {
				"MISC_ASSET_TYPE" : 3,
				"MISC_ASSET_TYPE2" : "Subdivision Marker",
				"FACILITYID" : "1000959892",
				"LEGACYID" : null,
				"MATERIAL" : null,
				"LENGTH" : null,
				"NAME" : "Bell Park Estates",
				"RESPONSIBILITY" : null,
				"ROTATION" : null,
				"STATUS" : null,
				"PROJECT_NO" : null,
				"YR" : null,
				"OWNER" : null,
				"LOCATION" : null,
				"COMMENTS" : "Bell Park Estates",
				"GIS_ENTRY_STAGE" : null,
				"WARRANTYDATE" : null,
				"CONDITION" : null,
				"CONDITIONDATE" : null,
				"YTD_COST" : null,
				"LIFECYCLE_COST" : null,
				"CRE_DATE" : "20081204",
				"MOD_DATE" : "20081204"
			}
		},
		{
			"type" : "Feature",
			"geometry" : {
				"type" : "Point",
				"coordinates" : [ 517764.8971156366, 5431358.525561353 ]
			},
			"properties" : {
				"MISC_ASSET_TYPE" : 3,
				"MISC_ASSET_TYPE2" : "Subdivision Marker",
				"FACILITYID" : "1000959901",
				"LEGACYID" : null,
				"MATERIAL" : null,
				"LENGTH" : null,
				"NAME" : "Hazelmere Estates",
				"RESPONSIBILITY" : null,
				"ROTATION" : null,
				"STATUS" : null,
				"PROJECT_NO" : null,
				"YR" : null,
				"OWNER" : null,
				"LOCATION" : null,
				"COMMENTS" : "Hazelmere Estates",
				"GIS_ENTRY_STAGE" : null,
				"WARRANTYDATE" : null,
				"CONDITION" : null,
				"CONDITIONDATE" : null,
				"YTD_COST" : null,
				"LIFECYCLE_COST" : null,
				"CRE_DATE" : "20081204",
				"MOD_DATE" : "20081204"
			}
		},
		{
			"type" : "Feature",
			"geometry" : {
				"type" : "Point",
				"coordinates" : [ 511567.02139003575, 5431759.332153318 ]
			},
			"properties" : {
				"MISC_ASSET_TYPE" : 3,
				"MISC_ASSET_TYPE2" : "Subdivision Marker",
				"FACILITYID" : "1000959910",
				"LEGACYID" : null,
				"MATERIAL" : null,
				"LENGTH" : null,
				"NAME" : "Chantrell Park Estates",
				"RESPONSIBILITY" : null,
				"ROTATION" : null,
				"STATUS" : null,
				"PROJECT_NO" : null,
				"YR" : null,
				"OWNER" : null,
				"LOCATION" : null,
				"COMMENTS" : "Chantrell Park Estates",
				"GIS_ENTRY_STAGE" : null,
				"WARRANTYDATE" : null,
				"CONDITION" : null,
				"CONDITIONDATE" : null,
				"YTD_COST" : null,
				"LIFECYCLE_COST" : null,
				"CRE_DATE" : "20081204",
				"MOD_DATE" : "20081204"
			}
		},
		{
			"type" : "Feature",
			"geometry" : {
				"type" : "Point",
				"coordinates" : [ 510097.71872427687, 5431051.128344037 ]
			},
			"properties" : {
				"MISC_ASSET_TYPE" : 3,
				"MISC_ASSET_TYPE2" : "Subdivision Marker",
				"FACILITYID" : "1000959976",
				"LEGACYID" : null,
				"MATERIAL" : null,
				"LENGTH" : null,
				"NAME" : null,
				"RESPONSIBILITY" : null,
				"ROTATION" : null,
				"STATUS" : null,
				"PROJECT_NO" : null,
				"YR" : null,
				"OWNER" : null,
				"LOCATION" : null,
				"COMMENTS" : null,
				"GIS_ENTRY_STAGE" : null,
				"WARRANTYDATE" : null,
				"CONDITION" : null,
				"CONDITIONDATE" : null,
				"YTD_COST" : null,
				"LIFECYCLE_COST" : null,
				"CRE_DATE" : "20081204",
				"MOD_DATE" : null
			}
		}
	]
}