[
{
"json_featuretype":"CSV"
,"Economic Indicator":"Population - Census"
,"Type":"Demographics"
,"2016":517887
,"2011":468251
}
,{
"json_featuretype":"CSV"
,"Economic Indicator":"Population - Estimates"
,"Type":"Demographics"
,"2017":534720
,"2015":516420
,"2014":507370
,"2013":501300
,"2012":492780
}
,{
"json_featuretype":"CSV"
,"Economic Indicator":"Industrial"
,"Type":"Construction Activity($)"
,"2017":135284238
,"2016":117674093
,"2015":187741180
,"2014":98451002
,"2013":47297398
,"2012":55914920
,"2011":75394103
}
,{
"json_featuretype":"CSV"
,"Economic Indicator":"Commercial"
,"Type":"Construction Activity($)"
,"2017":114750423
,"2016":171232769
,"2015":187159516
,"2014":186489875
,"2013":169565375
,"2012":194637718
,"2011":266577373
}
,{
"json_featuretype":"CSV"
,"Economic Indicator":"Single Family"
,"Type":"Housing Units Added"
,"2017":1685
,"2016":1698
,"2015":1570
,"2014":1419
,"2013":989
,"2012":1513
,"2011":1094
}
,{
"json_featuretype":"CSV"
,"Economic Indicator":"Apartments"
,"Type":"Housing Units Added"
,"2017":1413
,"2016":942
,"2015":1454
,"2014":725
,"2013":1532
,"2012":1049
,"2011":579
}
,{
"json_featuretype":"CSV"
,"Economic Indicator":"Townhouses"
,"Type":"Housing Units Added"
,"2017":1441
,"2016":1622
,"2015":1351
,"2014":900
,"2013":1369
,"2012":1433
,"2011":1076
}
,{
"json_featuretype":"CSV"
,"Economic Indicator":"Employment Rate"
,"Type":"Vancouver Metropolitan Area (%) - CANSIM"
,"2017":64
,"2016":63
,"2015":61
,"2014":61
,"2013":61
,"2012":62
,"2011":68
}
,{
"json_featuretype":"CSV"
,"Economic Indicator":"Unemployment Rate"
,"Type":"Vancouver Metropolitan Area (%) - CANSIM"
,"2017":5
,"2016":5
,"2015":6
,"2014":6
,"2013":7
,"2012":7
,"2011":7
}
,{
"json_featuretype":"CSV"
,"Economic Indicator":"Employment Rate"
,"Type":"Surrey (%) - Census"
,"2016":61
,"2011":60
}
,{
"json_featuretype":"CSV"
,"Economic Indicator":"Unemployment Rate "
,"Type":"Surrey (%) - Census"
,"2016":7
,"2011":8
}
,{
"json_featuretype":"CSV"
,"Economic Indicator":"New Business Licences Issued"
,"Type":"Number of Businesses"
,"2017":2642
,"2016":2187
,"2015":2282
,"2014":2539
,"2013":2003
,"2012":2096
,"2011":2334
}
,{
"json_featuretype":"CSV"
,"Economic Indicator":"Total Active Business Licences"
,"Type":"Number of Businesses"
,"2017":17015
,"2016":16816
,"2015":15938
,"2014":15957
,"2013":14749
,"2012":15317
,"2011":15274
}
,{
"json_featuretype":"CSV"
,"Economic Indicator":"Business Incorporations"
,"Type":"Number of Business Incorporations"
,"2017":6031
,"2016":5619
,"2015":4765
,"2014":4009
,"2013":3601
,"2012":3616
,"2011":3334
}
]