[
{
"json_featuretype":"CSV"
,"CITY OF SURREY":"OPEN DATA 2015 YEAR TO DATE DEPARTMENT FINANCIAL INFORMATION - OPERATIONAL BUDGETS"
,"col1":""
,"col2":""
,"col3":""
,"col4":""
,"col5":""
,"col6":""
,"col7":""
,"col8":""
,"col9":""
,"col10":""
,"col11":""
,"col12":""
,"col13":""
,"col14":""
,"col15":""
,"col16":""
,"col17":""
,"col18":""
,"col19":""
,"col20":""
,"col21":""
,"col22":""
,"col23":""
,"col24":""
,"col25":""
,"col26":""
,"col27":""
,"col28":""
,"col29":""
,"col30":""
,"col31":""
}
,{
"json_featuretype":"CSV"
,"CITY OF SURREY":"For the Period:  201500 - 201512"
,"col1":""
,"col2":""
,"col3":""
,"col4":""
,"col5":""
,"col6":""
,"col7":""
,"col8":""
,"col9":""
,"col10":""
,"col11":""
,"col12":""
,"col13":""
,"col14":""
,"col15":""
,"col16":""
,"col17":""
,"col18":""
,"col19":""
,"col20":""
,"col21":""
,"col22":""
,"col23":""
,"col24":""
,"col25":""
,"col26":""
,"col27":""
,"col28":""
,"col29":""
,"col30":""
,"col31":""
}
,{
"json_featuretype":"CSV"
,"CITY OF SURREY":"For Funds: ´100´,´103´,´105´,´106´,´107´,´200´,´300´,´305´,´400´"
,"col1":""
,"col2":""
,"col3":""
,"col4":""
,"col5":""
,"col6":""
,"col7":""
,"col8":""
,"col9":""
,"col10":""
,"col11":""
,"col12":""
,"col13":""
,"col14":""
,"col15":""
,"col16":""
,"col17":""
,"col18":""
,"col19":""
,"col20":""
,"col21":""
,"col22":""
,"col23":""
,"col24":""
,"col25":""
,"col26":""
,"col27":""
,"col28":""
,"col29":""
,"col30":""
,"col31":""
}
,{
"json_featuretype":"CSV"
,"CITY OF SURREY":""
,"col1":""
,"col2":""
,"col3":"REVENUES"
,"col4":""
,"col5":""
,"col6":""
,"col7":"EXPENDITURES"
,"col8":""
,"col9":""
,"col10":""
,"col11":""
,"col12":""
,"col13":"INTERNAL TRANSFERS"
,"col14":""
,"col15":""
,"col16":""
,"col17":""
,"col18":""
,"col19":""
,"col20":""
,"col21":""
,"col22":""
,"col23":""
,"col24":""
,"col25":""
,"col26":""
,"col27":""
,"col28":""
,"col29":""
,"col30":""
,"col31":""
}
,{
"json_featuretype":"CSV"
,"CITY OF SURREY":""
,"col1":""
,"col2":""
,"col3":""
,"col4":"Sales and"
,"col5":"Grants, Donations"
,"col6":""
,"col7":"Salaries &"
,"col8":"Operating"
,"col9":"Internal Serv."
,"col10":"Internal Serv."
,"col11":"External"
,"col12":""
,"col13":"Trsf from"
,"col14":"Trsf to"
,"col15":""
,"col16":"NET (SURPLUS)"
,"col17":""
,"col18":""
,"col19":""
,"col20":""
,"col21":""
,"col22":""
,"col23":""
,"col24":""
,"col25":""
,"col26":""
,"col27":""
,"col28":""
,"col29":""
,"col30":""
,"col31":""
}
,{
"json_featuretype":"CSV"
,"CITY OF SURREY":"Fund"
,"col1":"Department"
,"col2":"Financial Plan Division"
,"col3":"Taxation"
,"col4":"Services"
,"col5":"and Other"
,"col6":"TOTAL"
,"col7":"Benefits"
,"col8":"Costs"
,"col9":"Used"
,"col10":"Recovered"
,"col11":"Recoveries"
,"col12":"TOTAL"
,"col13":"Own Sources"
,"col14":"Own Sources"
,"col15":"TOTAL"
,"col16":"EXPENDITURES"
,"col17":""
,"col18":""
,"col19":""
,"col20":""
,"col21":""
,"col22":""
,"col23":""
,"col24":""
,"col25":""
,"col26":""
,"col27":""
,"col28":""
,"col29":""
,"col30":""
,"col31":""
}
,{
"json_featuretype":"CSV"
,"CITY OF SURREY":"General Operating"
,"col1":"Corporate"
,"col2":"Corporate"
,"col3":"-294,514,000"
,"col4":"-17,811,000"
,"col5":"-30,807,000"
,"col6":"-343,132,000"
,"col7":"0"
,"col8":"13,545,100"
,"col9":"2,292,000"
,"col10":"-10,017,000"
,"col11":"0"
,"col12":"5,820,100"
,"col13":"-3,870,000"
,"col14":"58,694,000"
,"col15":"54,824,000"
,"col16":"-282,487,900"
,"col17":""
,"col18":""
,"col19":""
,"col20":""
,"col21":""
,"col22":""
,"col23":""
,"col24":""
,"col25":""
,"col26":""
,"col27":""
,"col28":""
,"col29":""
,"col30":""
,"col31":""
}
,{
"json_featuretype":"CSV"
,"CITY OF SURREY":"General Operating"
,"col1":"Grants"
,"col2":"MCG - City Grants"
,"col3":"0"
,"col4":"0"
,"col5":"0"
,"col6":"0"
,"col7":"0"
,"col8":"1,497,000"
,"col9":"0"
,"col10":"0"
,"col11":"0"
,"col12":"1,497,000"
,"col13":"0"
,"col14":"0"
,"col15":"0"
,"col16":"1,497,000"
,"col17":""
,"col18":""
,"col19":""
,"col20":""
,"col21":""
,"col22":""
,"col23":""
,"col24":""
,"col25":""
,"col26":""
,"col27":""
,"col28":""
,"col29":""
,"col30":""
,"col31":""
}
,{
"json_featuretype":"CSV"
,"CITY OF SURREY":"General Operating"
,"col1":"Mayor & Council"
,"col2":"MCG - Office of the Mayor"
,"col3":"0"
,"col4":"0"
,"col5":"0"
,"col6":"0"
,"col7":"600,500"
,"col8":"115,500"
,"col9":"2,000"
,"col10":"0"
,"col11":"0"
,"col12":"718,000"
,"col13":"0"
,"col14":"0"
,"col15":"0"
,"col16":"718,000"
,"col17":""
,"col18":""
,"col19":""
,"col20":""
,"col21":""
,"col22":""
,"col23":""
,"col24":""
,"col25":""
,"col26":""
,"col27":""
,"col28":""
,"col29":""
,"col30":""
,"col31":""
}
,{
"json_featuretype":"CSV"
,"CITY OF SURREY":"General Operating"
,"col1":"Mayor & Council"
,"col2":"MCG - Council"
,"col3":"0"
,"col4":"0"
,"col5":"0"
,"col6":"0"
,"col7":"542,000"
,"col8":"123,000"
,"col9":"0"
,"col10":"0"
,"col11":"0"
,"col12":"665,000"
,"col13":"0"
,"col14":"0"
,"col15":"0"
,"col16":"665,000"
,"col17":""
,"col18":""
,"col19":""
,"col20":""
,"col21":""
,"col22":""
,"col23":""
,"col24":""
,"col25":""
,"col26":""
,"col27":""
,"col28":""
,"col29":""
,"col30":""
,"col31":""
}
,{
"json_featuretype":"CSV"
,"CITY OF SURREY":"General Operating"
,"col1":"City Manager"
,"col2":"City Mgr - Administration"
,"col3":"0"
,"col4":"-2,000"
,"col5":"0"
,"col6":"-2,000"
,"col7":"824,000"
,"col8":"196,000"
,"col9":"0"
,"col10":"-178,000"
,"col11":"0"
,"col12":"842,000"
,"col13":"0"
,"col14":"0"
,"col15":"0"
,"col16":"840,000"
,"col17":""
,"col18":""
,"col19":""
,"col20":""
,"col21":""
,"col22":""
,"col23":""
,"col24":""
,"col25":""
,"col26":""
,"col27":""
,"col28":""
,"col29":""
,"col30":""
,"col31":""
}
,{
"json_featuretype":"CSV"
,"CITY OF SURREY":"General Operating"
,"col1":"City Manager"
,"col2":"IIR - Economic Development"
,"col3":"0"
,"col4":"0"
,"col5":"0"
,"col6":"0"
,"col7":"518,000"
,"col8":"327,000"
,"col9":"1,000"
,"col10":"0"
,"col11":"0"
,"col12":"846,000"
,"col13":"0"
,"col14":"0"
,"col15":"0"
,"col16":"846,000"
,"col17":""
,"col18":""
,"col19":""
,"col20":""
,"col21":""
,"col22":""
,"col23":""
,"col24":""
,"col25":""
,"col26":""
,"col27":""
,"col28":""
,"col29":""
,"col30":""
,"col31":""
}
,{
"json_featuretype":"CSV"
,"CITY OF SURREY":"General Operating"
,"col1":"City Manager"
,"col2":"City Mgr - Legal Services"
,"col3":"0"
,"col4":"0"
,"col5":"0"
,"col6":"0"
,"col7":"1,738,200"
,"col8":"145,300"
,"col9":"500"
,"col10":"-53,000"
,"col11":"0"
,"col12":"1,831,000"
,"col13":"0"
,"col14":"0"
,"col15":"0"
,"col16":"1,831,000"
,"col17":""
,"col18":""
,"col19":""
,"col20":""
,"col21":""
,"col22":""
,"col23":""
,"col24":""
,"col25":""
,"col26":""
,"col27":""
,"col28":""
,"col29":""
,"col30":""
,"col31":""
}
,{
"json_featuretype":"CSV"
,"CITY OF SURREY":"General Operating"
,"col1":"City Manager"
,"col2":"City Mgr - Legislative Services"
,"col3":"0"
,"col4":"-8,000"
,"col5":"0"
,"col6":"-8,000"
,"col7":"2,027,000"
,"col8":"1,047,000"
,"col9":"8,000"
,"col10":"0"
,"col11":"0"
,"col12":"3,082,000"
,"col13":"0"
,"col14":"144,000"
,"col15":"144,000"
,"col16":"3,218,000"
,"col17":""
,"col18":""
,"col19":""
,"col20":""
,"col21":""
,"col22":""
,"col23":""
,"col24":""
,"col25":""
,"col26":""
,"col27":""
,"col28":""
,"col29":""
,"col30":""
,"col31":""
}
,{
"json_featuretype":"CSV"
,"CITY OF SURREY":"General Operating"
,"col1":"City Manager"
,"col2":"City Mgr - By-law Services"
,"col3":"0"
,"col4":"-8,333,000"
,"col5":"0"
,"col6":"-8,333,000"
,"col7":"4,371,000"
,"col8":"1,546,000"
,"col9":"469,000"
,"col10":"-45,000"
,"col11":"0"
,"col12":"6,341,000"
,"col13":"0"
,"col14":"0"
,"col15":"0"
,"col16":"-1,992,000"
,"col17":""
,"col18":""
,"col19":""
,"col20":""
,"col21":""
,"col22":""
,"col23":""
,"col24":""
,"col25":""
,"col26":""
,"col27":""
,"col28":""
,"col29":""
,"col30":""
,"col31":""
}
,{
"json_featuretype":"CSV"
,"CITY OF SURREY":"General Operating"
,"col1":"City Manager"
,"col2":"City Mgr - Public Safety"
,"col3":"0"
,"col4":"0"
,"col5":"0"
,"col6":"0"
,"col7":"385,000"
,"col8":"10,000"
,"col9":"0"
,"col10":"0"
,"col11":"0"
,"col12":"395,000"
,"col13":"0"
,"col14":"0"
,"col15":"0"
,"col16":"395,000"
,"col17":""
,"col18":""
,"col19":""
,"col20":""
,"col21":""
,"col22":""
,"col23":""
,"col24":""
,"col25":""
,"col26":""
,"col27":""
,"col28":""
,"col29":""
,"col30":""
,"col31":""
}
,{
"json_featuretype":"CSV"
,"CITY OF SURREY":"General Operating"
,"col1":"Human Resources"
,"col2":"HR - Administration"
,"col3":"0"
,"col4":"0"
,"col5":"0"
,"col6":"0"
,"col7":"909,000"
,"col8":"63,000"
,"col9":"1,000"
,"col10":"0"
,"col11":"0"
,"col12":"973,000"
,"col13":"0"
,"col14":"0"
,"col15":"0"
,"col16":"973,000"
,"col17":""
,"col18":""
,"col19":""
,"col20":""
,"col21":""
,"col22":""
,"col23":""
,"col24":""
,"col25":""
,"col26":""
,"col27":""
,"col28":""
,"col29":""
,"col30":""
,"col31":""
}
,{
"json_featuretype":"CSV"
,"CITY OF SURREY":"General Operating"
,"col1":"Human Resources"
,"col2":"HR - Employment"
,"col3":"0"
,"col4":"0"
,"col5":"0"
,"col6":"0"
,"col7":"814,400"
,"col8":"318,000"
,"col9":"0"
,"col10":"-75,000"
,"col11":"0"
,"col12":"1,057,400"
,"col13":"0"
,"col14":"0"
,"col15":"0"
,"col16":"1,057,400"
,"col17":""
,"col18":""
,"col19":""
,"col20":""
,"col21":""
,"col22":""
,"col23":""
,"col24":""
,"col25":""
,"col26":""
,"col27":""
,"col28":""
,"col29":""
,"col30":""
,"col31":""
}
,{
"json_featuretype":"CSV"
,"CITY OF SURREY":"General Operating"
,"col1":"Human Resources"
,"col2":"HR - Labour Relations/Compensation"
,"col3":"0"
,"col4":"0"
,"col5":"0"
,"col6":"0"
,"col7":"771,600"
,"col8":"100,400"
,"col9":"0"
,"col10":"0"
,"col11":"0"
,"col12":"872,000"
,"col13":"0"
,"col14":"0"
,"col15":"0"
,"col16":"872,000"
,"col17":""
,"col18":""
,"col19":""
,"col20":""
,"col21":""
,"col22":""
,"col23":""
,"col24":""
,"col25":""
,"col26":""
,"col27":""
,"col28":""
,"col29":""
,"col30":""
,"col31":""
}
,{
"json_featuretype":"CSV"
,"CITY OF SURREY":"General Operating"
,"col1":"Human Resources"
,"col2":"HR - Occupational Safety"
,"col3":"0"
,"col4":"0"
,"col5":"0"
,"col6":"0"
,"col7":"559,800"
,"col8":"97,200"
,"col9":"0"
,"col10":"0"
,"col11":"0"
,"col12":"657,000"
,"col13":"0"
,"col14":"0"
,"col15":"0"
,"col16":"657,000"
,"col17":""
,"col18":""
,"col19":""
,"col20":""
,"col21":""
,"col22":""
,"col23":""
,"col24":""
,"col25":""
,"col26":""
,"col27":""
,"col28":""
,"col29":""
,"col30":""
,"col31":""
}
,{
"json_featuretype":"CSV"
,"CITY OF SURREY":"General Operating"
,"col1":"Human Resources"
,"col2":"HR - Wellness & Diversity"
,"col3":"0"
,"col4":"0"
,"col5":"0"
,"col6":"0"
,"col7":"0"
,"col8":"30,000"
,"col9":"0"
,"col10":"0"
,"col11":"0"
,"col12":"30,000"
,"col13":"0"
,"col14":"0"
,"col15":"0"
,"col16":"30,000"
,"col17":""
,"col18":""
,"col19":""
,"col20":""
,"col21":""
,"col22":""
,"col23":""
,"col24":""
,"col25":""
,"col26":""
,"col27":""
,"col28":""
,"col29":""
,"col30":""
,"col31":""
}
,{
"json_featuretype":"CSV"
,"CITY OF SURREY":"General Operating"
,"col1":"Finance and Technology"
,"col2":"F&T - Audit Procurement"
,"col3":"0"
,"col4":"-14,000"
,"col5":"0"
,"col6":"-14,000"
,"col7":"2,122,000"
,"col8":"193,000"
,"col9":"0"
,"col10":"0"
,"col11":"0"
,"col12":"2,315,000"
,"col13":"0"
,"col14":"0"
,"col15":"0"
,"col16":"2,301,000"
,"col17":""
,"col18":""
,"col19":""
,"col20":""
,"col21":""
,"col22":""
,"col23":""
,"col24":""
,"col25":""
,"col26":""
,"col27":""
,"col28":""
,"col29":""
,"col30":""
,"col31":""
}
,{
"json_featuretype":"CSV"
,"CITY OF SURREY":"General Operating"
,"col1":"Finance and Technology"
,"col2":"F&T - Financial Services"
,"col3":"0"
,"col4":"-1,067,000"
,"col5":"-93,000"
,"col6":"-1,160,000"
,"col7":"2,776,000"
,"col8":"470,000"
,"col9":"0"
,"col10":"-268,000"
,"col11":"0"
,"col12":"2,978,000"
,"col13":"-250,000"
,"col14":"0"
,"col15":"-250,000"
,"col16":"1,568,000"
,"col17":""
,"col18":""
,"col19":""
,"col20":""
,"col21":""
,"col22":""
,"col23":""
,"col24":""
,"col25":""
,"col26":""
,"col27":""
,"col28":""
,"col29":""
,"col30":""
,"col31":""
}
,{
"json_featuretype":"CSV"
,"CITY OF SURREY":"General Operating"
,"col1":"Finance and Technology"
,"col2":"F&T - Financial Reporting"
,"col3":"0"
,"col4":"-73,000"
,"col5":"0"
,"col6":"-73,000"
,"col7":"1,643,000"
,"col8":"0"
,"col9":"0"
,"col10":"-237,000"
,"col11":"-28,000"
,"col12":"1,378,000"
,"col13":"0"
,"col14":"0"
,"col15":"0"
,"col16":"1,305,000"
,"col17":""
,"col18":""
,"col19":""
,"col20":""
,"col21":""
,"col22":""
,"col23":""
,"col24":""
,"col25":""
,"col26":""
,"col27":""
,"col28":""
,"col29":""
,"col30":""
,"col31":""
}
,{
"json_featuretype":"CSV"
,"CITY OF SURREY":"General Operating"
,"col1":"Finance and Technology"
,"col2":"F&T - Information Technology"
,"col3":"0"
,"col4":"0"
,"col5":"0"
,"col6":"0"
,"col7":"9,366,000"
,"col8":"5,891,136"
,"col9":"14,980"
,"col10":"-1,678,416"
,"col11":"0"
,"col12":"13,593,700"
,"col13":"0"
,"col14":"4,942,300"
,"col15":"4,942,300"
,"col16":"18,536,000"
,"col17":""
,"col18":""
,"col19":""
,"col20":""
,"col21":""
,"col22":""
,"col23":""
,"col24":""
,"col25":""
,"col26":""
,"col27":""
,"col28":""
,"col29":""
,"col30":""
,"col31":""
}
,{
"json_featuretype":"CSV"
,"CITY OF SURREY":"General Operating"
,"col1":"Finance and Technology"
,"col2":"F&T - Leadership"
,"col3":"0"
,"col4":"0"
,"col5":"0"
,"col6":"0"
,"col7":"1,469,200"
,"col8":"431,900"
,"col9":"13,900"
,"col10":"0"
,"col11":"0"
,"col12":"1,915,000"
,"col13":"0"
,"col14":"0"
,"col15":"0"
,"col16":"1,915,000"
,"col17":""
,"col18":""
,"col19":""
,"col20":""
,"col21":""
,"col22":""
,"col23":""
,"col24":""
,"col25":""
,"col26":""
,"col27":""
,"col28":""
,"col29":""
,"col30":""
,"col31":""
}
,{
"json_featuretype":"CSV"
,"CITY OF SURREY":"General Operating"
,"col1":"Finance and Technology"
,"col2":"F&T - Risk Management"
,"col3":"0"
,"col4":"0"
,"col5":"0"
,"col6":"0"
,"col7":"410,000"
,"col8":"4,250,000"
,"col9":"10,000"
,"col10":"-996,000"
,"col11":"-100,000"
,"col12":"3,574,000"
,"col13":"-1,892,000"
,"col14":"0"
,"col15":"-1,892,000"
,"col16":"1,682,000"
,"col17":""
,"col18":""
,"col19":""
,"col20":""
,"col21":""
,"col22":""
,"col23":""
,"col24":""
,"col25":""
,"col26":""
,"col27":""
,"col28":""
,"col29":""
,"col30":""
,"col31":""
}
,{
"json_featuretype":"CSV"
,"CITY OF SURREY":"General Operating"
,"col1":"Planning and Development"
,"col2":"P&D - Administration"
,"col3":"0"
,"col4":"-31,066"
,"col5":"0"
,"col6":"-31,066"
,"col7":"3,211,166"
,"col8":"383,900"
,"col9":"14,000"
,"col10":"0"
,"col11":"0"
,"col12":"3,609,066"
,"col13":"0"
,"col14":"0"
,"col15":"0"
,"col16":"3,578,000"
,"col17":""
,"col18":""
,"col19":""
,"col20":""
,"col21":""
,"col22":""
,"col23":""
,"col24":""
,"col25":""
,"col26":""
,"col27":""
,"col28":""
,"col29":""
,"col30":""
,"col31":""
}
,{
"json_featuretype":"CSV"
,"CITY OF SURREY":"General Operating"
,"col1":"Planning and Development"
,"col2":"P&D - Area Planning & Development"
,"col3":"0"
,"col4":"-1,995,618"
,"col5":"0"
,"col6":"-1,995,618"
,"col7":"4,314,301"
,"col8":"66,000"
,"col9":"101,317"
,"col10":"0"
,"col11":"0"
,"col12":"4,481,618"
,"col13":"0"
,"col14":"0"
,"col15":"0"
,"col16":"2,486,000"
,"col17":""
,"col18":""
,"col19":""
,"col20":""
,"col21":""
,"col22":""
,"col23":""
,"col24":""
,"col25":""
,"col26":""
,"col27":""
,"col28":""
,"col29":""
,"col30":""
,"col31":""
}
,{
"json_featuretype":"CSV"
,"CITY OF SURREY":"General Operating"
,"col1":"Planning and Development"
,"col2":"P&D - Building"
,"col3":"0"
,"col4":"-291,919"
,"col5":"-17,122,864"
,"col6":"-17,414,783"
,"col7":"7,702,683"
,"col8":"314,000"
,"col9":"0"
,"col10":"0"
,"col11":"0"
,"col12":"8,016,683"
,"col13":"0"
,"col14":"630,100"
,"col15":"630,100"
,"col16":"-8,768,000"
,"col17":""
,"col18":""
,"col19":""
,"col20":""
,"col21":""
,"col22":""
,"col23":""
,"col24":""
,"col25":""
,"col26":""
,"col27":""
,"col28":""
,"col29":""
,"col30":""
,"col31":""
}
,{
"json_featuretype":"CSV"
,"CITY OF SURREY":"General Operating"
,"col1":"Planning and Development"
,"col2":"P&D - Community Planning"
,"col3":"0"
,"col4":"0"
,"col5":"0"
,"col6":"0"
,"col7":"1,967,000"
,"col8":"0"
,"col9":"0"
,"col10":"0"
,"col11":"0"
,"col12":"1,967,000"
,"col13":"0"
,"col14":"0"
,"col15":"0"
,"col16":"1,967,000"
,"col17":""
,"col18":""
,"col19":""
,"col20":""
,"col21":""
,"col22":""
,"col23":""
,"col24":""
,"col25":""
,"col26":""
,"col27":""
,"col28":""
,"col29":""
,"col30":""
,"col31":""
}
,{
"json_featuretype":"CSV"
,"CITY OF SURREY":"General Operating"
,"col1":"Planning and Development"
,"col2":"P&D - Facilities"
,"col3":"0"
,"col4":"0"
,"col5":"0"
,"col6":"0"
,"col7":"4,416,581"
,"col8":"5,012,419"
,"col9":"2,497,000"
,"col10":"-2,426,000"
,"col11":"-8,000"
,"col12":"9,492,000"
,"col13":"0"
,"col14":"0"
,"col15":"0"
,"col16":"9,492,000"
,"col17":""
,"col18":""
,"col19":""
,"col20":""
,"col21":""
,"col22":""
,"col23":""
,"col24":""
,"col25":""
,"col26":""
,"col27":""
,"col28":""
,"col29":""
,"col30":""
,"col31":""
}
,{
"json_featuretype":"CSV"
,"CITY OF SURREY":"General Operating"
,"col1":"Planning and Development"
,"col2":"P&D - Heritage Advisory Committee"
,"col3":"0"
,"col4":"0"
,"col5":"0"
,"col6":"0"
,"col7":"0"
,"col8":"23,000"
,"col9":"0"
,"col10":"0"
,"col11":"0"
,"col12":"23,000"
,"col13":"0"
,"col14":"0"
,"col15":"0"
,"col16":"23,000"
,"col17":""
,"col18":""
,"col19":""
,"col20":""
,"col21":""
,"col22":""
,"col23":""
,"col24":""
,"col25":""
,"col26":""
,"col27":""
,"col28":""
,"col29":""
,"col30":""
,"col31":""
}
,{
"json_featuretype":"CSV"
,"CITY OF SURREY":"General Operating"
,"col1":"Planning and Development"
,"col2":"P&D - Sustainability"
,"col3":"0"
,"col4":"0"
,"col5":"0"
,"col6":"0"
,"col7":"190,100"
,"col8":"109,900"
,"col9":"0"
,"col10":"0"
,"col11":"0"
,"col12":"300,000"
,"col13":"-50,000"
,"col14":"0"
,"col15":"-50,000"
,"col16":"250,000"
,"col17":""
,"col18":""
,"col19":""
,"col20":""
,"col21":""
,"col22":""
,"col23":""
,"col24":""
,"col25":""
,"col26":""
,"col27":""
,"col28":""
,"col29":""
,"col30":""
,"col31":""
}
,{
"json_featuretype":"CSV"
,"CITY OF SURREY":"General Operating"
,"col1":"Fire"
,"col2":"Fire - Administration"
,"col3":"0"
,"col4":"-5,200"
,"col5":"0"
,"col6":"-5,200"
,"col7":"2,234,157"
,"col8":"131,200"
,"col9":"2,800"
,"col10":"0"
,"col11":"0"
,"col12":"2,368,157"
,"col13":"0"
,"col14":"0"
,"col15":"0"
,"col16":"2,362,957"
,"col17":""
,"col18":""
,"col19":""
,"col20":""
,"col21":""
,"col22":""
,"col23":""
,"col24":""
,"col25":""
,"col26":""
,"col27":""
,"col28":""
,"col29":""
,"col30":""
,"col31":""
}
,{
"json_featuretype":"CSV"
,"CITY OF SURREY":"General Operating"
,"col1":"Fire"
,"col2":"Fire - Emergency Planning"
,"col3":"0"
,"col4":"0"
,"col5":"0"
,"col6":"0"
,"col7":"4,759"
,"col8":"53,500"
,"col9":"0"
,"col10":"-5,500"
,"col11":"-2,000"
,"col12":"50,759"
,"col13":"0"
,"col14":"0"
,"col15":"0"
,"col16":"50,759"
,"col17":""
,"col18":""
,"col19":""
,"col20":""
,"col21":""
,"col22":""
,"col23":""
,"col24":""
,"col25":""
,"col26":""
,"col27":""
,"col28":""
,"col29":""
,"col30":""
,"col31":""
}
,{
"json_featuretype":"CSV"
,"CITY OF SURREY":"General Operating"
,"col1":"Fire"
,"col2":"Fire - Operations"
,"col3":"0"
,"col4":"0"
,"col5":"0"
,"col6":"0"
,"col7":"45,620,383"
,"col8":"1,921,846"
,"col9":"154,112"
,"col10":"0"
,"col11":"-70,000"
,"col12":"47,626,341"
,"col13":"0"
,"col14":"1,857,000"
,"col15":"1,857,000"
,"col16":"49,483,341"
,"col17":""
,"col18":""
,"col19":""
,"col20":""
,"col21":""
,"col22":""
,"col23":""
,"col24":""
,"col25":""
,"col26":""
,"col27":""
,"col28":""
,"col29":""
,"col30":""
,"col31":""
}
,{
"json_featuretype":"CSV"
,"CITY OF SURREY":"General Operating"
,"col1":"Fire"
,"col2":"Fire - Mechanics"
,"col3":"0"
,"col4":"0"
,"col5":"0"
,"col6":"0"
,"col7":"538,799"
,"col8":"361,000"
,"col9":"1,000"
,"col10":"0"
,"col11":"0"
,"col12":"900,799"
,"col13":"0"
,"col14":"0"
,"col15":"0"
,"col16":"900,799"
,"col17":""
,"col18":""
,"col19":""
,"col20":""
,"col21":""
,"col22":""
,"col23":""
,"col24":""
,"col25":""
,"col26":""
,"col27":""
,"col28":""
,"col29":""
,"col30":""
,"col31":""
}
,{
"json_featuretype":"CSV"
,"CITY OF SURREY":"General Operating"
,"col1":"Fire"
,"col2":"Fire - Prevention"
,"col3":"0"
,"col4":"-178,224"
,"col5":"-7,384"
,"col6":"-185,608"
,"col7":"1,209,341"
,"col8":"84,000"
,"col9":"8,997"
,"col10":"0"
,"col11":"-20,200"
,"col12":"1,282,138"
,"col13":"0"
,"col14":"0"
,"col15":"0"
,"col16":"1,096,530"
,"col17":""
,"col18":""
,"col19":""
,"col20":""
,"col21":""
,"col22":""
,"col23":""
,"col24":""
,"col25":""
,"col26":""
,"col27":""
,"col28":""
,"col29":""
,"col30":""
,"col31":""
}
,{
"json_featuretype":"CSV"
,"CITY OF SURREY":"General Operating"
,"col1":"Fire"
,"col2":"Fire - Radio & Communications"
,"col3":"0"
,"col4":"-1,425,767"
,"col5":"0"
,"col6":"-1,425,767"
,"col7":"2,647,769"
,"col8":"1,357,419"
,"col9":"1,500"
,"col10":"0"
,"col11":"-11,800"
,"col12":"3,994,888"
,"col13":"0"
,"col14":"0"
,"col15":"0"
,"col16":"2,569,121"
,"col17":""
,"col18":""
,"col19":""
,"col20":""
,"col21":""
,"col22":""
,"col23":""
,"col24":""
,"col25":""
,"col26":""
,"col27":""
,"col28":""
,"col29":""
,"col30":""
,"col31":""
}
,{
"json_featuretype":"CSV"
,"CITY OF SURREY":"General Operating"
,"col1":"Fire"
,"col2":"Fire - Training"
,"col3":"0"
,"col4":"-12,000"
,"col5":"0"
,"col6":"-12,000"
,"col7":"759,143"
,"col8":"106,350"
,"col9":"1,000"
,"col10":"0"
,"col11":"-12,000"
,"col12":"854,493"
,"col13":"0"
,"col14":"0"
,"col15":"0"
,"col16":"842,493"
,"col17":""
,"col18":""
,"col19":""
,"col20":""
,"col21":""
,"col22":""
,"col23":""
,"col24":""
,"col25":""
,"col26":""
,"col27":""
,"col28":""
,"col29":""
,"col30":""
,"col31":""
}
,{
"json_featuretype":"CSV"
,"CITY OF SURREY":"General Operating"
,"col1":"RCMP"
,"col2":"RCMP - Corporate Services"
,"col3":"0"
,"col4":"-72,000"
,"col5":"-6,485,700"
,"col6":"-6,557,700"
,"col7":"3,112,000"
,"col8":"1,269,900"
,"col9":"304,600"
,"col10":"0"
,"col11":"-892,000"
,"col12":"3,794,500"
,"col13":"0"
,"col14":"0"
,"col15":"0"
,"col16":"-2,763,200"
,"col17":""
,"col18":""
,"col19":""
,"col20":""
,"col21":""
,"col22":""
,"col23":""
,"col24":""
,"col25":""
,"col26":""
,"col27":""
,"col28":""
,"col29":""
,"col30":""
,"col31":""
}
,{
"json_featuretype":"CSV"
,"CITY OF SURREY":"General Operating"
,"col1":"RCMP"
,"col2":"RCMP - Information Services &Technology"
,"col3":"0"
,"col4":"-239,000"
,"col5":"0"
,"col6":"-239,000"
,"col7":"7,829,300"
,"col8":"24,600"
,"col9":"0"
,"col10":"0"
,"col11":"-54,000"
,"col12":"7,799,900"
,"col13":"0"
,"col14":"0"
,"col15":"0"
,"col16":"7,560,900"
,"col17":""
,"col18":""
,"col19":""
,"col20":""
,"col21":""
,"col22":""
,"col23":""
,"col24":""
,"col25":""
,"col26":""
,"col27":""
,"col28":""
,"col29":""
,"col30":""
,"col31":""
}
,{
"json_featuretype":"CSV"
,"CITY OF SURREY":"General Operating"
,"col1":"RCMP"
,"col2":"RCMP - Management & RCMP Finance"
,"col3":"0"
,"col4":"0"
,"col5":"0"
,"col6":"0"
,"col7":"1,759,000"
,"col8":"99,900"
,"col9":"177,800"
,"col10":"0"
,"col11":"0"
,"col12":"2,036,700"
,"col13":"0"
,"col14":"0"
,"col15":"0"
,"col16":"2,036,700"
,"col17":""
,"col18":""
,"col19":""
,"col20":""
,"col21":""
,"col22":""
,"col23":""
,"col24":""
,"col25":""
,"col26":""
,"col27":""
,"col28":""
,"col29":""
,"col30":""
,"col31":""
}
,{
"json_featuretype":"CSV"
,"CITY OF SURREY":"General Operating"
,"col1":"RCMP"
,"col2":"RCMP - Operations"
,"col3":"0"
,"col4":"-745,000"
,"col5":"-351,300"
,"col6":"-1,096,300"
,"col7":"9,066,200"
,"col8":"1,482,700"
,"col9":"119,800"
,"col10":"0"
,"col11":"0"
,"col12":"10,668,700"
,"col13":"0"
,"col14":"0"
,"col15":"0"
,"col16":"9,572,400"
,"col17":""
,"col18":""
,"col19":""
,"col20":""
,"col21":""
,"col22":""
,"col23":""
,"col24":""
,"col25":""
,"col26":""
,"col27":""
,"col28":""
,"col29":""
,"col30":""
,"col31":""
}
,{
"json_featuretype":"CSV"
,"CITY OF SURREY":"General Operating"
,"col1":"RCMP"
,"col2":"RCMP - Contract"
,"col3":"0"
,"col4":"0"
,"col5":"0"
,"col6":"0"
,"col7":"0"
,"col8":"108,190,200"
,"col9":"0"
,"col10":"0"
,"col11":"0"
,"col12":"108,190,200"
,"col13":"0"
,"col14":"0"
,"col15":"0"
,"col16":"108,190,200"
,"col17":""
,"col18":""
,"col19":""
,"col20":""
,"col21":""
,"col22":""
,"col23":""
,"col24":""
,"col25":""
,"col26":""
,"col27":""
,"col28":""
,"col29":""
,"col30":""
,"col31":""
}
,{
"json_featuretype":"CSV"
,"CITY OF SURREY":"General Operating"
,"col1":"Parks, Recreation and Culture"
,"col2":"PRC - Administration"
,"col3":"0"
,"col4":"0"
,"col5":"0"
,"col6":"0"
,"col7":"2,823,200"
,"col8":"1,209,700"
,"col9":"64,700"
,"col10":"-31,600"
,"col11":"0"
,"col12":"4,066,000"
,"col13":"-60,000"
,"col14":"350,000"
,"col15":"290,000"
,"col16":"4,356,000"
,"col17":""
,"col18":""
,"col19":""
,"col20":""
,"col21":""
,"col22":""
,"col23":""
,"col24":""
,"col25":""
,"col26":""
,"col27":""
,"col28":""
,"col29":""
,"col30":""
,"col31":""
}
,{
"json_featuretype":"CSV"
,"CITY OF SURREY":"General Operating"
,"col1":"Parks, Recreation and Culture"
,"col2":"PRC - Arenas"
,"col3":"0"
,"col4":"-4,106,216"
,"col5":"0"
,"col6":"-4,106,216"
,"col7":"3,207,400"
,"col8":"1,716,116"
,"col9":"61,500"
,"col10":"-29,800"
,"col11":"-15,000"
,"col12":"4,940,216"
,"col13":"0"
,"col14":"50,000"
,"col15":"50,000"
,"col16":"884,000"
,"col17":""
,"col18":""
,"col19":""
,"col20":""
,"col21":""
,"col22":""
,"col23":""
,"col24":""
,"col25":""
,"col26":""
,"col27":""
,"col28":""
,"col29":""
,"col30":""
,"col31":""
}
,{
"json_featuretype":"CSV"
,"CITY OF SURREY":"General Operating"
,"col1":"Parks, Recreation and Culture"
,"col2":"PRC - Art Centre"
,"col3":"0"
,"col4":"-1,039,100"
,"col5":"-180,900"
,"col6":"-1,220,000"
,"col7":"2,757,700"
,"col8":"1,646,200"
,"col9":"17,200"
,"col10":"-14,800"
,"col11":"0"
,"col12":"4,406,300"
,"col13":"-450,000"
,"col14":"0"
,"col15":"-450,000"
,"col16":"2,736,300"
,"col17":""
,"col18":""
,"col19":""
,"col20":""
,"col21":""
,"col22":""
,"col23":""
,"col24":""
,"col25":""
,"col26":""
,"col27":""
,"col28":""
,"col29":""
,"col30":""
,"col31":""
}
,{
"json_featuretype":"CSV"
,"CITY OF SURREY":"General Operating"
,"col1":"Parks, Recreation and Culture"
,"col2":"PRC - Community Recreation Services"
,"col3":"0"
,"col4":"-8,726,600"
,"col5":"-130,800"
,"col6":"-8,857,400"
,"col7":"14,121,101"
,"col8":"3,437,203"
,"col9":"329,200"
,"col10":"0"
,"col11":"0"
,"col12":"17,887,504"
,"col13":"-200,000"
,"col14":"0"
,"col15":"-200,000"
,"col16":"8,830,104"
,"col17":""
,"col18":""
,"col19":""
,"col20":""
,"col21":""
,"col22":""
,"col23":""
,"col24":""
,"col25":""
,"col26":""
,"col27":""
,"col28":""
,"col29":""
,"col30":""
,"col31":""
}
,{
"json_featuretype":"CSV"
,"CITY OF SURREY":"General Operating"
,"col1":"Parks, Recreation and Culture"
,"col2":"PRC - Healthy Communities"
,"col3":"0"
,"col4":"-48,400"
,"col5":"0"
,"col6":"-48,400"
,"col7":"1,456,896"
,"col8":"156,900"
,"col9":"22,300"
,"col10":"0"
,"col11":"0"
,"col12":"1,636,096"
,"col13":"0"
,"col14":"0"
,"col15":"0"
,"col16":"1,587,696"
,"col17":""
,"col18":""
,"col19":""
,"col20":""
,"col21":""
,"col22":""
,"col23":""
,"col24":""
,"col25":""
,"col26":""
,"col27":""
,"col28":""
,"col29":""
,"col30":""
,"col31":""
}
,{
"json_featuretype":"CSV"
,"CITY OF SURREY":"General Operating"
,"col1":"Parks, Recreation and Culture"
,"col2":"PRC - Heritage Services"
,"col3":"0"
,"col4":"-39,700"
,"col5":"-65,300"
,"col6":"-105,000"
,"col7":"1,489,500"
,"col8":"411,100"
,"col9":"29,400"
,"col10":"0"
,"col11":"0"
,"col12":"1,930,000"
,"col13":"0"
,"col14":"0"
,"col15":"0"
,"col16":"1,825,000"
,"col17":""
,"col18":""
,"col19":""
,"col20":""
,"col21":""
,"col22":""
,"col23":""
,"col24":""
,"col25":""
,"col26":""
,"col27":""
,"col28":""
,"col29":""
,"col30":""
,"col31":""
}
,{
"json_featuretype":"CSV"
,"CITY OF SURREY":"General Operating"
,"col1":"Parks, Recreation and Culture"
,"col2":"PRC - Indoor Pools"
,"col3":"0"
,"col4":"-10,545,600"
,"col5":"-17,900"
,"col6":"-10,563,500"
,"col7":"11,700,200"
,"col8":"3,959,400"
,"col9":"270,700"
,"col10":"0"
,"col11":"-90,000"
,"col12":"15,840,300"
,"col13":"0"
,"col14":"0"
,"col15":"0"
,"col16":"5,276,800"
,"col17":""
,"col18":""
,"col19":""
,"col20":""
,"col21":""
,"col22":""
,"col23":""
,"col24":""
,"col25":""
,"col26":""
,"col27":""
,"col28":""
,"col29":""
,"col30":""
,"col31":""
}
,{
"json_featuretype":"CSV"
,"CITY OF SURREY":"General Operating"
,"col1":"Parks, Recreation and Culture"
,"col2":"PRC - Marketing"
,"col3":"0"
,"col4":"-68,200"
,"col5":"0"
,"col6":"-68,200"
,"col7":"1,287,000"
,"col8":"748,900"
,"col9":"1,500"
,"col10":"-155,400"
,"col11":"-11,400"
,"col12":"1,870,600"
,"col13":"0"
,"col14":"72,100"
,"col15":"72,100"
,"col16":"1,874,500"
,"col17":""
,"col18":""
,"col19":""
,"col20":""
,"col21":""
,"col22":""
,"col23":""
,"col24":""
,"col25":""
,"col26":""
,"col27":""
,"col28":""
,"col29":""
,"col30":""
,"col31":""
}
,{
"json_featuretype":"CSV"
,"CITY OF SURREY":"General Operating"
,"col1":"Parks, Recreation and Culture"
,"col2":"PRC - Outdoor Pools"
,"col3":"0"
,"col4":"0"
,"col5":"0"
,"col6":"0"
,"col7":"0"
,"col8":"951,700"
,"col9":"0"
,"col10":"0"
,"col11":"-12,700"
,"col12":"939,000"
,"col13":"0"
,"col14":"0"
,"col15":"0"
,"col16":"939,000"
,"col17":""
,"col18":""
,"col19":""
,"col20":""
,"col21":""
,"col22":""
,"col23":""
,"col24":""
,"col25":""
,"col26":""
,"col27":""
,"col28":""
,"col29":""
,"col30":""
,"col31":""
}
,{
"json_featuretype":"CSV"
,"CITY OF SURREY":"General Operating"
,"col1":"Parks, Recreation and Culture"
,"col2":"PRC - Parks Division"
,"col3":"0"
,"col4":"-2,148,600"
,"col5":"-1,017,000"
,"col6":"-3,165,600"
,"col7":"12,612,700"
,"col8":"15,645,400"
,"col9":"10,904,200"
,"col10":"-10,121,400"
,"col11":"-295,300"
,"col12":"28,745,600"
,"col13":"-3,260,700"
,"col14":"691,800"
,"col15":"-2,568,900"
,"col16":"23,011,100"
,"col17":""
,"col18":""
,"col19":""
,"col20":""
,"col21":""
,"col22":""
,"col23":""
,"col24":""
,"col25":""
,"col26":""
,"col27":""
,"col28":""
,"col29":""
,"col30":""
,"col31":""
}
,{
"json_featuretype":"CSV"
,"CITY OF SURREY":"General Operating"
,"col1":"Engineering"
,"col2":"Eng - Operations"
,"col3":"0"
,"col4":"0"
,"col5":"0"
,"col6":"0"
,"col7":"23,255,400"
,"col8":"5,185,906"
,"col9":"3,344,074"
,"col10":"-33,999,180"
,"col11":"0"
,"col12":"-2,213,800"
,"col13":"0"
,"col14":"1,847,800"
,"col15":"1,847,800"
,"col16":"-366,000"
,"col17":""
,"col18":""
,"col19":""
,"col20":""
,"col21":""
,"col22":""
,"col23":""
,"col24":""
,"col25":""
,"col26":""
,"col27":""
,"col28":""
,"col29":""
,"col30":""
,"col31":""
}
,{
"json_featuretype":"CSV"
,"CITY OF SURREY":"General Operating"
,"col1":"Engineering"
,"col2":"Eng - Professional Services"
,"col3":"-8,000"
,"col4":"-10,000"
,"col5":"0"
,"col6":"-18,000"
,"col7":"7,397,000"
,"col8":"329,000"
,"col9":"1,522,000"
,"col10":"-8,117,000"
,"col11":"0"
,"col12":"1,131,000"
,"col13":"0"
,"col14":"15,000"
,"col15":"15,000"
,"col16":"1,128,000"
,"col17":""
,"col18":""
,"col19":""
,"col20":""
,"col21":""
,"col22":""
,"col23":""
,"col24":""
,"col25":""
,"col26":""
,"col27":""
,"col28":""
,"col29":""
,"col30":""
,"col31":""
}
,{
"json_featuretype":"CSV"
,"CITY OF SURREY":"General Operating"
,"col1":"Engineering"
,"col2":"Eng - Land Development"
,"col3":"0"
,"col4":"-4,397,000"
,"col5":"-481,000"
,"col6":"-4,878,000"
,"col7":"3,494,000"
,"col8":"719,000"
,"col9":"2,528,000"
,"col10":"-253,000"
,"col11":"-1,735,000"
,"col12":"4,753,000"
,"col13":"0"
,"col14":"0"
,"col15":"0"
,"col16":"-125,000"
,"col17":""
,"col18":""
,"col19":""
,"col20":""
,"col21":""
,"col22":""
,"col23":""
,"col24":""
,"col25":""
,"col26":""
,"col27":""
,"col28":""
,"col29":""
,"col30":""
,"col31":""
}
,{
"json_featuretype":"CSV"
,"CITY OF SURREY":"General Operating"
,"col1":"Engineering"
,"col2":"Eng - Realty Services"
,"col3":"0"
,"col4":"-35,000"
,"col5":"-1,209,000"
,"col6":"-1,244,000"
,"col7":"2,494,000"
,"col8":"1,201,000"
,"col9":"327,000"
,"col10":"-2,093,000"
,"col11":"0"
,"col12":"1,929,000"
,"col13":"0"
,"col14":"0"
,"col15":"0"
,"col16":"685,000"
,"col17":""
,"col18":""
,"col19":""
,"col20":""
,"col21":""
,"col22":""
,"col23":""
,"col24":""
,"col25":""
,"col26":""
,"col27":""
,"col28":""
,"col29":""
,"col30":""
,"col31":""
}
,{
"json_featuretype":"CSV"
,"CITY OF SURREY":"Solid Waste Operating"
,"col1":"Engineering"
,"col2":"N/A"
,"col3":"0"
,"col4":"-39,000,000"
,"col5":"-205,000"
,"col6":"-39,205,000"
,"col7":"0"
,"col8":"26,139,706"
,"col9":"6,064,770"
,"col10":"-95,000"
,"col11":"0"
,"col12":"32,109,476"
,"col13":"0"
,"col14":"7,095,524"
,"col15":"7,095,524"
,"col16":"0"
,"col17":""
,"col18":""
,"col19":""
,"col20":""
,"col21":""
,"col22":""
,"col23":""
,"col24":""
,"col25":""
,"col26":""
,"col27":""
,"col28":""
,"col29":""
,"col30":""
,"col31":""
}
,{
"json_featuretype":"CSV"
,"CITY OF SURREY":"Transportation Operating"
,"col1":"Engineering"
,"col2":"N/A"
,"col3":"-19,236,000"
,"col4":"-3,272,000"
,"col5":"-586,000"
,"col6":"-23,094,000"
,"col7":"5,216,800"
,"col8":"23,496,116"
,"col9":"13,120,797"
,"col10":"-4,479,500"
,"col11":"-3,274,700"
,"col12":"34,079,513"
,"col13":"-64,409,513"
,"col14":"53,424,000"
,"col15":"-10,985,513"
,"col16":"0"
,"col17":""
,"col18":""
,"col19":""
,"col20":""
,"col21":""
,"col22":""
,"col23":""
,"col24":""
,"col25":""
,"col26":""
,"col27":""
,"col28":""
,"col29":""
,"col30":""
,"col31":""
}
,{
"json_featuretype":"CSV"
,"CITY OF SURREY":"Parking Operating"
,"col1":"Engineering"
,"col2":"N/A"
,"col3":"0"
,"col4":"-584,000"
,"col5":"0"
,"col6":"-584,000"
,"col7":"144,000"
,"col8":"205,000"
,"col9":"258,000"
,"col10":"0"
,"col11":"0"
,"col12":"607,000"
,"col13":"-2,170,000"
,"col14":"2,147,000"
,"col15":"-23,000"
,"col16":"0"
,"col17":""
,"col18":""
,"col19":""
,"col20":""
,"col21":""
,"col22":""
,"col23":""
,"col24":""
,"col25":""
,"col26":""
,"col27":""
,"col28":""
,"col29":""
,"col30":""
,"col31":""
}
,{
"json_featuretype":"CSV"
,"CITY OF SURREY":"Energy Operating"
,"col1":"Engineering"
,"col2":"N/A"
,"col3":"0"
,"col4":"-147,000"
,"col5":"0"
,"col6":"-147,000"
,"col7":"357,000"
,"col8":"233,000"
,"col9":"26,000"
,"col10":"0"
,"col11":"0"
,"col12":"616,000"
,"col13":"-4,417,000"
,"col14":"3,948,000"
,"col15":"-469,000"
,"col16":"0"
,"col17":""
,"col18":""
,"col19":""
,"col20":""
,"col21":""
,"col22":""
,"col23":""
,"col24":""
,"col25":""
,"col26":""
,"col27":""
,"col28":""
,"col29":""
,"col30":""
,"col31":""
}
,{
"json_featuretype":"CSV"
,"CITY OF SURREY":"Water Operating"
,"col1":"Engineering"
,"col2":"N/A"
,"col3":"-119,000"
,"col4":"-66,170,000"
,"col5":"-1,903,000"
,"col6":"-68,192,000"
,"col7":"0"
,"col8":"52,881,772"
,"col9":"13,937,308"
,"col10":"-550,000"
,"col11":"-486"
,"col12":"66,268,594"
,"col13":"-21,412,594"
,"col14":"23,336,000"
,"col15":"1,923,406"
,"col16":"0"
,"col17":""
,"col18":""
,"col19":""
,"col20":""
,"col21":""
,"col22":""
,"col23":""
,"col24":""
,"col25":""
,"col26":""
,"col27":""
,"col28":""
,"col29":""
,"col30":""
,"col31":""
}
,{
"json_featuretype":"CSV"
,"CITY OF SURREY":"Sewer Operating"
,"col1":"Engineering"
,"col2":"N/A"
,"col3":"-2,441,000"
,"col4":"-44,947,000"
,"col5":"-877,000"
,"col6":"-48,265,000"
,"col7":"0"
,"col8":"41,223,423"
,"col9":"11,637,183"
,"col10":"-6,963,400"
,"col11":"0"
,"col12":"45,897,206"
,"col13":"-10,939,206"
,"col14":"13,307,000"
,"col15":"2,367,794"
,"col16":"0"
,"col17":""
,"col18":""
,"col19":""
,"col20":""
,"col21":""
,"col22":""
,"col23":""
,"col24":""
,"col25":""
,"col26":""
,"col27":""
,"col28":""
,"col29":""
,"col30":""
,"col31":""
}
,{
"json_featuretype":"CSV"
,"CITY OF SURREY":"Drainage Operating"
,"col1":"Engineering"
,"col2":"N/A"
,"col3":"-33,413,000"
,"col4":"0"
,"col5":"-117,000"
,"col6":"-33,530,000"
,"col7":"0"
,"col8":"6,777,061"
,"col9":"9,874,672"
,"col10":"0"
,"col11":"0"
,"col12":"16,651,733"
,"col13":"-15,664,001"
,"col14":"32,542,268"
,"col15":"16,878,267"
,"col16":"0"
,"col17":""
,"col18":""
,"col19":""
,"col20":""
,"col21":""
,"col22":""
,"col23":""
,"col24":""
,"col25":""
,"col26":""
,"col27":""
,"col28":""
,"col29":""
,"col30":""
,"col31":""
}
,{
"json_featuretype":"CSV"
,"CITY OF SURREY":"Surrey Public Library Operating"
,"col1":"Library"
,"col2":"Lib - Administration"
,"col3":"0"
,"col4":"-11,295"
,"col5":"-933,500"
,"col6":"-944,795"
,"col7":"1,035,892"
,"col8":"219,000"
,"col9":"3,000"
,"col10":"0"
,"col11":"0"
,"col12":"1,257,892"
,"col13":"-14,706,000"
,"col14":"0"
,"col15":"-14,706,000"
,"col16":"-14,392,903"
,"col17":""
,"col18":""
,"col19":""
,"col20":""
,"col21":""
,"col22":""
,"col23":""
,"col24":""
,"col25":""
,"col26":""
,"col27":""
,"col28":""
,"col29":""
,"col30":""
,"col31":""
}
,{
"json_featuretype":"CSV"
,"CITY OF SURREY":"Surrey Public Library Operating"
,"col1":"Library"
,"col2":"Lib - Public Services"
,"col3":"0"
,"col4":"-96,455"
,"col5":"-519,500"
,"col6":"-615,955"
,"col7":"12,177,468"
,"col8":"2,546,390"
,"col9":"285,000"
,"col10":"0"
,"col11":"0"
,"col12":"15,008,858"
,"col13":"0"
,"col14":"0"
,"col15":"0"
,"col16":"14,392,903"
,"col17":""
,"col18":""
,"col19":""
,"col20":""
,"col21":""
,"col22":""
,"col23":""
,"col24":""
,"col25":""
,"col26":""
,"col27":""
,"col28":""
,"col29":""
,"col30":""
,"col31":""
}
,{
"json_featuretype":"CSV"
,"CITY OF SURREY":""
,"col1":""
,"col2":""
,"col3":""
,"col4":""
,"col5":""
,"col6":""
,"col7":""
,"col8":""
,"col9":""
,"col10":""
,"col11":""
,"col12":""
,"col13":""
,"col14":""
,"col15":""
,"col16":""
,"col17":""
,"col18":""
,"col19":""
,"col20":""
,"col21":""
,"col22":""
,"col23":""
,"col24":""
,"col25":""
,"col26":""
,"col27":""
,"col28":""
,"col29":""
,"col30":""
,"col31":""
}
,{
"json_featuretype":"CSV"
,"CITY OF SURREY":"TOTAL"
,"col1":""
,"col2":""
,"col3":"-349,731,000"
,"col4":"-217,695,960"
,"col5":"-63,110,148"
,"col6":"-630,537,108"
,"col7":"235,456,639"
,"col8":"342,427,363"
,"col9":"80,824,810"
,"col10":"-82,881,996"
,"col11":"-6,632,586"
,"col12":"569,194,230"
,"col13":"-143,751,014"
,"col14":"205,093,892"
,"col15":"61,342,878"
,"col16":"0"
,"col17":""
,"col18":""
,"col19":""
,"col20":""
,"col21":""
,"col22":""
,"col23":""
,"col24":""
,"col25":""
,"col26":""
,"col27":""
,"col28":""
,"col29":""
,"col30":""
,"col31":""
}
,{
"json_featuretype":"CSV"
,"CITY OF SURREY":""
,"col1":""
,"col2":""
,"col3":""
,"col4":""
,"col5":""
,"col6":""
,"col7":""
,"col8":""
,"col9":""
,"col10":""
,"col11":""
,"col12":""
,"col13":""
,"col14":""
,"col15":""
,"col16":""
,"col17":""
,"col18":""
,"col19":""
,"col20":""
,"col21":""
,"col22":""
,"col23":""
,"col24":""
,"col25":""
,"col26":""
,"col27":""
,"col28":""
,"col29":""
,"col30":""
,"col31":""
}
,{
"json_featuretype":"CSV"
,"CITY OF SURREY":"CROSS CHECK"
,"col1":""
,"col2":""
,"col3":""
,"col4":""
,"col5":""
,"col6":""
,"col7":""
,"col8":""
,"col9":""
,"col10":""
,"col11":""
,"col12":""
,"col13":""
,"col14":""
,"col15":""
,"col16":"0"
,"col17":""
,"col18":""
,"col19":""
,"col20":""
,"col21":""
,"col22":""
,"col23":""
,"col24":""
,"col25":""
,"col26":""
,"col27":""
,"col28":""
,"col29":""
,"col30":""
,"col31":""
}
,{
"json_featuretype":"CSV"
,"CITY OF SURREY":""
,"col1":""
,"col2":""
,"col3":""
,"col4":""
,"col5":""
,"col6":""
,"col7":""
,"col8":""
,"col9":""
,"col10":""
,"col11":""
,"col12":""
,"col13":""
,"col14":""
,"col15":""
,"col16":""
,"col17":""
,"col18":""
,"col19":""
,"col20":""
,"col21":""
,"col22":""
,"col23":""
,"col24":""
,"col25":""
,"col26":""
,"col27":""
,"col28":""
,"col29":""
,"col30":""
,"col31":""
}
]