[
{
"json_featuretype":"CSV"
,"Registration Date":"2009 07 09"
,"Name of Lobbyist":"Gus da Roza "
,"Company":"Pacific Rim Architecture Ltd."
,"Phone Number":"604-966-8592"
,"Nature of Lobbying":"Architectural Consultant"
,"Client":"PBC Properties Ltd./Operating as Derby Bar & Grill Ltd."
,"Project No. ":"7909-0120-00"
}
,{
"json_featuretype":"CSV"
,"Registration Date":"2009 07 20"
,"Name of Lobbyist":"Art Phillips"
,"Company":"Morgan Crossing Properties Ltd."
,"Phone Number":"604-925-8218"
,"Nature of Lobbying":"Development"
,"Client":"Larco Investments Ltd"
,"Project No. ":"7909-0128-00"
}
,{
"json_featuretype":"CSV"
,"Registration Date":"2009 07 22"
,"Name of Lobbyist":"Michael E. Helle"
,"Company":"Coastland Engineering & Surveying Ltd"
,"Phone Number":"604-532-9700"
,"Nature of Lobbying":"Engineering Consultant"
,"Client":"Property Owner"
,"Project No. ":"7909-0117-00"
}
,{
"json_featuretype":"CSV"
,"Registration Date":"2009 07 23"
,"Name of Lobbyist":"Roger Jawanda"
,"Company":"Citiwest Consulting Ltd."
,"Phone Number":"604-591-2213"
,"Nature of Lobbying":"Engineering Consultant"
,"Client":"Property Owner"
,"Project No. ":"7909-0124-00"
}
,{
"json_featuretype":"CSV"
,"Registration Date":"2009 07 23"
,"Name of Lobbyist":"Minh Ngo"
,"Company":"Indochina Food Inc."
,"Phone Number":"604-728-6257"
,"Nature of Lobbying":"Food Distribution"
,"Client":"Hen Long Market"
,"Project No. ":"7909-0130-00"
}
,{
"json_featuretype":"CSV"
,"Registration Date":"2009 07 23"
,"Name of Lobbyist":"Daniel Jay"
,"Company":"Loblaw Properties West Inc."
,"Phone Number":"403-291-6512"
,"Nature of Lobbying":"Property development specific to Loblaw Companies Ltd."
,"Client":"661903 B.C. Ltd."
,"Project No. ":"7909-0129-00"
}
,{
"json_featuretype":"CSV"
,"Registration Date":"2009 07 28"
,"Name of Lobbyist":"Gerry Blonski"
,"Company":"Gerry Blonski Architect"
,"Phone Number":"604-572-3608"
,"Nature of Lobbying":"Architectural Consultant"
,"Client":"Property Owner"
,"Project No. ":"7909-0133-00"
}
,{
"json_featuretype":"CSV"
,"Registration Date":"2009 08 06"
,"Name of Lobbyist":"Lori Richards"
,"Company":"H. Y. Engineering Ltd."
,"Phone Number":"604-583-1616"
,"Nature of Lobbying":"Engineering Consultant"
,"Client":"Property Owner"
,"Project No. ":""
}
,{
"json_featuretype":"CSV"
,"Registration Date":"2009 08 27"
,"Name of Lobbyist":"Roger Jawanda"
,"Company":"Citiwest Consulting Ltd."
,"Phone Number":"604-591-2213"
,"Nature of Lobbying":"Engineering Consultant"
,"Client":"Property Owner"
,"Project No. ":"7909-0156-00"
}
,{
"json_featuretype":"CSV"
,"Registration Date":"2009 08 28"
,"Name of Lobbyist":"Wojciech Grzybowicz"
,"Company":"WG Architectural"
,"Phone Number":"604-331-2378"
,"Nature of Lobbying":"Architectural Consultant"
,"Client":"Property Owner"
,"Project No. ":"7909-0159-00"
}
,{
"json_featuretype":"CSV"
,"Registration Date":"2009 08 28"
,"Name of Lobbyist":"Wojciech Grzybowicz"
,"Company":"WG Architectural"
,"Phone Number":"604-331-2378"
,"Nature of Lobbying":"Architectural Consultant"
,"Client":"0798440 BC Ltd."
,"Project No. ":"7909-0158-00"
}
,{
"json_featuretype":"CSV"
,"Registration Date":"2009 09 17"
,"Name of Lobbyist":"G. Dhaliwal"
,"Company":""
,"Phone Number":"604-576-0444"
,"Nature of Lobbying":"not disclosed"
,"Client":"Property Owner"
,"Project No. ":"7909-0172-00"
}
,{
"json_featuretype":"CSV"
,"Registration Date":"2009 09 24"
,"Name of Lobbyist":"Colin A. Hogan"
,"Company":"Focus Architecture Inc"
,"Phone Number":"604-853-5222"
,"Nature of Lobbying":"Architectural Consultant"
,"Client":"Kenstone Properties Ltd."
,"Project No. ":"7909-0177-00"
}
,{
"json_featuretype":"CSV"
,"Registration Date":"2009 09 25"
,"Name of Lobbyist":"Teri d. Hudson"
,"Company":"Teck Construction Ltd."
,"Phone Number":"604-514-4274"
,"Nature of Lobbying":"General Contractor"
,"Client":"Property Owner"
,"Project No. ":"7909-0180-00"
}
,{
"json_featuretype":"CSV"
,"Registration Date":"2009 09 25"
,"Name of Lobbyist":"T. Johal"
,"Company":""
,"Phone Number":"604-635-3150"
,"Nature of Lobbying":"not disclosed"
,"Client":"Owners of Strata Plan BCS1684"
,"Project No. ":"7909-0178-00"
}
,{
"json_featuretype":"CSV"
,"Registration Date":"2009 10 06"
,"Name of Lobbyist":"Ralph Berezan"
,"Company":"Berezan Management"
,"Phone Number":"604-882-0808"
,"Nature of Lobbying":"not disclosed"
,"Client":"Alani Enterprises Ltd."
,"Project No. ":"7909-0186-00"
}
,{
"json_featuretype":"CSV"
,"Registration Date":"2009 10 07"
,"Name of Lobbyist":"A. Cheung"
,"Company":""
,"Phone Number":"604-685-2088"
,"Nature of Lobbying":"not disclosed"
,"Client":"633 Oakview Investment Ltd."
,"Project No. ":"7909-0189-00"
}
,{
"json_featuretype":"CSV"
,"Registration Date":"2009 10 08 "
,"Name of Lobbyist":"Peter J. Lovick"
,"Company":"PJ Lovick Architect Ltd"
,"Phone Number":"604-298-3700"
,"Nature of Lobbying":"Architectural Consultant"
,"Client":"Property Owner"
,"Project No. ":"7909-0190-00"
}
,{
"json_featuretype":"CSV"
,"Registration Date":"2009 10 09"
,"Name of Lobbyist":"Clarence Arychuk"
,"Company":"Hunter Laird Engineering"
,"Phone Number":"604-525-4651"
,"Nature of Lobbying":"Planning and Civil Eng. Consultants"
,"Client":"Property Owner"
,"Project No. ":"7909-0188-00"
}
,{
"json_featuretype":"CSV"
,"Registration Date":"2009 10 19"
,"Name of Lobbyist":"Gerry Blonski"
,"Company":"Gerry Blonski Architect"
,"Phone Number":"604-572-3608"
,"Nature of Lobbying":"Architectural Consultant"
,"Client":"Property Owner"
,"Project No. ":"7909-0199-00"
}
,{
"json_featuretype":"CSV"
,"Registration Date":"2009 10 19"
,"Name of Lobbyist":"Lori Richards"
,"Company":"H. Y. Engineering Ltd."
,"Phone Number":"604-583-1616"
,"Nature of Lobbying":"Engineering Consultant"
,"Client":"Property Owner"
,"Project No. ":"7909-0201-00"
}
,{
"json_featuretype":"CSV"
,"Registration Date":"2009 10 19"
,"Name of Lobbyist":"Clarence Arychuk"
,"Company":"Hunter Laird Engineering"
,"Phone Number":"604-525-4651"
,"Nature of Lobbying":"Engineering Consultant"
,"Client":"Property Owner"
,"Project No. ":"7909-0195-00"
}
,{
"json_featuretype":"CSV"
,"Registration Date":"2009 10 19"
,"Name of Lobbyist":"Corey Pannu"
,"Company":"635160 BC Ltd."
,"Phone Number":"604-807-6405"
,"Nature of Lobbying":"Land Development"
,"Client":"Property Owner"
,"Project No. ":"7909-0202-00"
}
,{
"json_featuretype":"CSV"
,"Registration Date":"2009 10 19"
,"Name of Lobbyist":"Clarence Arychuk"
,"Company":"Hunter Laird Engineering"
,"Phone Number":"604-525-4651"
,"Nature of Lobbying":"Planning and Civil Eng. Consultants"
,"Client":"Time Limousine Service Ltd."
,"Project No. ":"7909-0196-00"
}
,{
"json_featuretype":"CSV"
,"Registration Date":"2009 10 21"
,"Name of Lobbyist":"Peter Moroso"
,"Company":"Citiwest Consulting Ltd."
,"Phone Number":"604-591-2213"
,"Nature of Lobbying":"Engineering Consultant"
,"Client":"Property Owner"
,"Project No. ":"7909-0198-00"
}
,{
"json_featuretype":"CSV"
,"Registration Date":"2009 10 21 "
,"Name of Lobbyist":"Darren Braun"
,"Company":"McElhanney Consulting Services"
,"Phone Number":"604-596-0391"
,"Nature of Lobbying":"Engineering Consultant"
,"Client":"Avalon Develoment Inc."
,"Project No. ":"7909-0193-00"
}
,{
"json_featuretype":"CSV"
,"Registration Date":"2009 10 22"
,"Name of Lobbyist":"Art Phillips"
,"Company":"Larco Investments"
,"Phone Number":"604-925-8218"
,"Nature of Lobbying":"Developer of Morgan Crossing"
,"Client":"Morgan Crossing Properties"
,"Project No. ":""
}
,{
"json_featuretype":"CSV"
,"Registration Date":"2009 10 22"
,"Name of Lobbyist":"J. Sarwal"
,"Company":""
,"Phone Number":"604-897-0036"
,"Nature of Lobbying":"not disclosed"
,"Client":"Property Owner"
,"Project No. ":"7909-0203-00"
}
,{
"json_featuretype":"CSV"
,"Registration Date":"2009 10 23"
,"Name of Lobbyist":"Clarence Arychuk"
,"Company":"Hunter Laird Engineering"
,"Phone Number":"604-525-4651"
,"Nature of Lobbying":"Planning and Civil Eng. Consultants"
,"Client":"JBC Papais Joint Venture"
,"Project No. ":"7909-0208-00"
}
,{
"json_featuretype":"CSV"
,"Registration Date":"2009 10 26"
,"Name of Lobbyist":"Marten Van Huizen"
,"Company":"Elim Housing Society"
,"Phone Number":"604-930-2483"
,"Nature of Lobbying":"Senior's Housing Society"
,"Client":"Elim Housing Society"
,"Project No. ":"7909-0206-00"
}
,{
"json_featuretype":"CSV"
,"Registration Date":"2009 10 26"
,"Name of Lobbyist":"Doug Chrystal"
,"Company":"Elim Housing Society"
,"Phone Number":"604-728-3055"
,"Nature of Lobbying":"Senior's Housing Society"
,"Client":"Elim Housing Society"
,"Project No. ":"7909-0206-00"
}
,{
"json_featuretype":"CSV"
,"Registration Date":"2009 10 29"
,"Name of Lobbyist":"Lori Richards"
,"Company":"H. Y. Engineering Ltd."
,"Phone Number":"604-583-1616"
,"Nature of Lobbying":"Engineering Consultant"
,"Client":"Property Owner"
,"Project No. ":"7909-0200-00"
}
,{
"json_featuretype":"CSV"
,"Registration Date":"2009 11 02"
,"Name of Lobbyist":"Riad Yassin"
,"Company":"Alpha Beta Developments Ltd."
,"Phone Number":"604-662-7900"
,"Nature of Lobbying":"Property Development"
,"Client":"Hyland Creek Ventures"
,"Project No. ":"7909-0214-00"
}
,{
"json_featuretype":"CSV"
,"Registration Date":"2009 11 03"
,"Name of Lobbyist":"Michael Helle"
,"Company":"Coastland Engineering"
,"Phone Number":"604-532-9700"
,"Nature of Lobbying":"Engineering Consultant"
,"Client":""
,"Project No. ":"7909-0215-00"
}
,{
"json_featuretype":"CSV"
,"Registration Date":"2009 11 06"
,"Name of Lobbyist":"Larry Bystryk"
,"Company":"not provided"
,"Phone Number":"604-816-5231"
,"Nature of Lobbying":"not provided"
,"Client":"Property Owner"
,"Project No. ":"7909-0217-00"
}
,{
"json_featuretype":"CSV"
,"Registration Date":"2009 11 09"
,"Name of Lobbyist":"Patrick Cotter"
,"Company":"Patrick Cotter Architect Inc."
,"Phone Number":"604-272-1477"
,"Nature of Lobbying":"Architectural Consultant"
,"Client":"Tien Sher Surrey Development Group"
,"Project No. ":"7909-0222-00"
}
,{
"json_featuretype":"CSV"
,"Registration Date":"2009 11 10"
,"Name of Lobbyist":"Avnash Banwait"
,"Company":"Mainland Engineering (2007) Corp."
,"Phone Number":"604-543-8044"
,"Nature of Lobbying":"Engineering Consultant"
,"Client":"Property Owner"
,"Project No. ":"7909-0220-00"
}
,{
"json_featuretype":"CSV"
,"Registration Date":"2009 11 17"
,"Name of Lobbyist":"Mike Kompter"
,"Company":"Hub Engineering Inc"
,"Phone Number":"604-572-4328"
,"Nature of Lobbying":"Engineering Consultant"
,"Client":"0749818 BC Ltd."
,"Project No. ":"7909-0170-00"
}
,{
"json_featuretype":"CSV"
,"Registration Date":"2009 11 24"
,"Name of Lobbyist":"Avnash Banwait"
,"Company":"Mainland Engineering (2007) Corp."
,"Phone Number":"604-543-8044"
,"Nature of Lobbying":"Engineering Consultant"
,"Client":"Property Owner"
,"Project No. ":"7909-0226-00"
}
,{
"json_featuretype":"CSV"
,"Registration Date":"2009 11 27"
,"Name of Lobbyist":"Roger Jawanda"
,"Company":"Citiwest Consulting Ltd."
,"Phone Number":"604-591-2213"
,"Nature of Lobbying":"Engineering Consultant"
,"Client":"Property Owner"
,"Project No. ":"7909-0231-00"
}
,{
"json_featuretype":"CSV"
,"Registration Date":"2009 12 01"
,"Name of Lobbyist":"Clarence Arychuk"
,"Company":"Hunter Laird Engineering"
,"Phone Number":"604-525-4651"
,"Nature of Lobbying":"Planning and Civil Eng. Consultants"
,"Client":"Property Owner"
,"Project No. ":"7909-0235-00"
}
,{
"json_featuretype":"CSV"
,"Registration Date":"2009 12 03"
,"Name of Lobbyist":"Wojciech Grzybowier"
,"Company":"WG Architectural"
,"Phone Number":"604-331-2378"
,"Nature of Lobbying":"Architectural Consultant"
,"Client":"0809799 BC Ltd."
,"Project No. ":"7909-0237-00"
}
,{
"json_featuretype":"CSV"
,"Registration Date":"2009 12 09"
,"Name of Lobbyist":"Joe Minton"
,"Company":"JM Architecture and Interior Design"
,"Phone Number":"604-583-2003"
,"Nature of Lobbying":"Architectural Consultant"
,"Client":"Property Owner"
,"Project No. ":"7909-0231-00"
}
,{
"json_featuretype":"CSV"
,"Registration Date":"2009 12 09"
,"Name of Lobbyist":"Roger Jawanda"
,"Company":"Citiwest Consulting Ltd."
,"Phone Number":"604-591-2213"
,"Nature of Lobbying":"Engineering Consultant"
,"Client":"Property Owner"
,"Project No. ":"7909-0243-00"
}
,{
"json_featuretype":"CSV"
,"Registration Date":"2009 12 09"
,"Name of Lobbyist":"Maggie Koka"
,"Company":"Aplin & Martin Consultants Ltd."
,"Phone Number":"604-597-9058"
,"Nature of Lobbying":"Engineering Consultant"
,"Client":"Property Owner"
,"Project No. ":""
}
,{
"json_featuretype":"CSV"
,"Registration Date":"2009 12 09"
,"Name of Lobbyist":"Clarence Arychuk"
,"Company":"Hunter Laird Engineering"
,"Phone Number":"604-525-4651"
,"Nature of Lobbying":"Planning and Civil Eng. Consultants"
,"Client":"Property Owner"
,"Project No. ":"7909-0240-00"
}
,{
"json_featuretype":"CSV"
,"Registration Date":"2009 12 15"
,"Name of Lobbyist":"Roger Jawanda"
,"Company":"Citiwest Consulting Ltd."
,"Phone Number":"604-591-2213"
,"Nature of Lobbying":"Engineering Consultant"
,"Client":"0694813 BC Ltd."
,"Project No. ":""
}
,{
"json_featuretype":"CSV"
,"Registration Date":"2009 12 16"
,"Name of Lobbyist":"Roger Jawanda"
,"Company":"Citiwest Consulting Ltd."
,"Phone Number":"604-591-2213"
,"Nature of Lobbying":"Engineering Consultant"
,"Client":"0765460 BC Ltd."
,"Project No. ":"7909-0245-00"
}
,{
"json_featuretype":"CSV"
,"Registration Date":"2009 12 17"
,"Name of Lobbyist":"Roger Jawanda"
,"Company":"Citiwest Consulting Ltd."
,"Phone Number":"604-591-2213"
,"Nature of Lobbying":"Engineering Consultant"
,"Client":"Property Owner"
,"Project No. ":"7909-0246-00"
}
,{
"json_featuretype":"CSV"
,"Registration Date":"2009 12 17"
,"Name of Lobbyist":"Roger Jawanda"
,"Company":"Citiwest Consulting Ltd."
,"Phone Number":"604-591-2213"
,"Nature of Lobbying":"Engineering Consultant"
,"Client":"0750006 BC Ltd."
,"Project No. ":"7909-0247-00"
}
,{
"json_featuretype":"CSV"
,"Registration Date":"2009 12 21"
,"Name of Lobbyist":"Jacob E. Bergen"
,"Company":"Pilot Pacific"
,"Phone Number":"604-687-0400"
,"Nature of Lobbying":"Development Consultant"
,"Client":"Pilot Pacific Development"
,"Project No. ":"7909-0250-00"
}
,{
"json_featuretype":"CSV"
,"Registration Date":"2009 12 23"
,"Name of Lobbyist":"Patrick Cotter"
,"Company":"Patrick Cotter Architect Inc."
,"Phone Number":"604-272-1477"
,"Nature of Lobbying":"Architectural Consultant"
,"Client":"0860589 BC Ltd."
,"Project No. ":"7909-0254-00"
}
,{
"json_featuretype":"CSV"
,"Registration Date":"2009 12 23"
,"Name of Lobbyist":"Robert Church"
,"Company":"Bunting Coady Architects"
,"Phone Number":"604-979-9911"
,"Nature of Lobbying":"Institutional CD Rezoning"
,"Client":"Kwantlen Polytechnic University"
,"Project No. ":"7909-0257-00"
}
,{
"json_featuretype":"CSV"
,"Registration Date":"2009 12 24"
,"Name of Lobbyist":"Maggie Koka"
,"Company":"Aplin & Martin Consultants Ltd."
,"Phone Number":"604-597-9058"
,"Nature of Lobbying":"Planning and Civil Eng. Consultants"
,"Client":"Property Owner"
,"Project No. ":"7909-0257-00"
}
]