{
	"name" : "sanitary_lift_stations",
	"type" : "FeatureCollection",
	"crs" : {
		"type" : "name",
		"properties" : {
			"name" : "EPSG:26910"
		}
	},
	"features" : [
		{
			"type" : "Feature",
			"geometry" : {
				"type" : "Point",
				"coordinates" : [ 513551.3749218751, 5434894.628515625 ]
			},
			"properties" : {
				"ANCILLARYROLE" : 0,
				"ENABLED" : 0,
				"FACILITYID" : "1000075209",
				"LEGACYID" : "25481",
				"NODE_NO" : "1471903526",
				"STATUS" : "Abandoned",
				"PROJECT_NO" : "7800-0232-00",
				"YR" : 2003,
				"OWNER" : "Surrey",
				"NAME" : "WINTER CRESCENT SS",
				"LOCATION" : "14718 WINTER CR",
				"COMMENTS" : null,
				"GIS_ENTRY_STAGE" : "Final AB",
				"WARRANTYDATE" : null,
				"CONDITION" : null,
				"CONDITIONDATE" : null,
				"YTD_COST" : null,
				"LIFECYCLE_COST" : null,
				"CAPACITY" : null,
				"CONTRACTOR_ID" : null,
				"RUPTURE_DISK" : null,
				"MAX_DISCHARGE_PUMPS" : null,
				"CRE_DATE" : "20040723",
				"MOD_DATE" : "20180105"
			}
		},
		{
			"type" : "Feature",
			"geometry" : {
				"type" : "Point",
				"coordinates" : [ 509518.9847656246, 5450799.568125 ]
			},
			"properties" : {
				"ANCILLARYROLE" : 0,
				"ENABLED" : 0,
				"FACILITYID" : "1001862202",
				"LEGACYID" : null,
				"NODE_NO" : "1271411432",
				"STATUS" : "In Service",
				"PROJECT_NO" : "4714-5340-00",
				"YR" : null,
				"OWNER" : "Surrey",
				"NAME" : "114 AVE SS",
				"LOCATION" : "12729 114 AVE",
				"COMMENTS" : null,
				"GIS_ENTRY_STAGE" : "EC",
				"WARRANTYDATE" : null,
				"CONDITION" : null,
				"CONDITIONDATE" : null,
				"YTD_COST" : null,
				"LIFECYCLE_COST" : null,
				"CAPACITY" : null,
				"CONTRACTOR_ID" : null,
				"RUPTURE_DISK" : null,
				"MAX_DISCHARGE_PUMPS" : null,
				"CRE_DATE" : "20160229",
				"MOD_DATE" : "20180312"
			}
		},
		{
			"type" : "Feature",
			"geometry" : {
				"type" : "Point",
				"coordinates" : [ 516102.46109374985, 5433557.063984375 ]
			},
			"properties" : {
				"ANCILLARYROLE" : 0,
				"ENABLED" : 0,
				"FACILITYID" : "1001886575",
				"LEGACYID" : null,
				"NODE_NO" : "1598702861",
				"STATUS" : "In Service",
				"PROJECT_NO" : "4706-4530-00",
				"YR" : 2017,
				"OWNER" : "Surrey",
				"NAME" : "WILLS BROOK ODOUR CONTROL",
				"LOCATION" : "2906 160 ST",
				"COMMENTS" : "MS 4716-001-11",
				"GIS_ENTRY_STAGE" : "EC",
				"WARRANTYDATE" : null,
				"CONDITION" : null,
				"CONDITIONDATE" : null,
				"YTD_COST" : null,
				"LIFECYCLE_COST" : null,
				"CAPACITY" : null,
				"CONTRACTOR_ID" : null,
				"RUPTURE_DISK" : null,
				"MAX_DISCHARGE_PUMPS" : null,
				"CRE_DATE" : "20160811",
				"MOD_DATE" : "20180322"
			}
		},
		{
			"type" : "Feature",
			"geometry" : {
				"type" : "Point",
				"coordinates" : [ 512688.74953125045, 5443648.7533593755 ]
			},
			"properties" : {
				"ANCILLARYROLE" : 0,
				"ENABLED" : 1,
				"FACILITYID" : "1001862201",
				"LEGACYID" : null,
				"NODE_NO" : "1429007877",
				"STATUS" : "In Service",
				"PROJECT_NO" : "4713-4060-00",
				"YR" : 2016,
				"OWNER" : "Surrey",
				"NAME" : "143A ST SS",
				"LOCATION" : "7866 143A ST",
				"COMMENTS" : null,
				"GIS_ENTRY_STAGE" : "Initial AB",
				"WARRANTYDATE" : null,
				"CONDITION" : null,
				"CONDITIONDATE" : null,
				"YTD_COST" : null,
				"LIFECYCLE_COST" : null,
				"CAPACITY" : null,
				"CONTRACTOR_ID" : null,
				"RUPTURE_DISK" : null,
				"MAX_DISCHARGE_PUMPS" : null,
				"CRE_DATE" : "20170504",
				"MOD_DATE" : "20170915"
			}
		},
		{
			"type" : "Feature",
			"geometry" : {
				"type" : "Point",
				"coordinates" : [ 510571.02976562455, 5451168.385 ]
			},
			"properties" : {
				"ANCILLARYROLE" : 0,
				"ENABLED" : 1,
				"FACILITYID" : "1000075199",
				"LEGACYID" : "24486",
				"NODE_NO" : "1323711616",
				"STATUS" : "Abandoned",
				"PROJECT_NO" : "4170",
				"YR" : null,
				"OWNER" : "Surrey",
				"NAME" : "LOUGHEED I SS (old)",
				"LOCATION" : "11585 132A ST",
				"COMMENTS" : null,
				"GIS_ENTRY_STAGE" : "Final AB",
				"WARRANTYDATE" : null,
				"CONDITION" : null,
				"CONDITIONDATE" : null,
				"YTD_COST" : null,
				"LIFECYCLE_COST" : null,
				"CAPACITY" : null,
				"CONTRACTOR_ID" : null,
				"RUPTURE_DISK" : null,
				"MAX_DISCHARGE_PUMPS" : null,
				"CRE_DATE" : "20031210",
				"MOD_DATE" : "20170915"
			}
		},
		{
			"type" : "Feature",
			"geometry" : {
				"type" : "Point",
				"coordinates" : [ 517728.3429687498, 5430618.700859375 ]
			},
			"properties" : {
				"ANCILLARYROLE" : 0,
				"ENABLED" : 0,
				"FACILITYID" : "1001886623",
				"LEGACYID" : null,
				"NODE_NO" : "1679501400",
				"STATUS" : "In Service",
				"PROJECT_NO" : "4706-4530-00",
				"YR" : null,
				"OWNER" : "Surrey",
				"NAME" : "FERGUS SS",
				"LOCATION" : "1451 168 ST",
				"COMMENTS" : null,
				"GIS_ENTRY_STAGE" : "EC",
				"WARRANTYDATE" : null,
				"CONDITION" : null,
				"CONDITIONDATE" : null,
				"YTD_COST" : null,
				"LIFECYCLE_COST" : null,
				"CAPACITY" : null,
				"CONTRACTOR_ID" : null,
				"RUPTURE_DISK" : null,
				"MAX_DISCHARGE_PUMPS" : null,
				"CRE_DATE" : "20160812",
				"MOD_DATE" : "20170616"
			}
		},
		{
			"type" : "Feature",
			"geometry" : {
				"type" : "Point",
				"coordinates" : [ 509866.1558593754, 5450340.09953125 ]
			},
			"properties" : {
				"ANCILLARYROLE" : 0,
				"ENABLED" : 1,
				"FACILITYID" : "1000075184",
				"LEGACYID" : "22412",
				"NODE_NO" : "1288711204",
				"STATUS" : "In Service",
				"PROJECT_NO" : "7893-0224-00",
				"YR" : 2000,
				"OWNER" : "Private",
				"NAME" : "PRIVATE SS",
				"LOCATION" : "12918 112 AVE",
				"COMMENTS" : "SEE ALSO S-011-109",
				"GIS_ENTRY_STAGE" : "Final AB",
				"WARRANTYDATE" : null,
				"CONDITION" : null,
				"CONDITIONDATE" : null,
				"YTD_COST" : null,
				"LIFECYCLE_COST" : null,
				"CAPACITY" : null,
				"CONTRACTOR_ID" : null,
				"RUPTURE_DISK" : null,
				"MAX_DISCHARGE_PUMPS" : null,
				"CRE_DATE" : "20011221",
				"MOD_DATE" : "20170413"
			}
		},
		{
			"type" : "Feature",
			"geometry" : {
				"type" : "Point",
				"coordinates" : [ 509133.1791406246, 5450779.463671874 ]
			},
			"properties" : {
				"ANCILLARYROLE" : 0,
				"ENABLED" : 1,
				"FACILITYID" : "1001196409",
				"LEGACYID" : null,
				"NODE_NO" : "1252211422",
				"STATUS" : "In Service",
				"PROJECT_NO" : "4706-4520-00",
				"YR" : 2012,
				"OWNER" : "Surrey",
				"NAME" : "LIVERPOOL SS",
				"LOCATION" : "12540 114 AVE",
				"COMMENTS" : null,
				"GIS_ENTRY_STAGE" : "Final AB",
				"WARRANTYDATE" : null,
				"CONDITION" : null,
				"CONDITIONDATE" : null,
				"YTD_COST" : null,
				"LIFECYCLE_COST" : null,
				"CAPACITY" : null,
				"CONTRACTOR_ID" : null,
				"RUPTURE_DISK" : null,
				"MAX_DISCHARGE_PUMPS" : null,
				"CRE_DATE" : "20110428",
				"MOD_DATE" : "20171222"
			}
		},
		{
			"type" : "Feature",
			"geometry" : {
				"type" : "Point",
				"coordinates" : [ 512437.0340625001, 5443821.2034375 ]
			},
			"properties" : {
				"ANCILLARYROLE" : 0,
				"ENABLED" : 1,
				"FACILITYID" : "1001422520",
				"LEGACYID" : null,
				"NODE_NO" : "1416507963",
				"STATUS" : "In Service",
				"PROJECT_NO" : "4704-6090-00",
				"YR" : 2014,
				"OWNER" : "Surrey",
				"NAME" : "141B ST SS",
				"LOCATION" : "7942 141B ST",
				"COMMENTS" : null,
				"GIS_ENTRY_STAGE" : "Initial AB",
				"WARRANTYDATE" : null,
				"CONDITION" : "New",
				"CONDITIONDATE" : null,
				"YTD_COST" : null,
				"LIFECYCLE_COST" : null,
				"CAPACITY" : null,
				"CONTRACTOR_ID" : null,
				"RUPTURE_DISK" : null,
				"MAX_DISCHARGE_PUMPS" : null,
				"CRE_DATE" : "20160531",
				"MOD_DATE" : "20180425"
			}
		},
		{
			"type" : "Feature",
			"geometry" : {
				"type" : "Point",
				"coordinates" : [ 518291.36328125, 5428092.894296875 ]
			},
			"properties" : {
				"ANCILLARYROLE" : 0,
				"ENABLED" : 1,
				"FACILITYID" : "1000075232",
				"LEGACYID" : "24482",
				"NODE_NO" : "1707500144",
				"STATUS" : "In Service",
				"PROJECT_NO" : "4514",
				"YR" : null,
				"OWNER" : "Surrey",
				"NAME" : "DOUGLAS SS",
				"LOCATION" : "173 171 ST",
				"COMMENTS" : null,
				"GIS_ENTRY_STAGE" : "Final AB",
				"WARRANTYDATE" : null,
				"CONDITION" : null,
				"CONDITIONDATE" : null,
				"YTD_COST" : null,
				"LIFECYCLE_COST" : null,
				"CAPACITY" : null,
				"CONTRACTOR_ID" : null,
				"RUPTURE_DISK" : null,
				"MAX_DISCHARGE_PUMPS" : null,
				"CRE_DATE" : "20031210",
				"MOD_DATE" : "20180425"
			}
		},
		{
			"type" : "Feature",
			"geometry" : {
				"type" : "Point",
				"coordinates" : [ 508639.60531250015, 5433801.350390624 ]
			},
			"properties" : {
				"ANCILLARYROLE" : 0,
				"ENABLED" : 1,
				"FACILITYID" : "1000075204",
				"LEGACYID" : "21347",
				"NODE_NO" : "1227702982",
				"STATUS" : "In Service",
				"PROJECT_NO" : "2098",
				"YR" : 1980,
				"OWNER" : "Surrey",
				"NAME" : "GILLEY SS",
				"LOCATION" : "12273 GILLEY ST",
				"COMMENTS" : "GILLEY L.S. SEE ALSO S-110-136",
				"GIS_ENTRY_STAGE" : "Final AB",
				"WARRANTYDATE" : null,
				"CONDITION" : null,
				"CONDITIONDATE" : null,
				"YTD_COST" : null,
				"LIFECYCLE_COST" : null,
				"CAPACITY" : null,
				"CONTRACTOR_ID" : null,
				"RUPTURE_DISK" : null,
				"MAX_DISCHARGE_PUMPS" : null,
				"CRE_DATE" : "20010829",
				"MOD_DATE" : "20180425"
			}
		},
		{
			"type" : "Feature",
			"geometry" : {
				"type" : "Point",
				"coordinates" : [ 508130.1628906252, 5449301.231406249 ]
			},
			"properties" : {
				"ANCILLARYROLE" : 0,
				"ENABLED" : 1,
				"FACILITYID" : "1000075186",
				"LEGACYID" : "22778",
				"NODE_NO" : "1202410687",
				"STATUS" : "In Service",
				"PROJECT_NO" : "4516",
				"YR" : 2002,
				"OWNER" : "Surrey",
				"NAME" : "SOUTH WESTMINSTER VS",
				"LOCATION" : "10643 SPAN RD",
				"COMMENTS" : null,
				"GIS_ENTRY_STAGE" : "Final AB",
				"WARRANTYDATE" : null,
				"CONDITION" : null,
				"CONDITIONDATE" : null,
				"YTD_COST" : null,
				"LIFECYCLE_COST" : null,
				"CAPACITY" : null,
				"CONTRACTOR_ID" : null,
				"RUPTURE_DISK" : null,
				"MAX_DISCHARGE_PUMPS" : null,
				"CRE_DATE" : "20020508",
				"MOD_DATE" : "20170413"
			}
		},
		{
			"type" : "Feature",
			"geometry" : {
				"type" : "Point",
				"coordinates" : [ 508391.1623437498, 5441801.412968749 ]
			},
			"properties" : {
				"ANCILLARYROLE" : 0,
				"ENABLED" : 1,
				"FACILITYID" : "1000075188",
				"LEGACYID" : "24501",
				"NODE_NO" : "1215306959",
				"STATUS" : "In Service",
				"PROJECT_NO" : "4703-1180-00",
				"YR" : 2006,
				"OWNER" : "Surrey",
				"NAME" : "WEST NEWTON SS",
				"LOCATION" : "6909 122 ST",
				"COMMENTS" : null,
				"GIS_ENTRY_STAGE" : "Final AB",
				"WARRANTYDATE" : null,
				"CONDITION" : null,
				"CONDITIONDATE" : null,
				"YTD_COST" : null,
				"LIFECYCLE_COST" : null,
				"CAPACITY" : null,
				"CONTRACTOR_ID" : null,
				"RUPTURE_DISK" : null,
				"MAX_DISCHARGE_PUMPS" : null,
				"CRE_DATE" : "20031210",
				"MOD_DATE" : "20170413"
			}
		},
		{
			"type" : "Feature",
			"geometry" : {
				"type" : "Point",
				"coordinates" : [ 509398.19984375034, 5438467.321328126 ]
			},
			"properties" : {
				"ANCILLARYROLE" : 0,
				"ENABLED" : 1,
				"FACILITYID" : "1000075187",
				"LEGACYID" : "36",
				"NODE_NO" : "1611510388",
				"STATUS" : "Abandoned",
				"PROJECT_NO" : "4469-R",
				"YR" : 1977,
				"OWNER" : "Surrey",
				"NAME" : "Decommissioned 2",
				"LOCATION" : null,
				"COMMENTS" : "SEE S-025-048, 4703-1510-00, JUNE 2004",
				"GIS_ENTRY_STAGE" : "Final AB",
				"WARRANTYDATE" : null,
				"CONDITION" : null,
				"CONDITIONDATE" : null,
				"YTD_COST" : null,
				"LIFECYCLE_COST" : null,
				"CAPACITY" : null,
				"CONTRACTOR_ID" : null,
				"RUPTURE_DISK" : null,
				"MAX_DISCHARGE_PUMPS" : null,
				"CRE_DATE" : "19860121",
				"MOD_DATE" : "20120119"
			}
		},
		{
			"type" : "Feature",
			"geometry" : {
				"type" : "Point",
				"coordinates" : [ 516669.08460937534, 5448365.266015625 ]
			},
			"properties" : {
				"ANCILLARYROLE" : 0,
				"ENABLED" : 1,
				"FACILITYID" : "1000075194",
				"LEGACYID" : "24504",
				"NODE_NO" : "1626810222",
				"STATUS" : "In Service",
				"PROJECT_NO" : "7885-104-00",
				"YR" : null,
				"OWNER" : "Private",
				"NAME" : "TYNEHEAD SS (PRIVATE)",
				"LOCATION" : "16275 102 AVE",
				"COMMENTS" : null,
				"GIS_ENTRY_STAGE" : "Final AB",
				"WARRANTYDATE" : null,
				"CONDITION" : null,
				"CONDITIONDATE" : null,
				"YTD_COST" : null,
				"LIFECYCLE_COST" : null,
				"CAPACITY" : null,
				"CONTRACTOR_ID" : null,
				"RUPTURE_DISK" : null,
				"MAX_DISCHARGE_PUMPS" : null,
				"CRE_DATE" : "20031211",
				"MOD_DATE" : "20170413"
			}
		},
		{
			"type" : "Feature",
			"geometry" : {
				"type" : "Point",
				"coordinates" : [ 518520.9079687502, 5445295.058828125 ]
			},
			"properties" : {
				"ANCILLARYROLE" : 0,
				"ENABLED" : 1,
				"FACILITYID" : "1000075203",
				"LEGACYID" : "23142",
				"NODE_NO" : "1718908696",
				"STATUS" : "In Service",
				"PROJECT_NO" : "4701-501",
				"YR" : 2002,
				"OWNER" : "Surrey",
				"NAME" : "GREENWAY SS",
				"LOCATION" : "17138 GREENWAY DR",
				"COMMENTS" : null,
				"GIS_ENTRY_STAGE" : null,
				"WARRANTYDATE" : null,
				"CONDITION" : null,
				"CONDITIONDATE" : null,
				"YTD_COST" : null,
				"LIFECYCLE_COST" : null,
				"CAPACITY" : null,
				"CONTRACTOR_ID" : null,
				"RUPTURE_DISK" : null,
				"MAX_DISCHARGE_PUMPS" : null,
				"CRE_DATE" : "20021007",
				"MOD_DATE" : "20170413"
			}
		},
		{
			"type" : "Feature",
			"geometry" : {
				"type" : "Point",
				"coordinates" : [ 510928.9523437498, 5451140.304609375 ]
			},
			"properties" : {
				"ANCILLARYROLE" : 0,
				"ENABLED" : 1,
				"FACILITYID" : "1000075205",
				"LEGACYID" : "24487",
				"NODE_NO" : "1341511602",
				"STATUS" : "In Service",
				"PROJECT_NO" : "7887-6240",
				"YR" : 2010,
				"OWNER" : "Surrey",
				"NAME" : "LOUGHEED II  SS",
				"LOCATION" : "11598 134 ST",
				"COMMENTS" : null,
				"GIS_ENTRY_STAGE" : "Final AB",
				"WARRANTYDATE" : null,
				"CONDITION" : null,
				"CONDITIONDATE" : null,
				"YTD_COST" : null,
				"LIFECYCLE_COST" : null,
				"CAPACITY" : null,
				"CONTRACTOR_ID" : null,
				"RUPTURE_DISK" : null,
				"MAX_DISCHARGE_PUMPS" : null,
				"CRE_DATE" : "20031210",
				"MOD_DATE" : "20170413"
			}
		},
		{
			"type" : "Feature",
			"geometry" : {
				"type" : "Point",
				"coordinates" : [ 523345.03031249996, 5438381.82015625 ]
			},
			"properties" : {
				"ANCILLARYROLE" : 0,
				"ENABLED" : 1,
				"FACILITYID" : "1000075189",
				"LEGACYID" : "24503",
				"NODE_NO" : "1958705259",
				"STATUS" : "In Service",
				"PROJECT_NO" : null,
				"YR" : null,
				"OWNER" : "Metro Vancouver",
				"NAME" : "LANGLEY SS (METRO VAN)",
				"LOCATION" : "5241 196 ST",
				"COMMENTS" : null,
				"GIS_ENTRY_STAGE" : "Final AB",
				"WARRANTYDATE" : null,
				"CONDITION" : null,
				"CONDITIONDATE" : null,
				"YTD_COST" : null,
				"LIFECYCLE_COST" : null,
				"CAPACITY" : null,
				"CONTRACTOR_ID" : null,
				"RUPTURE_DISK" : null,
				"MAX_DISCHARGE_PUMPS" : null,
				"CRE_DATE" : "20031211",
				"MOD_DATE" : "20170413"
			}
		},
		{
			"type" : "Feature",
			"geometry" : {
				"type" : "Point",
				"coordinates" : [ 519640.53335937485, 5448413.934687501 ]
			},
			"properties" : {
				"ANCILLARYROLE" : 0,
				"ENABLED" : 0,
				"FACILITYID" : "1001955389",
				"LEGACYID" : null,
				"NODE_NO" : "1774510246",
				"STATUS" : "Proposed",
				"PROJECT_NO" : "4715-5270-00",
				"YR" : null,
				"OWNER" : "Surrey",
				"NAME" : "Daly P.S.",
				"LOCATION" : "10194 177A St",
				"COMMENTS" : null,
				"GIS_ENTRY_STAGE" : "EC",
				"WARRANTYDATE" : null,
				"CONDITION" : null,
				"CONDITIONDATE" : null,
				"YTD_COST" : null,
				"LIFECYCLE_COST" : null,
				"CAPACITY" : null,
				"CONTRACTOR_ID" : null,
				"RUPTURE_DISK" : null,
				"MAX_DISCHARGE_PUMPS" : null,
				"CRE_DATE" : "20171116",
				"MOD_DATE" : "20171116"
			}
		},
		{
			"type" : "Feature",
			"geometry" : {
				"type" : "Point",
				"coordinates" : [ 518855.30140625034, 5448870.648515625 ]
			},
			"properties" : {
				"ANCILLARYROLE" : 0,
				"ENABLED" : 0,
				"FACILITYID" : "1001955388",
				"LEGACYID" : null,
				"NODE_NO" : "1735510473",
				"STATUS" : "Proposed",
				"PROJECT_NO" : "4715-5270-00",
				"YR" : null,
				"OWNER" : "Surrey",
				"NAME" : "Big Bend P.S.",
				"LOCATION" : "17337 104A Ave",
				"COMMENTS" : null,
				"GIS_ENTRY_STAGE" : "EC",
				"WARRANTYDATE" : null,
				"CONDITION" : null,
				"CONDITIONDATE" : null,
				"YTD_COST" : null,
				"LIFECYCLE_COST" : null,
				"CAPACITY" : null,
				"CONTRACTOR_ID" : null,
				"RUPTURE_DISK" : null,
				"MAX_DISCHARGE_PUMPS" : null,
				"CRE_DATE" : "20171116",
				"MOD_DATE" : "20171116"
			}
		},
		{
			"type" : "Feature",
			"geometry" : {
				"type" : "Point",
				"coordinates" : [ 519362.01578124985, 5448790.145390624 ]
			},
			"properties" : {
				"ANCILLARYROLE" : 0,
				"ENABLED" : 1,
				"FACILITYID" : "1000075206",
				"LEGACYID" : "24471",
				"NODE_NO" : "1760710433",
				"STATUS" : "In Service",
				"PROJECT_NO" : "4705-4550-00",
				"YR" : 1979,
				"OWNER" : "Surrey",
				"NAME" : "BIG BEND SS",
				"LOCATION" : "17601 104 AVE",
				"COMMENTS" : null,
				"GIS_ENTRY_STAGE" : "Final AB",
				"WARRANTYDATE" : null,
				"CONDITION" : null,
				"CONDITIONDATE" : null,
				"YTD_COST" : null,
				"LIFECYCLE_COST" : null,
				"CAPACITY" : null,
				"CONTRACTOR_ID" : null,
				"RUPTURE_DISK" : null,
				"MAX_DISCHARGE_PUMPS" : null,
				"CRE_DATE" : "20100427",
				"MOD_DATE" : "20170413"
			}
		},
		{
			"type" : "Feature",
			"geometry" : {
				"type" : "Point",
				"coordinates" : [ 514470.72218750045, 5434936.60140625 ]
			},
			"properties" : {
				"ANCILLARYROLE" : 0,
				"ENABLED" : 1,
				"FACILITYID" : "1000075210",
				"LEGACYID" : "28228",
				"NODE_NO" : "1517603546",
				"STATUS" : "Proposed",
				"PROJECT_NO" : "7803-0070-00",
				"YR" : 2005,
				"OWNER" : "Private",
				"NAME" : "PRIVATE SS",
				"LOCATION" : "36 AVE & 152 ST",
				"COMMENTS" : null,
				"GIS_ENTRY_STAGE" : "Final AB",
				"WARRANTYDATE" : null,
				"CONDITION" : null,
				"CONDITIONDATE" : null,
				"YTD_COST" : null,
				"LIFECYCLE_COST" : null,
				"CAPACITY" : null,
				"CONTRACTOR_ID" : null,
				"RUPTURE_DISK" : null,
				"MAX_DISCHARGE_PUMPS" : null,
				"CRE_DATE" : "20051201",
				"MOD_DATE" : "20170413"
			}
		},
		{
			"type" : "Feature",
			"geometry" : {
				"type" : "Point",
				"coordinates" : [ 509003.2284375001, 5433481.195703125 ]
			},
			"properties" : {
				"ANCILLARYROLE" : 0,
				"ENABLED" : 1,
				"FACILITYID" : "1000075211",
				"LEGACYID" : "21719",
				"NODE_NO" : "1245802823",
				"STATUS" : "In Service",
				"PROJECT_NO" : "SF-1096",
				"YR" : 1977,
				"OWNER" : "Metro Vancouver",
				"NAME" : "CRESCENT BEACH SS (METRO VAN)",
				"LOCATION" : "12475 CRESCENT RD",
				"COMMENTS" : null,
				"GIS_ENTRY_STAGE" : "Final AB",
				"WARRANTYDATE" : null,
				"CONDITION" : null,
				"CONDITIONDATE" : null,
				"YTD_COST" : null,
				"LIFECYCLE_COST" : null,
				"CAPACITY" : null,
				"CONTRACTOR_ID" : null,
				"RUPTURE_DISK" : null,
				"MAX_DISCHARGE_PUMPS" : null,
				"CRE_DATE" : "20011024",
				"MOD_DATE" : "20170413"
			}
		},
		{
			"type" : "Feature",
			"geometry" : {
				"type" : "Point",
				"coordinates" : [ 510848.02164062485, 5430346.60890625 ]
			},
			"properties" : {
				"ANCILLARYROLE" : 0,
				"ENABLED" : 1,
				"FACILITYID" : "1000075213",
				"LEGACYID" : "24492",
				"NODE_NO" : "1337501265",
				"STATUS" : "In Service",
				"PROJECT_NO" : null,
				"YR" : null,
				"OWNER" : "Surrey",
				"NAME" : "OCEAN PARK II SS",
				"LOCATION" : "13365 13A AVE",
				"COMMENTS" : null,
				"GIS_ENTRY_STAGE" : "Final AB",
				"WARRANTYDATE" : null,
				"CONDITION" : null,
				"CONDITIONDATE" : null,
				"YTD_COST" : null,
				"LIFECYCLE_COST" : null,
				"CAPACITY" : null,
				"CONTRACTOR_ID" : null,
				"RUPTURE_DISK" : null,
				"MAX_DISCHARGE_PUMPS" : null,
				"CRE_DATE" : "20031210",
				"MOD_DATE" : "20170413"
			}
		},
		{
			"type" : "Feature",
			"geometry" : {
				"type" : "Point",
				"coordinates" : [ 512890.10726562515, 5443697.48234375 ]
			},
			"properties" : {
				"ANCILLARYROLE" : 0,
				"ENABLED" : 1,
				"FACILITYID" : "1000075214",
				"LEGACYID" : "24469",
				"NODE_NO" : "1439007902",
				"STATUS" : "In Service",
				"PROJECT_NO" : "4703-1180-00",
				"YR" : 2007,
				"OWNER" : "Surrey",
				"NAME" : "BEAR CREEK SS",
				"LOCATION" : "7850 144 ST",
				"COMMENTS" : null,
				"GIS_ENTRY_STAGE" : "Final AB",
				"WARRANTYDATE" : null,
				"CONDITION" : null,
				"CONDITIONDATE" : null,
				"YTD_COST" : null,
				"LIFECYCLE_COST" : null,
				"CAPACITY" : null,
				"CONTRACTOR_ID" : null,
				"RUPTURE_DISK" : null,
				"MAX_DISCHARGE_PUMPS" : null,
				"CRE_DATE" : "20031209",
				"MOD_DATE" : "20170413"
			}
		},
		{
			"type" : "Feature",
			"geometry" : {
				"type" : "Point",
				"coordinates" : [ 514613.7476562504, 5440639.857734375 ]
			},
			"properties" : {
				"ANCILLARYROLE" : 0,
				"ENABLED" : 1,
				"FACILITYID" : "1000075215",
				"LEGACYID" : "21859",
				"NODE_NO" : "1524706382",
				"STATUS" : "In Service",
				"PROJECT_NO" : "S-209",
				"YR" : 1982,
				"OWNER" : "Surrey",
				"NAME" : "BOSE ROAD SS",
				"LOCATION" : "6350 152 ST",
				"COMMENTS" : "Proj. 4710-5100-00 in 2014",
				"GIS_ENTRY_STAGE" : "Final AB",
				"WARRANTYDATE" : null,
				"CONDITION" : null,
				"CONDITIONDATE" : null,
				"YTD_COST" : null,
				"LIFECYCLE_COST" : null,
				"CAPACITY" : null,
				"CONTRACTOR_ID" : null,
				"RUPTURE_DISK" : null,
				"MAX_DISCHARGE_PUMPS" : null,
				"CRE_DATE" : "20011108",
				"MOD_DATE" : "20170413"
			}
		},
		{
			"type" : "Feature",
			"geometry" : {
				"type" : "Point",
				"coordinates" : [ 509676.2831250001, 5430332.193359375 ]
			},
			"properties" : {
				"ANCILLARYROLE" : 0,
				"ENABLED" : 1,
				"FACILITYID" : "1000075216",
				"LEGACYID" : "23783",
				"NODE_NO" : "1279201258",
				"STATUS" : "In Service",
				"PROJECT_NO" : "3523",
				"YR" : 1974,
				"OWNER" : "Surrey",
				"NAME" : "STEVENSON SS",
				"LOCATION" : "1300 128 ST",
				"COMMENTS" : null,
				"GIS_ENTRY_STAGE" : "Final AB",
				"WARRANTYDATE" : null,
				"CONDITION" : null,
				"CONDITIONDATE" : null,
				"YTD_COST" : null,
				"LIFECYCLE_COST" : null,
				"CAPACITY" : null,
				"CONTRACTOR_ID" : null,
				"RUPTURE_DISK" : null,
				"MAX_DISCHARGE_PUMPS" : null,
				"CRE_DATE" : "20030623",
				"MOD_DATE" : "20170413"
			}
		},
		{
			"type" : "Feature",
			"geometry" : {
				"type" : "Point",
				"coordinates" : [ 516380.1174218748, 5430907.242109375 ]
			},
			"properties" : {
				"ANCILLARYROLE" : 0,
				"ENABLED" : 1,
				"FACILITYID" : "1000075217",
				"LEGACYID" : "21576",
				"NODE_NO" : "1612501543",
				"STATUS" : "In Service",
				"PROJECT_NO" : "4793-324-03",
				"YR" : 1997,
				"OWNER" : "Surrey",
				"NAME" : "NORTH BLUFF SS",
				"LOCATION" : "1577 161 ST",
				"COMMENTS" : "NORTH BLUFF P.S. - 4 PUMPS",
				"GIS_ENTRY_STAGE" : "Final AB",
				"WARRANTYDATE" : null,
				"CONDITION" : null,
				"CONDITIONDATE" : null,
				"YTD_COST" : null,
				"LIFECYCLE_COST" : null,
				"CAPACITY" : null,
				"CONTRACTOR_ID" : null,
				"RUPTURE_DISK" : null,
				"MAX_DISCHARGE_PUMPS" : null,
				"CRE_DATE" : "20010926",
				"MOD_DATE" : "20170413"
			}
		},
		{
			"type" : "Feature",
			"geometry" : {
				"type" : "Point",
				"coordinates" : [ 516193.97750000004, 5429350.903437501 ]
			},
			"properties" : {
				"ANCILLARYROLE" : 0,
				"ENABLED" : 1,
				"FACILITYID" : "1000075220",
				"LEGACYID" : "21718",
				"NODE_NO" : "1603200770",
				"STATUS" : "In Service",
				"PROJECT_NO" : "S-731",
				"YR" : 1972,
				"OWNER" : "Surrey",
				"NAME" : "SEMIAHMOO SS",
				"LOCATION" : "16025 8 AVE",
				"COMMENTS" : "Dry Pit LS (to be updated by 4706-4550-00)",
				"GIS_ENTRY_STAGE" : "Final AB",
				"WARRANTYDATE" : null,
				"CONDITION" : null,
				"CONDITIONDATE" : null,
				"YTD_COST" : null,
				"LIFECYCLE_COST" : null,
				"CAPACITY" : null,
				"CONTRACTOR_ID" : null,
				"RUPTURE_DISK" : 1,
				"MAX_DISCHARGE_PUMPS" : null,
				"CRE_DATE" : "20060201",
				"MOD_DATE" : "20170413"
			}
		},
		{
			"type" : "Feature",
			"geometry" : {
				"type" : "Point",
				"coordinates" : [ 516967.74265624955, 5439055.8627343755 ]
			},
			"properties" : {
				"ANCILLARYROLE" : 0,
				"ENABLED" : 1,
				"FACILITYID" : "1000075228",
				"LEGACYID" : "24502",
				"NODE_NO" : "1641705594",
				"STATUS" : "In Service",
				"PROJECT_NO" : null,
				"YR" : null,
				"OWNER" : "Metro Vancouver",
				"NAME" : "CLOVERDALE SS (METRO VAN)",
				"LOCATION" : "HWY 10 & 164 ST",
				"COMMENTS" : null,
				"GIS_ENTRY_STAGE" : "Final AB",
				"WARRANTYDATE" : null,
				"CONDITION" : null,
				"CONDITIONDATE" : null,
				"YTD_COST" : null,
				"LIFECYCLE_COST" : null,
				"CAPACITY" : null,
				"CONTRACTOR_ID" : null,
				"RUPTURE_DISK" : null,
				"MAX_DISCHARGE_PUMPS" : null,
				"CRE_DATE" : "20031211",
				"MOD_DATE" : "20170413"
			}
		},
		{
			"type" : "Feature",
			"geometry" : {
				"type" : "Point",
				"coordinates" : [ 512087.2092187498, 5435043.928359374 ]
			},
			"properties" : {
				"ANCILLARYROLE" : 0,
				"ENABLED" : 1,
				"FACILITYID" : "1000075222",
				"LEGACYID" : "24500",
				"NODE_NO" : "1399103600",
				"STATUS" : "In Service",
				"PROJECT_NO" : "3819",
				"YR" : null,
				"OWNER" : "Private",
				"NAME" : "NICO WYND SS (PRIVATE)",
				"LOCATION" : "NICO WYND GOLF COURSE",
				"COMMENTS" : null,
				"GIS_ENTRY_STAGE" : "Final AB",
				"WARRANTYDATE" : null,
				"CONDITION" : null,
				"CONDITIONDATE" : null,
				"YTD_COST" : null,
				"LIFECYCLE_COST" : null,
				"CAPACITY" : null,
				"CONTRACTOR_ID" : null,
				"RUPTURE_DISK" : null,
				"MAX_DISCHARGE_PUMPS" : null,
				"CRE_DATE" : "20031210",
				"MOD_DATE" : "20170413"
			}
		},
		{
			"type" : "Feature",
			"geometry" : {
				"type" : "Point",
				"coordinates" : [ 522153.4436718747, 5447622.715234375 ]
			},
			"properties" : {
				"ANCILLARYROLE" : 0,
				"ENABLED" : 1,
				"FACILITYID" : "1000075223",
				"LEGACYID" : "24499",
				"NODE_NO" : "1899509854",
				"STATUS" : "In Service",
				"PROJECT_NO" : "4469",
				"YR" : null,
				"OWNER" : "Surrey",
				"NAME" : "PORT KELLS  SS",
				"LOCATION" : "9800 190 ST",
				"COMMENTS" : null,
				"GIS_ENTRY_STAGE" : "Final AB",
				"WARRANTYDATE" : null,
				"CONDITION" : null,
				"CONDITIONDATE" : null,
				"YTD_COST" : null,
				"LIFECYCLE_COST" : null,
				"CAPACITY" : null,
				"CONTRACTOR_ID" : null,
				"RUPTURE_DISK" : null,
				"MAX_DISCHARGE_PUMPS" : null,
				"CRE_DATE" : "20031210",
				"MOD_DATE" : "20170413"
			}
		},
		{
			"type" : "Feature",
			"geometry" : {
				"type" : "Point",
				"coordinates" : [ 512342.6557031246, 5444151.264609374 ]
			},
			"properties" : {
				"ANCILLARYROLE" : 0,
				"ENABLED" : 1,
				"FACILITYID" : "1000075224",
				"LEGACYID" : "25952",
				"NODE_NO" : "1411808127",
				"STATUS" : "In Service",
				"PROJECT_NO" : "7892-0460-00",
				"YR" : 1996,
				"OWNER" : "Private",
				"NAME" : "PRIVATE SS",
				"LOCATION" : "BEAR CREEK DR & 141A ST",
				"COMMENTS" : null,
				"GIS_ENTRY_STAGE" : "Final AB",
				"WARRANTYDATE" : null,
				"CONDITION" : null,
				"CONDITIONDATE" : null,
				"YTD_COST" : null,
				"LIFECYCLE_COST" : null,
				"CAPACITY" : null,
				"CONTRACTOR_ID" : null,
				"RUPTURE_DISK" : null,
				"MAX_DISCHARGE_PUMPS" : null,
				"CRE_DATE" : "20041110",
				"MOD_DATE" : "20170413"
			}
		},
		{
			"type" : "Feature",
			"geometry" : {
				"type" : "Point",
				"coordinates" : [ 514534.3538281247, 5440855.6724218745 ]
			},
			"properties" : {
				"ANCILLARYROLE" : 0,
				"ENABLED" : 1,
				"FACILITYID" : "1000075226",
				"LEGACYID" : "24484",
				"NODE_NO" : "1520706489",
				"STATUS" : "In Service",
				"PROJECT_NO" : "4794-106",
				"YR" : null,
				"OWNER" : "Surrey",
				"NAME" : "JOHNSTON ROAD  SS",
				"LOCATION" : "6470 152 ST",
				"COMMENTS" : null,
				"GIS_ENTRY_STAGE" : "Final AB",
				"WARRANTYDATE" : null,
				"CONDITION" : null,
				"CONDITIONDATE" : null,
				"YTD_COST" : null,
				"LIFECYCLE_COST" : null,
				"CAPACITY" : null,
				"CONTRACTOR_ID" : null,
				"RUPTURE_DISK" : null,
				"MAX_DISCHARGE_PUMPS" : null,
				"CRE_DATE" : "20031210",
				"MOD_DATE" : "20170413"
			}
		},
		{
			"type" : "Feature",
			"geometry" : {
				"type" : "Point",
				"coordinates" : [ 515005.02085937466, 5441496.4389062505 ]
			},
			"properties" : {
				"ANCILLARYROLE" : 0,
				"ENABLED" : 1,
				"FACILITYID" : "1000075227",
				"LEGACYID" : "26892",
				"NODE_NO" : "1544106807",
				"STATUS" : "In Service",
				"PROJECT_NO" : "4700-5000-00",
				"YR" : 2005,
				"OWNER" : "Surrey",
				"NAME" : "BURKHART SS",
				"LOCATION" : "15410 68 AVE",
				"COMMENTS" : "Gen. Upgrade 4714-5310-00 2017",
				"GIS_ENTRY_STAGE" : "Final AB",
				"WARRANTYDATE" : null,
				"CONDITION" : null,
				"CONDITIONDATE" : null,
				"YTD_COST" : null,
				"LIFECYCLE_COST" : null,
				"CAPACITY" : null,
				"CONTRACTOR_ID" : null,
				"RUPTURE_DISK" : null,
				"MAX_DISCHARGE_PUMPS" : null,
				"CRE_DATE" : "20050610",
				"MOD_DATE" : "20170413"
			}
		},
		{
			"type" : "Feature",
			"geometry" : {
				"type" : "Point",
				"coordinates" : [ 509153.36179687455, 5450206.861015625 ]
			},
			"properties" : {
				"ANCILLARYROLE" : 0,
				"ENABLED" : 1,
				"FACILITYID" : "1001924734",
				"LEGACYID" : null,
				"NODE_NO" : "1253211137",
				"STATUS" : "In Service",
				"PROJECT_NO" : "4716-5110-00",
				"YR" : 2017,
				"OWNER" : "Translink",
				"NAME" : "SCOTT RD SKYTRAIN SS (TRANSLINK)",
				"LOCATION" : "SCOTT RD SKYTRAIN STATION",
				"COMMENTS" : null,
				"GIS_ENTRY_STAGE" : "Final AB",
				"WARRANTYDATE" : null,
				"CONDITION" : null,
				"CONDITIONDATE" : null,
				"YTD_COST" : null,
				"LIFECYCLE_COST" : null,
				"CAPACITY" : null,
				"CONTRACTOR_ID" : null,
				"RUPTURE_DISK" : null,
				"MAX_DISCHARGE_PUMPS" : null,
				"CRE_DATE" : "20171219",
				"MOD_DATE" : "20180430"
			}
		},
		{
			"type" : "Feature",
			"geometry" : {
				"type" : "Point",
				"coordinates" : [ 509536.16531249974, 5450537.877265625 ]
			},
			"properties" : {
				"ANCILLARYROLE" : 0,
				"ENABLED" : 1,
				"FACILITYID" : "1001578405",
				"LEGACYID" : null,
				"NODE_NO" : "1272311302",
				"STATUS" : "Abandoned",
				"PROJECT_NO" : "4709-5070-00",
				"YR" : 2014,
				"OWNER" : "Surrey",
				"NAME" : "112B AVE SS",
				"LOCATION" : "12740 112B AVE",
				"COMMENTS" : "Station decommissioned March 2018",
				"GIS_ENTRY_STAGE" : "Final AB",
				"WARRANTYDATE" : null,
				"CONDITION" : "New",
				"CONDITIONDATE" : null,
				"YTD_COST" : null,
				"LIFECYCLE_COST" : null,
				"CAPACITY" : null,
				"CONTRACTOR_ID" : null,
				"RUPTURE_DISK" : null,
				"MAX_DISCHARGE_PUMPS" : null,
				"CRE_DATE" : "20130305",
				"MOD_DATE" : "20180419"
			}
		},
		{
			"type" : "Feature",
			"geometry" : {
				"type" : "Point",
				"coordinates" : [ 519183.8028124999, 5428502.362187499 ]
			},
			"properties" : {
				"ANCILLARYROLE" : 0,
				"ENABLED" : 1,
				"FACILITYID" : "1001141438",
				"LEGACYID" : null,
				"NODE_NO" : "1751800348",
				"STATUS" : "In Service",
				"PROJECT_NO" : "7807-0041-00",
				"YR" : 2012,
				"OWNER" : "Surrey",
				"NAME" : "PEACE PORTAL SS",
				"LOCATION" : "17510 4 AVE",
				"COMMENTS" : null,
				"GIS_ENTRY_STAGE" : "Final AB",
				"WARRANTYDATE" : null,
				"CONDITION" : null,
				"CONDITIONDATE" : null,
				"YTD_COST" : null,
				"LIFECYCLE_COST" : null,
				"CAPACITY" : null,
				"CONTRACTOR_ID" : null,
				"RUPTURE_DISK" : null,
				"MAX_DISCHARGE_PUMPS" : null,
				"CRE_DATE" : "20120801",
				"MOD_DATE" : "20180419"
			}
		},
		{
			"type" : "Feature",
			"geometry" : {
				"type" : "Point",
				"coordinates" : [ 522523.37710937485, 5438347.747265626 ]
			},
			"properties" : {
				"ANCILLARYROLE" : 0,
				"ENABLED" : 1,
				"FACILITYID" : "1000075230",
				"LEGACYID" : "24485",
				"NODE_NO" : "1917905242",
				"STATUS" : "In Service",
				"PROJECT_NO" : "S-109",
				"YR" : null,
				"OWNER" : "Surrey",
				"NAME" : "LATIMER ROAD SS",
				"LOCATION" : "5219 192 ST",
				"COMMENTS" : "Upgraded by 4706-1500-00",
				"GIS_ENTRY_STAGE" : "Final AB",
				"WARRANTYDATE" : null,
				"CONDITION" : null,
				"CONDITIONDATE" : null,
				"YTD_COST" : null,
				"LIFECYCLE_COST" : null,
				"CAPACITY" : null,
				"CONTRACTOR_ID" : null,
				"RUPTURE_DISK" : null,
				"MAX_DISCHARGE_PUMPS" : null,
				"CRE_DATE" : "20031210",
				"MOD_DATE" : "20180419"
			}
		},
		{
			"type" : "Feature",
			"geometry" : {
				"type" : "Point",
				"coordinates" : [ 519350.13328124955, 5438893.49046875 ]
			},
			"properties" : {
				"ANCILLARYROLE" : 0,
				"ENABLED" : 1,
				"FACILITYID" : "1000075229",
				"LEGACYID" : "24481",
				"NODE_NO" : "1760105513",
				"STATUS" : "In Service",
				"PROJECT_NO" : "4245",
				"YR" : null,
				"OWNER" : "Surrey",
				"NAME" : "CLOVERDALE SS",
				"LOCATION" : "5504 176 ST",
				"COMMENTS" : null,
				"GIS_ENTRY_STAGE" : "Final AB",
				"WARRANTYDATE" : null,
				"CONDITION" : null,
				"CONDITIONDATE" : null,
				"YTD_COST" : null,
				"LIFECYCLE_COST" : null,
				"CAPACITY" : null,
				"CONTRACTOR_ID" : null,
				"RUPTURE_DISK" : null,
				"MAX_DISCHARGE_PUMPS" : null,
				"CRE_DATE" : "20031210",
				"MOD_DATE" : "20180419"
			}
		},
		{
			"type" : "Feature",
			"geometry" : {
				"type" : "Point",
				"coordinates" : [ 513910.30343750026, 5444075.73671875 ]
			},
			"properties" : {
				"ANCILLARYROLE" : 0,
				"ENABLED" : 1,
				"FACILITYID" : "1000075225",
				"LEGACYID" : "24468",
				"NODE_NO" : "1489708090",
				"STATUS" : "In Service",
				"PROJECT_NO" : "7881-1281",
				"YR" : 2011,
				"OWNER" : "Surrey",
				"NAME" : "ABBEY DOWNS SS",
				"LOCATION" : "14888 80B AVE",
				"COMMENTS" : null,
				"GIS_ENTRY_STAGE" : "Final AB",
				"WARRANTYDATE" : null,
				"CONDITION" : null,
				"CONDITIONDATE" : null,
				"YTD_COST" : null,
				"LIFECYCLE_COST" : null,
				"CAPACITY" : null,
				"CONTRACTOR_ID" : null,
				"RUPTURE_DISK" : null,
				"MAX_DISCHARGE_PUMPS" : null,
				"CRE_DATE" : "20031209",
				"MOD_DATE" : "20180419"
			}
		},
		{
			"type" : "Feature",
			"geometry" : {
				"type" : "Point",
				"coordinates" : [ 511859.109375, 5434855.525390625 ]
			},
			"properties" : {
				"ANCILLARYROLE" : 0,
				"ENABLED" : 1,
				"FACILITYID" : "1000075221",
				"LEGACYID" : "23784",
				"NODE_NO" : "1387703506",
				"STATUS" : "In Service",
				"PROJECT_NO" : "7891-0415-00",
				"YR" : 1997,
				"OWNER" : "Surrey",
				"NAME" : "STEWART FARM  SS",
				"LOCATION" : "13855 CRESCENT RD",
				"COMMENTS" : "Gen. Upgrade 4714-5370-00 2017",
				"GIS_ENTRY_STAGE" : "Final AB",
				"WARRANTYDATE" : null,
				"CONDITION" : null,
				"CONDITIONDATE" : null,
				"YTD_COST" : null,
				"LIFECYCLE_COST" : null,
				"CAPACITY" : null,
				"CONTRACTOR_ID" : null,
				"RUPTURE_DISK" : null,
				"MAX_DISCHARGE_PUMPS" : null,
				"CRE_DATE" : "20030623",
				"MOD_DATE" : "20180419"
			}
		},
		{
			"type" : "Feature",
			"geometry" : {
				"type" : "Point",
				"coordinates" : [ 509168.97789062466, 5450766.7583593745 ]
			},
			"properties" : {
				"ANCILLARYROLE" : 0,
				"ENABLED" : 1,
				"FACILITYID" : "1000075218",
				"LEGACYID" : "24480",
				"NODE_NO" : "1254011416",
				"STATUS" : "Abandoned",
				"PROJECT_NO" : "4515",
				"YR" : null,
				"OWNER" : "Surrey",
				"NAME" : "BRIDGEVIEW WEST VS",
				"LOCATION" : "11390 125A ST",
				"COMMENTS" : "Decommissioned Feb 2018",
				"GIS_ENTRY_STAGE" : "Final AB",
				"WARRANTYDATE" : null,
				"CONDITION" : null,
				"CONDITIONDATE" : null,
				"YTD_COST" : null,
				"LIFECYCLE_COST" : null,
				"CAPACITY" : null,
				"CONTRACTOR_ID" : null,
				"RUPTURE_DISK" : null,
				"MAX_DISCHARGE_PUMPS" : null,
				"CRE_DATE" : "20031210",
				"MOD_DATE" : "20180419"
			}
		},
		{
			"type" : "Feature",
			"geometry" : {
				"type" : "Point",
				"coordinates" : [ 513043.4349999996, 5434991.251015626 ]
			},
			"properties" : {
				"ANCILLARYROLE" : 0,
				"ENABLED" : 1,
				"FACILITYID" : "1000075208",
				"LEGACYID" : "24483",
				"NODE_NO" : "1446603574",
				"STATUS" : "In Service",
				"PROJECT_NO" : "S-535",
				"YR" : null,
				"OWNER" : "Surrey",
				"NAME" : "ELGIN SS",
				"LOCATION" : "3635 KING GEORGE BLVD",
				"COMMENTS" : null,
				"GIS_ENTRY_STAGE" : "Final AB",
				"WARRANTYDATE" : null,
				"CONDITION" : null,
				"CONDITIONDATE" : null,
				"YTD_COST" : null,
				"LIFECYCLE_COST" : null,
				"CAPACITY" : null,
				"CONTRACTOR_ID" : null,
				"RUPTURE_DISK" : null,
				"MAX_DISCHARGE_PUMPS" : null,
				"CRE_DATE" : "20031210",
				"MOD_DATE" : "20180419"
			}
		},
		{
			"type" : "Feature",
			"geometry" : {
				"type" : "Point",
				"coordinates" : [ 519404.75289062504, 5441667.581015624 ]
			},
			"properties" : {
				"ANCILLARYROLE" : 0,
				"ENABLED" : 1,
				"FACILITYID" : "1000075201",
				"LEGACYID" : "24490",
				"NODE_NO" : "1762806893",
				"STATUS" : "In Service",
				"PROJECT_NO" : "4795-501-01",
				"YR" : null,
				"OWNER" : "Surrey",
				"NAME" : "NORTH CLOVERDALE SS",
				"LOCATION" : "6890 HWY 15",
				"COMMENTS" : null,
				"GIS_ENTRY_STAGE" : "Final AB",
				"WARRANTYDATE" : null,
				"CONDITION" : null,
				"CONDITIONDATE" : null,
				"YTD_COST" : null,
				"LIFECYCLE_COST" : null,
				"CAPACITY" : null,
				"CONTRACTOR_ID" : null,
				"RUPTURE_DISK" : null,
				"MAX_DISCHARGE_PUMPS" : null,
				"CRE_DATE" : "20031210",
				"MOD_DATE" : "20180419"
			}
		},
		{
			"type" : "Feature",
			"geometry" : {
				"type" : "Point",
				"coordinates" : [ 511260.5353906248, 5446913.5307031255 ]
			},
			"properties" : {
				"ANCILLARYROLE" : 0,
				"ENABLED" : 1,
				"FACILITYID" : "1000075198",
				"LEGACYID" : "22310",
				"NODE_NO" : "1358009500",
				"STATUS" : "In Service",
				"PROJECT_NO" : "4793-327",
				"YR" : null,
				"OWNER" : "Surrey",
				"NAME" : "QUIBBLE CREEK SS",
				"LOCATION" : "13605 94A AVE",
				"COMMENTS" : "Gen. Upgrade 4714-5290-00 2017",
				"GIS_ENTRY_STAGE" : "Final AB",
				"WARRANTYDATE" : null,
				"CONDITION" : null,
				"CONDITIONDATE" : null,
				"YTD_COST" : null,
				"LIFECYCLE_COST" : null,
				"CAPACITY" : null,
				"CONTRACTOR_ID" : null,
				"RUPTURE_DISK" : null,
				"MAX_DISCHARGE_PUMPS" : null,
				"CRE_DATE" : "20031210",
				"MOD_DATE" : "20180419"
			}
		},
		{
			"type" : "Feature",
			"geometry" : {
				"type" : "Point",
				"coordinates" : [ 509924.6835156251, 5450887.980390625 ]
			},
			"properties" : {
				"ANCILLARYROLE" : 0,
				"ENABLED" : 1,
				"FACILITYID" : "1000075197",
				"LEGACYID" : "24472",
				"NODE_NO" : "1291611476",
				"STATUS" : "Abandoned",
				"PROJECT_NO" : "4515",
				"YR" : null,
				"OWNER" : "Surrey",
				"NAME" : "BRIDGEVIEW EAST VS",
				"LOCATION" : "12933 114A AVE",
				"COMMENTS" : "Decommissioned Feb 2018",
				"GIS_ENTRY_STAGE" : "Final AB",
				"WARRANTYDATE" : null,
				"CONDITION" : null,
				"CONDITIONDATE" : null,
				"YTD_COST" : null,
				"LIFECYCLE_COST" : null,
				"CAPACITY" : null,
				"CONTRACTOR_ID" : null,
				"RUPTURE_DISK" : null,
				"MAX_DISCHARGE_PUMPS" : null,
				"CRE_DATE" : "20031210",
				"MOD_DATE" : "20180419"
			}
		},
		{
			"type" : "Feature",
			"geometry" : {
				"type" : "Point",
				"coordinates" : [ 509098.0485156253, 5431332.645703126 ]
			},
			"properties" : {
				"ANCILLARYROLE" : 0,
				"ENABLED" : 1,
				"FACILITYID" : "1000075196",
				"LEGACYID" : "24494",
				"NODE_NO" : "1250501755",
				"STATUS" : "In Service",
				"PROJECT_NO" : "7886-4430",
				"YR" : null,
				"OWNER" : "Surrey",
				"NAME" : "OCEAN VIEW SS",
				"LOCATION" : "1799 OCEAN PARK DR",
				"COMMENTS" : "Proj. 4710-5110-00 in 2014",
				"GIS_ENTRY_STAGE" : "Final AB",
				"WARRANTYDATE" : null,
				"CONDITION" : null,
				"CONDITIONDATE" : null,
				"YTD_COST" : null,
				"LIFECYCLE_COST" : null,
				"CAPACITY" : null,
				"CONTRACTOR_ID" : null,
				"RUPTURE_DISK" : null,
				"MAX_DISCHARGE_PUMPS" : null,
				"CRE_DATE" : "20031210",
				"MOD_DATE" : "20180419"
			}
		},
		{
			"type" : "Feature",
			"geometry" : {
				"type" : "Point",
				"coordinates" : [ 517444.9390625004, 5448442.888671875 ]
			},
			"properties" : {
				"ANCILLARYROLE" : 0,
				"ENABLED" : 1,
				"FACILITYID" : "1000075193",
				"LEGACYID" : "24496",
				"NODE_NO" : "1665410261",
				"STATUS" : "In Service",
				"PROJECT_NO" : "7885-104-00",
				"YR" : null,
				"OWNER" : "Surrey",
				"NAME" : "PACIFIC SS",
				"LOCATION" : "16618 102 AVE",
				"COMMENTS" : null,
				"GIS_ENTRY_STAGE" : "Final AB",
				"WARRANTYDATE" : null,
				"CONDITION" : null,
				"CONDITIONDATE" : null,
				"YTD_COST" : null,
				"LIFECYCLE_COST" : null,
				"CAPACITY" : null,
				"CONTRACTOR_ID" : null,
				"RUPTURE_DISK" : null,
				"MAX_DISCHARGE_PUMPS" : null,
				"CRE_DATE" : "20031210",
				"MOD_DATE" : "20180419"
			}
		},
		{
			"type" : "Feature",
			"geometry" : {
				"type" : "Point",
				"coordinates" : [ 514488.4051562501, 5443143.28515625 ]
			},
			"properties" : {
				"ANCILLARYROLE" : 0,
				"ENABLED" : 1,
				"FACILITYID" : "1000075191",
				"LEGACYID" : "23786",
				"NODE_NO" : "1518407626",
				"STATUS" : "In Service",
				"PROJECT_NO" : "7887-5460",
				"YR" : 1992,
				"OWNER" : "Surrey",
				"NAME" : "CHIMNEY HILL SS",
				"LOCATION" : "15196 76 AVE",
				"COMMENTS" : "Updated by 4706-1500-00",
				"GIS_ENTRY_STAGE" : "Final AB",
				"WARRANTYDATE" : null,
				"CONDITION" : null,
				"CONDITIONDATE" : null,
				"YTD_COST" : null,
				"LIFECYCLE_COST" : null,
				"CAPACITY" : null,
				"CONTRACTOR_ID" : null,
				"RUPTURE_DISK" : null,
				"MAX_DISCHARGE_PUMPS" : null,
				"CRE_DATE" : "20030623",
				"MOD_DATE" : "20180419"
			}
		},
		{
			"type" : "Feature",
			"geometry" : {
				"type" : "Point",
				"coordinates" : [ 508615.07359374966, 5450053.292578125 ]
			},
			"properties" : {
				"ANCILLARYROLE" : 0,
				"ENABLED" : 1,
				"FACILITYID" : "1000075185",
				"LEGACYID" : "22777",
				"NODE_NO" : "1226511061",
				"STATUS" : "In Service",
				"PROJECT_NO" : "4514",
				"YR" : 2002,
				"OWNER" : "Surrey",
				"NAME" : "REVELSTOKE SS",
				"LOCATION" : "12350 PATTULLO PL",
				"COMMENTS" : null,
				"GIS_ENTRY_STAGE" : "Final AB",
				"WARRANTYDATE" : null,
				"CONDITION" : null,
				"CONDITIONDATE" : null,
				"YTD_COST" : null,
				"LIFECYCLE_COST" : null,
				"CAPACITY" : null,
				"CONTRACTOR_ID" : null,
				"RUPTURE_DISK" : null,
				"MAX_DISCHARGE_PUMPS" : null,
				"CRE_DATE" : "20020508",
				"MOD_DATE" : "20180419"
			}
		},
		{
			"type" : "Feature",
			"geometry" : {
				"type" : "Point",
				"coordinates" : [ 514378.28218750004, 5451153.504609374 ]
			},
			"properties" : {
				"ANCILLARYROLE" : 0,
				"ENABLED" : 1,
				"FACILITYID" : "1001181592",
				"LEGACYID" : null,
				"NODE_NO" : "1513011608",
				"STATUS" : "In Service",
				"PROJECT_NO" : "SFPR-2010-RU",
				"YR" : 2010,
				"OWNER" : "Surrey",
				"NAME" : "LEACHATE SS",
				"LOCATION" : "15100 SOUTH FRASER PERIMETER ROAD (HWY 17)",
				"COMMENTS" : "At Port Mann Landfill",
				"GIS_ENTRY_STAGE" : "Final AB",
				"WARRANTYDATE" : null,
				"CONDITION" : "New",
				"CONDITIONDATE" : "20111201",
				"YTD_COST" : null,
				"LIFECYCLE_COST" : null,
				"CAPACITY" : null,
				"CONTRACTOR_ID" : null,
				"RUPTURE_DISK" : null,
				"MAX_DISCHARGE_PUMPS" : null,
				"CRE_DATE" : "20101115",
				"MOD_DATE" : "20170413"
			}
		},
		{
			"type" : "Feature",
			"geometry" : {
				"type" : "Point",
				"coordinates" : [ 514576.0181250004, 5434035.827890625 ]
			},
			"properties" : {
				"ANCILLARYROLE" : 0,
				"ENABLED" : 1,
				"FACILITYID" : "1001209266",
				"LEGACYID" : "1001154902",
				"NODE_NO" : "1522803099",
				"STATUS" : "In Service",
				"PROJECT_NO" : "4705-4580-00",
				"YR" : 2009,
				"OWNER" : "Surrey",
				"NAME" : "ROSEMARY ODOUR CONTROL",
				"LOCATION" : "3144 CROYDON DRIVE",
				"COMMENTS" : "Gas Only",
				"GIS_ENTRY_STAGE" : "Final AB",
				"WARRANTYDATE" : null,
				"CONDITION" : null,
				"CONDITIONDATE" : null,
				"YTD_COST" : null,
				"LIFECYCLE_COST" : null,
				"CAPACITY" : null,
				"CONTRACTOR_ID" : null,
				"RUPTURE_DISK" : null,
				"MAX_DISCHARGE_PUMPS" : null,
				"CRE_DATE" : "20110812",
				"MOD_DATE" : "20170413"
			}
		},
		{
			"type" : "Feature",
			"geometry" : {
				"type" : "Point",
				"coordinates" : [ 522588.9274218753, 5431941.3197656255 ]
			},
			"properties" : {
				"ANCILLARYROLE" : 0,
				"ENABLED" : 1,
				"FACILITYID" : "1000075231",
				"LEGACYID" : "26590",
				"NODE_NO" : "1921102058",
				"STATUS" : "In Service",
				"PROJECT_NO" : "4704-7560-00",
				"YR" : 2005,
				"OWNER" : "Surrey",
				"NAME" : "CAMPBELL HEIGHTS SS",
				"LOCATION" : "2090 192 ST",
				"COMMENTS" : "SEE ALSO S-129.001 TO 017",
				"GIS_ENTRY_STAGE" : "Final AB",
				"WARRANTYDATE" : null,
				"CONDITION" : null,
				"CONDITIONDATE" : null,
				"YTD_COST" : null,
				"LIFECYCLE_COST" : null,
				"CAPACITY" : null,
				"CONTRACTOR_ID" : null,
				"RUPTURE_DISK" : null,
				"MAX_DISCHARGE_PUMPS" : null,
				"CRE_DATE" : "20050511",
				"MOD_DATE" : "20170413"
			}
		},
		{
			"type" : "Feature",
			"geometry" : {
				"type" : "Point",
				"coordinates" : [ 520234.97117187455, 5429063.082109375 ]
			},
			"properties" : {
				"ANCILLARYROLE" : 0,
				"ENABLED" : 1,
				"FACILITYID" : "1000075233",
				"LEGACYID" : "21560",
				"NODE_NO" : "1804100627",
				"STATUS" : "In Service",
				"PROJECT_NO" : "7886-3820",
				"YR" : 1987,
				"OWNER" : "Private",
				"NAME" : "HAZELMERE SS (PRIVATE)",
				"LOCATION" : "431 184 ST (HAZELMERE GOLF COURSE)",
				"COMMENTS" : null,
				"GIS_ENTRY_STAGE" : "Final AB",
				"WARRANTYDATE" : null,
				"CONDITION" : null,
				"CONDITIONDATE" : null,
				"YTD_COST" : null,
				"LIFECYCLE_COST" : null,
				"CAPACITY" : null,
				"CONTRACTOR_ID" : null,
				"RUPTURE_DISK" : null,
				"MAX_DISCHARGE_PUMPS" : null,
				"CRE_DATE" : "20010919",
				"MOD_DATE" : "20170413"
			}
		},
		{
			"type" : "Feature",
			"geometry" : {
				"type" : "Point",
				"coordinates" : [ 512740.48140625004, 5435067.69953125 ]
			},
			"properties" : {
				"ANCILLARYROLE" : 0,
				"ENABLED" : 1,
				"FACILITYID" : "1000813064",
				"LEGACYID" : null,
				"NODE_NO" : "1431603612",
				"STATUS" : "In Service",
				"PROJECT_NO" : "4703-5050-00",
				"YR" : 2009,
				"OWNER" : "Surrey",
				"NAME" : "SOUTHPORT SS",
				"LOCATION" : "3653 ELGIN RD",
				"COMMENTS" : null,
				"GIS_ENTRY_STAGE" : "Final AB",
				"WARRANTYDATE" : null,
				"CONDITION" : "New",
				"CONDITIONDATE" : "20080101",
				"YTD_COST" : null,
				"LIFECYCLE_COST" : null,
				"CAPACITY" : null,
				"CONTRACTOR_ID" : null,
				"RUPTURE_DISK" : null,
				"MAX_DISCHARGE_PUMPS" : null,
				"CRE_DATE" : "20061120",
				"MOD_DATE" : "20170413"
			}
		},
		{
			"type" : "Feature",
			"geometry" : {
				"type" : "Point",
				"coordinates" : [ 508366.5549999997, 5450210.849140625 ]
			},
			"properties" : {
				"ANCILLARYROLE" : 0,
				"ENABLED" : 1,
				"FACILITYID" : "1000818828",
				"LEGACYID" : null,
				"NODE_NO" : "1214111139",
				"STATUS" : "In Service",
				"PROJECT_NO" : "7893-0309-00",
				"YR" : 1995,
				"OWNER" : "Private",
				"NAME" : "PRIVATE SS",
				"LOCATION" : "11105 BRIDGE RD",
				"COMMENTS" : null,
				"GIS_ENTRY_STAGE" : "Final AB",
				"WARRANTYDATE" : null,
				"CONDITION" : null,
				"CONDITIONDATE" : null,
				"YTD_COST" : null,
				"LIFECYCLE_COST" : null,
				"CAPACITY" : null,
				"CONTRACTOR_ID" : null,
				"RUPTURE_DISK" : null,
				"MAX_DISCHARGE_PUMPS" : null,
				"CRE_DATE" : "20070215",
				"MOD_DATE" : "20170413"
			}
		},
		{
			"type" : "Feature",
			"geometry" : {
				"type" : "Point",
				"coordinates" : [ 514283.1402343754, 5434141.740078125 ]
			},
			"properties" : {
				"ANCILLARYROLE" : 0,
				"ENABLED" : 1,
				"FACILITYID" : "1001079701",
				"LEGACYID" : null,
				"NODE_NO" : "1508203151",
				"STATUS" : "In Service",
				"PROJECT_NO" : null,
				"YR" : 2008,
				"OWNER" : "Private",
				"NAME" : "PRIVATE SS",
				"LOCATION" : "15078 32 AVE",
				"COMMENTS" : null,
				"GIS_ENTRY_STAGE" : "Final AB",
				"WARRANTYDATE" : null,
				"CONDITION" : null,
				"CONDITIONDATE" : null,
				"YTD_COST" : null,
				"LIFECYCLE_COST" : null,
				"CAPACITY" : null,
				"CONTRACTOR_ID" : null,
				"RUPTURE_DISK" : null,
				"MAX_DISCHARGE_PUMPS" : null,
				"CRE_DATE" : "20090202",
				"MOD_DATE" : "20170413"
			}
		},
		{
			"type" : "Feature",
			"geometry" : {
				"type" : "Point",
				"coordinates" : [ 516541.76234375034, 5443658.129609374 ]
			},
			"properties" : {
				"ANCILLARYROLE" : 0,
				"ENABLED" : 1,
				"FACILITYID" : "1001131152",
				"LEGACYID" : null,
				"NODE_NO" : "1620507882",
				"STATUS" : "In Service",
				"PROJECT_NO" : "7807-0042-00",
				"YR" : 2009,
				"OWNER" : "Surrey",
				"NAME" : "162 ST SS",
				"LOCATION" : "7838 162 ST",
				"COMMENTS" : null,
				"GIS_ENTRY_STAGE" : "Final AB",
				"WARRANTYDATE" : null,
				"CONDITION" : "NEW",
				"CONDITIONDATE" : null,
				"YTD_COST" : null,
				"LIFECYCLE_COST" : null,
				"CAPACITY" : null,
				"CONTRACTOR_ID" : null,
				"RUPTURE_DISK" : null,
				"MAX_DISCHARGE_PUMPS" : null,
				"CRE_DATE" : "20090904",
				"MOD_DATE" : "20170413"
			}
		},
		{
			"type" : "Feature",
			"geometry" : {
				"type" : "Point",
				"coordinates" : [ 513465.20046874974, 5435867.798671875 ]
			},
			"properties" : {
				"ANCILLARYROLE" : 0,
				"ENABLED" : 1,
				"FACILITYID" : "1001136116",
				"LEGACYID" : null,
				"NODE_NO" : "1467604009",
				"STATUS" : "In Service",
				"PROJECT_NO" : null,
				"YR" : 1984,
				"OWNER" : "Private",
				"NAME" : "PRIVATE SS",
				"LOCATION" : "14601 40 AVE",
				"COMMENTS" : "Services Peace Arch RV Park",
				"GIS_ENTRY_STAGE" : null,
				"WARRANTYDATE" : null,
				"CONDITION" : null,
				"CONDITIONDATE" : null,
				"YTD_COST" : null,
				"LIFECYCLE_COST" : null,
				"CAPACITY" : null,
				"CONTRACTOR_ID" : null,
				"RUPTURE_DISK" : null,
				"MAX_DISCHARGE_PUMPS" : null,
				"CRE_DATE" : "20091027",
				"MOD_DATE" : "20170413"
			}
		},
		{
			"type" : "Feature",
			"geometry" : {
				"type" : "Point",
				"coordinates" : [ 515132.63773437496, 5433751.052421875 ]
			},
			"properties" : {
				"ANCILLARYROLE" : 0,
				"ENABLED" : 1,
				"FACILITYID" : "1001148689",
				"LEGACYID" : null,
				"NODE_NO" : "1550502957",
				"STATUS" : "In Service",
				"PROJECT_NO" : "7806-0257-00",
				"YR" : 2009,
				"OWNER" : "Private",
				"NAME" : "PRIVATE SS",
				"LOCATION" : "2979 156 ST",
				"COMMENTS" : null,
				"GIS_ENTRY_STAGE" : "Final AB",
				"WARRANTYDATE" : null,
				"CONDITION" : null,
				"CONDITIONDATE" : null,
				"YTD_COST" : null,
				"LIFECYCLE_COST" : null,
				"CAPACITY" : null,
				"CONTRACTOR_ID" : null,
				"RUPTURE_DISK" : null,
				"MAX_DISCHARGE_PUMPS" : null,
				"CRE_DATE" : "20100202",
				"MOD_DATE" : "20170413"
			}
		},
		{
			"type" : "Feature",
			"geometry" : {
				"type" : "Point",
				"coordinates" : [ 510569.28500000015, 5451110.3657812495 ]
			},
			"properties" : {
				"ANCILLARYROLE" : 0,
				"ENABLED" : 1,
				"FACILITYID" : "1001165519",
				"LEGACYID" : null,
				"NODE_NO" : "1323611586",
				"STATUS" : "In Service",
				"PROJECT_NO" : null,
				"YR" : null,
				"OWNER" : "Surrey",
				"NAME" : "LOUGHEED I SS",
				"LOCATION" : "11568 132A ST",
				"COMMENTS" : null,
				"GIS_ENTRY_STAGE" : "EC",
				"WARRANTYDATE" : null,
				"CONDITION" : null,
				"CONDITIONDATE" : null,
				"YTD_COST" : null,
				"LIFECYCLE_COST" : null,
				"CAPACITY" : null,
				"CONTRACTOR_ID" : null,
				"RUPTURE_DISK" : null,
				"MAX_DISCHARGE_PUMPS" : null,
				"CRE_DATE" : "20100625",
				"MOD_DATE" : "20170413"
			}
		},
		{
			"type" : "Feature",
			"geometry" : {
				"type" : "Point",
				"coordinates" : [ 514399.91664062534, 5451141.683125 ]
			},
			"properties" : {
				"ANCILLARYROLE" : 0,
				"ENABLED" : 1,
				"FACILITYID" : "1001812508",
				"LEGACYID" : null,
				"NODE_NO" : "1514011602",
				"STATUS" : "Abandoned",
				"PROJECT_NO" : "SFPR-2010-RU",
				"YR" : 2010,
				"OWNER" : "Private",
				"NAME" : "METHANE COLLECTION FACILITY",
				"LOCATION" : "PORTMANN LANDFILL SITE",
				"COMMENTS" : null,
				"GIS_ENTRY_STAGE" : "Final AB",
				"WARRANTYDATE" : null,
				"CONDITION" : null,
				"CONDITIONDATE" : null,
				"YTD_COST" : null,
				"LIFECYCLE_COST" : null,
				"CAPACITY" : null,
				"CONTRACTOR_ID" : null,
				"RUPTURE_DISK" : null,
				"MAX_DISCHARGE_PUMPS" : null,
				"CRE_DATE" : "20150314",
				"MOD_DATE" : "20180427"
			}
		},
		{
			"type" : "Feature",
			"geometry" : {
				"type" : "Point",
				"coordinates" : [ 510651.0479687499, 5430287.803437499 ]
			},
			"properties" : {
				"ANCILLARYROLE" : 0,
				"ENABLED" : 1,
				"FACILITYID" : "1000075212",
				"LEGACYID" : "24491",
				"NODE_NO" : "1327701236",
				"STATUS" : "In Service",
				"PROJECT_NO" : null,
				"YR" : null,
				"OWNER" : "Surrey",
				"NAME" : "OCEAN PARK I SS",
				"LOCATION" : "1200 132B ST",
				"COMMENTS" : null,
				"GIS_ENTRY_STAGE" : "Final AB",
				"WARRANTYDATE" : null,
				"CONDITION" : null,
				"CONDITIONDATE" : null,
				"YTD_COST" : null,
				"LIFECYCLE_COST" : null,
				"CAPACITY" : null,
				"CONTRACTOR_ID" : null,
				"RUPTURE_DISK" : null,
				"MAX_DISCHARGE_PUMPS" : null,
				"CRE_DATE" : "20031210",
				"MOD_DATE" : "20180427"
			}
		},
		{
			"type" : "Feature",
			"geometry" : {
				"type" : "Point",
				"coordinates" : [ 518172.1929687504, 5449100.658125 ]
			},
			"properties" : {
				"ANCILLARYROLE" : 0,
				"ENABLED" : 1,
				"FACILITYID" : "1000075207",
				"LEGACYID" : "24489",
				"NODE_NO" : "1701610588",
				"STATUS" : "In Service",
				"PROJECT_NO" : "7891-0072-00",
				"YR" : 1994,
				"OWNER" : "Surrey",
				"NAME" : "NEWFIELD SS",
				"LOCATION" : "10505 170 ST",
				"COMMENTS" : "New Gen. Upgrade 4715-5350-00 2017",
				"GIS_ENTRY_STAGE" : "Final AB",
				"WARRANTYDATE" : null,
				"CONDITION" : null,
				"CONDITIONDATE" : null,
				"YTD_COST" : null,
				"LIFECYCLE_COST" : null,
				"CAPACITY" : null,
				"CONTRACTOR_ID" : null,
				"RUPTURE_DISK" : null,
				"MAX_DISCHARGE_PUMPS" : null,
				"CRE_DATE" : "20031210",
				"MOD_DATE" : "20180427"
			}
		},
		{
			"type" : "Feature",
			"geometry" : {
				"type" : "Point",
				"coordinates" : [ 508473.20578125026, 5433602.865078125 ]
			},
			"properties" : {
				"ANCILLARYROLE" : 0,
				"ENABLED" : 1,
				"FACILITYID" : "1000075202",
				"LEGACYID" : "21345",
				"NODE_NO" : "1219402884",
				"STATUS" : "In Service",
				"PROJECT_NO" : "2098",
				"YR" : 2000,
				"OWNER" : "Surrey",
				"NAME" : "SULLIVAN SS",
				"LOCATION" : "2916 SULLIVAN ST",
				"COMMENTS" : "SULLIVAN L.S. SEE ALSO S-110-135(P)",
				"GIS_ENTRY_STAGE" : "Final AB",
				"WARRANTYDATE" : null,
				"CONDITION" : null,
				"CONDITIONDATE" : null,
				"YTD_COST" : null,
				"LIFECYCLE_COST" : null,
				"CAPACITY" : null,
				"CONTRACTOR_ID" : null,
				"RUPTURE_DISK" : null,
				"MAX_DISCHARGE_PUMPS" : null,
				"CRE_DATE" : "20010829",
				"MOD_DATE" : "20180427"
			}
		},
		{
			"type" : "Feature",
			"geometry" : {
				"type" : "Point",
				"coordinates" : [ 509527.1040625004, 5442757.279921874 ]
			},
			"properties" : {
				"ANCILLARYROLE" : 0,
				"ENABLED" : 1,
				"FACILITYID" : "1000075200",
				"LEGACYID" : "23785",
				"NODE_NO" : "1271807434",
				"STATUS" : "In Service",
				"PROJECT_NO" : "9550",
				"YR" : 1979,
				"OWNER" : "Surrey",
				"NAME" : "NEWTON ATHLETIC PARK SS",
				"LOCATION" : "7395 128 ST",
				"COMMENTS" : "Parks & Recreation",
				"GIS_ENTRY_STAGE" : "Final AB",
				"WARRANTYDATE" : null,
				"CONDITION" : null,
				"CONDITIONDATE" : null,
				"YTD_COST" : null,
				"LIFECYCLE_COST" : null,
				"CAPACITY" : null,
				"CONTRACTOR_ID" : null,
				"RUPTURE_DISK" : null,
				"MAX_DISCHARGE_PUMPS" : null,
				"CRE_DATE" : "20030623",
				"MOD_DATE" : "20180427"
			}
		},
		{
			"type" : "Feature",
			"geometry" : {
				"type" : "Point",
				"coordinates" : [ 516933.9476562496, 5434966.9447656255 ]
			},
			"properties" : {
				"ANCILLARYROLE" : 0,
				"ENABLED" : 1,
				"FACILITYID" : "1000075192",
				"LEGACYID" : "24488",
				"NODE_NO" : "1640003562",
				"STATUS" : "In Service",
				"PROJECT_NO" : "7892-0106-00",
				"YR" : null,
				"OWNER" : "Surrey",
				"NAME" : "MORGAN CREEK I  SS",
				"LOCATION" : "16400 High Park Ave.",
				"COMMENTS" : null,
				"GIS_ENTRY_STAGE" : "Final AB",
				"WARRANTYDATE" : null,
				"CONDITION" : null,
				"CONDITIONDATE" : null,
				"YTD_COST" : null,
				"LIFECYCLE_COST" : null,
				"CAPACITY" : null,
				"CONTRACTOR_ID" : null,
				"RUPTURE_DISK" : null,
				"MAX_DISCHARGE_PUMPS" : null,
				"CRE_DATE" : "20031210",
				"MOD_DATE" : "20180427"
			}
		},
		{
			"type" : "Feature",
			"geometry" : {
				"type" : "Point",
				"coordinates" : [ 516001.63179687504, 5435284.348359374 ]
			},
			"properties" : {
				"ANCILLARYROLE" : 0,
				"ENABLED" : 1,
				"FACILITYID" : "1000075190",
				"LEGACYID" : "22993",
				"NODE_NO" : "1593703719",
				"STATUS" : "In Service",
				"PROJECT_NO" : "7892-0106-00",
				"YR" : 1995,
				"OWNER" : "Surrey",
				"NAME" : "MORGAN CREEK II  SS",
				"LOCATION" : "3745 159A ST",
				"COMMENTS" : null,
				"GIS_ENTRY_STAGE" : "Final AB",
				"WARRANTYDATE" : null,
				"CONDITION" : null,
				"CONDITIONDATE" : null,
				"YTD_COST" : null,
				"LIFECYCLE_COST" : null,
				"CAPACITY" : null,
				"CONTRACTOR_ID" : null,
				"RUPTURE_DISK" : null,
				"MAX_DISCHARGE_PUMPS" : null,
				"CRE_DATE" : "20020708",
				"MOD_DATE" : "20180427"
			}
		}
	]
}