{
	"name" : "park_potential_donation_bench_locations",
	"type" : "FeatureCollection",
	"crs" : {
		"type" : "name",
		"properties" : {
			"name" : "EPSG:26910"
		}
	},
	"features" : [
		{
			"type" : "Feature",
			"geometry" : {
				"type" : "Point",
				"coordinates" : [ 515934.5641406253, 5443833.3725000005 ]
			},
			"properties" : {
				"STRUCTURE_TYPE" : 0,
				"STRUCTURE_TYPE2" : "Benches and Bleachers",
				"FACILITYID" : "1001715162",
				"DESCRIPTION" : "Potential Surrey Bench, Cost: $2,400.00",
				"LOCATION" : null,
				"REFERENCE_NO" : "10",
				"STRUCTURE_DETAIL_TYPE" : null,
				"SPECIAL_FEATURES" : null,
				"MATERIAL_TYPE" : null,
				"WIDTH_M" : null,
				"SEATING_TYPE" : "Bench",
				"GIFT_DONATION" : "Y",
				"PLAQUE_DETAIL" : null,
				"BENCH_STYLE" : "Surrey",
				"CAPACITY" : null,
				"DIMENSION_M2" : null,
				"AUTOMATED" : null,
				"PUBLIC_ACCESS" : null,
				"COMPONENT_TYPE" : null,
				"SEATING_MATERIAL" : null,
				"FINISHES" : null,
				"ENCLOSED" : null,
				"HEATED" : null,
				"LIGHTING_SYSTEM" : null,
				"SURFACE_MATERIAL" : null,
				"SERVICE_LEVEL" : null,
				"WINTERIZED" : null,
				"BOOKABLE" : null,
				"QUANTITY" : null,
				"RECREATIONAL" : null,
				"LENGTH_M" : null,
				"COMMENTS" : null,
				"HOUSE_NO" : null,
				"ROAD_CODE" : null,
				"MAP_PAGE" : null,
				"STATUS" : "POTENTIAL",
				"STATUS_DATE" : null,
				"PARK_OWNERSHIP" : null,
				"MAINTENANCE_RESPONSIBILITY" : null,
				"OPERATIONAL_RESPONSIBILITY" : null,
				"WORK_ASSIGNMENT" : null,
				"INSERVICE_DATE" : null,
				"INSERVICE_COST" : null,
				"CONDITION" : null,
				"CONDITIONDATE" : null,
				"YRS_LIFE_EXPECTANCY" : null,
				"WARRANTYDATE" : null,
				"WARRANTY_PROVIDER" : null,
				"VENDOR" : null,
				"MAKE" : null,
				"MODEL" : null,
				"SERIAL_NO" : null,
				"BARCODE" : null,
				"LEGACYID" : null,
				"OPERATING_LOCATION" : "Fleetwood Park, 15802 80 Ave",
				"OPERATING_LOCATION_TYPE" : null,
				"STRUCTURES_INSPECTION_ROUTE" : null,
				"TO_CLASS_FOR_WEB" : null,
				"CRE_DATE" : "20131029",
				"MOD_DATE" : "20131029"
			}
		},
		{
			"type" : "Feature",
			"geometry" : {
				"type" : "Point",
				"coordinates" : [ 512632.6757031251, 5448943.6721875 ]
			},
			"properties" : {
				"STRUCTURE_TYPE" : 0,
				"STRUCTURE_TYPE2" : "Benches and Bleachers",
				"FACILITYID" : "1001715169",
				"DESCRIPTION" : "Potential Surrey Bench, Cost: $2,400.00",
				"LOCATION" : null,
				"REFERENCE_NO" : "2",
				"STRUCTURE_DETAIL_TYPE" : null,
				"SPECIAL_FEATURES" : null,
				"MATERIAL_TYPE" : null,
				"WIDTH_M" : null,
				"SEATING_TYPE" : "Bench",
				"GIFT_DONATION" : "Y",
				"PLAQUE_DETAIL" : null,
				"BENCH_STYLE" : "Surrey",
				"CAPACITY" : null,
				"DIMENSION_M2" : null,
				"AUTOMATED" : null,
				"PUBLIC_ACCESS" : null,
				"COMPONENT_TYPE" : null,
				"SEATING_MATERIAL" : null,
				"FINISHES" : null,
				"ENCLOSED" : null,
				"HEATED" : null,
				"LIGHTING_SYSTEM" : null,
				"SURFACE_MATERIAL" : null,
				"SERVICE_LEVEL" : null,
				"WINTERIZED" : null,
				"BOOKABLE" : null,
				"QUANTITY" : null,
				"RECREATIONAL" : null,
				"LENGTH_M" : null,
				"COMMENTS" : null,
				"HOUSE_NO" : null,
				"ROAD_CODE" : null,
				"MAP_PAGE" : null,
				"STATUS" : "POTENTIAL",
				"STATUS_DATE" : null,
				"PARK_OWNERSHIP" : null,
				"MAINTENANCE_RESPONSIBILITY" : null,
				"OPERATIONAL_RESPONSIBILITY" : null,
				"WORK_ASSIGNMENT" : null,
				"INSERVICE_DATE" : null,
				"INSERVICE_COST" : null,
				"CONDITION" : null,
				"CONDITIONDATE" : null,
				"YRS_LIFE_EXPECTANCY" : null,
				"WARRANTYDATE" : null,
				"WARRANTY_PROVIDER" : null,
				"VENDOR" : null,
				"MAKE" : null,
				"MODEL" : null,
				"SERIAL_NO" : null,
				"BARCODE" : null,
				"LEGACYID" : null,
				"OPERATING_LOCATION" : "Hawthorne Park, 10503 144 St",
				"OPERATING_LOCATION_TYPE" : null,
				"STRUCTURES_INSPECTION_ROUTE" : null,
				"TO_CLASS_FOR_WEB" : null,
				"CRE_DATE" : "20131029",
				"MOD_DATE" : "20131029"
			}
		},
		{
			"type" : "Feature",
			"geometry" : {
				"type" : "Point",
				"coordinates" : [ 512670.29953125026, 5448924.1459375005 ]
			},
			"properties" : {
				"STRUCTURE_TYPE" : 0,
				"STRUCTURE_TYPE2" : "Benches and Bleachers",
				"FACILITYID" : "1001715170",
				"DESCRIPTION" : "Potential Surrey Bench, Cost: $2,400.00",
				"LOCATION" : null,
				"REFERENCE_NO" : "3",
				"STRUCTURE_DETAIL_TYPE" : null,
				"SPECIAL_FEATURES" : null,
				"MATERIAL_TYPE" : null,
				"WIDTH_M" : null,
				"SEATING_TYPE" : "Bench",
				"GIFT_DONATION" : "Y",
				"PLAQUE_DETAIL" : null,
				"BENCH_STYLE" : "Surrey",
				"CAPACITY" : null,
				"DIMENSION_M2" : null,
				"AUTOMATED" : null,
				"PUBLIC_ACCESS" : null,
				"COMPONENT_TYPE" : null,
				"SEATING_MATERIAL" : null,
				"FINISHES" : null,
				"ENCLOSED" : null,
				"HEATED" : null,
				"LIGHTING_SYSTEM" : null,
				"SURFACE_MATERIAL" : null,
				"SERVICE_LEVEL" : null,
				"WINTERIZED" : null,
				"BOOKABLE" : null,
				"QUANTITY" : null,
				"RECREATIONAL" : null,
				"LENGTH_M" : null,
				"COMMENTS" : null,
				"HOUSE_NO" : null,
				"ROAD_CODE" : null,
				"MAP_PAGE" : null,
				"STATUS" : "POTENTIAL",
				"STATUS_DATE" : null,
				"PARK_OWNERSHIP" : null,
				"MAINTENANCE_RESPONSIBILITY" : null,
				"OPERATIONAL_RESPONSIBILITY" : null,
				"WORK_ASSIGNMENT" : null,
				"INSERVICE_DATE" : null,
				"INSERVICE_COST" : null,
				"CONDITION" : null,
				"CONDITIONDATE" : null,
				"YRS_LIFE_EXPECTANCY" : null,
				"WARRANTYDATE" : null,
				"WARRANTY_PROVIDER" : null,
				"VENDOR" : null,
				"MAKE" : null,
				"MODEL" : null,
				"SERIAL_NO" : null,
				"BARCODE" : null,
				"LEGACYID" : null,
				"OPERATING_LOCATION" : "Hawthorne Park, 10503 144 St",
				"OPERATING_LOCATION_TYPE" : null,
				"STRUCTURES_INSPECTION_ROUTE" : null,
				"TO_CLASS_FOR_WEB" : null,
				"CRE_DATE" : "20131029",
				"MOD_DATE" : "20131029"
			}
		},
		{
			"type" : "Feature",
			"geometry" : {
				"type" : "Point",
				"coordinates" : [ 512728.40218750015, 5448924.4634374995 ]
			},
			"properties" : {
				"STRUCTURE_TYPE" : 0,
				"STRUCTURE_TYPE2" : "Benches and Bleachers",
				"FACILITYID" : "1001715172",
				"DESCRIPTION" : "Potential Surrey Bench, Cost: $2,400.00",
				"LOCATION" : null,
				"REFERENCE_NO" : "5",
				"STRUCTURE_DETAIL_TYPE" : null,
				"SPECIAL_FEATURES" : null,
				"MATERIAL_TYPE" : null,
				"WIDTH_M" : null,
				"SEATING_TYPE" : "Bench",
				"GIFT_DONATION" : "Y",
				"PLAQUE_DETAIL" : null,
				"BENCH_STYLE" : "Surrey",
				"CAPACITY" : null,
				"DIMENSION_M2" : null,
				"AUTOMATED" : null,
				"PUBLIC_ACCESS" : null,
				"COMPONENT_TYPE" : null,
				"SEATING_MATERIAL" : null,
				"FINISHES" : null,
				"ENCLOSED" : null,
				"HEATED" : null,
				"LIGHTING_SYSTEM" : null,
				"SURFACE_MATERIAL" : null,
				"SERVICE_LEVEL" : null,
				"WINTERIZED" : null,
				"BOOKABLE" : null,
				"QUANTITY" : null,
				"RECREATIONAL" : null,
				"LENGTH_M" : null,
				"COMMENTS" : null,
				"HOUSE_NO" : null,
				"ROAD_CODE" : null,
				"MAP_PAGE" : null,
				"STATUS" : "POTENTIAL",
				"STATUS_DATE" : null,
				"PARK_OWNERSHIP" : null,
				"MAINTENANCE_RESPONSIBILITY" : null,
				"OPERATIONAL_RESPONSIBILITY" : null,
				"WORK_ASSIGNMENT" : null,
				"INSERVICE_DATE" : null,
				"INSERVICE_COST" : null,
				"CONDITION" : null,
				"CONDITIONDATE" : null,
				"YRS_LIFE_EXPECTANCY" : null,
				"WARRANTYDATE" : null,
				"WARRANTY_PROVIDER" : null,
				"VENDOR" : null,
				"MAKE" : null,
				"MODEL" : null,
				"SERIAL_NO" : null,
				"BARCODE" : null,
				"LEGACYID" : null,
				"OPERATING_LOCATION" : "Hawthorne Park, 10503 144 St",
				"OPERATING_LOCATION_TYPE" : null,
				"STRUCTURES_INSPECTION_ROUTE" : null,
				"TO_CLASS_FOR_WEB" : null,
				"CRE_DATE" : "20131029",
				"MOD_DATE" : "20131029"
			}
		},
		{
			"type" : "Feature",
			"geometry" : {
				"type" : "Point",
				"coordinates" : [ 515807.1799999997, 5443897.26 ]
			},
			"properties" : {
				"STRUCTURE_TYPE" : 0,
				"STRUCTURE_TYPE2" : "Benches and Bleachers",
				"FACILITYID" : "1001715147",
				"DESCRIPTION" : "Potential Surrey Bench, Cost: $2,400.00",
				"LOCATION" : null,
				"REFERENCE_NO" : "3",
				"STRUCTURE_DETAIL_TYPE" : null,
				"SPECIAL_FEATURES" : null,
				"MATERIAL_TYPE" : null,
				"WIDTH_M" : null,
				"SEATING_TYPE" : "Bench",
				"GIFT_DONATION" : "Y",
				"PLAQUE_DETAIL" : null,
				"BENCH_STYLE" : "Surrey",
				"CAPACITY" : null,
				"DIMENSION_M2" : null,
				"AUTOMATED" : null,
				"PUBLIC_ACCESS" : null,
				"COMPONENT_TYPE" : null,
				"SEATING_MATERIAL" : null,
				"FINISHES" : null,
				"ENCLOSED" : null,
				"HEATED" : null,
				"LIGHTING_SYSTEM" : null,
				"SURFACE_MATERIAL" : null,
				"SERVICE_LEVEL" : null,
				"WINTERIZED" : null,
				"BOOKABLE" : null,
				"QUANTITY" : null,
				"RECREATIONAL" : null,
				"LENGTH_M" : null,
				"COMMENTS" : null,
				"HOUSE_NO" : null,
				"ROAD_CODE" : null,
				"MAP_PAGE" : null,
				"STATUS" : "POTENTIAL",
				"STATUS_DATE" : null,
				"PARK_OWNERSHIP" : null,
				"MAINTENANCE_RESPONSIBILITY" : null,
				"OPERATIONAL_RESPONSIBILITY" : null,
				"WORK_ASSIGNMENT" : null,
				"INSERVICE_DATE" : null,
				"INSERVICE_COST" : null,
				"CONDITION" : null,
				"CONDITIONDATE" : null,
				"YRS_LIFE_EXPECTANCY" : null,
				"WARRANTYDATE" : null,
				"WARRANTY_PROVIDER" : null,
				"VENDOR" : null,
				"MAKE" : null,
				"MODEL" : null,
				"SERIAL_NO" : null,
				"BARCODE" : null,
				"LEGACYID" : null,
				"OPERATING_LOCATION" : "Fleetwood Park, 15802 80 Ave",
				"OPERATING_LOCATION_TYPE" : null,
				"STRUCTURES_INSPECTION_ROUTE" : null,
				"TO_CLASS_FOR_WEB" : null,
				"CRE_DATE" : "20131029",
				"MOD_DATE" : "20131029"
			}
		},
		{
			"type" : "Feature",
			"geometry" : {
				"type" : "Point",
				"coordinates" : [ 515923.5574218752, 5443834.113359375 ]
			},
			"properties" : {
				"STRUCTURE_TYPE" : 0,
				"STRUCTURE_TYPE2" : "Benches and Bleachers",
				"FACILITYID" : "1001715161",
				"DESCRIPTION" : "Potential Surrey Bench, Cost: $2,400.00",
				"LOCATION" : null,
				"REFERENCE_NO" : "9",
				"STRUCTURE_DETAIL_TYPE" : null,
				"SPECIAL_FEATURES" : null,
				"MATERIAL_TYPE" : null,
				"WIDTH_M" : null,
				"SEATING_TYPE" : "Bench",
				"GIFT_DONATION" : "Y",
				"PLAQUE_DETAIL" : null,
				"BENCH_STYLE" : "Surrey",
				"CAPACITY" : null,
				"DIMENSION_M2" : null,
				"AUTOMATED" : null,
				"PUBLIC_ACCESS" : null,
				"COMPONENT_TYPE" : null,
				"SEATING_MATERIAL" : null,
				"FINISHES" : null,
				"ENCLOSED" : null,
				"HEATED" : null,
				"LIGHTING_SYSTEM" : null,
				"SURFACE_MATERIAL" : null,
				"SERVICE_LEVEL" : null,
				"WINTERIZED" : null,
				"BOOKABLE" : null,
				"QUANTITY" : null,
				"RECREATIONAL" : null,
				"LENGTH_M" : null,
				"COMMENTS" : null,
				"HOUSE_NO" : null,
				"ROAD_CODE" : null,
				"MAP_PAGE" : null,
				"STATUS" : "POTENTIAL",
				"STATUS_DATE" : null,
				"PARK_OWNERSHIP" : null,
				"MAINTENANCE_RESPONSIBILITY" : null,
				"OPERATIONAL_RESPONSIBILITY" : null,
				"WORK_ASSIGNMENT" : null,
				"INSERVICE_DATE" : null,
				"INSERVICE_COST" : null,
				"CONDITION" : null,
				"CONDITIONDATE" : null,
				"YRS_LIFE_EXPECTANCY" : null,
				"WARRANTYDATE" : null,
				"WARRANTY_PROVIDER" : null,
				"VENDOR" : null,
				"MAKE" : null,
				"MODEL" : null,
				"SERIAL_NO" : null,
				"BARCODE" : null,
				"LEGACYID" : null,
				"OPERATING_LOCATION" : "Fleetwood Park, 15802 80 Ave",
				"OPERATING_LOCATION_TYPE" : null,
				"STRUCTURES_INSPECTION_ROUTE" : null,
				"TO_CLASS_FOR_WEB" : null,
				"CRE_DATE" : "20131029",
				"MOD_DATE" : "20131029"
			}
		},
		{
			"type" : "Feature",
			"geometry" : {
				"type" : "Point",
				"coordinates" : [ 515742.53062499966, 5443932.41375 ]
			},
			"properties" : {
				"STRUCTURE_TYPE" : 0,
				"STRUCTURE_TYPE2" : "Benches and Bleachers",
				"FACILITYID" : "1001715145",
				"DESCRIPTION" : "Potential Surrey Bench, Cost: $2,400.00",
				"LOCATION" : null,
				"REFERENCE_NO" : "1",
				"STRUCTURE_DETAIL_TYPE" : null,
				"SPECIAL_FEATURES" : null,
				"MATERIAL_TYPE" : null,
				"WIDTH_M" : null,
				"SEATING_TYPE" : "Bench",
				"GIFT_DONATION" : "Y",
				"PLAQUE_DETAIL" : null,
				"BENCH_STYLE" : "Surrey",
				"CAPACITY" : null,
				"DIMENSION_M2" : null,
				"AUTOMATED" : null,
				"PUBLIC_ACCESS" : null,
				"COMPONENT_TYPE" : null,
				"SEATING_MATERIAL" : null,
				"FINISHES" : null,
				"ENCLOSED" : null,
				"HEATED" : null,
				"LIGHTING_SYSTEM" : null,
				"SURFACE_MATERIAL" : null,
				"SERVICE_LEVEL" : null,
				"WINTERIZED" : null,
				"BOOKABLE" : null,
				"QUANTITY" : null,
				"RECREATIONAL" : null,
				"LENGTH_M" : null,
				"COMMENTS" : null,
				"HOUSE_NO" : null,
				"ROAD_CODE" : null,
				"MAP_PAGE" : null,
				"STATUS" : "POTENTIAL",
				"STATUS_DATE" : null,
				"PARK_OWNERSHIP" : null,
				"MAINTENANCE_RESPONSIBILITY" : null,
				"OPERATIONAL_RESPONSIBILITY" : null,
				"WORK_ASSIGNMENT" : null,
				"INSERVICE_DATE" : null,
				"INSERVICE_COST" : null,
				"CONDITION" : null,
				"CONDITIONDATE" : null,
				"YRS_LIFE_EXPECTANCY" : null,
				"WARRANTYDATE" : null,
				"WARRANTY_PROVIDER" : null,
				"VENDOR" : null,
				"MAKE" : null,
				"MODEL" : null,
				"SERIAL_NO" : null,
				"BARCODE" : null,
				"LEGACYID" : null,
				"OPERATING_LOCATION" : "Fleetwood Park, 15802 80 Ave",
				"OPERATING_LOCATION_TYPE" : null,
				"STRUCTURES_INSPECTION_ROUTE" : null,
				"TO_CLASS_FOR_WEB" : null,
				"CRE_DATE" : "20131029",
				"MOD_DATE" : "20131029"
			}
		},
		{
			"type" : "Feature",
			"geometry" : {
				"type" : "Point",
				"coordinates" : [ 515837.04000000004, 5443897.58 ]
			},
			"properties" : {
				"STRUCTURE_TYPE" : 0,
				"STRUCTURE_TYPE2" : "Benches and Bleachers",
				"FACILITYID" : "1001715150",
				"DESCRIPTION" : "Potential Surrey Bench, Cost: $2,400.00",
				"LOCATION" : null,
				"REFERENCE_NO" : "6",
				"STRUCTURE_DETAIL_TYPE" : null,
				"SPECIAL_FEATURES" : null,
				"MATERIAL_TYPE" : null,
				"WIDTH_M" : null,
				"SEATING_TYPE" : "Bench",
				"GIFT_DONATION" : "Y",
				"PLAQUE_DETAIL" : null,
				"BENCH_STYLE" : "Surrey",
				"CAPACITY" : null,
				"DIMENSION_M2" : null,
				"AUTOMATED" : null,
				"PUBLIC_ACCESS" : null,
				"COMPONENT_TYPE" : null,
				"SEATING_MATERIAL" : null,
				"FINISHES" : null,
				"ENCLOSED" : null,
				"HEATED" : null,
				"LIGHTING_SYSTEM" : null,
				"SURFACE_MATERIAL" : null,
				"SERVICE_LEVEL" : null,
				"WINTERIZED" : null,
				"BOOKABLE" : null,
				"QUANTITY" : null,
				"RECREATIONAL" : null,
				"LENGTH_M" : null,
				"COMMENTS" : null,
				"HOUSE_NO" : null,
				"ROAD_CODE" : null,
				"MAP_PAGE" : null,
				"STATUS" : "POTENTIAL",
				"STATUS_DATE" : null,
				"PARK_OWNERSHIP" : null,
				"MAINTENANCE_RESPONSIBILITY" : null,
				"OPERATIONAL_RESPONSIBILITY" : null,
				"WORK_ASSIGNMENT" : null,
				"INSERVICE_DATE" : null,
				"INSERVICE_COST" : null,
				"CONDITION" : null,
				"CONDITIONDATE" : null,
				"YRS_LIFE_EXPECTANCY" : null,
				"WARRANTYDATE" : null,
				"WARRANTY_PROVIDER" : null,
				"VENDOR" : null,
				"MAKE" : null,
				"MODEL" : null,
				"SERIAL_NO" : null,
				"BARCODE" : null,
				"LEGACYID" : null,
				"OPERATING_LOCATION" : "Fleetwood Park, 15802 80 Ave",
				"OPERATING_LOCATION_TYPE" : null,
				"STRUCTURES_INSPECTION_ROUTE" : null,
				"TO_CLASS_FOR_WEB" : null,
				"CRE_DATE" : "20131029",
				"MOD_DATE" : "20131029"
			}
		},
		{
			"type" : "Feature",
			"geometry" : {
				"type" : "Point",
				"coordinates" : [ 515842.6799999997, 5443896.539999999 ]
			},
			"properties" : {
				"STRUCTURE_TYPE" : 0,
				"STRUCTURE_TYPE2" : "Benches and Bleachers",
				"FACILITYID" : "1001715151",
				"DESCRIPTION" : "Potential Surrey Bench, Cost: $2,400.00",
				"LOCATION" : null,
				"REFERENCE_NO" : "7",
				"STRUCTURE_DETAIL_TYPE" : null,
				"SPECIAL_FEATURES" : null,
				"MATERIAL_TYPE" : null,
				"WIDTH_M" : null,
				"SEATING_TYPE" : "Bench",
				"GIFT_DONATION" : "Y",
				"PLAQUE_DETAIL" : null,
				"BENCH_STYLE" : "Surrey",
				"CAPACITY" : null,
				"DIMENSION_M2" : null,
				"AUTOMATED" : null,
				"PUBLIC_ACCESS" : null,
				"COMPONENT_TYPE" : null,
				"SEATING_MATERIAL" : null,
				"FINISHES" : null,
				"ENCLOSED" : null,
				"HEATED" : null,
				"LIGHTING_SYSTEM" : null,
				"SURFACE_MATERIAL" : null,
				"SERVICE_LEVEL" : null,
				"WINTERIZED" : null,
				"BOOKABLE" : null,
				"QUANTITY" : null,
				"RECREATIONAL" : null,
				"LENGTH_M" : null,
				"COMMENTS" : null,
				"HOUSE_NO" : null,
				"ROAD_CODE" : null,
				"MAP_PAGE" : null,
				"STATUS" : "POTENTIAL",
				"STATUS_DATE" : null,
				"PARK_OWNERSHIP" : null,
				"MAINTENANCE_RESPONSIBILITY" : null,
				"OPERATIONAL_RESPONSIBILITY" : null,
				"WORK_ASSIGNMENT" : null,
				"INSERVICE_DATE" : null,
				"INSERVICE_COST" : null,
				"CONDITION" : null,
				"CONDITIONDATE" : null,
				"YRS_LIFE_EXPECTANCY" : null,
				"WARRANTYDATE" : null,
				"WARRANTY_PROVIDER" : null,
				"VENDOR" : null,
				"MAKE" : null,
				"MODEL" : null,
				"SERIAL_NO" : null,
				"BARCODE" : null,
				"LEGACYID" : null,
				"OPERATING_LOCATION" : "Fleetwood Park, 15802 80 Ave",
				"OPERATING_LOCATION_TYPE" : null,
				"STRUCTURES_INSPECTION_ROUTE" : null,
				"TO_CLASS_FOR_WEB" : null,
				"CRE_DATE" : "20131029",
				"MOD_DATE" : "20131029"
			}
		},
		{
			"type" : "Feature",
			"geometry" : {
				"type" : "Point",
				"coordinates" : [ 515845.3700000001, 5443897.23 ]
			},
			"properties" : {
				"STRUCTURE_TYPE" : 0,
				"STRUCTURE_TYPE2" : "Benches and Bleachers",
				"FACILITYID" : "1001715152",
				"DESCRIPTION" : "Potential Surrey Bench, Cost: $2,400.00",
				"LOCATION" : null,
				"REFERENCE_NO" : "8",
				"STRUCTURE_DETAIL_TYPE" : null,
				"SPECIAL_FEATURES" : null,
				"MATERIAL_TYPE" : null,
				"WIDTH_M" : null,
				"SEATING_TYPE" : "Bench",
				"GIFT_DONATION" : "Y",
				"PLAQUE_DETAIL" : null,
				"BENCH_STYLE" : "Surrey",
				"CAPACITY" : null,
				"DIMENSION_M2" : null,
				"AUTOMATED" : null,
				"PUBLIC_ACCESS" : null,
				"COMPONENT_TYPE" : null,
				"SEATING_MATERIAL" : null,
				"FINISHES" : null,
				"ENCLOSED" : null,
				"HEATED" : null,
				"LIGHTING_SYSTEM" : null,
				"SURFACE_MATERIAL" : null,
				"SERVICE_LEVEL" : null,
				"WINTERIZED" : null,
				"BOOKABLE" : null,
				"QUANTITY" : null,
				"RECREATIONAL" : null,
				"LENGTH_M" : null,
				"COMMENTS" : null,
				"HOUSE_NO" : null,
				"ROAD_CODE" : null,
				"MAP_PAGE" : null,
				"STATUS" : "POTENTIAL",
				"STATUS_DATE" : null,
				"PARK_OWNERSHIP" : null,
				"MAINTENANCE_RESPONSIBILITY" : null,
				"OPERATIONAL_RESPONSIBILITY" : null,
				"WORK_ASSIGNMENT" : null,
				"INSERVICE_DATE" : null,
				"INSERVICE_COST" : null,
				"CONDITION" : null,
				"CONDITIONDATE" : null,
				"YRS_LIFE_EXPECTANCY" : null,
				"WARRANTYDATE" : null,
				"WARRANTY_PROVIDER" : null,
				"VENDOR" : null,
				"MAKE" : null,
				"MODEL" : null,
				"SERIAL_NO" : null,
				"BARCODE" : null,
				"LEGACYID" : null,
				"OPERATING_LOCATION" : "Fleetwood Park, 15802 80 Ave",
				"OPERATING_LOCATION_TYPE" : null,
				"STRUCTURES_INSPECTION_ROUTE" : null,
				"TO_CLASS_FOR_WEB" : null,
				"CRE_DATE" : "20131029",
				"MOD_DATE" : "20131029"
			}
		},
		{
			"type" : "Feature",
			"geometry" : {
				"type" : "Point",
				"coordinates" : [ 516023.68179687485, 5443829.750234375 ]
			},
			"properties" : {
				"STRUCTURE_TYPE" : 0,
				"STRUCTURE_TYPE2" : "Benches and Bleachers",
				"FACILITYID" : "1001715164",
				"DESCRIPTION" : "Potential Surrey Bench, Cost: $2,400.00",
				"LOCATION" : null,
				"REFERENCE_NO" : "12",
				"STRUCTURE_DETAIL_TYPE" : null,
				"SPECIAL_FEATURES" : null,
				"MATERIAL_TYPE" : null,
				"WIDTH_M" : null,
				"SEATING_TYPE" : "Bench",
				"GIFT_DONATION" : "Y",
				"PLAQUE_DETAIL" : null,
				"BENCH_STYLE" : "Surrey",
				"CAPACITY" : null,
				"DIMENSION_M2" : null,
				"AUTOMATED" : null,
				"PUBLIC_ACCESS" : null,
				"COMPONENT_TYPE" : null,
				"SEATING_MATERIAL" : null,
				"FINISHES" : null,
				"ENCLOSED" : null,
				"HEATED" : null,
				"LIGHTING_SYSTEM" : null,
				"SURFACE_MATERIAL" : null,
				"SERVICE_LEVEL" : null,
				"WINTERIZED" : null,
				"BOOKABLE" : null,
				"QUANTITY" : null,
				"RECREATIONAL" : null,
				"LENGTH_M" : null,
				"COMMENTS" : null,
				"HOUSE_NO" : null,
				"ROAD_CODE" : null,
				"MAP_PAGE" : null,
				"STATUS" : "POTENTIAL",
				"STATUS_DATE" : null,
				"PARK_OWNERSHIP" : null,
				"MAINTENANCE_RESPONSIBILITY" : null,
				"OPERATIONAL_RESPONSIBILITY" : null,
				"WORK_ASSIGNMENT" : null,
				"INSERVICE_DATE" : null,
				"INSERVICE_COST" : null,
				"CONDITION" : null,
				"CONDITIONDATE" : null,
				"YRS_LIFE_EXPECTANCY" : null,
				"WARRANTYDATE" : null,
				"WARRANTY_PROVIDER" : null,
				"VENDOR" : null,
				"MAKE" : null,
				"MODEL" : null,
				"SERIAL_NO" : null,
				"BARCODE" : null,
				"LEGACYID" : null,
				"OPERATING_LOCATION" : "Fleetwood Park, 15802 80 Ave",
				"OPERATING_LOCATION_TYPE" : null,
				"STRUCTURES_INSPECTION_ROUTE" : null,
				"TO_CLASS_FOR_WEB" : null,
				"CRE_DATE" : "20131029",
				"MOD_DATE" : "20131029"
			}
		},
		{
			"type" : "Feature",
			"geometry" : {
				"type" : "Point",
				"coordinates" : [ 512627.1194531247, 5448946.8471875 ]
			},
			"properties" : {
				"STRUCTURE_TYPE" : 0,
				"STRUCTURE_TYPE2" : "Benches and Bleachers",
				"FACILITYID" : "1001715168",
				"DESCRIPTION" : "Potential Surrey Bench, Cost: $2,400.00",
				"LOCATION" : null,
				"REFERENCE_NO" : "1",
				"STRUCTURE_DETAIL_TYPE" : null,
				"SPECIAL_FEATURES" : null,
				"MATERIAL_TYPE" : null,
				"WIDTH_M" : null,
				"SEATING_TYPE" : "Bench",
				"GIFT_DONATION" : "Y",
				"PLAQUE_DETAIL" : null,
				"BENCH_STYLE" : "Surrey",
				"CAPACITY" : null,
				"DIMENSION_M2" : null,
				"AUTOMATED" : null,
				"PUBLIC_ACCESS" : null,
				"COMPONENT_TYPE" : null,
				"SEATING_MATERIAL" : null,
				"FINISHES" : null,
				"ENCLOSED" : null,
				"HEATED" : null,
				"LIGHTING_SYSTEM" : null,
				"SURFACE_MATERIAL" : null,
				"SERVICE_LEVEL" : null,
				"WINTERIZED" : null,
				"BOOKABLE" : null,
				"QUANTITY" : null,
				"RECREATIONAL" : null,
				"LENGTH_M" : null,
				"COMMENTS" : null,
				"HOUSE_NO" : null,
				"ROAD_CODE" : null,
				"MAP_PAGE" : null,
				"STATUS" : "POTENTIAL",
				"STATUS_DATE" : null,
				"PARK_OWNERSHIP" : null,
				"MAINTENANCE_RESPONSIBILITY" : null,
				"OPERATIONAL_RESPONSIBILITY" : null,
				"WORK_ASSIGNMENT" : null,
				"INSERVICE_DATE" : null,
				"INSERVICE_COST" : null,
				"CONDITION" : null,
				"CONDITIONDATE" : null,
				"YRS_LIFE_EXPECTANCY" : null,
				"WARRANTYDATE" : null,
				"WARRANTY_PROVIDER" : null,
				"VENDOR" : null,
				"MAKE" : null,
				"MODEL" : null,
				"SERIAL_NO" : null,
				"BARCODE" : null,
				"LEGACYID" : null,
				"OPERATING_LOCATION" : "Hawthorne Park, 10503 144 St",
				"OPERATING_LOCATION_TYPE" : null,
				"STRUCTURES_INSPECTION_ROUTE" : null,
				"TO_CLASS_FOR_WEB" : null,
				"CRE_DATE" : "20131029",
				"MOD_DATE" : "20131029"
			}
		},
		{
			"type" : "Feature",
			"geometry" : {
				"type" : "Point",
				"coordinates" : [ 515800.1299999999, 5443898.6 ]
			},
			"properties" : {
				"STRUCTURE_TYPE" : 0,
				"STRUCTURE_TYPE2" : "Benches and Bleachers",
				"FACILITYID" : "1001715146",
				"DESCRIPTION" : "Potential Surrey Bench, Cost: $2,400.00",
				"LOCATION" : null,
				"REFERENCE_NO" : "2",
				"STRUCTURE_DETAIL_TYPE" : null,
				"SPECIAL_FEATURES" : null,
				"MATERIAL_TYPE" : null,
				"WIDTH_M" : null,
				"SEATING_TYPE" : "Bench",
				"GIFT_DONATION" : "Y",
				"PLAQUE_DETAIL" : null,
				"BENCH_STYLE" : "Surrey",
				"CAPACITY" : null,
				"DIMENSION_M2" : null,
				"AUTOMATED" : null,
				"PUBLIC_ACCESS" : null,
				"COMPONENT_TYPE" : null,
				"SEATING_MATERIAL" : null,
				"FINISHES" : null,
				"ENCLOSED" : null,
				"HEATED" : null,
				"LIGHTING_SYSTEM" : null,
				"SURFACE_MATERIAL" : null,
				"SERVICE_LEVEL" : null,
				"WINTERIZED" : null,
				"BOOKABLE" : null,
				"QUANTITY" : null,
				"RECREATIONAL" : null,
				"LENGTH_M" : null,
				"COMMENTS" : null,
				"HOUSE_NO" : null,
				"ROAD_CODE" : null,
				"MAP_PAGE" : null,
				"STATUS" : "POTENTIAL",
				"STATUS_DATE" : null,
				"PARK_OWNERSHIP" : null,
				"MAINTENANCE_RESPONSIBILITY" : null,
				"OPERATIONAL_RESPONSIBILITY" : null,
				"WORK_ASSIGNMENT" : null,
				"INSERVICE_DATE" : null,
				"INSERVICE_COST" : null,
				"CONDITION" : null,
				"CONDITIONDATE" : null,
				"YRS_LIFE_EXPECTANCY" : null,
				"WARRANTYDATE" : null,
				"WARRANTY_PROVIDER" : null,
				"VENDOR" : null,
				"MAKE" : null,
				"MODEL" : null,
				"SERIAL_NO" : null,
				"BARCODE" : null,
				"LEGACYID" : null,
				"OPERATING_LOCATION" : "Fleetwood Park, 15802 80 Ave",
				"OPERATING_LOCATION_TYPE" : null,
				"STRUCTURES_INSPECTION_ROUTE" : null,
				"TO_CLASS_FOR_WEB" : null,
				"CRE_DATE" : "20131029",
				"MOD_DATE" : "20131029"
			}
		},
		{
			"type" : "Feature",
			"geometry" : {
				"type" : "Point",
				"coordinates" : [ 515814.23000000045, 5443896.039999999 ]
			},
			"properties" : {
				"STRUCTURE_TYPE" : 0,
				"STRUCTURE_TYPE2" : "Benches and Bleachers",
				"FACILITYID" : "1001715148",
				"DESCRIPTION" : "Potential Surrey Bench, Cost: $2,400.00",
				"LOCATION" : null,
				"REFERENCE_NO" : "4",
				"STRUCTURE_DETAIL_TYPE" : null,
				"SPECIAL_FEATURES" : null,
				"MATERIAL_TYPE" : null,
				"WIDTH_M" : null,
				"SEATING_TYPE" : "Bench",
				"GIFT_DONATION" : "Y",
				"PLAQUE_DETAIL" : null,
				"BENCH_STYLE" : "Surrey",
				"CAPACITY" : null,
				"DIMENSION_M2" : null,
				"AUTOMATED" : null,
				"PUBLIC_ACCESS" : null,
				"COMPONENT_TYPE" : null,
				"SEATING_MATERIAL" : null,
				"FINISHES" : null,
				"ENCLOSED" : null,
				"HEATED" : null,
				"LIGHTING_SYSTEM" : null,
				"SURFACE_MATERIAL" : null,
				"SERVICE_LEVEL" : null,
				"WINTERIZED" : null,
				"BOOKABLE" : null,
				"QUANTITY" : null,
				"RECREATIONAL" : null,
				"LENGTH_M" : null,
				"COMMENTS" : null,
				"HOUSE_NO" : null,
				"ROAD_CODE" : null,
				"MAP_PAGE" : null,
				"STATUS" : "POTENTIAL",
				"STATUS_DATE" : null,
				"PARK_OWNERSHIP" : null,
				"MAINTENANCE_RESPONSIBILITY" : null,
				"OPERATIONAL_RESPONSIBILITY" : null,
				"WORK_ASSIGNMENT" : null,
				"INSERVICE_DATE" : null,
				"INSERVICE_COST" : null,
				"CONDITION" : null,
				"CONDITIONDATE" : null,
				"YRS_LIFE_EXPECTANCY" : null,
				"WARRANTYDATE" : null,
				"WARRANTY_PROVIDER" : null,
				"VENDOR" : null,
				"MAKE" : null,
				"MODEL" : null,
				"SERIAL_NO" : null,
				"BARCODE" : null,
				"LEGACYID" : null,
				"OPERATING_LOCATION" : "Fleetwood Park, 15802 80 Ave",
				"OPERATING_LOCATION_TYPE" : null,
				"STRUCTURES_INSPECTION_ROUTE" : null,
				"TO_CLASS_FOR_WEB" : null,
				"CRE_DATE" : "20131029",
				"MOD_DATE" : "20131029"
			}
		},
		{
			"type" : "Feature",
			"geometry" : {
				"type" : "Point",
				"coordinates" : [ 512709.9871093752, 5448921.9234375 ]
			},
			"properties" : {
				"STRUCTURE_TYPE" : 0,
				"STRUCTURE_TYPE2" : "Benches and Bleachers",
				"FACILITYID" : "1001715171",
				"DESCRIPTION" : "Potential Surrey Bench, Cost: $2,400.00",
				"LOCATION" : null,
				"REFERENCE_NO" : "4",
				"STRUCTURE_DETAIL_TYPE" : null,
				"SPECIAL_FEATURES" : null,
				"MATERIAL_TYPE" : null,
				"WIDTH_M" : null,
				"SEATING_TYPE" : "Bench",
				"GIFT_DONATION" : "Y",
				"PLAQUE_DETAIL" : null,
				"BENCH_STYLE" : "Surrey",
				"CAPACITY" : null,
				"DIMENSION_M2" : null,
				"AUTOMATED" : null,
				"PUBLIC_ACCESS" : null,
				"COMPONENT_TYPE" : null,
				"SEATING_MATERIAL" : null,
				"FINISHES" : null,
				"ENCLOSED" : null,
				"HEATED" : null,
				"LIGHTING_SYSTEM" : null,
				"SURFACE_MATERIAL" : null,
				"SERVICE_LEVEL" : null,
				"WINTERIZED" : null,
				"BOOKABLE" : null,
				"QUANTITY" : null,
				"RECREATIONAL" : null,
				"LENGTH_M" : null,
				"COMMENTS" : null,
				"HOUSE_NO" : null,
				"ROAD_CODE" : null,
				"MAP_PAGE" : null,
				"STATUS" : "POTENTIAL",
				"STATUS_DATE" : null,
				"PARK_OWNERSHIP" : null,
				"MAINTENANCE_RESPONSIBILITY" : null,
				"OPERATIONAL_RESPONSIBILITY" : null,
				"WORK_ASSIGNMENT" : null,
				"INSERVICE_DATE" : null,
				"INSERVICE_COST" : null,
				"CONDITION" : null,
				"CONDITIONDATE" : null,
				"YRS_LIFE_EXPECTANCY" : null,
				"WARRANTYDATE" : null,
				"WARRANTY_PROVIDER" : null,
				"VENDOR" : null,
				"MAKE" : null,
				"MODEL" : null,
				"SERIAL_NO" : null,
				"BARCODE" : null,
				"LEGACYID" : null,
				"OPERATING_LOCATION" : "Hawthorne Park, 10503 144 St",
				"OPERATING_LOCATION_TYPE" : null,
				"STRUCTURES_INSPECTION_ROUTE" : null,
				"TO_CLASS_FOR_WEB" : null,
				"CRE_DATE" : "20131029",
				"MOD_DATE" : "20131029"
			}
		},
		{
			"type" : "Feature",
			"geometry" : {
				"type" : "Point",
				"coordinates" : [ 515835.48000000045, 5443899.49 ]
			},
			"properties" : {
				"STRUCTURE_TYPE" : 0,
				"STRUCTURE_TYPE2" : "Benches and Bleachers",
				"FACILITYID" : "1001715149",
				"DESCRIPTION" : "Potential Surrey Bench, Cost: $2,400.00",
				"LOCATION" : null,
				"REFERENCE_NO" : "5",
				"STRUCTURE_DETAIL_TYPE" : null,
				"SPECIAL_FEATURES" : null,
				"MATERIAL_TYPE" : null,
				"WIDTH_M" : null,
				"SEATING_TYPE" : "Bench",
				"GIFT_DONATION" : "Y",
				"PLAQUE_DETAIL" : null,
				"BENCH_STYLE" : "Surrey",
				"CAPACITY" : null,
				"DIMENSION_M2" : null,
				"AUTOMATED" : null,
				"PUBLIC_ACCESS" : null,
				"COMPONENT_TYPE" : null,
				"SEATING_MATERIAL" : null,
				"FINISHES" : null,
				"ENCLOSED" : null,
				"HEATED" : null,
				"LIGHTING_SYSTEM" : null,
				"SURFACE_MATERIAL" : null,
				"SERVICE_LEVEL" : null,
				"WINTERIZED" : null,
				"BOOKABLE" : null,
				"QUANTITY" : null,
				"RECREATIONAL" : null,
				"LENGTH_M" : null,
				"COMMENTS" : null,
				"HOUSE_NO" : null,
				"ROAD_CODE" : null,
				"MAP_PAGE" : null,
				"STATUS" : "POTENTIAL",
				"STATUS_DATE" : null,
				"PARK_OWNERSHIP" : null,
				"MAINTENANCE_RESPONSIBILITY" : null,
				"OPERATIONAL_RESPONSIBILITY" : null,
				"WORK_ASSIGNMENT" : null,
				"INSERVICE_DATE" : null,
				"INSERVICE_COST" : null,
				"CONDITION" : null,
				"CONDITIONDATE" : null,
				"YRS_LIFE_EXPECTANCY" : null,
				"WARRANTYDATE" : null,
				"WARRANTY_PROVIDER" : null,
				"VENDOR" : null,
				"MAKE" : null,
				"MODEL" : null,
				"SERIAL_NO" : null,
				"BARCODE" : null,
				"LEGACYID" : null,
				"OPERATING_LOCATION" : "Fleetwood Park, 15802 80 Ave",
				"OPERATING_LOCATION_TYPE" : null,
				"STRUCTURES_INSPECTION_ROUTE" : null,
				"TO_CLASS_FOR_WEB" : null,
				"CRE_DATE" : "20131029",
				"MOD_DATE" : "20131029"
			}
		},
		{
			"type" : "Feature",
			"geometry" : {
				"type" : "Point",
				"coordinates" : [ 516018.70765625034, 5443834.406874999 ]
			},
			"properties" : {
				"STRUCTURE_TYPE" : 0,
				"STRUCTURE_TYPE2" : "Benches and Bleachers",
				"FACILITYID" : "1001715163",
				"DESCRIPTION" : "Potential Surrey Bench, Cost: $2,400.00",
				"LOCATION" : null,
				"REFERENCE_NO" : "11",
				"STRUCTURE_DETAIL_TYPE" : null,
				"SPECIAL_FEATURES" : null,
				"MATERIAL_TYPE" : null,
				"WIDTH_M" : null,
				"SEATING_TYPE" : "Bench",
				"GIFT_DONATION" : "Y",
				"PLAQUE_DETAIL" : null,
				"BENCH_STYLE" : "Surrey",
				"CAPACITY" : null,
				"DIMENSION_M2" : null,
				"AUTOMATED" : null,
				"PUBLIC_ACCESS" : null,
				"COMPONENT_TYPE" : null,
				"SEATING_MATERIAL" : null,
				"FINISHES" : null,
				"ENCLOSED" : null,
				"HEATED" : null,
				"LIGHTING_SYSTEM" : null,
				"SURFACE_MATERIAL" : null,
				"SERVICE_LEVEL" : null,
				"WINTERIZED" : null,
				"BOOKABLE" : null,
				"QUANTITY" : null,
				"RECREATIONAL" : null,
				"LENGTH_M" : null,
				"COMMENTS" : null,
				"HOUSE_NO" : null,
				"ROAD_CODE" : null,
				"MAP_PAGE" : null,
				"STATUS" : "POTENTIAL",
				"STATUS_DATE" : null,
				"PARK_OWNERSHIP" : null,
				"MAINTENANCE_RESPONSIBILITY" : null,
				"OPERATIONAL_RESPONSIBILITY" : null,
				"WORK_ASSIGNMENT" : null,
				"INSERVICE_DATE" : null,
				"INSERVICE_COST" : null,
				"CONDITION" : null,
				"CONDITIONDATE" : null,
				"YRS_LIFE_EXPECTANCY" : null,
				"WARRANTYDATE" : null,
				"WARRANTY_PROVIDER" : null,
				"VENDOR" : null,
				"MAKE" : null,
				"MODEL" : null,
				"SERIAL_NO" : null,
				"BARCODE" : null,
				"LEGACYID" : null,
				"OPERATING_LOCATION" : "Fleetwood Park, 15802 80 Ave",
				"OPERATING_LOCATION_TYPE" : null,
				"STRUCTURES_INSPECTION_ROUTE" : null,
				"TO_CLASS_FOR_WEB" : null,
				"CRE_DATE" : "20131029",
				"MOD_DATE" : "20131029"
			}
		}
	]
}