[
{
"json_featuretype":"CSV"
,"Registration Date":"2013 01 03"
,"Name of Lobbyist":"Maggie Koka"
,"Company":"Aplin & Martin Consultants Ltd"
,"Phone Number":"604-597-9058"
,"Nature of Lobbying":"Engineering Consultant"
,"Client":"Property Owner"
,"Project No. ":"7913-0001-00"
}
,{
"json_featuretype":"CSV"
,"Registration Date":"2013 01 09"
,"Name of Lobbyist":"Ian Mankey"
,"Company":"Baywest Developments Ltd"
,"Phone Number":"604-644-1481"
,"Nature of Lobbying":"Not disclosed"
,"Client":"Property Owner"
,"Project No. ":"7913-0004-00"
}
,{
"json_featuretype":"CSV"
,"Registration Date":"2013 01 11"
,"Name of Lobbyist":"Clarence Arychuk"
,"Company":"Hunter Laird Engineering"
,"Phone Number":"604-525-4651"
,"Nature of Lobbying":"Engineering Consultant"
,"Client":"Property Owner"
,"Project No. ":"7913-0006-00"
}
,{
"json_featuretype":"CSV"
,"Registration Date":"2013 01 14"
,"Name of Lobbyist":"Michael Helle"
,"Company":"Coastland Engineering & Survey Ltd"
,"Phone Number":"604-532-9700"
,"Nature of Lobbying":"Engineering Consultant"
,"Client":"Property Owner"
,"Project No. ":"7913-0007-00"
}
,{
"json_featuretype":"CSV"
,"Registration Date":"2013 01 15"
,"Name of Lobbyist":"Roger Jawanda"
,"Company":"Citiwest Consulting Ltd"
,"Phone Number":"604-591-2213"
,"Nature of Lobbying":"Engineering Consultant"
,"Client":"Property Owner"
,"Project No. ":"7913-0005-00"
}
,{
"json_featuretype":"CSV"
,"Registration Date":"2013 01 21"
,"Name of Lobbyist":"Brent Tedford"
,"Company":"Pacific Land Resource Group Inc"
,"Phone Number":"604-501-1624"
,"Nature of Lobbying":"Land Use Consultant"
,"Client":"The Arbutnot Group / Westgate Hospitality"
,"Project No. ":"7912-0305-00"
}
,{
"json_featuretype":"CSV"
,"Registration Date":"2013 01 23"
,"Name of Lobbyist":"M. Nijjar"
,"Company":""
,"Phone Number":"604-825-0901"
,"Nature of Lobbying":"Not disclosed"
,"Client":"Property Owner"
,"Project No. ":"7913-0014-00"
}
,{
"json_featuretype":"CSV"
,"Registration Date":"2013 01 24"
,"Name of Lobbyist":"Colin A. Hogan"
,"Company":"Focus Architecture Inc"
,"Phone Number":"604-853-5222"
,"Nature of Lobbying":"Architectural Consultant"
,"Client":"Property Owner"
,"Project No. ":"7913-0015-00"
}
,{
"json_featuretype":"CSV"
,"Registration Date":"2013 01 29"
,"Name of Lobbyist":"Clarence Arychuk"
,"Company":"Hunter Laird Engineering"
,"Phone Number":"604-525-4651"
,"Nature of Lobbying":"Engineering Consultant"
,"Client":"Property Owner"
,"Project No. ":"7913-0017-00"
}
,{
"json_featuretype":"CSV"
,"Registration Date":"2013 02 01"
,"Name of Lobbyist":"Roger Jawanda"
,"Company":"Citiwest Consulting Ltd"
,"Phone Number":"604-591-2213"
,"Nature of Lobbying":"Engineering Consultant"
,"Client":"Property Owner"
,"Project No. ":"7913-0019-00"
}
,{
"json_featuretype":"CSV"
,"Registration Date":"2013 02 04"
,"Name of Lobbyist":"Brett Anthony Garrett"
,"Company":"Garnett Realty Advisors"
,"Phone Number":"604-637-7942"
,"Nature of Lobbying":"Real Estate Consultant"
,"Client":"Property Owner"
,"Project No. ":"7913-0022-00"
}
,{
"json_featuretype":"CSV"
,"Registration Date":"2013 02 04"
,"Name of Lobbyist":"Roger Jawanda"
,"Company":"Citiwest Consulting Ltd"
,"Phone Number":"604-591-2213"
,"Nature of Lobbying":"Engineering Consultant"
,"Client":"Property Owner"
,"Project No. ":"7913-0021-00"
}
,{
"json_featuretype":"CSV"
,"Registration Date":"2013 02 05"
,"Name of Lobbyist":"Avnash Banwait"
,"Company":"Mainland Engineering"
,"Phone Number":"604-543-8044"
,"Nature of Lobbying":"Engineering Consultant"
,"Client":"Property Owner"
,"Project No. ":"7913-0026-00"
}
,{
"json_featuretype":"CSV"
,"Registration Date":"2013 02 05"
,"Name of Lobbyist":"Avnash Banwait"
,"Company":"Mainland Engineering"
,"Phone Number":"604-543-8044"
,"Nature of Lobbying":"Engineering Consultant"
,"Client":"Property Owner"
,"Project No. ":"7913-0027-00"
}
,{
"json_featuretype":"CSV"
,"Registration Date":"2013 02 06"
,"Name of Lobbyist":"Kewal (K.S.) Athwal"
,"Company":"Athwal Construction Inc"
,"Phone Number":"604-307-2404"
,"Nature of Lobbying":"Not disclosed"
,"Client":"Property Owner"
,"Project No. ":"7913-0029-00"
}
,{
"json_featuretype":"CSV"
,"Registration Date":"2013 02 07"
,"Name of Lobbyist":"Mike Kompter"
,"Company":"Hub Engineering Inc"
,"Phone Number":"604-572-4328"
,"Nature of Lobbying":"Engineering Consultant"
,"Client":"Property Owner"
,"Project No. ":"7913-0031-00"
}
,{
"json_featuretype":"CSV"
,"Registration Date":"2013 02 13"
,"Name of Lobbyist":"R. Coulter"
,"Company":""
,"Phone Number":"604-317-3333"
,"Nature of Lobbying":"Not disclosed"
,"Client":"Strata Plan BCP 3598"
,"Project No. ":"7913-0032-00"
}
,{
"json_featuretype":"CSV"
,"Registration Date":"2013 02 13"
,"Name of Lobbyist":"Michael Helle"
,"Company":"Coastland Engineering & Survey Ltd"
,"Phone Number":"604-532-8700"
,"Nature of Lobbying":"Engineering Consultant"
,"Client":"Property Owner"
,"Project No. ":"7913-0033-00"
}
,{
"json_featuretype":"CSV"
,"Registration Date":"2013 02 14"
,"Name of Lobbyist":"Ryan Grieve"
,"Company":"Hyline Construction"
,"Phone Number":"778-294-0020"
,"Nature of Lobbying":"Construction Management"
,"Client":"Property Owner"
,"Project No. ":"7913-0034-00"
}
,{
"json_featuretype":"CSV"
,"Registration Date":"2013 02 19"
,"Name of Lobbyist":"Mike Kompter"
,"Company":"Hub Engineering Inc"
,"Phone Number":"604-572-4328"
,"Nature of Lobbying":"Engineering Consultant"
,"Client":"Property Owner"
,"Project No. ":"7913-0035-00"
}
,{
"json_featuretype":"CSV"
,"Registration Date":"2013 02 20"
,"Name of Lobbyist":"G. Grewal"
,"Company":""
,"Phone Number":"604-597-7309"
,"Nature of Lobbying":"Not disclosed"
,"Client":"0960134 BC Ltd"
,"Project No. ":"7913-0038-00"
}
,{
"json_featuretype":"CSV"
,"Registration Date":"2013 02 20"
,"Name of Lobbyist":"Colin A. Hogan"
,"Company":"Focus Architecture Inc"
,"Phone Number":"604-853-5222"
,"Nature of Lobbying":"Architectural Consultant"
,"Client":"Vorm Developments"
,"Project No. ":"7913-0036-00"
}
,{
"json_featuretype":"CSV"
,"Registration Date":"2013 02 26"
,"Name of Lobbyist":"Dexter Hirabe"
,"Company":"Hunter Laird Engineering"
,"Phone Number":"604-525-4651"
,"Nature of Lobbying":"Engineering Consultant"
,"Client":"Dream Castle Homes"
,"Project No. ":"7913-0041-00"
}
,{
"json_featuretype":"CSV"
,"Registration Date":"2013 02 26"
,"Name of Lobbyist":"Matthew Cheng"
,"Company":"Matthew Cheng Architect Inc"
,"Phone Number":"604-731-3012"
,"Nature of Lobbying":"Architectural Consultant"
,"Client":"0956414 BC Ltd"
,"Project No. ":"7913-0042-00"
}
,{
"json_featuretype":"CSV"
,"Registration Date":"2013 03 01"
,"Name of Lobbyist":"Graham J. Edwards"
,"Company":"Thoroughbred Properties Inc"
,"Phone Number":"604-290-5157"
,"Nature of Lobbying":"Construction Management"
,"Client":"Property Owner"
,"Project No. ":"7913-0041-00"
}
,{
"json_featuretype":"CSV"
,"Registration Date":"2013 03 08"
,"Name of Lobbyist":"Heather Doherty"
,"Company":"Rising Tide Consultants"
,"Phone Number":"604-669-2928"
,"Nature of Lobbying":"Liquor Licensing Consultant"
,"Client":"Southpoint Station Pub"
,"Project No. ":"7913-0048-00"
}
,{
"json_featuretype":"CSV"
,"Registration Date":"2013 03 13"
,"Name of Lobbyist":"Oleg Verbenkov"
,"Company":"Pacific Land Resource Group Inc"
,"Phone Number":"604-501-1624"
,"Nature of Lobbying":"Development Consultant"
,"Client":"Property Owner"
,"Project No. ":""
}
,{
"json_featuretype":"CSV"
,"Registration Date":"2013 03 22"
,"Name of Lobbyist":"Wojciech Grzybowicz"
,"Company":"WG Architecture Inc"
,"Phone Number":"604-331-2378"
,"Nature of Lobbying":"Architectural Consultant"
,"Client":"Surreal Properties Inc"
,"Project No. ":"7913-0058-00"
}
,{
"json_featuretype":"CSV"
,"Registration Date":"2013 03 22"
,"Name of Lobbyist":"Wojciech Grzybowicz"
,"Company":"WG Architecture Inc"
,"Phone Number":"604-331-2378"
,"Nature of Lobbying":"Architectural Consultant"
,"Client":"Surreal Properties Inc"
,"Project No. ":"7913-0059-00"
}
,{
"json_featuretype":"CSV"
,"Registration Date":"2013 03 25"
,"Name of Lobbyist":"Mike Kompter"
,"Company":"Hub Engineering Inc"
,"Phone Number":"604-572-4328"
,"Nature of Lobbying":"Engineering Consultant"
,"Client":"Guildford Church of the Nazarene"
,"Project No. ":"7913-0056-00"
}
,{
"json_featuretype":"CSV"
,"Registration Date":"2013 03 25"
,"Name of Lobbyist":"Jordan Levine"
,"Company":"Omicron Architecture Engineering"
,"Phone Number":"604-532-1117"
,"Nature of Lobbying":"Design & Construction"
,"Client":"Vandy Developments"
,"Project No. ":"7913-0053-00"
}
,{
"json_featuretype":"CSV"
,"Registration Date":"2013 03 26"
,"Name of Lobbyist":"Mike Kompter"
,"Company":"Hub Engineering Inc"
,"Phone Number":"604-572-4328"
,"Nature of Lobbying":"Engineering Consultant"
,"Client":"Property Owner"
,"Project No. ":"7913-0060-00"
}
,{
"json_featuretype":"CSV"
,"Registration Date":"2013 03 27"
,"Name of Lobbyist":"N. Jagpal"
,"Company":""
,"Phone Number":"604-779-4949"
,"Nature of Lobbying":" "
,"Client":"Surreal Properties Inc"
,"Project No. ":"7913-0059-00"
}
,{
"json_featuretype":"CSV"
,"Registration Date":"2013 03 27"
,"Name of Lobbyist":"N. Jagpal"
,"Company":""
,"Phone Number":"604-779-4949"
,"Nature of Lobbying":""
,"Client":"Surreal Properties Inc"
,"Project No. ":"7913-0058-00"
}
,{
"json_featuretype":"CSV"
,"Registration Date":"2013 04 03"
,"Name of Lobbyist":"Kevin Dhaliwal"
,"Company":"Legendary Developments Ltd"
,"Phone Number":"778-574-0777"
,"Nature of Lobbying":"Development Consultant"
,"Client":"Property Owner"
,"Project No. ":"7913-0065-00"
}
,{
"json_featuretype":"CSV"
,"Registration Date":"2013 04 09"
,"Name of Lobbyist":"Michael Helle"
,"Company":"Coastland Engineering & Survey Ltd"
,"Phone Number":"604-531-9700"
,"Nature of Lobbying":"Engineering Consultant"
,"Client":"Property Owner"
,"Project No. ":"7913-0068-00"
}
,{
"json_featuretype":"CSV"
,"Registration Date":"2013 04 10"
,"Name of Lobbyist":"Dexter Hirabe"
,"Company":"Hunter Laird Engineering"
,"Phone Number":"604-525-4651"
,"Nature of Lobbying":"Engineering Consultant"
,"Client":"North 60 Development Inc"
,"Project No. ":"7913-0069-00"
}
,{
"json_featuretype":"CSV"
,"Registration Date":"2013 04 17"
,"Name of Lobbyist":"Roger Jawanda"
,"Company":"Citiwest Consulting Ltd"
,"Phone Number":"604-591-2213"
,"Nature of Lobbying":"Engineering Consultant"
,"Client":"Property Owner"
,"Project No. ":"7913-0076-00"
}
,{
"json_featuretype":"CSV"
,"Registration Date":"2013 04 17"
,"Name of Lobbyist":"Roger Jawanda"
,"Company":"Citiwest Consulting Ltd"
,"Phone Number":"604-591-2213"
,"Nature of Lobbying":"Engineering Consultant"
,"Client":"635160 BC Ltd"
,"Project No. ":"7913-0077-00"
}
,{
"json_featuretype":"CSV"
,"Registration Date":"2013 04 18"
,"Name of Lobbyist":"Michael Helle"
,"Company":"Coastland Engineering & Survey Ltd"
,"Phone Number":"604-532-9700"
,"Nature of Lobbying":"Engineering Consultant"
,"Client":"0898019 BC Ltd"
,"Project No. ":"7913-0074-00"
}
,{
"json_featuretype":"CSV"
,"Registration Date":"2013 04 18"
,"Name of Lobbyist":"Rajeev Mangla"
,"Company":"Mainland Engineering"
,"Phone Number":"604-543-8044"
,"Nature of Lobbying":"Engineering Consultant"
,"Client":"Property Owner"
,"Project No. ":"7913-0078-00"
}
,{
"json_featuretype":"CSV"
,"Registration Date":"2013 04 19"
,"Name of Lobbyist":"Arthur Buse"
,"Company":"Boldwing Continuum Architects Inc"
,"Phone Number":"604-594-4787"
,"Nature of Lobbying":"Architectural Consultant"
,"Client":"Southridge Square Holdings"
,"Project No. ":"7913-0079-00"
}
,{
"json_featuretype":"CSV"
,"Registration Date":"2013 04 22"
,"Name of Lobbyist":"Oleg Verbenkov"
,"Company":"Pacific Land Resource Group Inc"
,"Phone Number":"604-501-1624"
,"Nature of Lobbying":"Development Consultant"
,"Client":"Pacific Link Industrial Park Ltd"
,"Project No. ":"7913-0070-00"
}
,{
"json_featuretype":"CSV"
,"Registration Date":"2013 04 23"
,"Name of Lobbyist":"Maggie Koka"
,"Company":"Aplin & Martin Consultants Ltd"
,"Phone Number":"604-597-9058"
,"Nature of Lobbying":"Engineering Consultant"
,"Client":"Nickel Brothers Canada"
,"Project No. ":"7913-0085-00"
}
,{
"json_featuretype":"CSV"
,"Registration Date":"2013 04 23"
,"Name of Lobbyist":"Rick Johal"
,"Company":"Zenterra Grandview Developments Ltd"
,"Phone Number":"604-788-7975"
,"Nature of Lobbying":"Not disclosed"
,"Client":"Zenterra"
,"Project No. ":"7913-0083-00"
}
,{
"json_featuretype":"CSV"
,"Registration Date":"2013 04 29"
,"Name of Lobbyist":"Andrea Scott"
,"Company":"P J Lovick Architect Ltd"
,"Phone Number":"604-298-3700"
,"Nature of Lobbying":"Architectural Consultant"
,"Client":"Property Owner"
,"Project No. ":"7913-0088-00"
}
,{
"json_featuretype":"CSV"
,"Registration Date":"2013 05 02"
,"Name of Lobbyist":"Sylvain Boulanger"
,"Company":"Boldwing Continuum Architects Inc"
,"Phone Number":"604-594-4787"
,"Nature of Lobbying":"Architectural Consultant"
,"Client":"Surrey West Shopping Centres Ltd"
,"Project No. ":"7913-0091-00"
}
,{
"json_featuretype":"CSV"
,"Registration Date":"2013 05 03"
,"Name of Lobbyist":"Maciej Dembek"
,"Company":"Barnett Dembek Architects Inc"
,"Phone Number":"604-597-7100"
,"Nature of Lobbying":"Architectural Consultant"
,"Client":"Park Ridge Homes (Panorama) Ltd"
,"Project No. ":"7913-0092-00"
}
,{
"json_featuretype":"CSV"
,"Registration Date":"2013 05 03"
,"Name of Lobbyist":"Clarence Arychuk"
,"Company":"Hunter Laird Engineering"
,"Phone Number":"604-525-4651"
,"Nature of Lobbying":"Engineering Consultant"
,"Client":"0966329 BC Ltd"
,"Project No. ":"7913-0093-00"
}
,{
"json_featuretype":"CSV"
,"Registration Date":"2013 05 16"
,"Name of Lobbyist":"Robert Dominick"
,"Company":"Dominick Consulting Inc"
,"Phone Number":"604-488-4886"
,"Nature of Lobbying":"Real Estate Consultant"
,"Client":"Dulex Holdings/Weststone Group"
,"Project No. ":"7913-0094-00"
}
,{
"json_featuretype":"CSV"
,"Registration Date":"2013 05 16"
,"Name of Lobbyist":"Avnash Banwait"
,"Company":"Mainland Engineering"
,"Phone Number":"604-543-8044"
,"Nature of Lobbying":"Engineering Consultant"
,"Client":"0958547 BC Ltd"
,"Project No. ":"7913-0099-00"
}
,{
"json_featuretype":"CSV"
,"Registration Date":"2013 05 22"
,"Name of Lobbyist":"Zmeltonozhko Yaroslau"
,"Company":"Flying Pistons Auto Repair"
,"Phone Number":"604-498-1102"
,"Nature of Lobbying":"Automotive Repair"
,"Client":"Rocan Ent."
,"Project No. ":"7913-0103-00"
}
,{
"json_featuretype":"CSV"
,"Registration Date":"2013 05 22"
,"Name of Lobbyist":"A. Mann"
,"Company":""
,"Phone Number":"604-644-5641"
,"Nature of Lobbying":"Developer"
,"Client":"Property Owner"
,"Project No. ":""
}
,{
"json_featuretype":"CSV"
,"Registration Date":"2013 05 24"
,"Name of Lobbyist":"Clarence Arychuk"
,"Company":"Hunter Laird Engineering"
,"Phone Number":"604-525-4651"
,"Nature of Lobbying":"Engineering Consultant"
,"Client":"718005 BC Ltd"
,"Project No. ":"7912-0244-01"
}
,{
"json_featuretype":"CSV"
,"Registration Date":"2013 05 30"
,"Name of Lobbyist":"Mohit Sachdeva"
,"Company":"RBC Royal Bank"
,"Phone Number":"604-782-7534"
,"Nature of Lobbying":"Financial Institution"
,"Client":"Property Owner"
,"Project No. ":"7913-0108-00"
}
,{
"json_featuretype":"CSV"
,"Registration Date":"2013 05 31"
,"Name of Lobbyist":"Jeff Christianson"
,"Company":"IBI / HB Architects"
,"Phone Number":"604-683-8797"
,"Nature of Lobbying":"Architectural Consultant"
,"Client":"Concord Park Avenue GP Ltd"
,"Project No. ":"7913-0107-00"
}
,{
"json_featuretype":"CSV"
,"Registration Date":"2013 06 03"
,"Name of Lobbyist":"Roger Jawanda"
,"Company":"Citiwest Consulting Ltd"
,"Phone Number":"604-591-2213"
,"Nature of Lobbying":"Engineering Consultant"
,"Client":"Property Owner"
,"Project No. ":"7913-0114-00"
}
,{
"json_featuretype":"CSV"
,"Registration Date":"2013 06 05"
,"Name of Lobbyist":"Lindsay Miles"
,"Company":"Imperial Sign Corporation"
,"Phone Number":"604-464-1211"
,"Nature of Lobbying":"Sign Manufacturer"
,"Client":"Triple J investments Ltd"
,"Project No. ":"7913-0112-00"
}
,{
"json_featuretype":"CSV"
,"Registration Date":"2013 06 05"
,"Name of Lobbyist":"Mike Kompter"
,"Company":"Hub Engineering Inc"
,"Phone Number":"604-572-4328"
,"Nature of Lobbying":"Engineering Consultant"
,"Client":"Property Owner"
,"Project No. ":"7913-0111-00"
}
,{
"json_featuretype":"CSV"
,"Registration Date":"2013 06 05"
,"Name of Lobbyist":"Jordan Desrochers"
,"Company":"Priority Permits"
,"Phone Number":"778-397-1399"
,"Nature of Lobbying":"Not disclosed"
,"Client":"Barnes Wheaton Surrey Ltd"
,"Project No. ":"7913-0102-00"
}
,{
"json_featuretype":"CSV"
,"Registration Date":"2013 06 06"
,"Name of Lobbyist":"Fariba Gharaei"
,"Company":"Urban Design Group Architects Ltd"
,"Phone Number":"604-687-2334"
,"Nature of Lobbying":"Architectural Consultant"
,"Client":"Marks Work Wearhouse Ltd"
,"Project No. ":"7913-0115-00"
}
,{
"json_featuretype":"CSV"
,"Registration Date":"2013 06 07"
,"Name of Lobbyist":"Dexter Hirabe"
,"Company":"Hunter Laird Engineering"
,"Phone Number":"604-525-4651"
,"Nature of Lobbying":"Engineering Consultant"
,"Client":"Property Owner"
,"Project No. ":"7913-0120-00"
}
,{
"json_featuretype":"CSV"
,"Registration Date":"2013 06 12"
,"Name of Lobbyist":"Roman Fayn"
,"Company":"RIF Cpnsulting Ltd"
,"Phone Number":"604-599-4619"
,"Nature of Lobbying":"Not disclosed"
,"Client":"Property Owner"
,"Project No. ":"7913-0124-00"
}
,{
"json_featuretype":"CSV"
,"Registration Date":"2013 06 18"
,"Name of Lobbyist":"John E. Kristianson"
,"Company":"CTA Design Group"
,"Phone Number":"604-836-2554"
,"Nature of Lobbying":"Architectural Consultant"
,"Client":"648118 BC Ltd"
,"Project No. ":"7913-0131-00"
}
,{
"json_featuretype":"CSV"
,"Registration Date":"2013 06 20"
,"Name of Lobbyist":"J.  Sran"
,"Company":""
,"Phone Number":"604-825-4511"
,"Nature of Lobbying":"Not disclosed"
,"Client":"Property Owner"
,"Project No. ":"7913-0138-00"
}
,{
"json_featuretype":"CSV"
,"Registration Date":"2013 06 20"
,"Name of Lobbyist":"Madi Barbour"
,"Company":"Porte Realty ltd"
,"Phone Number":"604-732-7651"
,"Nature of Lobbying":"Real Estate Consultant"
,"Client":"Porte Development Corp."
,"Project No. ":"7913-0126-00"
}
,{
"json_featuretype":"CSV"
,"Registration Date":"2013 06 24"
,"Name of Lobbyist":"Richard Lau"
,"Company":"Pioneer Engineering Consultants Ltd"
,"Phone Number":"604-737-0333"
,"Nature of Lobbying":"Engineering Consultant"
,"Client":"Property Owner"
,"Project No. ":"7913-0137-00"
}
,{
"json_featuretype":"CSV"
,"Registration Date":"2013 06 24"
,"Name of Lobbyist":"Robert Isaac-Renton"
,"Company":"Isaac-Renton Architect Inc"
,"Phone Number":"604-687-1344"
,"Nature of Lobbying":"Architectural Consultant"
,"Client":"Cherington Intercare Inc"
,"Project No. ":"7913-0140-00"
}
,{
"json_featuretype":"CSV"
,"Registration Date":"2013 06 24"
,"Name of Lobbyist":"Maciej Dembek"
,"Company":"Barnett Dembek Architects Inc"
,"Phone Number":"604-597-7100"
,"Nature of Lobbying":"Architectural Consultant"
,"Client":"Rawling Enterprises Ltd"
,"Project No. ":"7913-0145-00"
}
,{
"json_featuretype":"CSV"
,"Registration Date":"2013 06 24"
,"Name of Lobbyist":"Roger Jawanda"
,"Company":"Citiwest Consulting Ltd"
,"Phone Number":"604-591-2213"
,"Nature of Lobbying":"Engineering Consultant"
,"Client":"Property Owner"
,"Project No. ":"7913-0141-00"
}
,{
"json_featuretype":"CSV"
,"Registration Date":"2013 06 24"
,"Name of Lobbyist":"Roger Jawanda"
,"Company":"Citiwest Consulting Ltd"
,"Phone Number":"604-591-2213"
,"Nature of Lobbying":"Engineering Consultant"
,"Client":"Property Owner"
,"Project No. ":"7913-0142-00"
}
,{
"json_featuretype":"CSV"
,"Registration Date":"2013 06 27"
,"Name of Lobbyist":"Michael Helle"
,"Company":"Coastland Engineering & Survey Ltd"
,"Phone Number":"604-532-9700"
,"Nature of Lobbying":"Engineering Consultant"
,"Client":"Property Owner"
,"Project No. ":"7913-0147-00"
}
,{
"json_featuretype":"CSV"
,"Registration Date":"2013 07 04"
,"Name of Lobbyist":"Matt Hessy"
,"Company":"ZAS Architects & Interiors"
,"Phone Number":"778-372-1111, Ext: 114"
,"Nature of Lobbying":"Architectural Consultant"
,"Client":"Guildford Town Centre L.P. - J. Bretschneider"
,"Project No. ":"7913-0148-00"
}
,{
"json_featuretype":"CSV"
,"Registration Date":"2013 07 05"
,"Name of Lobbyist":"Michael Helle"
,"Company":"Coastland Engineering & Surveying Ltd"
,"Phone Number":"604-532-9700"
,"Nature of Lobbying":"Engineering Consultant"
,"Client":"Property Owner"
,"Project No. ":"7913-0149-00"
}
,{
"json_featuretype":"CSV"
,"Registration Date":"2013 07 08"
,"Name of Lobbyist":"Aunash Banwait"
,"Company":"Mainland Engineering Corp."
,"Phone Number":"604-543-8044"
,"Nature of Lobbying":"Engineering Consultant"
,"Client":"0969992 BC Ltd"
,"Project No. ":"7913-0150-00"
}
,{
"json_featuretype":"CSV"
,"Registration Date":"2013 07 10"
,"Name of Lobbyist":"James Pernu"
,"Company":"McElhanney Consulting Services Ltd"
,"Phone Number":"604-596-0391"
,"Nature of Lobbying":"Engineering Consultant"
,"Client":"647159 B.C. Ltd"
,"Project No. ":"7913-0516-00"
}
,{
"json_featuretype":"CSV"
,"Registration Date":"2013 07 10"
,"Name of Lobbyist":"Roger Jawanda"
,"Company":"Citiwest Consulting Ltd."
,"Phone Number":"604-541-2213"
,"Nature of Lobbying":"Engineering Consultant"
,"Client":"Fabro Holdings Ltd"
,"Project No. ":"7913-0157-00"
}
,{
"json_featuretype":"CSV"
,"Registration Date":"2013 07 10"
,"Name of Lobbyist":"Quality Awning & Signs Ltd."
,"Company":"Quality Awning & Signs Ltd."
,"Phone Number":"604-278-0392"
,"Nature of Lobbying":""
,"Client":"Camy Properties"
,"Project No. ":"7913-0151-00"
}
,{
"json_featuretype":"CSV"
,"Registration Date":"2013 07 16"
,"Name of Lobbyist":"Douglas Johnson"
,"Company":"Douglas R. Johnson Architect Ltd."
,"Phone Number":"604-998-3381"
,"Nature of Lobbying":"Architectural Consultant"
,"Client":"Planet Canada Development Inc."
,"Project No. ":"7913-0162-00"
}
,{
"json_featuretype":"CSV"
,"Registration Date":"2013 07 16"
,"Name of Lobbyist":"Jeremy Pope"
,"Company":"Turner Fheischer Architects Inc."
,"Phone Number":"416-425-2222, Ext: 230"
,"Nature of Lobbying":"Architectural Consultant"
,"Client":"Loblaw Properties West Inc., Inc. No. 74514A"
,"Project No. ":"7913-0167-00"
}
,{
"json_featuretype":"CSV"
,"Registration Date":"2013 07 16"
,"Name of Lobbyist":"Bob Ferguson"
,"Company":"Graphic Square Design"
,"Phone Number":"604-538-6555"
,"Nature of Lobbying":"Architectural Consultant"
,"Client":"Property Owner"
,"Project No. ":"7913-0161-00"
}
,{
"json_featuretype":"CSV"
,"Registration Date":"2013 07 16"
,"Name of Lobbyist":"Dwight Heintz"
,"Company":"McElhanney Consulting Services Ltd"
,"Phone Number":"604-596-0391"
,"Nature of Lobbying":"Engineering Consultant"
,"Client":"Property Owner"
,"Project No. ":"7913-0164-00"
}
,{
"json_featuretype":"CSV"
,"Registration Date":"2013 07 16"
,"Name of Lobbyist":"Roger Jawanda"
,"Company":"Citiwest Consulting Ltd."
,"Phone Number":"604-541-2213"
,"Nature of Lobbying":"Engineering Consultant"
,"Client":"Jessie Holdings Ltd"
,"Project No. ":"7913-0158-00"
}
,{
"json_featuretype":"CSV"
,"Registration Date":"2013 07 16"
,"Name of Lobbyist":"Roger Jawanda"
,"Company":"Citiwest Consulting Ltd."
,"Phone Number":"604-541-2213"
,"Nature of Lobbying":"Engineering Consultant"
,"Client":"Jessie Holdings Ltd"
,"Project No. ":"7913-0158-00"
}
,{
"json_featuretype":"CSV"
,"Registration Date":"2013 07 22"
,"Name of Lobbyist":"Colin A. Hogan"
,"Company":"Focus Architecture Incorporated"
,"Phone Number":"604-853-5222"
,"Nature of Lobbying":"Architectural Consultant"
,"Client":"0761973 BC Ltd"
,"Project No. ":"7913-0170-00"
}
,{
"json_featuretype":"CSV"
,"Registration Date":"2013 07 22"
,"Name of Lobbyist":"Wojciech Grzybowicz"
,"Company":"WG Architecture Inc"
,"Phone Number":"604-331-2378"
,"Nature of Lobbying":"Architectural Consultant"
,"Client":"Property Owner"
,"Project No. ":"7913-0168-00"
}
,{
"json_featuretype":"CSV"
,"Registration Date":"2013 07 22"
,"Name of Lobbyist":"Samuel M. Chan"
,"Company":"Ionic Architecture Inc."
,"Phone Number":"778-571-0618"
,"Nature of Lobbying":"Architectural Consultant"
,"Client":"1547314 Ontario Inc"
,"Project No. ":"7913-0087-00"
}
,{
"json_featuretype":"CSV"
,"Registration Date":"2013 07 22"
,"Name of Lobbyist":"Clarence Arychuk"
,"Company":"Hunter Laird Engineering Ltd."
,"Phone Number":"604-525-4651"
,"Nature of Lobbying":"Engineering Consultant"
,"Client":"Property Owner"
,"Project No. ":"7913-0154-00"
}
,{
"json_featuretype":"CSV"
,"Registration Date":"2013 07 22"
,"Name of Lobbyist":"Oleg Verbenkov"
,"Company":"Pacific Land Recource Group Inc."
,"Phone Number":"604-501-1624"
,"Nature of Lobbying":"Development Consulting"
,"Client":"Tabasco Enterprises Ltd."
,"Project No. ":"7913-0165-00"
}
,{
"json_featuretype":"CSV"
,"Registration Date":"2013 07 22"
,"Name of Lobbyist":"Oleg Verbenkov"
,"Company":"Pacific Land Recource Group Inc."
,"Phone Number":"604-501-1024"
,"Nature of Lobbying":"Land Use Planning"
,"Client":"Rosa Eppich Holdings Ltd"
,"Project No. ":"7913-0169-00"
}
,{
"json_featuretype":"CSV"
,"Registration Date":"2013 07 22"
,"Name of Lobbyist":"Oleg Verbenkov"
,"Company":"Pacific Land Recource Group Inc."
,"Phone Number":"604-501-1624"
,"Nature of Lobbying":"Land Use Planning"
,"Client":"Surrey City Development Corporation"
,"Project No. ":"7913-0166-00"
}
,{
"json_featuretype":"CSV"
,"Registration Date":"2013 07 23"
,"Name of Lobbyist":"Chuck Lawson"
,"Company":"Triage Holdings Ltd."
,"Phone Number":"604-536-5552, Ext: 15"
,"Nature of Lobbying":"Management and Ownership of Fitness Club"
,"Client":"Property Owner"
,"Project No. ":"7913-0173-00"
}
,{
"json_featuretype":"CSV"
,"Registration Date":"2013 07 24"
,"Name of Lobbyist":"Dexter Hirabe/Clarence Arychuk"
,"Company":"Hunter Laird Engineering Ltd."
,"Phone Number":"604-525-4651"
,"Nature of Lobbying":"Engineering Consultant"
,"Client":"Property Owner"
,"Project No. ":"7913-0176-00"
}
,{
"json_featuretype":"CSV"
,"Registration Date":"2013 07 24"
,"Name of Lobbyist":"Adam Breadmore"
,"Company":"Qualico Development Vancouver Inc"
,"Phone Number":"604-579-0314"
,"Nature of Lobbying":"Home Builder"
,"Client":"Property Owner"
,"Project No. ":"7913-0163-00"
}
,{
"json_featuretype":"CSV"
,"Registration Date":"2013 07 26"
,"Name of Lobbyist":"Mike Kompter"
,"Company":"Hub Engineering Inc"
,"Phone Number":"604-572-4328"
,"Nature of Lobbying":"Engineering Consultant"
,"Client":"Property Owner"
,"Project No. ":"7913-0175-00"
}
,{
"json_featuretype":"CSV"
,"Registration Date":"2013 07 29"
,"Name of Lobbyist":"Steve J. Howard"
,"Company":"South Coast B.C. Transportation Authority"
,"Phone Number":"604-263-1870"
,"Nature of Lobbying":"Regional Transportation Authority"
,"Client":"South Coast B.C. Transportation Authority"
,"Project No. ":"7913-0179-00"
}
,{
"json_featuretype":"CSV"
,"Registration Date":"2013 07 30"
,"Name of Lobbyist":"Doreen Brown"
,"Company":"N/A"
,"Phone Number":"604-882-0077"
,"Nature of Lobbying":"Used Excavator Parts"
,"Client":"Property Owner"
,"Project No. ":"7913-0181-00"
}
,{
"json_featuretype":"CSV"
,"Registration Date":"2013 08 07"
,"Name of Lobbyist":"Gary Smith"
,"Company":"G.L. Smith Planning & Design"
,"Phone Number":"416-497-3662, Ext: 4301"
,"Nature of Lobbying":"Interior Design and Planning"
,"Client":"Sandhurst Properties Inc."
,"Project No. ":"7913-0185-00"
}
,{
"json_featuretype":"CSV"
,"Registration Date":"2013 08 09"
,"Name of Lobbyist":"A. Purewal"
,"Company":""
,"Phone Number":"604-583-3533"
,"Nature of Lobbying":""
,"Client":"Property Owner"
,"Project No. ":"7913-0187-00"
}
,{
"json_featuretype":"CSV"
,"Registration Date":"2013 08 12"
,"Name of Lobbyist":"Wojciech Grzybowicz"
,"Company":"WG Architecture Inc"
,"Phone Number":"604-331-2378"
,"Nature of Lobbying":"Architectural Consultant"
,"Client":"Property Owner"
,"Project No. ":"7913-0191-00"
}
,{
"json_featuretype":"CSV"
,"Registration Date":"2013 08 13"
,"Name of Lobbyist":"Michael Edward Burton-Brown"
,"Company":"N/A"
,"Phone Number":"604-669-4041"
,"Nature of Lobbying":"Property Owner and Developer"
,"Client":"673168 BC LTD"
,"Project No. ":"7913-0180-00"
}
,{
"json_featuretype":"CSV"
,"Registration Date":"2013 08 14"
,"Name of Lobbyist":"Rogers Communications Inc c/o Standard Land Company Inc"
,"Company":"Rogers Communications Inc c/o Standard Land Company Inc"
,"Phone Number":"604-687-1119"
,"Nature of Lobbying":"Telecommunications, Wireless Network Provider"
,"Client":"Rogers Communications Inc."
,"Project No. ":"7913-0192-00"
}
,{
"json_featuretype":"CSV"
,"Registration Date":"2013 08 16"
,"Name of Lobbyist":"Wojciech Grzybowicz"
,"Company":"WG Architecture Inc"
,"Phone Number":"604-331-2378"
,"Nature of Lobbying":"Architectural Consultant"
,"Client":"Property Owner"
,"Project No. ":"7913-0183-00"
}
,{
"json_featuretype":"CSV"
,"Registration Date":"2013 08 20"
,"Name of Lobbyist":"Mike Kompter"
,"Company":"Hub Engineering Inc"
,"Phone Number":"604-572-4328"
,"Nature of Lobbying":"Engineering Consultant"
,"Client":"Property Owner"
,"Project No. ":"7911-0290-00"
}
,{
"json_featuretype":"CSV"
,"Registration Date":"2013 08 20"
,"Name of Lobbyist":"Darcy Forcier"
,"Company":"D. Forcier Design "
,"Phone Number":"604-607-5655"
,"Nature of Lobbying":"Design"
,"Client":"Diversified Management Inc"
,"Project No. ":"7913-0194-00"
}
,{
"json_featuretype":"CSV"
,"Registration Date":"2013 08 27"
,"Name of Lobbyist":"Ryan Anderson"
,"Company":"OTG Developments"
,"Phone Number":"604-217-7953"
,"Nature of Lobbying":"Land Use Consulting"
,"Client":"Property Owner"
,"Project No. ":"7913-0193-00"
}
,{
"json_featuretype":"CSV"
,"Registration Date":"2013 08 28"
,"Name of Lobbyist":"Kim Essler"
,"Company":"Scott Paragon Signs"
,"Phone Number":"604-273-4155"
,"Nature of Lobbying":"Signage"
,"Client":"3509893 Canada Inc c/o Bentall Kennedy (Canada) LP"
,"Project No. ":"7913-0199-00"
}
,{
"json_featuretype":"CSV"
,"Registration Date":"2013 09 05"
,"Name of Lobbyist":"Dexter Hirabe/Clarence Arychuk"
,"Company":"Hunter Laird Engineering Ltd."
,"Phone Number":"604-525-4651"
,"Nature of Lobbying":"Engineering Consultant"
,"Client":"Property Owner"
,"Project No. ":"7913-0202-00"
}
,{
"json_featuretype":"CSV"
,"Registration Date":"2013 09 20"
,"Name of Lobbyist":"Roger Jawanda"
,"Company":"Citiwest Consulting Ltd."
,"Phone Number":"604-541-2213"
,"Nature of Lobbying":"Engineering Consultant"
,"Client":"Twin City Developments"
,"Project No. ":"7913-0211-00"
}
,{
"json_featuretype":"CSV"
,"Registration Date":"2013 09 23"
,"Name of Lobbyist":"Roger Jawanda"
,"Company":"Citiwest Consulting Ltd."
,"Phone Number":"604-541-2213"
,"Nature of Lobbying":"Engineering Consultant"
,"Client":"Property Owner"
,"Project No. ":"7913-0207-00"
}
,{
"json_featuretype":"CSV"
,"Registration Date":"2013 09 24"
,"Name of Lobbyist":"Maggie Koka"
,"Company":"Alpin & Martin Consultants Ltd"
,"Phone Number":"604-597-9058"
,"Nature of Lobbying":"Engineering Consultant"
,"Client":"Property Owner"
,"Project No. ":"7913-0213-00"
}
,{
"json_featuretype":"CSV"
,"Registration Date":"2013 10 01"
,"Name of Lobbyist":"Wesley Macaulay"
,"Company":"Teck Construction"
,"Phone Number":"604-514-4273"
,"Nature of Lobbying":"Construction"
,"Client":"Valley Powerline"
,"Project No. ":"7913-0010-00"
}
,{
"json_featuretype":"CSV"
,"Registration Date":"2013 10 01"
,"Name of Lobbyist":"Roger Jawanda"
,"Company":"CitiWest Consulting Ltd"
,"Phone Number":"604-541-2213"
,"Nature of Lobbying":"Engineering Consultant"
,"Client":"Property Owner"
,"Project No. ":"7913-0218-00"
}
,{
"json_featuretype":"CSV"
,"Registration Date":"2013 10 01"
,"Name of Lobbyist":"David Kiraly"
,"Company":"Groundworks Construction Supply Ltd"
,"Phone Number":"604-322-6790"
,"Nature of Lobbying":"Landscape Supply & Landscape Installations"
,"Client":"D. Kiraly - Groundworks"
,"Project No. ":"7913-0217-00"
}
,{
"json_featuretype":"CSV"
,"Registration Date":"2013 10 02"
,"Name of Lobbyist":"DYS Architecture"
,"Company":"DYS Architecture"
,"Phone Number":"604-669-7710"
,"Nature of Lobbying":"Architectural Consultant"
,"Client":"3529 Investments Ltd"
,"Project No. ":"7913-0220-00"
}
,{
"json_featuretype":"CSV"
,"Registration Date":"2013 10 03"
,"Name of Lobbyist":"Maggie Koka"
,"Company":"Aplin & Martin Consultants Ltd"
,"Phone Number":"604-597-9058"
,"Nature of Lobbying":"Engineering Consultant"
,"Client":"Property Owner"
,"Project No. ":"7913-0221-00"
}
,{
"json_featuretype":"CSV"
,"Registration Date":"2013 10 18"
,"Name of Lobbyist":"Avnash Banwait"
,"Company":"Mainland Engineering (2007) Corp"
,"Phone Number":"604-543-8044"
,"Nature of Lobbying":"Engineering Consultant"
,"Client":"Property Owner"
,"Project No. ":"7913-0233-00"
}
,{
"json_featuretype":"CSV"
,"Registration Date":"2013 10 18"
,"Name of Lobbyist":"Rosa Mundy"
,"Company":"Standard Land Company Inc"
,"Phone Number":"604-687-1119"
,"Nature of Lobbying":"Telecommunications Infrastruture"
,"Client":"Rogers Communications Inc"
,"Project No. ":"7913-0224-00"
}
,{
"json_featuretype":"CSV"
,"Registration Date":"2013 10 21"
,"Name of Lobbyist":"Clarence Arychuk"
,"Company":"Hunter Laird Engineering Ltd"
,"Phone Number":"604-525-4651"
,"Nature of Lobbying":"Engineering Consultant"
,"Client":"Property Owner"
,"Project No. ":"7913-0226-00"
}
,{
"json_featuretype":"CSV"
,"Registration Date":"2013 10 21"
,"Name of Lobbyist":"Clarence Arychuk"
,"Company":"Hunter Laird Engineering Ltd"
,"Phone Number":"604-525-4651"
,"Nature of Lobbying":"Engineering Consultant"
,"Client":"Property Owner"
,"Project No. ":"7913-0226-00"
}
,{
"json_featuretype":"CSV"
,"Registration Date":"2013 10 21"
,"Name of Lobbyist":"Clarence Arychuk"
,"Company":"Hunter Laird Engineering Ltd"
,"Phone Number":"604-525-4651"
,"Nature of Lobbying":"Engineering Consultant"
,"Client":"Property Owner"
,"Project No. ":"7913-0226-00"
}
,{
"json_featuretype":"CSV"
,"Registration Date":"2013 10 25"
,"Name of Lobbyist":"Colin A. Hogan"
,"Company":"Focus Architecture Inc"
,"Phone Number":"604-853-5222"
,"Nature of Lobbying":"Architectural Consultant"
,"Client":"Soraje Holdings Ltd"
,"Project No. ":"7913-0238-00"
}
,{
"json_featuretype":"CSV"
,"Registration Date":"2013 10 25"
,"Name of Lobbyist":"Jim Toy"
,"Company":"False Creek Design Group"
,"Phone Number":"604-688-3131"
,"Nature of Lobbying":"Interior Design"
,"Client":"Weststone Group"
,"Project No. ":"7913-0237-00"
}
,{
"json_featuretype":"CSV"
,"Registration Date":"2013 10 30"
,"Name of Lobbyist":"James Lau"
,"Company":"Kasian Architecture Interior Design & Planning Ltd"
,"Phone Number":"604-631-4541"
,"Nature of Lobbying":"Architectural Consultant"
,"Client":"Property Owner"
,"Project No. ":"7913-0242-00"
}
,{
"json_featuretype":"CSV"
,"Registration Date":"2013 10 30"
,"Name of Lobbyist":"Maciej Dembek"
,"Company":"Barnett Dembek Architects Inc"
,"Phone Number":"604-597-7100"
,"Nature of Lobbying":"Architectural Consultant"
,"Client":"Silverstone Ventures Inc"
,"Project No. ":"7913-0236-00"
}
,{
"json_featuretype":"CSV"
,"Registration Date":"2013 10 30"
,"Name of Lobbyist":"Clarence Arychuk"
,"Company":"Hunter Laird Engineering Ltd"
,"Phone Number":"604-525-4651"
,"Nature of Lobbying":"Engineering Consultant"
,"Client":"Property Owner"
,"Project No. ":"7913-0241-00"
}
,{
"json_featuretype":"CSV"
,"Registration Date":"2013 10 30"
,"Name of Lobbyist":"Clarence Arychuk"
,"Company":"Hunter Laird Engineering Ltd"
,"Phone Number":"604-525-4651"
,"Nature of Lobbying":"Engineering Consultant"
,"Client":"Property Owner"
,"Project No. ":"7913-0241-00"
}
,{
"json_featuretype":"CSV"
,"Registration Date":"2013 11 04"
,"Name of Lobbyist":"Roger Jawanda"
,"Company":"CitiWest Consulting Ltd"
,"Phone Number":"604-541-2213"
,"Nature of Lobbying":"Engineering Consultant"
,"Client":"Property Owner"
,"Project No. ":"7913-0243-00"
}
,{
"json_featuretype":"CSV"
,"Registration Date":"2013 11 05"
,"Name of Lobbyist":"Jacquelyn Richard"
,"Company":"Zacharko Yustin Architects Inc"
,"Phone Number":"604-688-8814"
,"Nature of Lobbying":"Architectural Consultant"
,"Client":"Guildford Station Pub (2011) Ltd"
,"Project No. ":"7913-0244-00"
}
,{
"json_featuretype":"CSV"
,"Registration Date":"2013 11 06"
,"Name of Lobbyist":"Mike Kompter"
,"Company":"Hub Engineering Inc"
,"Phone Number":"604-572-4328"
,"Nature of Lobbying":"Engineering Consultant"
,"Client":"0946314 BC Ltd"
,"Project No. ":"7913-0249-00"
}
,{
"json_featuretype":"CSV"
,"Registration Date":"2013 11 06"
,"Name of Lobbyist":"B. Buttar"
,"Company":""
,"Phone Number":"604-576-4370"
,"Nature of Lobbying":""
,"Client":"Property Owner"
,"Project No. ":"7913-0247-00"
}
,{
"json_featuretype":"CSV"
,"Registration Date":"2013 11 14"
,"Name of Lobbyist":"Michael Hewe"
,"Company":"Coastland Engineering & Surveying Ltd"
,"Phone Number":"604-532-9700"
,"Nature of Lobbying":"Engineering Consultant"
,"Client":"Sandhu Homes Ltd"
,"Project No. ":"7913-0252-00"
}
,{
"json_featuretype":"CSV"
,"Registration Date":"2013 11 18"
,"Name of Lobbyist":"Jacques Beaudreault"
,"Company":"Musson Cattell Mckay Partnership"
,"Phone Number":"604-687-2990"
,"Nature of Lobbying":"Architectural Consultant"
,"Client":"Guildford Town Centre Partnership Ltd"
,"Project No. ":""
}
,{
"json_featuretype":"CSV"
,"Registration Date":"2013 11 20"
,"Name of Lobbyist":"Mike Kompter"
,"Company":"Hub Engineering Inc"
,"Phone Number":"604-572-4328"
,"Nature of Lobbying":"Engineering Consultant"
,"Client":"Property Owner"
,"Project No. ":"7913-0254-00"
}
,{
"json_featuretype":"CSV"
,"Registration Date":"2013 11 21"
,"Name of Lobbyist":"Mike Kompter"
,"Company":"Hub Engineering Inc"
,"Phone Number":"604-572-4328"
,"Nature of Lobbying":"Engineering Consultant"
,"Client":"Property Owner"
,"Project No. ":"7913-0261-00"
}
,{
"json_featuretype":"CSV"
,"Registration Date":"2013 11 29"
,"Name of Lobbyist":"Laurence Andrew Gibson"
,"Company":"Super Save Disposal Inc. / Vanbros Investments Inc"
,"Phone Number":"604-230-5044"
,"Nature of Lobbying":"Construction Services"
,"Client":"Vanbros Investments Inc"
,"Project No. ":"7913-0264-00"
}
,{
"json_featuretype":"CSV"
,"Registration Date":"2013 11 29"
,"Name of Lobbyist":"James Pernu"
,"Company":"McElhanney Consulting Services Ltd"
,"Phone Number":"604-596-0391"
,"Nature of Lobbying":"Engineering Consultant"
,"Client":"Property Owner"
,"Project No. ":"7913-0265-00"
}
,{
"json_featuretype":"CSV"
,"Registration Date":"2013 12 03"
,"Name of Lobbyist":"Walter Francl"
,"Company":"Francl Architecture"
,"Phone Number":"604-688-3252"
,"Nature of Lobbying":"Architectural Consultant"
,"Client":"John Volken Foundation"
,"Project No. ":"7913-0260-00"
}
,{
"json_featuretype":"CSV"
,"Registration Date":"2013 12 05"
,"Name of Lobbyist":"Mike Kompter"
,"Company":"Hub Engineering Inc"
,"Phone Number":"604-572-4328"
,"Nature of Lobbying":"Engineering Consultant"
,"Client":"Property Owner"
,"Project No. ":"7913-0274-00"
}
,{
"json_featuretype":"CSV"
,"Registration Date":"2013 12 06"
,"Name of Lobbyist":"Frederick John Hall"
,"Company":"Atlas Sign & Awning Company"
,"Phone Number":"604-856-7983"
,"Nature of Lobbying":"Illuminated Sign & Awning Company"
,"Client":"Sutton Group West Coast Realty"
,"Project No. ":"7913-0277-00"
}
,{
"json_featuretype":"CSV"
,"Registration Date":"2013 12 06"
,"Name of Lobbyist":"A. Latif"
,"Company":""
,"Phone Number":"604-780-5002"
,"Nature of Lobbying":""
,"Client":"Property Owner"
,"Project No. ":"7913-0275-00"
}
,{
"json_featuretype":"CSV"
,"Registration Date":"2013 12 10"
,"Name of Lobbyist":"Colin A. Hogan"
,"Company":"Focus Architecture Inc"
,"Phone Number":"604-853-5222"
,"Nature of Lobbying":"Architectural Consultant"
,"Client":"Property Owner"
,"Project No. ":"7913-0281-00"
}
,{
"json_featuretype":"CSV"
,"Registration Date":"2013 12 10"
,"Name of Lobbyist":"Clarence Arychuk"
,"Company":"Hunter Laird Engineering Ltd"
,"Phone Number":"604-525-4651"
,"Nature of Lobbying":"Engineering Consultant"
,"Client":"Property Owner"
,"Project No. ":"7913-0280-00"
}
,{
"json_featuretype":"CSV"
,"Registration Date":"2013 12 10"
,"Name of Lobbyist":"James Evans"
,"Company":"Treegroup Management Corp"
,"Phone Number":"604-619-5733"
,"Nature of Lobbying":"Developer"
,"Client":"Property Owner"
,"Project No. ":"7913-0280-00"
}
,{
"json_featuretype":"CSV"
,"Registration Date":"2013 12 18"
,"Name of Lobbyist":"Roger Jawanda"
,"Company":"CitiWest Consulting Ltd"
,"Phone Number":"604-541-2213"
,"Nature of Lobbying":"Engineering Consultant"
,"Client":"R. & L. Sol Enterprises"
,"Project No. ":"7913-0283-00"
}
,{
"json_featuretype":"CSV"
,"Registration Date":"2013 12 19"
,"Name of Lobbyist":"Donald C. Andrew"
,"Company":"Creekside Architects"
,"Phone Number":"604-730-5233"
,"Nature of Lobbying":"Architectural Consultant"
,"Client":"T.J. 152 Ventures"
,"Project No. ":"7913-0285-00"
}
,{
"json_featuretype":"CSV"
,"Registration Date":"2013 12 20"
,"Name of Lobbyist":"Samuel Hooge"
,"Company":"Dawson & Sawyer"
,"Phone Number":"604-626-5040"
,"Nature of Lobbying":"Real Estate Development"
,"Client":"Dawson & Sawyers Developments (Douglas) Ltd"
,"Project No. ":"7913-0286-00"
}
,{
"json_featuretype":"CSV"
,"Registration Date":"2013 12 23"
,"Name of Lobbyist":"Maggie Koka"
,"Company":"Aplin & Martin Consultants Ltd"
,"Phone Number":"604-597-9058"
,"Nature of Lobbying":"Engineering Consultant"
,"Client":"Property Owner"
,"Project No. ":"7913-0290-00"
}
,{
"json_featuretype":"CSV"
,"Registration Date":"2013 12 23"
,"Name of Lobbyist":"Maggie Koka"
,"Company":"Aplin & Martin Consultants Ltd"
,"Phone Number":"604-597-9058"
,"Nature of Lobbying":"Engineering Consultant"
,"Client":"Property Owner"
,"Project No. ":"7913-0288-00"
}
,{
"json_featuretype":"CSV"
,"Registration Date":"2013 12 23"
,"Name of Lobbyist":"James Robert Bailey"
,"Company":"Joseph Richards Group"
,"Phone Number":"604-488-1333"
,"Nature of Lobbying":""
,"Client":"Property Owner"
,"Project No. ":""
}
,{
"json_featuretype":"CSV"
,"Registration Date":"2013 12 24"
,"Name of Lobbyist":"Roger Jawanda"
,"Company":"CitiWest Consulting Ltd"
,"Phone Number":"604-541-2213"
,"Nature of Lobbying":"Engineering Consultant"
,"Client":"Property Owner"
,"Project No. ":"7913-0297-00"
}
,{
"json_featuretype":"CSV"
,"Registration Date":"2013 12 24"
,"Name of Lobbyist":""
,"Company":"H.Y. Engineering Ltd"
,"Phone Number":"604-583-1616"
,"Nature of Lobbying":"Engineering Consultant"
,"Client":"Property Owner"
,"Project No. ":"7913-0292-00"
}
]