[
{
"json_featuretype":"Commercial and Industrial"
,"COMMUNITY":"CLOVERDALE"
,"COMMERCIAL & INDUSTRIAL PERMITS":"Commercial Permits"
,"JAN":"0"
,"FEB":5
,"MAR":"4"
}
,{
"json_featuretype":"Commercial and Industrial"
,"COMMERCIAL & INDUSTRIAL PERMITS":"Value ($ 000s)"
,"JAN":"0"
,"FEB":551000
,"MAR":"542000"
}
,{
"json_featuretype":"Commercial and Industrial"
,"COMMERCIAL & INDUSTRIAL PERMITS":"Floor Area (000s sf)"
,"JAN":"0"
,"FEB":0
,"MAR":"0"
}
,{
"json_featuretype":"Commercial and Industrial"
,"COMMERCIAL & INDUSTRIAL PERMITS":"Industrial Permits"
,"JAN":"2"
,"FEB":2
,"MAR":"2"
}
,{
"json_featuretype":"Commercial and Industrial"
,"COMMERCIAL & INDUSTRIAL PERMITS":"Value ($ 000s)"
,"JAN":"177000"
,"FEB":175000
,"MAR":"292708.69"
}
,{
"json_featuretype":"Commercial and Industrial"
,"COMMERCIAL & INDUSTRIAL PERMITS":"Floor Area (000s sf)"
,"JAN":"0"
,"FEB":1232
,"MAR":"3000"
}
,{
"json_featuretype":"Commercial and Industrial"
,"COMMUNITY":"FLEETWOOD"
,"COMMERCIAL & INDUSTRIAL PERMITS":"Commercial Permits"
,"JAN":"1"
,"FEB":2
,"MAR":"1"
}
,{
"json_featuretype":"Commercial and Industrial"
,"COMMERCIAL & INDUSTRIAL PERMITS":"Value ($ 000s)"
,"JAN":"155000"
,"FEB":95000
,"MAR":"313000"
}
,{
"json_featuretype":"Commercial and Industrial"
,"COMMERCIAL & INDUSTRIAL PERMITS":"Floor Area (000s sf)"
,"JAN":"0"
,"FEB":0
,"MAR":"0"
}
,{
"json_featuretype":"Commercial and Industrial"
,"COMMERCIAL & INDUSTRIAL PERMITS":"Industrial Permits"
,"JAN":"0"
,"FEB":0
,"MAR":"0"
}
,{
"json_featuretype":"Commercial and Industrial"
,"COMMERCIAL & INDUSTRIAL PERMITS":"Value ($ 000s)"
,"JAN":"0"
,"FEB":0
,"MAR":"0"
}
,{
"json_featuretype":"Commercial and Industrial"
,"COMMERCIAL & INDUSTRIAL PERMITS":"Floor Area (000s sf)"
,"JAN":"0"
,"FEB":0
,"MAR":"0"
}
,{
"json_featuretype":"Commercial and Industrial"
,"COMMUNITY":"GUILDFORD"
,"COMMERCIAL & INDUSTRIAL PERMITS":"Commercial Permits"
,"JAN":"4"
,"FEB":6
,"MAR":"4"
}
,{
"json_featuretype":"Commercial and Industrial"
,"COMMERCIAL & INDUSTRIAL PERMITS":"Value ($ 000s)"
,"JAN":"612000"
,"FEB":742500
,"MAR":"218000"
}
,{
"json_featuretype":"Commercial and Industrial"
,"COMMERCIAL & INDUSTRIAL PERMITS":"Floor Area (000s sf)"
,"JAN":"474"
,"FEB":0
,"MAR":"0"
}
,{
"json_featuretype":"Commercial and Industrial"
,"COMMERCIAL & INDUSTRIAL PERMITS":"Industrial Permits"
,"JAN":"3"
,"FEB":0
,"MAR":"1"
}
,{
"json_featuretype":"Commercial and Industrial"
,"COMMERCIAL & INDUSTRIAL PERMITS":"Value ($ 000s)"
,"JAN":"2323478"
,"FEB":0
,"MAR":"13337"
}
,{
"json_featuretype":"Commercial and Industrial"
,"COMMERCIAL & INDUSTRIAL PERMITS":"Floor Area (000s sf)"
,"JAN":"23323"
,"FEB":0
,"MAR":"0"
}
,{
"json_featuretype":"Commercial and Industrial"
,"COMMUNITY":"NEWTON"
,"COMMERCIAL & INDUSTRIAL PERMITS":"Commercial Permits"
,"JAN":"14"
,"FEB":10
,"MAR":"11"
}
,{
"json_featuretype":"Commercial and Industrial"
,"COMMERCIAL & INDUSTRIAL PERMITS":"Value ($ 000s)"
,"JAN":"910400"
,"FEB":392000
,"MAR":"2279044.39"
}
,{
"json_featuretype":"Commercial and Industrial"
,"COMMERCIAL & INDUSTRIAL PERMITS":"Floor Area (000s sf)"
,"JAN":"0"
,"FEB":0
,"MAR":"0"
}
,{
"json_featuretype":"Commercial and Industrial"
,"COMMERCIAL & INDUSTRIAL PERMITS":"Industrial Permits"
,"JAN":"5"
,"FEB":4
,"MAR":"8"
}
,{
"json_featuretype":"Commercial and Industrial"
,"COMMERCIAL & INDUSTRIAL PERMITS":"Value ($ 000s)"
,"JAN":"84000"
,"FEB":2640321.24
,"MAR":"649033.99"
}
,{
"json_featuretype":"Commercial and Industrial"
,"COMMERCIAL & INDUSTRIAL PERMITS":"Floor Area (000s sf)"
,"JAN":"0"
,"FEB":18273
,"MAR":"0"
}
,{
"json_featuretype":"Commercial and Industrial"
,"COMMUNITY":"SOUTH SURREY"
,"COMMERCIAL & INDUSTRIAL PERMITS":"Commercial Permits"
,"JAN":"11"
,"FEB":3
,"MAR":"11"
}
,{
"json_featuretype":"Commercial and Industrial"
,"COMMERCIAL & INDUSTRIAL PERMITS":"Value ($ 000s)"
,"JAN":"2136500"
,"FEB":1320000
,"MAR":"1723440"
}
,{
"json_featuretype":"Commercial and Industrial"
,"COMMERCIAL & INDUSTRIAL PERMITS":"Floor Area (000s sf)"
,"JAN":"11864"
,"FEB":0
,"MAR":"0"
}
,{
"json_featuretype":"Commercial and Industrial"
,"COMMERCIAL & INDUSTRIAL PERMITS":"Industrial Permits"
,"JAN":"4"
,"FEB":2
,"MAR":"5"
}
,{
"json_featuretype":"Commercial and Industrial"
,"COMMERCIAL & INDUSTRIAL PERMITS":"Value ($ 000s)"
,"JAN":"5982459.54"
,"FEB":1500000
,"MAR":"571400"
}
,{
"json_featuretype":"Commercial and Industrial"
,"COMMERCIAL & INDUSTRIAL PERMITS":"Floor Area (000s sf)"
,"JAN":"64984"
,"FEB":5583
,"MAR":"0"
}
,{
"json_featuretype":"Commercial and Industrial"
,"COMMUNITY":"WHALLEY"
,"COMMERCIAL & INDUSTRIAL PERMITS":"Commercial Permits"
,"JAN":"7"
,"FEB":7
,"MAR":"5"
}
,{
"json_featuretype":"Commercial and Industrial"
,"COMMERCIAL & INDUSTRIAL PERMITS":"Value ($ 000s)"
,"JAN":"1198415"
,"FEB":767790
,"MAR":"2657445"
}
,{
"json_featuretype":"Commercial and Industrial"
,"COMMERCIAL & INDUSTRIAL PERMITS":"Floor Area (000s sf)"
,"JAN":"3850"
,"FEB":1963
,"MAR":"13177"
}
,{
"json_featuretype":"Commercial and Industrial"
,"COMMERCIAL & INDUSTRIAL PERMITS":"Industrial Permits"
,"JAN":"2"
,"FEB":0
,"MAR":"0"
}
,{
"json_featuretype":"Commercial and Industrial"
,"COMMERCIAL & INDUSTRIAL PERMITS":"Value ($ 000s)"
,"JAN":"65405.18"
,"FEB":0
,"MAR":"0"
}
,{
"json_featuretype":"Commercial and Industrial"
,"COMMERCIAL & INDUSTRIAL PERMITS":"Floor Area (000s sf)"
,"JAN":"0"
,"FEB":0
,"MAR":"0"
}
,{
"json_featuretype":"Commercial and Industrial"
,"COMMUNITY":"SURREY"
,"COMMERCIAL & INDUSTRIAL PERMITS":"Commercial Permits"
,"JAN":"37"
,"FEB":33
,"MAR":"36"
,"APR":""
,"JUL":""
,"SEP":""
,"OCT":""
,"NOV":""
,"DEC":""
,"W":480
}
,{
"json_featuretype":"Commercial and Industrial"
,"COMMERCIAL & INDUSTRIAL PERMITS":"Value ($ 000s)"
,"JAN":"5012315"
,"FEB":3868290
,"MAR":"7732929.39"
,"APR":""
,"JUL":""
,"SEP":""
,"OCT":""
,"NOV":""
,"DEC":""
}
,{
"json_featuretype":"Commercial and Industrial"
,"COMMERCIAL & INDUSTRIAL PERMITS":"Floor Area (000s sf)"
,"JAN":"16188"
,"FEB":1963
,"MAR":"13177"
,"APR":""
,"JUL":""
,"SEP":""
,"OCT":""
,"NOV":""
,"DEC":""
}
,{
"json_featuretype":"Commercial and Industrial"
,"COMMERCIAL & INDUSTRIAL PERMITS":"Industrial Permits"
,"JAN":"16"
,"FEB":8
,"MAR":"16"
,"APR":""
,"JUL":""
,"SEP":""
,"OCT":""
,"NOV":""
,"DEC":""
}
,{
"json_featuretype":"Commercial and Industrial"
,"COMMERCIAL & INDUSTRIAL PERMITS":"Value ($ 000s)"
,"JAN":"8632342.72"
,"FEB":4315321.24
,"MAR":"1526479.68"
,"APR":""
,"JUL":""
,"SEP":""
,"OCT":""
,"NOV":""
,"DEC":""
}
,{
"json_featuretype":"Commercial and Industrial"
,"COMMERCIAL & INDUSTRIAL PERMITS":"Floor Area (000s sf)"
,"JAN":"88307"
,"FEB":25088
,"MAR":"3000"
,"APR":""
,"JUL":""
,"SEP":""
,"OCT":""
,"NOV":""
,"DEC":""
}
]