[
{
"json_featuretype":"CSV"
,"CITY OF SURREY":"OPEN DATA 2016 YEAR TO DATE DEPARTMENT FINANCIAL INFORMATION - ACTUALS"
,"col1":""
,"col2":""
,"col3":""
,"col4":""
,"col5":""
,"col6":""
,"col7":""
,"col8":""
,"col9":""
,"col10":""
,"col11":""
,"col12":""
,"col13":""
,"col14":""
,"col15":""
,"col16":""
,"col17":""
,"col18":""
,"col19":""
,"col20":""
,"col21":""
,"col22":""
,"col23":""
,"col24":""
,"col25":""
,"col26":""
,"col27":""
,"col28":""
,"col29":""
,"col30":""
,"col31":""
,"col32":""
}
,{
"json_featuretype":"CSV"
,"CITY OF SURREY":"For the Period:  201600 - 201612"
,"col1":""
,"col2":""
,"col3":""
,"col4":""
,"col5":""
,"col6":""
,"col7":""
,"col8":""
,"col9":""
,"col10":""
,"col11":""
,"col12":""
,"col13":""
,"col14":""
,"col15":""
,"col16":""
,"col17":""
,"col18":""
,"col19":""
,"col20":""
,"col21":""
,"col22":""
,"col23":""
,"col24":""
,"col25":""
,"col26":""
,"col27":""
,"col28":""
,"col29":""
,"col30":""
,"col31":""
,"col32":""
}
,{
"json_featuretype":"CSV"
,"CITY OF SURREY":"For Funds: ´100´,´103´,´105´,´106´,´107´,´200´,´300´,´305´,´400´"
,"col1":""
,"col2":""
,"col3":""
,"col4":""
,"col5":""
,"col6":""
,"col7":""
,"col8":""
,"col9":""
,"col10":""
,"col11":""
,"col12":""
,"col13":""
,"col14":""
,"col15":""
,"col16":""
,"col17":""
,"col18":""
,"col19":""
,"col20":""
,"col21":""
,"col22":""
,"col23":""
,"col24":""
,"col25":""
,"col26":""
,"col27":""
,"col28":""
,"col29":""
,"col30":""
,"col31":""
,"col32":""
}
,{
"json_featuretype":"CSV"
,"CITY OF SURREY":""
,"col1":""
,"col2":""
,"col3":"REVENUES"
,"col4":""
,"col5":""
,"col6":""
,"col7":"EXPENDITURES"
,"col8":""
,"col9":""
,"col10":""
,"col11":""
,"col12":""
,"col13":"INTERNAL TRANSFERS"
,"col14":""
,"col15":""
,"col16":""
,"col17":""
,"col18":""
,"col19":""
,"col20":""
,"col21":""
,"col22":""
,"col23":""
,"col24":""
,"col25":""
,"col26":""
,"col27":""
,"col28":""
,"col29":""
,"col30":""
,"col31":""
,"col32":""
}
,{
"json_featuretype":"CSV"
,"CITY OF SURREY":""
,"col1":""
,"col2":""
,"col3":""
,"col4":"Sales and"
,"col5":"Grants, Donations"
,"col6":""
,"col7":"Salaries &"
,"col8":"Operating"
,"col9":"Internal Serv."
,"col10":"Internal Serv."
,"col11":"External"
,"col12":""
,"col13":"Trsf from"
,"col14":"Trsf to"
,"col15":""
,"col16":"NET (SURPLUS)"
,"col17":""
,"col18":""
,"col19":""
,"col20":""
,"col21":""
,"col22":""
,"col23":""
,"col24":""
,"col25":""
,"col26":""
,"col27":""
,"col28":""
,"col29":""
,"col30":""
,"col31":""
,"col32":""
}
,{
"json_featuretype":"CSV"
,"CITY OF SURREY":"Fund"
,"col1":"Department"
,"col2":"Financial Plan Division"
,"col3":"Taxation"
,"col4":"Services"
,"col5":"and Other"
,"col6":"TOTAL"
,"col7":"Benefits"
,"col8":"Costs"
,"col9":"Used"
,"col10":"Recovered"
,"col11":"Recoveries"
,"col12":"TOTAL"
,"col13":"Own Sources"
,"col14":"Own Sources"
,"col15":"TOTAL"
,"col16":"EXPENDITURES"
,"col17":""
,"col18":""
,"col19":""
,"col20":""
,"col21":""
,"col22":""
,"col23":""
,"col24":""
,"col25":""
,"col26":""
,"col27":""
,"col28":""
,"col29":""
,"col30":""
,"col31":""
,"col32":""
}
,{
"json_featuretype":"CSV"
,"CITY OF SURREY":"General Operating"
,"col1":"Corporate"
,"col2":"Corporate"
,"col3":"-307,078,758"
,"col4":"-22,411,661"
,"col5":"-34,701,181"
,"col6":"-364,191,600"
,"col7":"306,364"
,"col8":"13,685,755"
,"col9":"46,910"
,"col10":"0"
,"col11":"-15,000"
,"col12":"14,024,029"
,"col13":"-54,532,042"
,"col14":"104,337,288"
,"col15":"49,805,246"
,"col16":"-300,362,325"
,"col17":""
,"col18":""
,"col19":""
,"col20":""
,"col21":""
,"col22":""
,"col23":""
,"col24":""
,"col25":""
,"col26":""
,"col27":""
,"col28":""
,"col29":""
,"col30":""
,"col31":""
,"col32":""
}
,{
"json_featuretype":"CSV"
,"CITY OF SURREY":"General Operating"
,"col1":"Grants"
,"col2":"MCG - City Grants"
,"col3":"0"
,"col4":"0"
,"col5":"0"
,"col6":"0"
,"col7":"0"
,"col8":"1,535,338"
,"col9":"0"
,"col10":"0"
,"col11":"-768"
,"col12":"1,534,570"
,"col13":"0"
,"col14":"202,430"
,"col15":"202,430"
,"col16":"1,737,000"
,"col17":""
,"col18":""
,"col19":""
,"col20":""
,"col21":""
,"col22":""
,"col23":""
,"col24":""
,"col25":""
,"col26":""
,"col27":""
,"col28":""
,"col29":""
,"col30":""
,"col31":""
,"col32":""
}
,{
"json_featuretype":"CSV"
,"CITY OF SURREY":"General Operating"
,"col1":"Mayor & Council"
,"col2":"MCG - Office of the Mayor"
,"col3":"0"
,"col4":"0"
,"col5":"0"
,"col6":"0"
,"col7":"644,966"
,"col8":"118,052"
,"col9":"7,023"
,"col10":"-1,770"
,"col11":"0"
,"col12":"768,271"
,"col13":"0"
,"col14":"0"
,"col15":"0"
,"col16":"768,271"
,"col17":""
,"col18":""
,"col19":""
,"col20":""
,"col21":""
,"col22":""
,"col23":""
,"col24":""
,"col25":""
,"col26":""
,"col27":""
,"col28":""
,"col29":""
,"col30":""
,"col31":""
,"col32":""
}
,{
"json_featuretype":"CSV"
,"CITY OF SURREY":"General Operating"
,"col1":"Mayor & Council"
,"col2":"MCG - Council"
,"col3":"0"
,"col4":"0"
,"col5":"0"
,"col6":"0"
,"col7":"572,229"
,"col8":"97,429"
,"col9":"0"
,"col10":"0"
,"col11":"-3,369"
,"col12":"666,289"
,"col13":"0"
,"col14":"0"
,"col15":"0"
,"col16":"666,289"
,"col17":""
,"col18":""
,"col19":""
,"col20":""
,"col21":""
,"col22":""
,"col23":""
,"col24":""
,"col25":""
,"col26":""
,"col27":""
,"col28":""
,"col29":""
,"col30":""
,"col31":""
,"col32":""
}
,{
"json_featuretype":"CSV"
,"CITY OF SURREY":"General Operating"
,"col1":"City Manager"
,"col2":"City Mgr - Administration"
,"col3":"0"
,"col4":"-701"
,"col5":"0"
,"col6":"-701"
,"col7":"637,029"
,"col8":"162,423"
,"col9":"61,458"
,"col10":"-17,485"
,"col11":"-1,621"
,"col12":"841,804"
,"col13":"0"
,"col14":"0"
,"col15":"0"
,"col16":"841,103"
,"col17":""
,"col18":""
,"col19":""
,"col20":""
,"col21":""
,"col22":""
,"col23":""
,"col24":""
,"col25":""
,"col26":""
,"col27":""
,"col28":""
,"col29":""
,"col30":""
,"col31":""
,"col32":""
}
,{
"json_featuretype":"CSV"
,"CITY OF SURREY":"General Operating"
,"col1":"City Manager"
,"col2":"City Mgr - By-law Services"
,"col3":"0"
,"col4":"-953,729"
,"col5":"-7,670,670"
,"col6":"-8,624,399"
,"col7":"5,386,759"
,"col8":"1,675,680"
,"col9":"730,021"
,"col10":"-264,975"
,"col11":"-393,483"
,"col12":"7,134,002"
,"col13":"0"
,"col14":"0"
,"col15":"0"
,"col16":"-1,490,397"
,"col17":""
,"col18":""
,"col19":""
,"col20":""
,"col21":""
,"col22":""
,"col23":""
,"col24":""
,"col25":""
,"col26":""
,"col27":""
,"col28":""
,"col29":""
,"col30":""
,"col31":""
,"col32":""
}
,{
"json_featuretype":"CSV"
,"CITY OF SURREY":"General Operating"
,"col1":"City Manager"
,"col2":"City Mgr - Public Safety"
,"col3":"0"
,"col4":"0"
,"col5":"-502,362"
,"col6":"-502,362"
,"col7":"888,517"
,"col8":"217,002"
,"col9":"30,513"
,"col10":"0"
,"col11":"-408"
,"col12":"1,135,624"
,"col13":"-20,402"
,"col14":"500,000"
,"col15":"479,598"
,"col16":"1,112,860"
,"col17":""
,"col18":""
,"col19":""
,"col20":""
,"col21":""
,"col22":""
,"col23":""
,"col24":""
,"col25":""
,"col26":""
,"col27":""
,"col28":""
,"col29":""
,"col30":""
,"col31":""
,"col32":""
}
,{
"json_featuretype":"CSV"
,"CITY OF SURREY":"General Operating"
,"col1":"City Manager"
,"col2":"City Mgr - Legal Services"
,"col3":"0"
,"col4":"0"
,"col5":"0"
,"col6":"0"
,"col7":"1,961,771"
,"col8":"188,568"
,"col9":"4,785"
,"col10":"-50,843"
,"col11":"-4,383"
,"col12":"2,099,898"
,"col13":"-77,000"
,"col14":"0"
,"col15":"-77,000"
,"col16":"2,022,898"
,"col17":""
,"col18":""
,"col19":""
,"col20":""
,"col21":""
,"col22":""
,"col23":""
,"col24":""
,"col25":""
,"col26":""
,"col27":""
,"col28":""
,"col29":""
,"col30":""
,"col31":""
,"col32":""
}
,{
"json_featuretype":"CSV"
,"CITY OF SURREY":"General Operating"
,"col1":"City Manager"
,"col2":"City Mgr - Legislative Services"
,"col3":"0"
,"col4":"-6,173"
,"col5":"0"
,"col6":"-6,173"
,"col7":"1,915,944"
,"col8":"1,240,041"
,"col9":"21,998"
,"col10":"-46,689"
,"col11":"-100"
,"col12":"3,131,194"
,"col13":"0"
,"col14":"175,000"
,"col15":"175,000"
,"col16":"3,300,021"
,"col17":""
,"col18":""
,"col19":""
,"col20":""
,"col21":""
,"col22":""
,"col23":""
,"col24":""
,"col25":""
,"col26":""
,"col27":""
,"col28":""
,"col29":""
,"col30":""
,"col31":""
,"col32":""
}
,{
"json_featuretype":"CSV"
,"CITY OF SURREY":"General Operating"
,"col1":"City Manager"
,"col2":"IIR - Economic Development"
,"col3":"0"
,"col4":"0"
,"col5":"-52,750"
,"col6":"-52,750"
,"col7":"769,525"
,"col8":"517,078"
,"col9":"22,421"
,"col10":"-8,317"
,"col11":"-138,050"
,"col12":"1,162,657"
,"col13":"0"
,"col14":"85,000"
,"col15":"85,000"
,"col16":"1,194,907"
,"col17":""
,"col18":""
,"col19":""
,"col20":""
,"col21":""
,"col22":""
,"col23":""
,"col24":""
,"col25":""
,"col26":""
,"col27":""
,"col28":""
,"col29":""
,"col30":""
,"col31":""
,"col32":""
}
,{
"json_featuretype":"CSV"
,"CITY OF SURREY":"General Operating"
,"col1":"City Manager"
,"col2":"IIR - Administration"
,"col3":"0"
,"col4":"0"
,"col5":"0"
,"col6":"0"
,"col7":"20,658"
,"col8":"16,465"
,"col9":"2,175"
,"col10":"0"
,"col11":"0"
,"col12":"39,298"
,"col13":"0"
,"col14":"0"
,"col15":"0"
,"col16":"39,298"
,"col17":""
,"col18":""
,"col19":""
,"col20":""
,"col21":""
,"col22":""
,"col23":""
,"col24":""
,"col25":""
,"col26":""
,"col27":""
,"col28":""
,"col29":""
,"col30":""
,"col31":""
,"col32":""
}
,{
"json_featuretype":"CSV"
,"CITY OF SURREY":"General Operating"
,"col1":"Human Resources"
,"col2":"HR - Administration"
,"col3":"0"
,"col4":"0"
,"col5":"0"
,"col6":"0"
,"col7":"1,126,108"
,"col8":"720,397"
,"col9":"13,790"
,"col10":"-385,329"
,"col11":"-63,204"
,"col12":"1,411,762"
,"col13":"-97,900"
,"col14":"0"
,"col15":"-97,900"
,"col16":"1,313,862"
,"col17":""
,"col18":""
,"col19":""
,"col20":""
,"col21":""
,"col22":""
,"col23":""
,"col24":""
,"col25":""
,"col26":""
,"col27":""
,"col28":""
,"col29":""
,"col30":""
,"col31":""
,"col32":""
}
,{
"json_featuretype":"CSV"
,"CITY OF SURREY":"General Operating"
,"col1":"Human Resources"
,"col2":"HR - Employment"
,"col3":"0"
,"col4":"0"
,"col5":"0"
,"col6":"0"
,"col7":"822,616"
,"col8":"119,912"
,"col9":"3,754"
,"col10":"0"
,"col11":"0"
,"col12":"946,282"
,"col13":"0"
,"col14":"0"
,"col15":"0"
,"col16":"946,282"
,"col17":""
,"col18":""
,"col19":""
,"col20":""
,"col21":""
,"col22":""
,"col23":""
,"col24":""
,"col25":""
,"col26":""
,"col27":""
,"col28":""
,"col29":""
,"col30":""
,"col31":""
,"col32":""
}
,{
"json_featuretype":"CSV"
,"CITY OF SURREY":"General Operating"
,"col1":"Human Resources"
,"col2":"HR - Labour Relations/Compensation"
,"col3":"0"
,"col4":"0"
,"col5":"0"
,"col6":"0"
,"col7":"819,019"
,"col8":"83,637"
,"col9":"5,000"
,"col10":"0"
,"col11":"-1,750"
,"col12":"905,906"
,"col13":"0"
,"col14":"0"
,"col15":"0"
,"col16":"905,906"
,"col17":""
,"col18":""
,"col19":""
,"col20":""
,"col21":""
,"col22":""
,"col23":""
,"col24":""
,"col25":""
,"col26":""
,"col27":""
,"col28":""
,"col29":""
,"col30":""
,"col31":""
,"col32":""
}
,{
"json_featuretype":"CSV"
,"CITY OF SURREY":"General Operating"
,"col1":"Human Resources"
,"col2":"HR - Occupational Safety"
,"col3":"0"
,"col4":"0"
,"col5":"0"
,"col6":"0"
,"col7":"666,699"
,"col8":"84,799"
,"col9":"1,475"
,"col10":"0"
,"col11":"-879"
,"col12":"752,094"
,"col13":"0"
,"col14":"0"
,"col15":"0"
,"col16":"752,094"
,"col17":""
,"col18":""
,"col19":""
,"col20":""
,"col21":""
,"col22":""
,"col23":""
,"col24":""
,"col25":""
,"col26":""
,"col27":""
,"col28":""
,"col29":""
,"col30":""
,"col31":""
,"col32":""
}
,{
"json_featuretype":"CSV"
,"CITY OF SURREY":"General Operating"
,"col1":"Human Resources"
,"col2":"HR - Wellness & Diversity"
,"col3":"0"
,"col4":"0"
,"col5":"-500"
,"col6":"-500"
,"col7":"22,875"
,"col8":"9,491"
,"col9":"258"
,"col10":"-2,124"
,"col11":"0"
,"col12":"30,500"
,"col13":"0"
,"col14":"0"
,"col15":"0"
,"col16":"30,000"
,"col17":""
,"col18":""
,"col19":""
,"col20":""
,"col21":""
,"col22":""
,"col23":""
,"col24":""
,"col25":""
,"col26":""
,"col27":""
,"col28":""
,"col29":""
,"col30":""
,"col31":""
,"col32":""
}
,{
"json_featuretype":"CSV"
,"CITY OF SURREY":"General Operating"
,"col1":"Finance and Technology"
,"col2":"F&T - Audit Procurement"
,"col3":"0"
,"col4":"-26,785"
,"col5":"0"
,"col6":"-26,785"
,"col7":"1,525,484"
,"col8":"137,340"
,"col9":"11,045"
,"col10":"0"
,"col11":"-5,324"
,"col12":"1,668,545"
,"col13":"0"
,"col14":"0"
,"col15":"0"
,"col16":"1,641,760"
,"col17":""
,"col18":""
,"col19":""
,"col20":""
,"col21":""
,"col22":""
,"col23":""
,"col24":""
,"col25":""
,"col26":""
,"col27":""
,"col28":""
,"col29":""
,"col30":""
,"col31":""
,"col32":""
}
,{
"json_featuretype":"CSV"
,"CITY OF SURREY":"General Operating"
,"col1":"Finance and Technology"
,"col2":"F&T - Financial Services"
,"col3":"0"
,"col4":"-1,317,616"
,"col5":"-93,277"
,"col6":"-1,410,893"
,"col7":"3,509,267"
,"col8":"115,733"
,"col9":"20,388"
,"col10":"-303,439"
,"col11":"-51"
,"col12":"3,341,898"
,"col13":"-95,270"
,"col14":"95,270"
,"col15":"0"
,"col16":"1,931,005"
,"col17":""
,"col18":""
,"col19":""
,"col20":""
,"col21":""
,"col22":""
,"col23":""
,"col24":""
,"col25":""
,"col26":""
,"col27":""
,"col28":""
,"col29":""
,"col30":""
,"col31":""
,"col32":""
}
,{
"json_featuretype":"CSV"
,"CITY OF SURREY":"General Operating"
,"col1":"Finance and Technology"
,"col2":"F&T - Financial Reporting"
,"col3":"0"
,"col4":"-24,540"
,"col5":"0"
,"col6":"-24,540"
,"col7":"1,486,232"
,"col8":"100,773"
,"col9":"13,641"
,"col10":"0"
,"col11":"-17,090"
,"col12":"1,583,556"
,"col13":"0"
,"col14":"50,000"
,"col15":"50,000"
,"col16":"1,609,016"
,"col17":""
,"col18":""
,"col19":""
,"col20":""
,"col21":""
,"col22":""
,"col23":""
,"col24":""
,"col25":""
,"col26":""
,"col27":""
,"col28":""
,"col29":""
,"col30":""
,"col31":""
,"col32":""
}
,{
"json_featuretype":"CSV"
,"CITY OF SURREY":"General Operating"
,"col1":"Finance and Technology"
,"col2":"F&T - Information Technology"
,"col3":"0"
,"col4":"0"
,"col5":"0"
,"col6":"0"
,"col7":"9,803,703"
,"col8":"6,607,384"
,"col9":"142,623"
,"col10":"-1,918,363"
,"col11":"-186,764"
,"col12":"14,448,583"
,"col13":"-206,282"
,"col14":"5,990,510"
,"col15":"5,784,228"
,"col16":"20,232,811"
,"col17":""
,"col18":""
,"col19":""
,"col20":""
,"col21":""
,"col22":""
,"col23":""
,"col24":""
,"col25":""
,"col26":""
,"col27":""
,"col28":""
,"col29":""
,"col30":""
,"col31":""
,"col32":""
}
,{
"json_featuretype":"CSV"
,"CITY OF SURREY":"General Operating"
,"col1":"Finance and Technology"
,"col2":"F&T - Leadership"
,"col3":"0"
,"col4":"0"
,"col5":"0"
,"col6":"0"
,"col7":"1,354,816"
,"col8":"97,428"
,"col9":"26,215"
,"col10":"0"
,"col11":"-4,106"
,"col12":"1,474,353"
,"col13":"0"
,"col14":"300,000"
,"col15":"300,000"
,"col16":"1,774,353"
,"col17":""
,"col18":""
,"col19":""
,"col20":""
,"col21":""
,"col22":""
,"col23":""
,"col24":""
,"col25":""
,"col26":""
,"col27":""
,"col28":""
,"col29":""
,"col30":""
,"col31":""
,"col32":""
}
,{
"json_featuretype":"CSV"
,"CITY OF SURREY":"General Operating"
,"col1":"Finance and Technology"
,"col2":"F&T - Risk Management"
,"col3":"0"
,"col4":"0"
,"col5":"0"
,"col6":"0"
,"col7":"439,017"
,"col8":"4,682,344"
,"col9":"291,736"
,"col10":"-769,872"
,"col11":"-359,274"
,"col12":"4,283,951"
,"col13":"-2,605,599"
,"col14":"3,849"
,"col15":"-2,601,750"
,"col16":"1,682,201"
,"col17":""
,"col18":""
,"col19":""
,"col20":""
,"col21":""
,"col22":""
,"col23":""
,"col24":""
,"col25":""
,"col26":""
,"col27":""
,"col28":""
,"col29":""
,"col30":""
,"col31":""
,"col32":""
}
,{
"json_featuretype":"CSV"
,"CITY OF SURREY":"General Operating"
,"col1":"Planning and Development"
,"col2":"P&D - Administration"
,"col3":"0"
,"col4":"-180,604"
,"col5":"-3,686"
,"col6":"-184,290"
,"col7":"3,037,952"
,"col8":"626,536"
,"col9":"13,072"
,"col10":"-5,031"
,"col11":"-60"
,"col12":"3,672,469"
,"col13":"-107,231"
,"col14":"3,686"
,"col15":"-103,545"
,"col16":"3,384,634"
,"col17":""
,"col18":""
,"col19":""
,"col20":""
,"col21":""
,"col22":""
,"col23":""
,"col24":""
,"col25":""
,"col26":""
,"col27":""
,"col28":""
,"col29":""
,"col30":""
,"col31":""
,"col32":""
}
,{
"json_featuretype":"CSV"
,"CITY OF SURREY":"General Operating"
,"col1":"Planning and Development"
,"col2":"P&D - Area Planning & Development"
,"col3":"0"
,"col4":"-3,075,703"
,"col5":"-321,759"
,"col6":"-3,397,462"
,"col7":"3,445,426"
,"col8":"31,019"
,"col9":"44,574"
,"col10":"0"
,"col11":"-79"
,"col12":"3,520,940"
,"col13":"0"
,"col14":"1,076,633"
,"col15":"1,076,633"
,"col16":"1,200,111"
,"col17":""
,"col18":""
,"col19":""
,"col20":""
,"col21":""
,"col22":""
,"col23":""
,"col24":""
,"col25":""
,"col26":""
,"col27":""
,"col28":""
,"col29":""
,"col30":""
,"col31":""
,"col32":""
}
,{
"json_featuretype":"CSV"
,"CITY OF SURREY":"General Operating"
,"col1":"Planning and Development"
,"col2":"P&D - Building"
,"col3":"0"
,"col4":"-438,037"
,"col5":"-20,389,424"
,"col6":"-20,827,461"
,"col7":"7,368,551"
,"col8":"433,037"
,"col9":"25,436"
,"col10":"-45,945"
,"col11":"-18"
,"col12":"7,781,061"
,"col13":"-104,088"
,"col14":"2,742,917"
,"col15":"2,638,829"
,"col16":"-10,407,571"
,"col17":""
,"col18":""
,"col19":""
,"col20":""
,"col21":""
,"col22":""
,"col23":""
,"col24":""
,"col25":""
,"col26":""
,"col27":""
,"col28":""
,"col29":""
,"col30":""
,"col31":""
,"col32":""
}
,{
"json_featuretype":"CSV"
,"CITY OF SURREY":"General Operating"
,"col1":"Planning and Development"
,"col2":"P&D - Community Planning"
,"col3":"0"
,"col4":"0"
,"col5":"0"
,"col6":"0"
,"col7":"1,713,618"
,"col8":"392,156"
,"col9":"14,825"
,"col10":"-24,934"
,"col11":"-316,448"
,"col12":"1,779,217"
,"col13":"-115,048"
,"col14":"29,832"
,"col15":"-85,216"
,"col16":"1,694,001"
,"col17":""
,"col18":""
,"col19":""
,"col20":""
,"col21":""
,"col22":""
,"col23":""
,"col24":""
,"col25":""
,"col26":""
,"col27":""
,"col28":""
,"col29":""
,"col30":""
,"col31":""
,"col32":""
}
,{
"json_featuretype":"CSV"
,"CITY OF SURREY":"General Operating"
,"col1":"Planning and Development"
,"col2":"P&D - Facilities"
,"col3":"0"
,"col4":"-2,007"
,"col5":"0"
,"col6":"-2,007"
,"col7":"4,145,210"
,"col8":"4,113,675"
,"col9":"3,246,854"
,"col10":"-3,401,342"
,"col11":"-21,796"
,"col12":"8,082,601"
,"col13":"-132,565"
,"col14":"1,373,701"
,"col15":"1,241,136"
,"col16":"9,321,730"
,"col17":""
,"col18":""
,"col19":""
,"col20":""
,"col21":""
,"col22":""
,"col23":""
,"col24":""
,"col25":""
,"col26":""
,"col27":""
,"col28":""
,"col29":""
,"col30":""
,"col31":""
,"col32":""
}
,{
"json_featuretype":"CSV"
,"CITY OF SURREY":"General Operating"
,"col1":"Planning and Development"
,"col2":"P&D - Heritage Advisory Committee"
,"col3":"0"
,"col4":"0"
,"col5":"0"
,"col6":"0"
,"col7":"0"
,"col8":"40,774"
,"col9":"40,195"
,"col10":"-3,534"
,"col11":"0"
,"col12":"77,435"
,"col13":"-70,302"
,"col14":"15,867"
,"col15":"-54,435"
,"col16":"23,000"
,"col17":""
,"col18":""
,"col19":""
,"col20":""
,"col21":""
,"col22":""
,"col23":""
,"col24":""
,"col25":""
,"col26":""
,"col27":""
,"col28":""
,"col29":""
,"col30":""
,"col31":""
,"col32":""
}
,{
"json_featuretype":"CSV"
,"CITY OF SURREY":"General Operating"
,"col1":"Planning and Development"
,"col2":"P&D - Sustainability"
,"col3":"0"
,"col4":"0"
,"col5":"0"
,"col6":"0"
,"col7":"410,559"
,"col8":"200,922"
,"col9":"13,283"
,"col10":"-15,600"
,"col11":"-138,649"
,"col12":"470,515"
,"col13":"-139,050"
,"col14":"0"
,"col15":"-139,050"
,"col16":"331,465"
,"col17":""
,"col18":""
,"col19":""
,"col20":""
,"col21":""
,"col22":""
,"col23":""
,"col24":""
,"col25":""
,"col26":""
,"col27":""
,"col28":""
,"col29":""
,"col30":""
,"col31":""
,"col32":""
}
,{
"json_featuretype":"CSV"
,"CITY OF SURREY":"General Operating"
,"col1":"Fire"
,"col2":"Fire - Administration"
,"col3":"0"
,"col4":"-34,266"
,"col5":"0"
,"col6":"-34,266"
,"col7":"2,559,031"
,"col8":"365,081"
,"col9":"4,198"
,"col10":"0"
,"col11":"-15,850"
,"col12":"2,912,460"
,"col13":"0"
,"col14":"0"
,"col15":"0"
,"col16":"2,878,194"
,"col17":""
,"col18":""
,"col19":""
,"col20":""
,"col21":""
,"col22":""
,"col23":""
,"col24":""
,"col25":""
,"col26":""
,"col27":""
,"col28":""
,"col29":""
,"col30":""
,"col31":""
,"col32":""
}
,{
"json_featuretype":"CSV"
,"CITY OF SURREY":"General Operating"
,"col1":"Fire"
,"col2":"Fire - Emergency Planning"
,"col3":"0"
,"col4":"0"
,"col5":"0"
,"col6":"0"
,"col7":"209"
,"col8":"54,630"
,"col9":"1,672"
,"col10":"0"
,"col11":"-2,000"
,"col12":"54,511"
,"col13":"0"
,"col14":"0"
,"col15":"0"
,"col16":"54,511"
,"col17":""
,"col18":""
,"col19":""
,"col20":""
,"col21":""
,"col22":""
,"col23":""
,"col24":""
,"col25":""
,"col26":""
,"col27":""
,"col28":""
,"col29":""
,"col30":""
,"col31":""
,"col32":""
}
,{
"json_featuretype":"CSV"
,"CITY OF SURREY":"General Operating"
,"col1":"Fire"
,"col2":"Fire - Operations"
,"col3":"0"
,"col4":"-280"
,"col5":"0"
,"col6":"-280"
,"col7":"46,583,752"
,"col8":"2,165,886"
,"col9":"165,795"
,"col10":"-26,198"
,"col11":"-409,234"
,"col12":"48,480,001"
,"col13":"0"
,"col14":"1,297,000"
,"col15":"1,297,000"
,"col16":"49,776,721"
,"col17":""
,"col18":""
,"col19":""
,"col20":""
,"col21":""
,"col22":""
,"col23":""
,"col24":""
,"col25":""
,"col26":""
,"col27":""
,"col28":""
,"col29":""
,"col30":""
,"col31":""
,"col32":""
}
,{
"json_featuretype":"CSV"
,"CITY OF SURREY":"General Operating"
,"col1":"Fire"
,"col2":"Fire - Mechanics"
,"col3":"0"
,"col4":"0"
,"col5":"0"
,"col6":"0"
,"col7":"549,878"
,"col8":"537,181"
,"col9":"0"
,"col10":"-73,043"
,"col11":"-1,436"
,"col12":"1,012,580"
,"col13":"0"
,"col14":"0"
,"col15":"0"
,"col16":"1,012,580"
,"col17":""
,"col18":""
,"col19":""
,"col20":""
,"col21":""
,"col22":""
,"col23":""
,"col24":""
,"col25":""
,"col26":""
,"col27":""
,"col28":""
,"col29":""
,"col30":""
,"col31":""
,"col32":""
}
,{
"json_featuretype":"CSV"
,"CITY OF SURREY":"General Operating"
,"col1":"Fire"
,"col2":"Fire - Prevention"
,"col3":"0"
,"col4":"-494,439"
,"col5":"-20,010"
,"col6":"-514,449"
,"col7":"1,164,751"
,"col8":"249,118"
,"col9":"5,352"
,"col10":"0"
,"col11":"-137,386"
,"col12":"1,281,835"
,"col13":"0"
,"col14":"0"
,"col15":"0"
,"col16":"767,386"
,"col17":""
,"col18":""
,"col19":""
,"col20":""
,"col21":""
,"col22":""
,"col23":""
,"col24":""
,"col25":""
,"col26":""
,"col27":""
,"col28":""
,"col29":""
,"col30":""
,"col31":""
,"col32":""
}
,{
"json_featuretype":"CSV"
,"CITY OF SURREY":"General Operating"
,"col1":"Fire"
,"col2":"Fire - Radio & Communications"
,"col3":"0"
,"col4":"-1,432,715"
,"col5":"0"
,"col6":"-1,432,715"
,"col7":"2,667,191"
,"col8":"1,078,227"
,"col9":"0"
,"col10":"0"
,"col11":"-32,430"
,"col12":"3,712,988"
,"col13":"0"
,"col14":"0"
,"col15":"0"
,"col16":"2,280,273"
,"col17":""
,"col18":""
,"col19":""
,"col20":""
,"col21":""
,"col22":""
,"col23":""
,"col24":""
,"col25":""
,"col26":""
,"col27":""
,"col28":""
,"col29":""
,"col30":""
,"col31":""
,"col32":""
}
,{
"json_featuretype":"CSV"
,"CITY OF SURREY":"General Operating"
,"col1":"Fire"
,"col2":"Fire - Training"
,"col3":"0"
,"col4":"-25,750"
,"col5":"0"
,"col6":"-25,750"
,"col7":"767,736"
,"col8":"116,610"
,"col9":"994"
,"col10":"0"
,"col11":"0"
,"col12":"885,340"
,"col13":"0"
,"col14":"0"
,"col15":"0"
,"col16":"859,590"
,"col17":""
,"col18":""
,"col19":""
,"col20":""
,"col21":""
,"col22":""
,"col23":""
,"col24":""
,"col25":""
,"col26":""
,"col27":""
,"col28":""
,"col29":""
,"col30":""
,"col31":""
,"col32":""
}
,{
"json_featuretype":"CSV"
,"CITY OF SURREY":"General Operating"
,"col1":"RCMP"
,"col2":"RCMP - Corporate Services"
,"col3":"0"
,"col4":"0"
,"col5":"-6,099,278"
,"col6":"-6,099,278"
,"col7":"4,036,749"
,"col8":"2,343,980"
,"col9":"205,601"
,"col10":"-4,739"
,"col11":"-896,925"
,"col12":"5,684,666"
,"col13":"0"
,"col14":"54,295"
,"col15":"54,295"
,"col16":"-360,317"
,"col17":""
,"col18":""
,"col19":""
,"col20":""
,"col21":""
,"col22":""
,"col23":""
,"col24":""
,"col25":""
,"col26":""
,"col27":""
,"col28":""
,"col29":""
,"col30":""
,"col31":""
,"col32":""
}
,{
"json_featuretype":"CSV"
,"CITY OF SURREY":"General Operating"
,"col1":"RCMP"
,"col2":"RCMP - Information Services &Technology"
,"col3":"0"
,"col4":"-316,747"
,"col5":"0"
,"col6":"-316,747"
,"col7":"8,450,026"
,"col8":"3,060"
,"col9":"0"
,"col10":"0"
,"col11":"-151,236"
,"col12":"8,301,850"
,"col13":"0"
,"col14":"0"
,"col15":"0"
,"col16":"7,985,103"
,"col17":""
,"col18":""
,"col19":""
,"col20":""
,"col21":""
,"col22":""
,"col23":""
,"col24":""
,"col25":""
,"col26":""
,"col27":""
,"col28":""
,"col29":""
,"col30":""
,"col31":""
,"col32":""
}
,{
"json_featuretype":"CSV"
,"CITY OF SURREY":"General Operating"
,"col1":"RCMP"
,"col2":"RCMP - Management & RCMP Finance"
,"col3":"0"
,"col4":"0"
,"col5":"-99,573"
,"col6":"-99,573"
,"col7":"1,351,792"
,"col8":"111,155"
,"col9":"15,993"
,"col10":"0"
,"col11":"0"
,"col12":"1,478,940"
,"col13":"-99,408"
,"col14":"99,573"
,"col15":"165"
,"col16":"1,379,532"
,"col17":""
,"col18":""
,"col19":""
,"col20":""
,"col21":""
,"col22":""
,"col23":""
,"col24":""
,"col25":""
,"col26":""
,"col27":""
,"col28":""
,"col29":""
,"col30":""
,"col31":""
,"col32":""
}
,{
"json_featuretype":"CSV"
,"CITY OF SURREY":"General Operating"
,"col1":"RCMP"
,"col2":"RCMP - Operations"
,"col3":"0"
,"col4":"-1,001,261"
,"col5":"-339,046"
,"col6":"-1,340,307"
,"col7":"9,752,784"
,"col8":"1,397,854"
,"col9":"92,729"
,"col10":"-16,274"
,"col11":"-185,780"
,"col12":"11,041,313"
,"col13":"0"
,"col14":"0"
,"col15":"0"
,"col16":"9,701,006"
,"col17":""
,"col18":""
,"col19":""
,"col20":""
,"col21":""
,"col22":""
,"col23":""
,"col24":""
,"col25":""
,"col26":""
,"col27":""
,"col28":""
,"col29":""
,"col30":""
,"col31":""
,"col32":""
}
,{
"json_featuretype":"CSV"
,"CITY OF SURREY":"General Operating"
,"col1":"RCMP"
,"col2":"RCMP - Contract"
,"col3":"0"
,"col4":"0"
,"col5":"0"
,"col6":"0"
,"col7":"0"
,"col8":"121,149,330"
,"col9":"0"
,"col10":"-1,115"
,"col11":"-499,296"
,"col12":"120,648,919"
,"col13":"-2,077,079"
,"col14":"1,491,725"
,"col15":"-585,354"
,"col16":"120,063,565"
,"col17":""
,"col18":""
,"col19":""
,"col20":""
,"col21":""
,"col22":""
,"col23":""
,"col24":""
,"col25":""
,"col26":""
,"col27":""
,"col28":""
,"col29":""
,"col30":""
,"col31":""
,"col32":""
}
,{
"json_featuretype":"CSV"
,"CITY OF SURREY":"General Operating"
,"col1":"Parks, Recreation and Culture"
,"col2":"PRC - Administration"
,"col3":"0"
,"col4":"-208,404"
,"col5":"1,000"
,"col6":"-207,404"
,"col7":"2,501,400"
,"col8":"1,285,506"
,"col9":"281,390"
,"col10":"-655,957"
,"col11":"-118,259"
,"col12":"3,294,080"
,"col13":"-87,612"
,"col14":"399,504"
,"col15":"311,892"
,"col16":"3,398,568"
,"col17":""
,"col18":""
,"col19":""
,"col20":""
,"col21":""
,"col22":""
,"col23":""
,"col24":""
,"col25":""
,"col26":""
,"col27":""
,"col28":""
,"col29":""
,"col30":""
,"col31":""
,"col32":""
}
,{
"json_featuretype":"CSV"
,"CITY OF SURREY":"General Operating"
,"col1":"Parks, Recreation and Culture"
,"col2":"PRC - Arenas"
,"col3":"0"
,"col4":"-3,904,544"
,"col5":"0"
,"col6":"-3,904,544"
,"col7":"3,632,117"
,"col8":"1,655,698"
,"col9":"29,985"
,"col10":"-33,403"
,"col11":"-18,315"
,"col12":"5,266,082"
,"col13":"-92,851"
,"col14":"65,000"
,"col15":"-27,851"
,"col16":"1,333,687"
,"col17":""
,"col18":""
,"col19":""
,"col20":""
,"col21":""
,"col22":""
,"col23":""
,"col24":""
,"col25":""
,"col26":""
,"col27":""
,"col28":""
,"col29":""
,"col30":""
,"col31":""
,"col32":""
}
,{
"json_featuretype":"CSV"
,"CITY OF SURREY":"General Operating"
,"col1":"Parks, Recreation and Culture"
,"col2":"PRC - Art Centre"
,"col3":"0"
,"col4":"-1,023,829"
,"col5":"-236,290"
,"col6":"-1,260,119"
,"col7":"2,758,049"
,"col8":"1,719,612"
,"col9":"57,785"
,"col10":"-20,872"
,"col11":"0"
,"col12":"4,514,574"
,"col13":"-444,525"
,"col14":"211,670"
,"col15":"-232,855"
,"col16":"3,021,600"
,"col17":""
,"col18":""
,"col19":""
,"col20":""
,"col21":""
,"col22":""
,"col23":""
,"col24":""
,"col25":""
,"col26":""
,"col27":""
,"col28":""
,"col29":""
,"col30":""
,"col31":""
,"col32":""
}
,{
"json_featuretype":"CSV"
,"CITY OF SURREY":"General Operating"
,"col1":"Parks, Recreation and Culture"
,"col2":"PRC - Community Recreation Services"
,"col3":"134"
,"col4":"-8,695,527"
,"col5":"-400,783"
,"col6":"-9,096,176"
,"col7":"12,920,436"
,"col8":"3,928,525"
,"col9":"306,270"
,"col10":"-194,897"
,"col11":"-107,607"
,"col12":"16,852,727"
,"col13":"-68,094"
,"col14":"16,000"
,"col15":"-52,094"
,"col16":"7,704,457"
,"col17":""
,"col18":""
,"col19":""
,"col20":""
,"col21":""
,"col22":""
,"col23":""
,"col24":""
,"col25":""
,"col26":""
,"col27":""
,"col28":""
,"col29":""
,"col30":""
,"col31":""
,"col32":""
}
,{
"json_featuretype":"CSV"
,"CITY OF SURREY":"General Operating"
,"col1":"Parks, Recreation and Culture"
,"col2":"PRC - Healthy Communities"
,"col3":"0"
,"col4":"-44,520"
,"col5":"-89,788"
,"col6":"-134,308"
,"col7":"1,527,904"
,"col8":"306,056"
,"col9":"116,525"
,"col10":"-26,308"
,"col11":"-67,369"
,"col12":"1,856,808"
,"col13":"0"
,"col14":"0"
,"col15":"0"
,"col16":"1,722,500"
,"col17":""
,"col18":""
,"col19":""
,"col20":""
,"col21":""
,"col22":""
,"col23":""
,"col24":""
,"col25":""
,"col26":""
,"col27":""
,"col28":""
,"col29":""
,"col30":""
,"col31":""
,"col32":""
}
,{
"json_featuretype":"CSV"
,"CITY OF SURREY":"General Operating"
,"col1":"Parks, Recreation and Culture"
,"col2":"PRC - Heritage Services"
,"col3":"0"
,"col4":"-78,338"
,"col5":"-91,154"
,"col6":"-169,492"
,"col7":"1,434,038"
,"col8":"437,891"
,"col9":"35,006"
,"col10":"-40,306"
,"col11":"-2,604"
,"col12":"1,864,025"
,"col13":"-3,813"
,"col14":"0"
,"col15":"-3,813"
,"col16":"1,690,720"
,"col17":""
,"col18":""
,"col19":""
,"col20":""
,"col21":""
,"col22":""
,"col23":""
,"col24":""
,"col25":""
,"col26":""
,"col27":""
,"col28":""
,"col29":""
,"col30":""
,"col31":""
,"col32":""
}
,{
"json_featuretype":"CSV"
,"CITY OF SURREY":"General Operating"
,"col1":"Parks, Recreation and Culture"
,"col2":"PRC - Indoor Pools"
,"col3":"0"
,"col4":"-9,981,352"
,"col5":"-57,978"
,"col6":"-10,039,330"
,"col7":"14,927,957"
,"col8":"3,784,962"
,"col9":"395,898"
,"col10":"-11,448"
,"col11":"-88,899"
,"col12":"19,008,470"
,"col13":"0"
,"col14":"0"
,"col15":"0"
,"col16":"8,969,140"
,"col17":""
,"col18":""
,"col19":""
,"col20":""
,"col21":""
,"col22":""
,"col23":""
,"col24":""
,"col25":""
,"col26":""
,"col27":""
,"col28":""
,"col29":""
,"col30":""
,"col31":""
,"col32":""
}
,{
"json_featuretype":"CSV"
,"CITY OF SURREY":"General Operating"
,"col1":"Parks, Recreation and Culture"
,"col2":"PRC - Marketing"
,"col3":"0"
,"col4":"-60,220"
,"col5":"0"
,"col6":"-60,220"
,"col7":"1,403,837"
,"col8":"736,249"
,"col9":"28,409"
,"col10":"-435,845"
,"col11":"-31,300"
,"col12":"1,701,350"
,"col13":"0"
,"col14":"53,369"
,"col15":"53,369"
,"col16":"1,694,499"
,"col17":""
,"col18":""
,"col19":""
,"col20":""
,"col21":""
,"col22":""
,"col23":""
,"col24":""
,"col25":""
,"col26":""
,"col27":""
,"col28":""
,"col29":""
,"col30":""
,"col31":""
,"col32":""
}
,{
"json_featuretype":"CSV"
,"CITY OF SURREY":"General Operating"
,"col1":"Parks, Recreation and Culture"
,"col2":"PRC - Outdoor Pools"
,"col3":"0"
,"col4":"0"
,"col5":"0"
,"col6":"0"
,"col7":"0"
,"col8":"972,081"
,"col9":"1,240"
,"col10":"0"
,"col11":"-70,433"
,"col12":"902,888"
,"col13":"0"
,"col14":"0"
,"col15":"0"
,"col16":"902,888"
,"col17":""
,"col18":""
,"col19":""
,"col20":""
,"col21":""
,"col22":""
,"col23":""
,"col24":""
,"col25":""
,"col26":""
,"col27":""
,"col28":""
,"col29":""
,"col30":""
,"col31":""
,"col32":""
}
,{
"json_featuretype":"CSV"
,"CITY OF SURREY":"General Operating"
,"col1":"Parks, Recreation and Culture"
,"col2":"PRC - Parks Division"
,"col3":"0"
,"col4":"-3,119,238"
,"col5":"-1,968,587"
,"col6":"-5,087,825"
,"col7":"13,539,334"
,"col8":"17,110,142"
,"col9":"15,494,554"
,"col10":"-14,487,398"
,"col11":"-426,143"
,"col12":"31,230,489"
,"col13":"-5,088,482"
,"col14":"2,909,615"
,"col15":"-2,178,867"
,"col16":"23,963,797"
,"col17":""
,"col18":""
,"col19":""
,"col20":""
,"col21":""
,"col22":""
,"col23":""
,"col24":""
,"col25":""
,"col26":""
,"col27":""
,"col28":""
,"col29":""
,"col30":""
,"col31":""
,"col32":""
}
,{
"json_featuretype":"CSV"
,"CITY OF SURREY":"General Operating"
,"col1":"Engineering"
,"col2":"Eng - Operations"
,"col3":"0"
,"col4":"-11,030"
,"col5":"0"
,"col6":"-11,030"
,"col7":"24,602,919"
,"col8":"5,792,880"
,"col9":"4,353,410"
,"col10":"-37,708,963"
,"col11":"-147,237"
,"col12":"-3,106,991"
,"col13":"0"
,"col14":"2,563,822"
,"col15":"2,563,822"
,"col16":"-554,199"
,"col17":""
,"col18":""
,"col19":""
,"col20":""
,"col21":""
,"col22":""
,"col23":""
,"col24":""
,"col25":""
,"col26":""
,"col27":""
,"col28":""
,"col29":""
,"col30":""
,"col31":""
,"col32":""
}
,{
"json_featuretype":"CSV"
,"CITY OF SURREY":"General Operating"
,"col1":"Engineering"
,"col2":"Eng - Professional Services"
,"col3":"0"
,"col4":"-35,960"
,"col5":"-86,704"
,"col6":"-122,664"
,"col7":"7,066,276"
,"col8":"429,584"
,"col9":"1,349,305"
,"col10":"-7,456,567"
,"col11":"-1,620"
,"col12":"1,386,978"
,"col13":"-5,313"
,"col14":"14,560"
,"col15":"9,247"
,"col16":"1,273,561"
,"col17":""
,"col18":""
,"col19":""
,"col20":""
,"col21":""
,"col22":""
,"col23":""
,"col24":""
,"col25":""
,"col26":""
,"col27":""
,"col28":""
,"col29":""
,"col30":""
,"col31":""
,"col32":""
}
,{
"json_featuretype":"CSV"
,"CITY OF SURREY":"General Operating"
,"col1":"Engineering"
,"col2":"Eng - Land Development"
,"col3":"0"
,"col4":"-5,510,083"
,"col5":"-465,548"
,"col6":"-5,975,631"
,"col7":"3,041,195"
,"col8":"1,036,000"
,"col9":"3,203,822"
,"col10":"-263,511"
,"col11":"-2,202,694"
,"col12":"4,814,812"
,"col13":"-75,644"
,"col14":"750,000"
,"col15":"674,356"
,"col16":"-486,463"
,"col17":""
,"col18":""
,"col19":""
,"col20":""
,"col21":""
,"col22":""
,"col23":""
,"col24":""
,"col25":""
,"col26":""
,"col27":""
,"col28":""
,"col29":""
,"col30":""
,"col31":""
,"col32":""
}
,{
"json_featuretype":"CSV"
,"CITY OF SURREY":"General Operating"
,"col1":"Engineering"
,"col2":"Eng - Realty Services"
,"col3":"0"
,"col4":"-87,334"
,"col5":"-1,699,525"
,"col6":"-1,786,859"
,"col7":"2,119,221"
,"col8":"2,003,214"
,"col9":"764,459"
,"col10":"-2,376,779"
,"col11":"-1,893"
,"col12":"2,508,222"
,"col13":"-183,847"
,"col14":"233,000"
,"col15":"49,153"
,"col16":"770,516"
,"col17":""
,"col18":""
,"col19":""
,"col20":""
,"col21":""
,"col22":""
,"col23":""
,"col24":""
,"col25":""
,"col26":""
,"col27":""
,"col28":""
,"col29":""
,"col30":""
,"col31":""
,"col32":""
}
,{
"json_featuretype":"CSV"
,"CITY OF SURREY":"Solid Waste Operating"
,"col1":"Engineering"
,"col2":"N/A"
,"col3":"0"
,"col4":"-39,745,484"
,"col5":"-139,000"
,"col6":"-39,884,484"
,"col7":"0"
,"col8":"24,117,720"
,"col9":"3,668,447"
,"col10":"-233,147"
,"col11":"-73,889"
,"col12":"27,479,131"
,"col13":"-1,842,676"
,"col14":"14,248,029"
,"col15":"12,405,353"
,"col16":"0"
,"col17":""
,"col18":""
,"col19":""
,"col20":""
,"col21":""
,"col22":""
,"col23":""
,"col24":""
,"col25":""
,"col26":""
,"col27":""
,"col28":""
,"col29":""
,"col30":""
,"col31":""
,"col32":""
}
,{
"json_featuretype":"CSV"
,"CITY OF SURREY":"Transportation Operating"
,"col1":"Engineering"
,"col2":"N/A"
,"col3":"-22,800,730"
,"col4":"-96,982"
,"col5":"-660,009"
,"col6":"-23,557,721"
,"col7":"5,082,107"
,"col8":"19,415,681"
,"col9":"14,710,486"
,"col10":"-5,357,977"
,"col11":"-3,818,716"
,"col12":"30,031,581"
,"col13":"-56,387,391"
,"col14":"49,913,531"
,"col15":"-6,473,860"
,"col16":"0"
,"col17":""
,"col18":""
,"col19":""
,"col20":""
,"col21":""
,"col22":""
,"col23":""
,"col24":""
,"col25":""
,"col26":""
,"col27":""
,"col28":""
,"col29":""
,"col30":""
,"col31":""
,"col32":""
}
,{
"json_featuretype":"CSV"
,"CITY OF SURREY":"Parking Operating"
,"col1":"Engineering"
,"col2":"N/A"
,"col3":"0"
,"col4":"-2,765,759"
,"col5":"-615,005"
,"col6":"-3,380,764"
,"col7":"626,275"
,"col8":"663,553"
,"col9":"9,893"
,"col10":"-69,931"
,"col11":"-875"
,"col12":"1,228,915"
,"col13":"-814,614"
,"col14":"2,966,463"
,"col15":"2,151,849"
,"col16":"0"
,"col17":""
,"col18":""
,"col19":""
,"col20":""
,"col21":""
,"col22":""
,"col23":""
,"col24":""
,"col25":""
,"col26":""
,"col27":""
,"col28":""
,"col29":""
,"col30":""
,"col31":""
,"col32":""
}
,{
"json_featuretype":"CSV"
,"CITY OF SURREY":"Energy Operating"
,"col1":"Engineering"
,"col2":"N/A"
,"col3":"0"
,"col4":"-283,057"
,"col5":"0"
,"col6":"-283,057"
,"col7":"371,855"
,"col8":"254,191"
,"col9":"166,184"
,"col10":"-397,117"
,"col11":"0"
,"col12":"395,113"
,"col13":"-18,466,514"
,"col14":"18,354,458"
,"col15":"-112,056"
,"col16":"0"
,"col17":""
,"col18":""
,"col19":""
,"col20":""
,"col21":""
,"col22":""
,"col23":""
,"col24":""
,"col25":""
,"col26":""
,"col27":""
,"col28":""
,"col29":""
,"col30":""
,"col31":""
,"col32":""
}
,{
"json_featuretype":"CSV"
,"CITY OF SURREY":"Water Operating"
,"col1":"Engineering"
,"col2":"N/A"
,"col3":"-113,173"
,"col4":"-71,090,877"
,"col5":"-1,560,502"
,"col6":"-72,764,552"
,"col7":"0"
,"col8":"49,156,646"
,"col9":"9,904,933"
,"col10":"-569,579"
,"col11":"-1,600,041"
,"col12":"56,891,959"
,"col13":"-16,176,396"
,"col14":"32,048,989"
,"col15":"15,872,593"
,"col16":"0"
,"col17":""
,"col18":""
,"col19":""
,"col20":""
,"col21":""
,"col22":""
,"col23":""
,"col24":""
,"col25":""
,"col26":""
,"col27":""
,"col28":""
,"col29":""
,"col30":""
,"col31":""
,"col32":""
}
,{
"json_featuretype":"CSV"
,"CITY OF SURREY":"Sewer Operating"
,"col1":"Engineering"
,"col2":"N/A"
,"col3":"-2,244,108"
,"col4":"-48,014,943"
,"col5":"-838,073"
,"col6":"-51,097,124"
,"col7":"0"
,"col8":"41,091,302"
,"col9":"10,366,880"
,"col10":"-7,907,885"
,"col11":"-70,691"
,"col12":"43,479,606"
,"col13":"-19,217,939"
,"col14":"26,835,457"
,"col15":"7,617,518"
,"col16":"0"
,"col17":""
,"col18":""
,"col19":""
,"col20":""
,"col21":""
,"col22":""
,"col23":""
,"col24":""
,"col25":""
,"col26":""
,"col27":""
,"col28":""
,"col29":""
,"col30":""
,"col31":""
,"col32":""
}
,{
"json_featuretype":"CSV"
,"CITY OF SURREY":"Drainage Operating"
,"col1":"Engineering"
,"col2":"N/A"
,"col3":"-33,745,502"
,"col4":"-25"
,"col5":"-388,530"
,"col6":"-34,134,057"
,"col7":"0"
,"col8":"6,163,929"
,"col9":"6,355,650"
,"col10":"-77,496"
,"col11":"-36,764"
,"col12":"12,405,319"
,"col13":"-20,050,671"
,"col14":"41,779,409"
,"col15":"21,728,738"
,"col16":"0"
,"col17":""
,"col18":""
,"col19":""
,"col20":""
,"col21":""
,"col22":""
,"col23":""
,"col24":""
,"col25":""
,"col26":""
,"col27":""
,"col28":""
,"col29":""
,"col30":""
,"col31":""
,"col32":""
}
,{
"json_featuretype":"CSV"
,"CITY OF SURREY":"Surrey Public Library Operating"
,"col1":"Library"
,"col2":"Lib - Administration"
,"col3":"0"
,"col4":"-6,854"
,"col5":"-1,010,312"
,"col6":"-1,017,166"
,"col7":"857,850"
,"col8":"282,872"
,"col9":"26,342"
,"col10":"-14,580"
,"col11":"-5,051"
,"col12":"1,147,433"
,"col13":"-14,919,020"
,"col14":"0"
,"col15":"-14,919,020"
,"col16":"-14,788,753"
,"col17":""
,"col18":""
,"col19":""
,"col20":""
,"col21":""
,"col22":""
,"col23":""
,"col24":""
,"col25":""
,"col26":""
,"col27":""
,"col28":""
,"col29":""
,"col30":""
,"col31":""
,"col32":""
}
,{
"json_featuretype":"CSV"
,"CITY OF SURREY":"Surrey Public Library Operating"
,"col1":"Library"
,"col2":"Lib - Public Services"
,"col3":"0"
,"col4":"-248,471"
,"col5":"-357,270"
,"col6":"-605,741"
,"col7":"12,423,782"
,"col8":"2,705,066"
,"col9":"307,813"
,"col10":"-2,855"
,"col11":"-39,312"
,"col12":"15,394,494"
,"col13":"0"
,"col14":"0"
,"col15":"0"
,"col16":"14,788,753"
,"col17":""
,"col18":""
,"col19":""
,"col20":""
,"col21":""
,"col22":""
,"col23":""
,"col24":""
,"col25":""
,"col26":""
,"col27":""
,"col28":""
,"col29":""
,"col30":""
,"col31":""
,"col32":""
}
,{
"json_featuretype":"CSV"
,"CITY OF SURREY":""
,"col1":""
,"col2":""
,"col3":""
,"col4":""
,"col5":""
,"col6":""
,"col7":""
,"col8":""
,"col9":""
,"col10":""
,"col11":""
,"col12":""
,"col13":""
,"col14":""
,"col15":""
,"col16":""
,"col17":""
,"col18":""
,"col19":""
,"col20":""
,"col21":""
,"col22":""
,"col23":""
,"col24":""
,"col25":""
,"col26":""
,"col27":""
,"col28":""
,"col29":""
,"col30":""
,"col31":""
,"col32":""
}
,{
"json_featuretype":"CSV"
,"CITY OF SURREY":"TOTAL"
,"col1":""
,"col2":""
,"col3":"-365,982,137"
,"col4":"-226,755,845"
,"col5":"-80,957,574"
,"col6":"-673,695,556"
,"col7":"243,521,365"
,"col8":"352,672,660"
,"col9":"77,282,488"
,"col10":"-85,729,782"
,"col11":"-12,933,959"
,"col12":"574,812,772"
,"col13":"-214,404,668"
,"col14":"313,287,452"
,"col15":"98,882,784"
,"col16":"0"
,"col17":""
,"col18":""
,"col19":""
,"col20":""
,"col21":""
,"col22":""
,"col23":""
,"col24":""
,"col25":""
,"col26":""
,"col27":""
,"col28":""
,"col29":""
,"col30":""
,"col31":""
,"col32":""
}
,{
"json_featuretype":"CSV"
,"CITY OF SURREY":""
,"col1":""
,"col2":""
,"col3":""
,"col4":""
,"col5":""
,"col6":""
,"col7":""
,"col8":""
,"col9":""
,"col10":""
,"col11":""
,"col12":""
,"col13":""
,"col14":""
,"col15":""
,"col16":""
,"col17":""
,"col18":""
,"col19":""
,"col20":""
,"col21":""
,"col22":""
,"col23":""
,"col24":""
,"col25":""
,"col26":""
,"col27":""
,"col28":""
,"col29":""
,"col30":""
,"col31":""
,"col32":""
}
,{
"json_featuretype":"CSV"
,"CITY OF SURREY":"CROSS CHECK"
,"col1":""
,"col2":""
,"col3":""
,"col4":""
,"col5":""
,"col6":""
,"col7":""
,"col8":""
,"col9":""
,"col10":""
,"col11":""
,"col12":""
,"col13":""
,"col14":""
,"col15":""
,"col16":"0"
,"col17":""
,"col18":""
,"col19":""
,"col20":""
,"col21":""
,"col22":""
,"col23":""
,"col24":""
,"col25":""
,"col26":""
,"col27":""
,"col28":""
,"col29":""
,"col30":""
,"col31":""
,"col32":""
}
,{
"json_featuretype":"CSV"
,"CITY OF SURREY":""
,"col1":""
,"col2":""
,"col3":""
,"col4":""
,"col5":""
,"col6":""
,"col7":""
,"col8":""
,"col9":""
,"col10":""
,"col11":""
,"col12":""
,"col13":""
,"col14":""
,"col15":""
,"col16":""
,"col17":""
,"col18":""
,"col19":""
,"col20":""
,"col21":""
,"col22":""
,"col23":""
,"col24":""
,"col25":""
,"col26":""
,"col27":""
,"col28":""
,"col29":""
,"col30":""
,"col31":""
,"col32":""
}
]