{
	"name" : "drainage_pump_stations",
	"type" : "FeatureCollection",
	"crs" : {
		"type" : "name",
		"properties" : {
			"name" : "EPSG:26910"
		}
	},
	"features" : [
		{
			"type" : "Feature",
			"geometry" : {
				"type" : "Point",
				"coordinates" : [ 515748.07101562526, 5440234.033671875 ]
			},
			"properties" : {
				"ANCILLARYROLE" : null,
				"ENABLED" : 1,
				"FACILITYID" : "1001925204",
				"LEGACYID" : null,
				"NODE_NO" : "1581106180",
				"DEBRIS_BOOM" : "Yes",
				"INTEGRATED_FLAPGATE" : "No",
				"INTEGRATED_SLUICEGATE" : "Yes",
				"IRRIGATION" : null,
				"RIVER_MONITOR" : null,
				"WS_PUMP_LEVEL_ON" : null,
				"WS_PUMP_LEVEL_OFF" : null,
				"GS_PUMP_LEVEL_ON" : null,
				"GS_PUMP_LEVEL_OFF" : null,
				"MAX_DISCHARGE_PUMPS" : null,
				"DISCHARGES_TO" : "Serpentine River",
				"STATUS" : "In Service",
				"OPERATING_STATUS" : "Open",
				"YR" : 2017,
				"OWNER" : "Surrey",
				"PROJECT_NO" : "4815-4060-00",
				"NAME" : "HARVEST DS",
				"LOCATION" : "6176 156 ST",
				"COMMENTS" : "Previously known as Finlay",
				"GIS_ENTRY_STAGE" : "Initial AB",
				"WARRANTYDATE" : null,
				"CONDITION" : null,
				"CONDITIONDATE" : null,
				"YTD_COST" : null,
				"LIFECYCLE_COST" : null,
				"CAPACITY" : null,
				"CONTRACTOR_ID" : null,
				"CRE_DATE" : "20170330",
				"MOD_DATE" : "20180321"
			}
		},
		{
			"type" : "Feature",
			"geometry" : {
				"type" : "Point",
				"coordinates" : [ 520152.4774218751, 5437291.494140625 ]
			},
			"properties" : {
				"ANCILLARYROLE" : 0,
				"ENABLED" : 1,
				"FACILITYID" : "1000609400",
				"LEGACYID" : "398748",
				"NODE_NO" : "1800004717",
				"DEBRIS_BOOM" : null,
				"INTEGRATED_FLAPGATE" : null,
				"INTEGRATED_SLUICEGATE" : null,
				"IRRIGATION" : null,
				"RIVER_MONITOR" : "No",
				"WS_PUMP_LEVEL_ON" : null,
				"WS_PUMP_LEVEL_OFF" : null,
				"GS_PUMP_LEVEL_ON" : null,
				"GS_PUMP_LEVEL_OFF" : null,
				"MAX_DISCHARGE_PUMPS" : null,
				"DISCHARGES_TO" : null,
				"STATUS" : "In Service",
				"OPERATING_STATUS" : "Open",
				"YR" : 1995,
				"OWNER" : "Surrey",
				"PROJECT_NO" : "4894-4020-00",
				"NAME" : "HALLS PRAIRIE DS OLD",
				"LOCATION" : "4750 180 ST",
				"COMMENTS" : "ORIGINAL PUMP 1967",
				"GIS_ENTRY_STAGE" : "Final AB",
				"WARRANTYDATE" : null,
				"CONDITION" : null,
				"CONDITIONDATE" : null,
				"YTD_COST" : null,
				"LIFECYCLE_COST" : null,
				"CAPACITY" : null,
				"CONTRACTOR_ID" : null,
				"CRE_DATE" : "20000101",
				"MOD_DATE" : "20171025"
			}
		},
		{
			"type" : "Feature",
			"geometry" : {
				"type" : "Point",
				"coordinates" : [ 513686.9257031251, 5437474.059296874 ]
			},
			"properties" : {
				"ANCILLARYROLE" : 0,
				"ENABLED" : 1,
				"FACILITYID" : "1000609404",
				"LEGACYID" : "455669",
				"NODE_NO" : "1478604808",
				"DEBRIS_BOOM" : null,
				"INTEGRATED_FLAPGATE" : null,
				"INTEGRATED_SLUICEGATE" : null,
				"IRRIGATION" : null,
				"RIVER_MONITOR" : "No",
				"WS_PUMP_LEVEL_ON" : null,
				"WS_PUMP_LEVEL_OFF" : null,
				"GS_PUMP_LEVEL_ON" : null,
				"GS_PUMP_LEVEL_OFF" : null,
				"MAX_DISCHARGE_PUMPS" : null,
				"DISCHARGES_TO" : null,
				"STATUS" : "In Service",
				"OPERATING_STATUS" : "Open",
				"YR" : 1995,
				"OWNER" : "Surrey",
				"PROJECT_NO" : "7892-0609-00",
				"NAME" : "PANORAMA DS OLD",
				"LOCATION" : "48 AVE & 148 ST",
				"COMMENTS" : null,
				"GIS_ENTRY_STAGE" : "Final AB",
				"WARRANTYDATE" : null,
				"CONDITION" : null,
				"CONDITIONDATE" : null,
				"YTD_COST" : null,
				"LIFECYCLE_COST" : null,
				"CAPACITY" : null,
				"CONTRACTOR_ID" : null,
				"CRE_DATE" : "20031201",
				"MOD_DATE" : "20171025"
			}
		},
		{
			"type" : "Feature",
			"geometry" : {
				"type" : "Point",
				"coordinates" : [ 516774.09132812545, 5436616.20546875 ]
			},
			"properties" : {
				"ANCILLARYROLE" : 0,
				"ENABLED" : 1,
				"FACILITYID" : "1000609419",
				"LEGACYID" : "455626",
				"NODE_NO" : "1632104381",
				"DEBRIS_BOOM" : null,
				"INTEGRATED_FLAPGATE" : null,
				"INTEGRATED_SLUICEGATE" : null,
				"IRRIGATION" : null,
				"RIVER_MONITOR" : "Yes",
				"WS_PUMP_LEVEL_ON" : null,
				"WS_PUMP_LEVEL_OFF" : null,
				"GS_PUMP_LEVEL_ON" : null,
				"GS_PUMP_LEVEL_OFF" : null,
				"MAX_DISCHARGE_PUMPS" : null,
				"DISCHARGES_TO" : null,
				"STATUS" : "In Service",
				"OPERATING_STATUS" : "Open",
				"YR" : 1980,
				"OWNER" : "Surrey",
				"PROJECT_NO" : "D-030",
				"NAME" : "LOGGING DITCH DS",
				"LOCATION" : "16300 44 AVE",
				"COMMENTS" : "3 PUMPS, SCREW PUMPS ADDED 2006",
				"GIS_ENTRY_STAGE" : "Final AB",
				"WARRANTYDATE" : null,
				"CONDITION" : null,
				"CONDITIONDATE" : null,
				"YTD_COST" : null,
				"LIFECYCLE_COST" : null,
				"CAPACITY" : null,
				"CONTRACTOR_ID" : null,
				"CRE_DATE" : "20000101",
				"MOD_DATE" : "20171025"
			}
		},
		{
			"type" : "Feature",
			"geometry" : {
				"type" : "Point",
				"coordinates" : [ 520156.5293749999, 5437302.409453126 ]
			},
			"properties" : {
				"ANCILLARYROLE" : null,
				"ENABLED" : 1,
				"FACILITYID" : "1001950529",
				"LEGACYID" : null,
				"NODE_NO" : "1800204723",
				"DEBRIS_BOOM" : "Yes",
				"INTEGRATED_FLAPGATE" : null,
				"INTEGRATED_SLUICEGATE" : null,
				"IRRIGATION" : null,
				"RIVER_MONITOR" : null,
				"WS_PUMP_LEVEL_ON" : null,
				"WS_PUMP_LEVEL_OFF" : null,
				"GS_PUMP_LEVEL_ON" : null,
				"GS_PUMP_LEVEL_OFF" : null,
				"MAX_DISCHARGE_PUMPS" : null,
				"DISCHARGES_TO" : "Nicomekl River",
				"STATUS" : "In Service",
				"OPERATING_STATUS" : "Open",
				"YR" : 2017,
				"OWNER" : "Surrey",
				"PROJECT_NO" : "4815-4140-00",
				"NAME" : "HALLS PRAIRIE DS",
				"LOCATION" : "180 St  &  4720blk",
				"COMMENTS" : null,
				"GIS_ENTRY_STAGE" : "Final AB",
				"WARRANTYDATE" : null,
				"CONDITION" : null,
				"CONDITIONDATE" : null,
				"YTD_COST" : null,
				"LIFECYCLE_COST" : null,
				"CAPACITY" : null,
				"CONTRACTOR_ID" : null,
				"CRE_DATE" : "20171010",
				"MOD_DATE" : "20171025"
			}
		},
		{
			"type" : "Feature",
			"geometry" : {
				"type" : "Point",
				"coordinates" : [ 513681.9450000003, 5437483.462031251 ]
			},
			"properties" : {
				"ANCILLARYROLE" : null,
				"ENABLED" : 1,
				"FACILITYID" : "1001950632",
				"LEGACYID" : null,
				"NODE_NO" : "1478304813",
				"DEBRIS_BOOM" : "Yes",
				"INTEGRATED_FLAPGATE" : null,
				"INTEGRATED_SLUICEGATE" : null,
				"IRRIGATION" : null,
				"RIVER_MONITOR" : null,
				"WS_PUMP_LEVEL_ON" : null,
				"WS_PUMP_LEVEL_OFF" : null,
				"GS_PUMP_LEVEL_ON" : null,
				"GS_PUMP_LEVEL_OFF" : null,
				"MAX_DISCHARGE_PUMPS" : null,
				"DISCHARGES_TO" : "Serpentine River",
				"STATUS" : "In Service",
				"OPERATING_STATUS" : "Open",
				"YR" : 2017,
				"OWNER" : "Surrey",
				"PROJECT_NO" : "4815-4130-00",
				"NAME" : "PANORAMA DS",
				"LOCATION" : "148 St  &  48 Ave",
				"COMMENTS" : null,
				"GIS_ENTRY_STAGE" : "Final AB",
				"WARRANTYDATE" : null,
				"CONDITION" : null,
				"CONDITIONDATE" : null,
				"YTD_COST" : null,
				"LIFECYCLE_COST" : null,
				"CAPACITY" : null,
				"CONTRACTOR_ID" : null,
				"CRE_DATE" : "20171010",
				"MOD_DATE" : "20171025"
			}
		},
		{
			"type" : "Feature",
			"geometry" : {
				"type" : "Point",
				"coordinates" : [ 516860.6741406247, 5441440.836328125 ]
			},
			"properties" : {
				"ANCILLARYROLE" : 0,
				"ENABLED" : 1,
				"FACILITYID" : "1000609412",
				"LEGACYID" : "455657",
				"NODE_NO" : "1636406780",
				"DEBRIS_BOOM" : null,
				"INTEGRATED_FLAPGATE" : null,
				"INTEGRATED_SLUICEGATE" : null,
				"IRRIGATION" : null,
				"RIVER_MONITOR" : null,
				"WS_PUMP_LEVEL_ON" : null,
				"WS_PUMP_LEVEL_OFF" : null,
				"GS_PUMP_LEVEL_ON" : null,
				"GS_PUMP_LEVEL_OFF" : null,
				"MAX_DISCHARGE_PUMPS" : null,
				"DISCHARGES_TO" : null,
				"STATUS" : "In Service",
				"OPERATING_STATUS" : "Open",
				"YR" : null,
				"OWNER" : "Private",
				"PROJECT_NO" : "D-845-2",
				"NAME" : "CENTRAL SURREY DS (PRIVATE)",
				"LOCATION" : "NORTHVIEW GOLF COURSE",
				"COMMENTS" : "OLD NAME \"BROWN ROAD\"",
				"GIS_ENTRY_STAGE" : "Final AB",
				"WARRANTYDATE" : null,
				"CONDITION" : null,
				"CONDITIONDATE" : null,
				"YTD_COST" : null,
				"LIFECYCLE_COST" : null,
				"CAPACITY" : null,
				"CONTRACTOR_ID" : null,
				"CRE_DATE" : "20040721",
				"MOD_DATE" : "20170413"
			}
		},
		{
			"type" : "Feature",
			"geometry" : {
				"type" : "Point",
				"coordinates" : [ 516471.80320312455, 5440675.744999999 ]
			},
			"properties" : {
				"ANCILLARYROLE" : 0,
				"ENABLED" : 1,
				"FACILITYID" : "1000609423",
				"LEGACYID" : "455646",
				"NODE_NO" : "1617006399",
				"DEBRIS_BOOM" : null,
				"INTEGRATED_FLAPGATE" : null,
				"INTEGRATED_SLUICEGATE" : null,
				"IRRIGATION" : null,
				"RIVER_MONITOR" : "Yes",
				"WS_PUMP_LEVEL_ON" : null,
				"WS_PUMP_LEVEL_OFF" : null,
				"GS_PUMP_LEVEL_ON" : null,
				"GS_PUMP_LEVEL_OFF" : null,
				"MAX_DISCHARGE_PUMPS" : null,
				"DISCHARGES_TO" : null,
				"STATUS" : "In Service",
				"OPERATING_STATUS" : "Open",
				"YR" : 1990,
				"OWNER" : "Surrey",
				"PROJECT_NO" : "D-845-2",
				"NAME" : "64 AVENUE DS",
				"LOCATION" : "16280 64 AVE",
				"COMMENTS" : null,
				"GIS_ENTRY_STAGE" : "Final AB",
				"WARRANTYDATE" : null,
				"CONDITION" : null,
				"CONDITIONDATE" : null,
				"YTD_COST" : null,
				"LIFECYCLE_COST" : null,
				"CAPACITY" : null,
				"CONTRACTOR_ID" : null,
				"CRE_DATE" : "20040813",
				"MOD_DATE" : "20170413"
			}
		},
		{
			"type" : "Feature",
			"geometry" : {
				"type" : "Point",
				"coordinates" : [ 508087.5191406254, 5450382.297578124 ]
			},
			"properties" : {
				"ANCILLARYROLE" : null,
				"ENABLED" : 1,
				"FACILITYID" : "1001150988",
				"LEGACYID" : null,
				"NODE_NO" : "1200311225",
				"DEBRIS_BOOM" : null,
				"INTEGRATED_FLAPGATE" : null,
				"INTEGRATED_SLUICEGATE" : null,
				"IRRIGATION" : null,
				"RIVER_MONITOR" : null,
				"WS_PUMP_LEVEL_ON" : null,
				"WS_PUMP_LEVEL_OFF" : null,
				"GS_PUMP_LEVEL_ON" : null,
				"GS_PUMP_LEVEL_OFF" : null,
				"MAX_DISCHARGE_PUMPS" : null,
				"DISCHARGES_TO" : null,
				"STATUS" : "In Service",
				"OPERATING_STATUS" : "Open",
				"YR" : 2014,
				"OWNER" : "Surrey",
				"PROJECT_NO" : "4809-3090-00",
				"NAME" : "PATTULLO DS",
				"LOCATION" : "11933 OLD YALE RD - PATTULLO BRIDGE",
				"COMMENTS" : null,
				"GIS_ENTRY_STAGE" : "Initial AB",
				"WARRANTYDATE" : null,
				"CONDITION" : null,
				"CONDITIONDATE" : null,
				"YTD_COST" : null,
				"LIFECYCLE_COST" : null,
				"CAPACITY" : null,
				"CONTRACTOR_ID" : null,
				"CRE_DATE" : "20100224",
				"MOD_DATE" : "20170413"
			}
		},
		{
			"type" : "Feature",
			"geometry" : {
				"type" : "Point",
				"coordinates" : [ 519940.5906250002, 5444567.906953124 ]
			},
			"properties" : {
				"ANCILLARYROLE" : null,
				"ENABLED" : 1,
				"FACILITYID" : "1001196511",
				"LEGACYID" : null,
				"NODE_NO" : "1789508334",
				"DEBRIS_BOOM" : null,
				"INTEGRATED_FLAPGATE" : null,
				"INTEGRATED_SLUICEGATE" : null,
				"IRRIGATION" : null,
				"RIVER_MONITOR" : null,
				"WS_PUMP_LEVEL_ON" : null,
				"WS_PUMP_LEVEL_OFF" : null,
				"GS_PUMP_LEVEL_ON" : null,
				"GS_PUMP_LEVEL_OFF" : null,
				"MAX_DISCHARGE_PUMPS" : null,
				"DISCHARGES_TO" : null,
				"STATUS" : "In Service",
				"OPERATING_STATUS" : "Open",
				"YR" : null,
				"OWNER" : "Private",
				"PROJECT_NO" : null,
				"NAME" : "83 AVE DS (PRIVATE)",
				"LOCATION" : "8352 176 ST",
				"COMMENTS" : "Private Field Discharge",
				"GIS_ENTRY_STAGE" : null,
				"WARRANTYDATE" : null,
				"CONDITION" : null,
				"CONDITIONDATE" : null,
				"YTD_COST" : null,
				"LIFECYCLE_COST" : null,
				"CAPACITY" : null,
				"CONTRACTOR_ID" : null,
				"CRE_DATE" : "20110502",
				"MOD_DATE" : "20170413"
			}
		},
		{
			"type" : "Feature",
			"geometry" : {
				"type" : "Point",
				"coordinates" : [ 509221.7027343754, 5433737.8734375 ]
			},
			"properties" : {
				"ANCILLARYROLE" : null,
				"ENABLED" : 1,
				"FACILITYID" : "1001411920",
				"LEGACYID" : null,
				"NODE_NO" : "1256602951",
				"DEBRIS_BOOM" : "Yes",
				"INTEGRATED_FLAPGATE" : "Yes",
				"INTEGRATED_SLUICEGATE" : "Yes",
				"IRRIGATION" : null,
				"RIVER_MONITOR" : null,
				"WS_PUMP_LEVEL_ON" : null,
				"WS_PUMP_LEVEL_OFF" : null,
				"GS_PUMP_LEVEL_ON" : null,
				"GS_PUMP_LEVEL_OFF" : null,
				"MAX_DISCHARGE_PUMPS" : null,
				"DISCHARGES_TO" : "Mud Bay",
				"STATUS" : "In Service",
				"OPERATING_STATUS" : "Open",
				"YR" : 2013,
				"OWNER" : "Surrey",
				"PROJECT_NO" : "4810-3020-00",
				"NAME" : "MAPLE STREET DS",
				"LOCATION" : "12345 SULLIVAN ST",
				"COMMENTS" : "New Maple Street Drainage Station",
				"GIS_ENTRY_STAGE" : "Final AB",
				"WARRANTYDATE" : null,
				"CONDITION" : "New",
				"CONDITIONDATE" : "20130419",
				"YTD_COST" : null,
				"LIFECYCLE_COST" : null,
				"CAPACITY" : null,
				"CONTRACTOR_ID" : null,
				"CRE_DATE" : "20120507",
				"MOD_DATE" : "20170413"
			}
		},
		{
			"type" : "Feature",
			"geometry" : {
				"type" : "Point",
				"coordinates" : [ 519099.4009375004, 5442966.974765625 ]
			},
			"properties" : {
				"ANCILLARYROLE" : null,
				"ENABLED" : 1,
				"FACILITYID" : "1001565749",
				"LEGACYID" : null,
				"NODE_NO" : "1747607538",
				"DEBRIS_BOOM" : null,
				"INTEGRATED_FLAPGATE" : null,
				"INTEGRATED_SLUICEGATE" : null,
				"IRRIGATION" : null,
				"RIVER_MONITOR" : null,
				"WS_PUMP_LEVEL_ON" : null,
				"WS_PUMP_LEVEL_OFF" : null,
				"GS_PUMP_LEVEL_ON" : null,
				"GS_PUMP_LEVEL_OFF" : null,
				"MAX_DISCHARGE_PUMPS" : null,
				"DISCHARGES_TO" : "Serpentine River",
				"STATUS" : "In Service",
				"OPERATING_STATUS" : "Open",
				"YR" : null,
				"OWNER" : "Private",
				"PROJECT_NO" : null,
				"NAME" : "LIVINGSTON DS (PRIVATE)",
				"LOCATION" : "FRASER HWY & HWY 15 (SOUTHWEST CORNER)",
				"COMMENTS" : "EAST OF SERPENTINE",
				"GIS_ENTRY_STAGE" : null,
				"WARRANTYDATE" : null,
				"CONDITION" : null,
				"CONDITIONDATE" : null,
				"YTD_COST" : null,
				"LIFECYCLE_COST" : null,
				"CAPACITY" : null,
				"CONTRACTOR_ID" : null,
				"CRE_DATE" : "20130130",
				"MOD_DATE" : "20170413"
			}
		},
		{
			"type" : "Feature",
			"geometry" : {
				"type" : "Point",
				"coordinates" : [ 519049.32742187474, 5443007.491250001 ]
			},
			"properties" : {
				"ANCILLARYROLE" : null,
				"ENABLED" : 1,
				"FACILITYID" : "1001565775",
				"LEGACYID" : null,
				"NODE_NO" : "1745207559",
				"DEBRIS_BOOM" : null,
				"INTEGRATED_FLAPGATE" : null,
				"INTEGRATED_SLUICEGATE" : null,
				"IRRIGATION" : null,
				"RIVER_MONITOR" : null,
				"WS_PUMP_LEVEL_ON" : null,
				"WS_PUMP_LEVEL_OFF" : null,
				"GS_PUMP_LEVEL_ON" : null,
				"GS_PUMP_LEVEL_OFF" : null,
				"MAX_DISCHARGE_PUMPS" : null,
				"DISCHARGES_TO" : null,
				"STATUS" : "In Service",
				"OPERATING_STATUS" : "Open",
				"YR" : null,
				"OWNER" : "Private",
				"PROJECT_NO" : null,
				"NAME" : "SURREY GOLF COURSE DS (PRIVATE)",
				"LOCATION" : "FRASER HWY & HWY 15 (SOUTHWEST CORNER)",
				"COMMENTS" : "WEST OF SERPENTINE",
				"GIS_ENTRY_STAGE" : null,
				"WARRANTYDATE" : null,
				"CONDITION" : null,
				"CONDITIONDATE" : null,
				"YTD_COST" : null,
				"LIFECYCLE_COST" : null,
				"CAPACITY" : null,
				"CONTRACTOR_ID" : null,
				"CRE_DATE" : "20130130",
				"MOD_DATE" : "20170413"
			}
		},
		{
			"type" : "Feature",
			"geometry" : {
				"type" : "Point",
				"coordinates" : [ 516548.7067968752, 5440664.152734375 ]
			},
			"properties" : {
				"ANCILLARYROLE" : null,
				"ENABLED" : 1,
				"FACILITYID" : "1001566275",
				"LEGACYID" : null,
				"NODE_NO" : "1620906394",
				"DEBRIS_BOOM" : null,
				"INTEGRATED_FLAPGATE" : null,
				"INTEGRATED_SLUICEGATE" : null,
				"IRRIGATION" : null,
				"RIVER_MONITOR" : null,
				"WS_PUMP_LEVEL_ON" : null,
				"WS_PUMP_LEVEL_OFF" : null,
				"GS_PUMP_LEVEL_ON" : null,
				"GS_PUMP_LEVEL_OFF" : null,
				"MAX_DISCHARGE_PUMPS" : null,
				"DISCHARGES_TO" : null,
				"STATUS" : "In Service",
				"OPERATING_STATUS" : "Open",
				"YR" : null,
				"OWNER" : "Private",
				"PROJECT_NO" : null,
				"NAME" : "64 AVE DS (PRIVATE)",
				"LOCATION" : "16280 64 AVE (EAST OF CHANNEL)",
				"COMMENTS" : null,
				"GIS_ENTRY_STAGE" : null,
				"WARRANTYDATE" : null,
				"CONDITION" : null,
				"CONDITIONDATE" : null,
				"YTD_COST" : null,
				"LIFECYCLE_COST" : null,
				"CAPACITY" : null,
				"CONTRACTOR_ID" : null,
				"CRE_DATE" : "20130204",
				"MOD_DATE" : "20170413"
			}
		},
		{
			"type" : "Feature",
			"geometry" : {
				"type" : "Point",
				"coordinates" : [ 508382.5510937497, 5450276.948593751 ]
			},
			"properties" : {
				"ANCILLARYROLE" : null,
				"ENABLED" : 1,
				"FACILITYID" : "1001816554",
				"LEGACYID" : null,
				"NODE_NO" : "1214911172",
				"DEBRIS_BOOM" : null,
				"INTEGRATED_FLAPGATE" : null,
				"INTEGRATED_SLUICEGATE" : null,
				"IRRIGATION" : null,
				"RIVER_MONITOR" : null,
				"WS_PUMP_LEVEL_ON" : null,
				"WS_PUMP_LEVEL_OFF" : null,
				"GS_PUMP_LEVEL_ON" : null,
				"GS_PUMP_LEVEL_OFF" : null,
				"MAX_DISCHARGE_PUMPS" : null,
				"DISCHARGES_TO" : null,
				"STATUS" : "In Service",
				"OPERATING_STATUS" : "Open",
				"YR" : 2014,
				"OWNER" : "Provincial",
				"PROJECT_NO" : "SFPR Seg. 6",
				"NAME" : "BRIDGE ROAD DS (PROVINCIAL)",
				"LOCATION" : "11147 BRIDGE RD",
				"COMMENTS" : null,
				"GIS_ENTRY_STAGE" : "Final AB",
				"WARRANTYDATE" : null,
				"CONDITION" : null,
				"CONDITIONDATE" : null,
				"YTD_COST" : null,
				"LIFECYCLE_COST" : null,
				"CAPACITY" : null,
				"CONTRACTOR_ID" : null,
				"CRE_DATE" : "20150409",
				"MOD_DATE" : "20170413"
			}
		},
		{
			"type" : "Feature",
			"geometry" : {
				"type" : "Point",
				"coordinates" : [ 519797.8192187501, 5445190.837187501 ]
			},
			"properties" : {
				"ANCILLARYROLE" : 0,
				"ENABLED" : 1,
				"FACILITYID" : "1000609415",
				"LEGACYID" : "455676",
				"NODE_NO" : "1782408644",
				"DEBRIS_BOOM" : null,
				"INTEGRATED_FLAPGATE" : null,
				"INTEGRATED_SLUICEGATE" : null,
				"IRRIGATION" : null,
				"RIVER_MONITOR" : "Yes",
				"WS_PUMP_LEVEL_ON" : null,
				"WS_PUMP_LEVEL_OFF" : null,
				"GS_PUMP_LEVEL_ON" : null,
				"GS_PUMP_LEVEL_OFF" : null,
				"MAX_DISCHARGE_PUMPS" : null,
				"DISCHARGES_TO" : null,
				"STATUS" : "In Service",
				"OPERATING_STATUS" : "Open",
				"YR" : 2001,
				"OWNER" : "Surrey",
				"PROJECT_NO" : "4899-4040-00",
				"NAME" : "UPPER SERPENTINE DS",
				"LOCATION" : "17800 86 AVE",
				"COMMENTS" : null,
				"GIS_ENTRY_STAGE" : "Final AB",
				"WARRANTYDATE" : null,
				"CONDITION" : null,
				"CONDITIONDATE" : null,
				"YTD_COST" : null,
				"LIFECYCLE_COST" : null,
				"CAPACITY" : null,
				"CONTRACTOR_ID" : null,
				"CRE_DATE" : "20031201",
				"MOD_DATE" : "20170412"
			}
		},
		{
			"type" : "Feature",
			"geometry" : {
				"type" : "Point",
				"coordinates" : [ 511461.07906250004, 5432569.2427343745 ]
			},
			"properties" : {
				"ANCILLARYROLE" : null,
				"ENABLED" : 1,
				"FACILITYID" : "1000960423",
				"LEGACYID" : null,
				"NODE_NO" : "1368002370",
				"DEBRIS_BOOM" : null,
				"INTEGRATED_FLAPGATE" : null,
				"INTEGRATED_SLUICEGATE" : null,
				"IRRIGATION" : null,
				"RIVER_MONITOR" : null,
				"WS_PUMP_LEVEL_ON" : null,
				"WS_PUMP_LEVEL_OFF" : null,
				"GS_PUMP_LEVEL_ON" : null,
				"GS_PUMP_LEVEL_OFF" : null,
				"MAX_DISCHARGE_PUMPS" : null,
				"DISCHARGES_TO" : null,
				"STATUS" : "In Service",
				"OPERATING_STATUS" : "Open",
				"YR" : 1997,
				"OWNER" : "Surrey",
				"PROJECT_NO" : "4895-6020-00",
				"NAME" : "CHANTRELL CREEK DS",
				"LOCATION" : "13705 24 AVE",
				"COMMENTS" : null,
				"GIS_ENTRY_STAGE" : "Final AB",
				"WARRANTYDATE" : null,
				"CONDITION" : null,
				"CONDITIONDATE" : null,
				"YTD_COST" : null,
				"LIFECYCLE_COST" : null,
				"CAPACITY" : null,
				"CONTRACTOR_ID" : null,
				"CRE_DATE" : "20081209",
				"MOD_DATE" : "20170412"
			}
		},
		{
			"type" : "Feature",
			"geometry" : {
				"type" : "Point",
				"coordinates" : [ 507861.3967187498, 5450118.516484374 ]
			},
			"properties" : {
				"ANCILLARYROLE" : 0,
				"ENABLED" : 1,
				"FACILITYID" : "1000609396",
				"LEGACYID" : "455658",
				"NODE_NO" : "1189011093",
				"DEBRIS_BOOM" : null,
				"INTEGRATED_FLAPGATE" : null,
				"INTEGRATED_SLUICEGATE" : null,
				"IRRIGATION" : null,
				"RIVER_MONITOR" : null,
				"WS_PUMP_LEVEL_ON" : null,
				"WS_PUMP_LEVEL_OFF" : null,
				"GS_PUMP_LEVEL_ON" : null,
				"GS_PUMP_LEVEL_OFF" : null,
				"MAX_DISCHARGE_PUMPS" : null,
				"DISCHARGES_TO" : null,
				"STATUS" : "In Service",
				"OPERATING_STATUS" : "Open",
				"YR" : 1991,
				"OWNER" : "Surrey",
				"PROJECT_NO" : "D-754",
				"NAME" : "OLD YALE ROAD DS",
				"LOCATION" : "11920 OLD YALE RD",
				"COMMENTS" : null,
				"GIS_ENTRY_STAGE" : "Final AB",
				"WARRANTYDATE" : null,
				"CONDITION" : null,
				"CONDITIONDATE" : null,
				"YTD_COST" : null,
				"LIFECYCLE_COST" : null,
				"CAPACITY" : null,
				"CONTRACTOR_ID" : null,
				"CRE_DATE" : "20040607",
				"MOD_DATE" : "20170412"
			}
		},
		{
			"type" : "Feature",
			"geometry" : {
				"type" : "Point",
				"coordinates" : [ 518541.08914062474, 5435000.367968749 ]
			},
			"properties" : {
				"ANCILLARYROLE" : 0,
				"ENABLED" : 1,
				"FACILITYID" : "1000609397",
				"LEGACYID" : "455990",
				"NODE_NO" : "1719903578",
				"DEBRIS_BOOM" : null,
				"INTEGRATED_FLAPGATE" : null,
				"INTEGRATED_SLUICEGATE" : null,
				"IRRIGATION" : null,
				"RIVER_MONITOR" : null,
				"WS_PUMP_LEVEL_ON" : null,
				"WS_PUMP_LEVEL_OFF" : null,
				"GS_PUMP_LEVEL_ON" : null,
				"GS_PUMP_LEVEL_OFF" : null,
				"MAX_DISCHARGE_PUMPS" : null,
				"DISCHARGES_TO" : null,
				"STATUS" : "In Service",
				"OPERATING_STATUS" : "Open",
				"YR" : null,
				"OWNER" : "Surrey",
				"PROJECT_NO" : null,
				"NAME" : "BURROWS II DS",
				"LOCATION" : "17300 36 AVE",
				"COMMENTS" : null,
				"GIS_ENTRY_STAGE" : null,
				"WARRANTYDATE" : null,
				"CONDITION" : null,
				"CONDITIONDATE" : null,
				"YTD_COST" : null,
				"LIFECYCLE_COST" : null,
				"CAPACITY" : null,
				"CONTRACTOR_ID" : null,
				"CRE_DATE" : "20031208",
				"MOD_DATE" : "20170412"
			}
		},
		{
			"type" : "Feature",
			"geometry" : {
				"type" : "Point",
				"coordinates" : [ 514866.23257812485, 5436006.6265625 ]
			},
			"properties" : {
				"ANCILLARYROLE" : 0,
				"ENABLED" : 1,
				"FACILITYID" : "1000609422",
				"LEGACYID" : "462218",
				"NODE_NO" : "1537204078",
				"DEBRIS_BOOM" : null,
				"INTEGRATED_FLAPGATE" : null,
				"INTEGRATED_SLUICEGATE" : null,
				"IRRIGATION" : null,
				"RIVER_MONITOR" : "No",
				"WS_PUMP_LEVEL_ON" : null,
				"WS_PUMP_LEVEL_OFF" : null,
				"GS_PUMP_LEVEL_ON" : null,
				"GS_PUMP_LEVEL_OFF" : null,
				"MAX_DISCHARGE_PUMPS" : null,
				"DISCHARGES_TO" : null,
				"STATUS" : "In Service",
				"OPERATING_STATUS" : "Open",
				"YR" : 2003,
				"OWNER" : "Surrey",
				"PROJECT_NO" : "4802-4040-02",
				"NAME" : "40 AVENUE DS",
				"LOCATION" : "15350 41 AVE",
				"COMMENTS" : "SEE SS-094-420 TO 422",
				"GIS_ENTRY_STAGE" : "Final AB",
				"WARRANTYDATE" : null,
				"CONDITION" : null,
				"CONDITIONDATE" : null,
				"YTD_COST" : null,
				"LIFECYCLE_COST" : null,
				"CAPACITY" : null,
				"CONTRACTOR_ID" : null,
				"CRE_DATE" : "20040415",
				"MOD_DATE" : "20170412"
			}
		},
		{
			"type" : "Feature",
			"geometry" : {
				"type" : "Point",
				"coordinates" : [ 518528.29820312466, 5436887.233671876 ]
			},
			"properties" : {
				"ANCILLARYROLE" : 0,
				"ENABLED" : 1,
				"FACILITYID" : "1000609399",
				"LEGACYID" : "455685",
				"NODE_NO" : "1719304516",
				"DEBRIS_BOOM" : null,
				"INTEGRATED_FLAPGATE" : null,
				"INTEGRATED_SLUICEGATE" : null,
				"IRRIGATION" : null,
				"RIVER_MONITOR" : "Yes",
				"WS_PUMP_LEVEL_ON" : null,
				"WS_PUMP_LEVEL_OFF" : null,
				"GS_PUMP_LEVEL_ON" : null,
				"GS_PUMP_LEVEL_OFF" : null,
				"MAX_DISCHARGE_PUMPS" : null,
				"DISCHARGES_TO" : null,
				"STATUS" : "In Service",
				"OPERATING_STATUS" : "Open",
				"YR" : 1984,
				"OWNER" : "Surrey",
				"PROJECT_NO" : "5425",
				"NAME" : "BURROWS I DS",
				"LOCATION" : "4550 172 ST",
				"COMMENTS" : null,
				"GIS_ENTRY_STAGE" : null,
				"WARRANTYDATE" : null,
				"CONDITION" : null,
				"CONDITIONDATE" : null,
				"YTD_COST" : null,
				"LIFECYCLE_COST" : null,
				"CAPACITY" : null,
				"CONTRACTOR_ID" : null,
				"CRE_DATE" : "20031201",
				"MOD_DATE" : "20170412"
			}
		},
		{
			"type" : "Feature",
			"geometry" : {
				"type" : "Point",
				"coordinates" : [ 519275.810546875, 5443161.015390625 ]
			},
			"properties" : {
				"ANCILLARYROLE" : 0,
				"ENABLED" : 1,
				"FACILITYID" : "1000609414",
				"LEGACYID" : "456155",
				"NODE_NO" : "1756407635",
				"DEBRIS_BOOM" : null,
				"INTEGRATED_FLAPGATE" : null,
				"INTEGRATED_SLUICEGATE" : null,
				"IRRIGATION" : null,
				"RIVER_MONITOR" : "Yes",
				"WS_PUMP_LEVEL_ON" : null,
				"WS_PUMP_LEVEL_OFF" : null,
				"GS_PUMP_LEVEL_ON" : null,
				"GS_PUMP_LEVEL_OFF" : null,
				"MAX_DISCHARGE_PUMPS" : null,
				"DISCHARGES_TO" : null,
				"STATUS" : "In Service",
				"OPERATING_STATUS" : "Open",
				"YR" : 2000,
				"OWNER" : "Surrey",
				"PROJECT_NO" : "4899-0009-11",
				"NAME" : "FRYS CORNER DS",
				"LOCATION" : "7701 176 ST",
				"COMMENTS" : "SEE ALSO SS-056-416 TO 440",
				"GIS_ENTRY_STAGE" : "Final AB",
				"WARRANTYDATE" : null,
				"CONDITION" : null,
				"CONDITIONDATE" : null,
				"YTD_COST" : null,
				"LIFECYCLE_COST" : null,
				"CAPACITY" : null,
				"CONTRACTOR_ID" : null,
				"CRE_DATE" : "20040429",
				"MOD_DATE" : "20170412"
			}
		},
		{
			"type" : "Feature",
			"geometry" : {
				"type" : "Point",
				"coordinates" : [ 515293.7006249996, 5441531.7675 ]
			},
			"properties" : {
				"ANCILLARYROLE" : 0,
				"ENABLED" : 1,
				"FACILITYID" : "1000845872",
				"LEGACYID" : null,
				"NODE_NO" : "1558506825",
				"DEBRIS_BOOM" : null,
				"INTEGRATED_FLAPGATE" : null,
				"INTEGRATED_SLUICEGATE" : null,
				"IRRIGATION" : null,
				"RIVER_MONITOR" : "Yes",
				"WS_PUMP_LEVEL_ON" : null,
				"WS_PUMP_LEVEL_OFF" : null,
				"GS_PUMP_LEVEL_ON" : null,
				"GS_PUMP_LEVEL_OFF" : null,
				"MAX_DISCHARGE_PUMPS" : null,
				"DISCHARGES_TO" : null,
				"STATUS" : "In Service",
				"OPERATING_STATUS" : "Open",
				"YR" : 2004,
				"OWNER" : "Surrey",
				"PROJECT_NO" : "4800-4030-00",
				"NAME" : "EAST NEWTON DS",
				"LOCATION" : "15600 68 AVE",
				"COMMENTS" : null,
				"GIS_ENTRY_STAGE" : "Final AB",
				"WARRANTYDATE" : null,
				"CONDITION" : null,
				"CONDITIONDATE" : null,
				"YTD_COST" : null,
				"LIFECYCLE_COST" : null,
				"CAPACITY" : null,
				"CONTRACTOR_ID" : null,
				"CRE_DATE" : "20080229",
				"MOD_DATE" : "20170412"
			}
		},
		{
			"type" : "Feature",
			"geometry" : {
				"type" : "Point",
				"coordinates" : [ 515525.2837500004, 5438050.1138281245 ]
			},
			"properties" : {
				"ANCILLARYROLE" : 0,
				"ENABLED" : 1,
				"FACILITYID" : "1000609405",
				"LEGACYID" : "462194",
				"NODE_NO" : "1570005094",
				"DEBRIS_BOOM" : null,
				"INTEGRATED_FLAPGATE" : null,
				"INTEGRATED_SLUICEGATE" : null,
				"IRRIGATION" : null,
				"RIVER_MONITOR" : "No",
				"WS_PUMP_LEVEL_ON" : null,
				"WS_PUMP_LEVEL_OFF" : null,
				"GS_PUMP_LEVEL_ON" : null,
				"GS_PUMP_LEVEL_OFF" : null,
				"MAX_DISCHARGE_PUMPS" : null,
				"DISCHARGES_TO" : null,
				"STATUS" : "In Service",
				"OPERATING_STATUS" : "Open",
				"YR" : 2003,
				"OWNER" : "Surrey",
				"PROJECT_NO" : "4800-4050-02",
				"NAME" : "GRAY CREEK DS",
				"LOCATION" : "5100 157 ST",
				"COMMENTS" : "SEE SS-084-420 TO 438",
				"GIS_ENTRY_STAGE" : "Final AB",
				"WARRANTYDATE" : null,
				"CONDITION" : null,
				"CONDITIONDATE" : null,
				"YTD_COST" : null,
				"LIFECYCLE_COST" : null,
				"CAPACITY" : null,
				"CONTRACTOR_ID" : null,
				"CRE_DATE" : "20040415",
				"MOD_DATE" : "20170412"
			}
		},
		{
			"type" : "Feature",
			"geometry" : {
				"type" : "Point",
				"coordinates" : [ 507264.2717968747, 5449335.005156251 ]
			},
			"properties" : {
				"ANCILLARYROLE" : 0,
				"ENABLED" : 1,
				"FACILITYID" : "1000609395",
				"LEGACYID" : "13972",
				"NODE_NO" : "1159310704",
				"DEBRIS_BOOM" : null,
				"INTEGRATED_FLAPGATE" : null,
				"INTEGRATED_SLUICEGATE" : null,
				"IRRIGATION" : null,
				"RIVER_MONITOR" : null,
				"WS_PUMP_LEVEL_ON" : null,
				"WS_PUMP_LEVEL_OFF" : null,
				"GS_PUMP_LEVEL_ON" : null,
				"GS_PUMP_LEVEL_OFF" : null,
				"MAX_DISCHARGE_PUMPS" : null,
				"DISCHARGES_TO" : null,
				"STATUS" : "In Service",
				"OPERATING_STATUS" : "Open",
				"YR" : 1995,
				"OWNER" : "Surrey",
				"PROJECT_NO" : "D-751",
				"NAME" : "MANSON CANAL DS",
				"LOCATION" : "10676 DYKE RD",
				"COMMENTS" : "SEE ALSO SS-009-483 TO 503",
				"GIS_ENTRY_STAGE" : "Final AB",
				"WARRANTYDATE" : null,
				"CONDITION" : null,
				"CONDITIONDATE" : null,
				"YTD_COST" : null,
				"LIFECYCLE_COST" : null,
				"CAPACITY" : null,
				"CONTRACTOR_ID" : null,
				"CRE_DATE" : "20040608",
				"MOD_DATE" : "20170412"
			}
		},
		{
			"type" : "Feature",
			"geometry" : {
				"type" : "Point",
				"coordinates" : [ 519281.56937499996, 5443267.786640625 ]
			},
			"properties" : {
				"ANCILLARYROLE" : 0,
				"ENABLED" : 1,
				"FACILITYID" : "1000609413",
				"LEGACYID" : "447868",
				"NODE_NO" : "1756707688",
				"DEBRIS_BOOM" : null,
				"INTEGRATED_FLAPGATE" : null,
				"INTEGRATED_SLUICEGATE" : null,
				"IRRIGATION" : null,
				"RIVER_MONITOR" : "Yes",
				"WS_PUMP_LEVEL_ON" : null,
				"WS_PUMP_LEVEL_OFF" : null,
				"GS_PUMP_LEVEL_ON" : null,
				"GS_PUMP_LEVEL_OFF" : null,
				"MAX_DISCHARGE_PUMPS" : null,
				"DISCHARGES_TO" : null,
				"STATUS" : "In Service",
				"OPERATING_STATUS" : "Open",
				"YR" : 2002,
				"OWNER" : "Surrey",
				"PROJECT_NO" : "4898-4200-00",
				"NAME" : "FRYS CORNER NORTH DS",
				"LOCATION" : "7627 176 ST",
				"COMMENTS" : "FRYS CORNER NORTH",
				"GIS_ENTRY_STAGE" : "Final AB",
				"WARRANTYDATE" : null,
				"CONDITION" : null,
				"CONDITIONDATE" : null,
				"YTD_COST" : null,
				"LIFECYCLE_COST" : null,
				"CAPACITY" : null,
				"CONTRACTOR_ID" : null,
				"CRE_DATE" : "20021204",
				"MOD_DATE" : "20170412"
			}
		},
		{
			"type" : "Feature",
			"geometry" : {
				"type" : "Point",
				"coordinates" : [ 517774.5630468754, 5437567.997578125 ]
			},
			"properties" : {
				"ANCILLARYROLE" : 0,
				"ENABLED" : 1,
				"FACILITYID" : "1000609407",
				"LEGACYID" : "455606",
				"NODE_NO" : "1681804855",
				"DEBRIS_BOOM" : null,
				"INTEGRATED_FLAPGATE" : null,
				"INTEGRATED_SLUICEGATE" : null,
				"IRRIGATION" : null,
				"RIVER_MONITOR" : "No",
				"WS_PUMP_LEVEL_ON" : null,
				"WS_PUMP_LEVEL_OFF" : null,
				"GS_PUMP_LEVEL_ON" : null,
				"GS_PUMP_LEVEL_OFF" : null,
				"MAX_DISCHARGE_PUMPS" : null,
				"DISCHARGES_TO" : null,
				"STATUS" : "In Service",
				"OPERATING_STATUS" : null,
				"YR" : 1983,
				"OWNER" : "Surrey",
				"PROJECT_NO" : "D-281B",
				"NAME" : "NICOMEKL DS",
				"LOCATION" : "4850 168 ST",
				"COMMENTS" : null,
				"GIS_ENTRY_STAGE" : "Final AB",
				"WARRANTYDATE" : null,
				"CONDITION" : null,
				"CONDITIONDATE" : null,
				"YTD_COST" : null,
				"LIFECYCLE_COST" : null,
				"CAPACITY" : null,
				"CONTRACTOR_ID" : null,
				"CRE_DATE" : "20031127",
				"MOD_DATE" : "20170412"
			}
		},
		{
			"type" : "Feature",
			"geometry" : {
				"type" : "Point",
				"coordinates" : [ 514232.22359375004, 5437273.532734375 ]
			},
			"properties" : {
				"ANCILLARYROLE" : 0,
				"ENABLED" : 1,
				"FACILITYID" : "1000609402",
				"LEGACYID" : "462202",
				"NODE_NO" : "1505704708",
				"DEBRIS_BOOM" : null,
				"INTEGRATED_FLAPGATE" : null,
				"INTEGRATED_SLUICEGATE" : null,
				"IRRIGATION" : null,
				"RIVER_MONITOR" : "No",
				"WS_PUMP_LEVEL_ON" : null,
				"WS_PUMP_LEVEL_OFF" : null,
				"GS_PUMP_LEVEL_ON" : null,
				"GS_PUMP_LEVEL_OFF" : null,
				"MAX_DISCHARGE_PUMPS" : null,
				"DISCHARGES_TO" : null,
				"STATUS" : "In Service",
				"OPERATING_STATUS" : "Open",
				"YR" : 2003,
				"OWNER" : "Surrey",
				"PROJECT_NO" : "4802-4080-02",
				"NAME" : "150 STREET DS",
				"LOCATION" : "15050 47 AVE",
				"COMMENTS" : "SEE SS-093-426 TO 448",
				"GIS_ENTRY_STAGE" : "Final AB",
				"WARRANTYDATE" : null,
				"CONDITION" : null,
				"CONDITIONDATE" : null,
				"YTD_COST" : null,
				"LIFECYCLE_COST" : null,
				"CAPACITY" : null,
				"CONTRACTOR_ID" : null,
				"CRE_DATE" : "20040415",
				"MOD_DATE" : "20170412"
			}
		},
		{
			"type" : "Feature",
			"geometry" : {
				"type" : "Point",
				"coordinates" : [ 515910.74515624996, 5439891.888359375 ]
			},
			"properties" : {
				"ANCILLARYROLE" : 0,
				"ENABLED" : 1,
				"FACILITYID" : "1000609409",
				"LEGACYID" : "393784",
				"NODE_NO" : "1589106010",
				"DEBRIS_BOOM" : null,
				"INTEGRATED_FLAPGATE" : null,
				"INTEGRATED_SLUICEGATE" : null,
				"IRRIGATION" : null,
				"RIVER_MONITOR" : "No",
				"WS_PUMP_LEVEL_ON" : null,
				"WS_PUMP_LEVEL_OFF" : null,
				"GS_PUMP_LEVEL_ON" : null,
				"GS_PUMP_LEVEL_OFF" : null,
				"MAX_DISCHARGE_PUMPS" : null,
				"DISCHARGES_TO" : null,
				"STATUS" : "In Service",
				"OPERATING_STATUS" : "Open",
				"YR" : 1992,
				"OWNER" : "Surrey",
				"PROJECT_NO" : "D-958",
				"NAME" : "HOOKBROOK DS",
				"LOCATION" : "15900 60 AVE",
				"COMMENTS" : null,
				"GIS_ENTRY_STAGE" : "Final AB",
				"WARRANTYDATE" : null,
				"CONDITION" : null,
				"CONDITIONDATE" : null,
				"YTD_COST" : null,
				"LIFECYCLE_COST" : null,
				"CAPACITY" : null,
				"CONTRACTOR_ID" : null,
				"CRE_DATE" : "20000101",
				"MOD_DATE" : "20170412"
			}
		},
		{
			"type" : "Feature",
			"geometry" : {
				"type" : "Point",
				"coordinates" : [ 515653.05148437526, 5437493.939453125 ]
			},
			"properties" : {
				"ANCILLARYROLE" : 0,
				"ENABLED" : 1,
				"FACILITYID" : "1000609406",
				"LEGACYID" : "462234",
				"NODE_NO" : "1576304818",
				"DEBRIS_BOOM" : null,
				"INTEGRATED_FLAPGATE" : null,
				"INTEGRATED_SLUICEGATE" : null,
				"IRRIGATION" : null,
				"RIVER_MONITOR" : "No",
				"WS_PUMP_LEVEL_ON" : null,
				"WS_PUMP_LEVEL_OFF" : null,
				"GS_PUMP_LEVEL_ON" : null,
				"GS_PUMP_LEVEL_OFF" : null,
				"MAX_DISCHARGE_PUMPS" : null,
				"DISCHARGES_TO" : null,
				"STATUS" : "In Service",
				"OPERATING_STATUS" : "Open",
				"YR" : 2003,
				"OWNER" : "Surrey",
				"PROJECT_NO" : "4802-4050-02",
				"NAME" : "48 AVENUE DS",
				"LOCATION" : "15750 48 AVE",
				"COMMENTS" : "SEE SS-084-439 TO 463",
				"GIS_ENTRY_STAGE" : "Final AB",
				"WARRANTYDATE" : null,
				"CONDITION" : null,
				"CONDITIONDATE" : null,
				"YTD_COST" : null,
				"LIFECYCLE_COST" : null,
				"CAPACITY" : null,
				"CONTRACTOR_ID" : null,
				"CRE_DATE" : "20040415",
				"MOD_DATE" : "20170412"
			}
		},
		{
			"type" : "Feature",
			"geometry" : {
				"type" : "Point",
				"coordinates" : [ 520144.3869531248, 5437235.724140625 ]
			},
			"properties" : {
				"ANCILLARYROLE" : 0,
				"ENABLED" : 1,
				"FACILITYID" : "1000609401",
				"LEGACYID" : "398749",
				"NODE_NO" : "1799604689",
				"DEBRIS_BOOM" : null,
				"INTEGRATED_FLAPGATE" : null,
				"INTEGRATED_SLUICEGATE" : null,
				"IRRIGATION" : null,
				"RIVER_MONITOR" : "Yes",
				"WS_PUMP_LEVEL_ON" : null,
				"WS_PUMP_LEVEL_OFF" : null,
				"GS_PUMP_LEVEL_ON" : null,
				"GS_PUMP_LEVEL_OFF" : null,
				"MAX_DISCHARGE_PUMPS" : null,
				"DISCHARGES_TO" : null,
				"STATUS" : "In Service",
				"OPERATING_STATUS" : "Open",
				"YR" : 1992,
				"OWNER" : "Surrey",
				"PROJECT_NO" : "2872",
				"NAME" : "ERICKSON DITCH DS",
				"LOCATION" : "4700 180 ST",
				"COMMENTS" : null,
				"GIS_ENTRY_STAGE" : "Final AB",
				"WARRANTYDATE" : null,
				"CONDITION" : null,
				"CONDITIONDATE" : null,
				"YTD_COST" : null,
				"LIFECYCLE_COST" : null,
				"CAPACITY" : null,
				"CONTRACTOR_ID" : null,
				"CRE_DATE" : "20000101",
				"MOD_DATE" : "20170412"
			}
		},
		{
			"type" : "Feature",
			"geometry" : {
				"type" : "Point",
				"coordinates" : [ 509387.388671875, 5451304.149140624 ]
			},
			"properties" : {
				"ANCILLARYROLE" : 0,
				"ENABLED" : 1,
				"FACILITYID" : "1000609416",
				"LEGACYID" : "2094",
				"NODE_NO" : "1264911683",
				"DEBRIS_BOOM" : null,
				"INTEGRATED_FLAPGATE" : null,
				"INTEGRATED_SLUICEGATE" : null,
				"IRRIGATION" : null,
				"RIVER_MONITOR" : null,
				"WS_PUMP_LEVEL_ON" : null,
				"WS_PUMP_LEVEL_OFF" : null,
				"GS_PUMP_LEVEL_ON" : null,
				"GS_PUMP_LEVEL_OFF" : null,
				"MAX_DISCHARGE_PUMPS" : null,
				"DISCHARGES_TO" : null,
				"STATUS" : "In Service",
				"OPERATING_STATUS" : "Open",
				"YR" : 1996,
				"OWNER" : "Surrey",
				"PROJECT_NO" : "D-3402",
				"NAME" : "ROYAL CITY DS",
				"LOCATION" : "11669 126A ST",
				"COMMENTS" : null,
				"GIS_ENTRY_STAGE" : "Final AB",
				"WARRANTYDATE" : null,
				"CONDITION" : null,
				"CONDITIONDATE" : null,
				"YTD_COST" : null,
				"LIFECYCLE_COST" : null,
				"CAPACITY" : null,
				"CONTRACTOR_ID" : null,
				"CRE_DATE" : "20000101",
				"MOD_DATE" : "20170412"
			}
		},
		{
			"type" : "Feature",
			"geometry" : {
				"type" : "Point",
				"coordinates" : [ 516117.82632812485, 5435747.024765626 ]
			},
			"properties" : {
				"ANCILLARYROLE" : 0,
				"ENABLED" : 1,
				"FACILITYID" : "1000609421",
				"LEGACYID" : "455667",
				"NODE_NO" : "1599403949",
				"DEBRIS_BOOM" : null,
				"INTEGRATED_FLAPGATE" : null,
				"INTEGRATED_SLUICEGATE" : null,
				"IRRIGATION" : null,
				"RIVER_MONITOR" : null,
				"WS_PUMP_LEVEL_ON" : null,
				"WS_PUMP_LEVEL_OFF" : null,
				"GS_PUMP_LEVEL_ON" : null,
				"GS_PUMP_LEVEL_OFF" : null,
				"MAX_DISCHARGE_PUMPS" : null,
				"DISCHARGES_TO" : null,
				"STATUS" : "In Service",
				"OPERATING_STATUS" : "Open",
				"YR" : 2002,
				"OWNER" : "Surrey",
				"PROJECT_NO" : "7895-0156-00",
				"NAME" : "WEST CREEK DS",
				"LOCATION" : "40 AVE & 160 ST",
				"COMMENTS" : "SS-104-551 TO SS-104-570",
				"GIS_ENTRY_STAGE" : "Final AB",
				"WARRANTYDATE" : null,
				"CONDITION" : null,
				"CONDITIONDATE" : null,
				"YTD_COST" : null,
				"LIFECYCLE_COST" : null,
				"CAPACITY" : null,
				"CONTRACTOR_ID" : null,
				"CRE_DATE" : "20060529",
				"MOD_DATE" : "20170412"
			}
		},
		{
			"type" : "Feature",
			"geometry" : {
				"type" : "Point",
				"coordinates" : [ 511279.16031249985, 5437052.0600000005 ]
			},
			"properties" : {
				"ANCILLARYROLE" : 0,
				"ENABLED" : 1,
				"FACILITYID" : "1000609403",
				"LEGACYID" : "397816",
				"NODE_NO" : "1358904598",
				"DEBRIS_BOOM" : null,
				"INTEGRATED_FLAPGATE" : null,
				"INTEGRATED_SLUICEGATE" : null,
				"IRRIGATION" : null,
				"RIVER_MONITOR" : "No",
				"WS_PUMP_LEVEL_ON" : null,
				"WS_PUMP_LEVEL_OFF" : null,
				"GS_PUMP_LEVEL_ON" : null,
				"GS_PUMP_LEVEL_OFF" : null,
				"MAX_DISCHARGE_PUMPS" : null,
				"DISCHARGES_TO" : null,
				"STATUS" : "In Service",
				"OPERATING_STATUS" : "Open",
				"YR" : 1992,
				"OWNER" : "Surrey",
				"PROJECT_NO" : "D-846",
				"NAME" : "COLEBROOK ROAD DS",
				"LOCATION" : "4600 136 ST",
				"COMMENTS" : "Pump 2 & 3 Operational - Pump 1 Out of Service",
				"GIS_ENTRY_STAGE" : "Final AB",
				"WARRANTYDATE" : null,
				"CONDITION" : null,
				"CONDITIONDATE" : null,
				"YTD_COST" : null,
				"LIFECYCLE_COST" : null,
				"CAPACITY" : null,
				"CONTRACTOR_ID" : null,
				"CRE_DATE" : "20000101",
				"MOD_DATE" : "20170412"
			}
		},
		{
			"type" : "Feature",
			"geometry" : {
				"type" : "Point",
				"coordinates" : [ 518383.1110156253, 5437373.605234375 ]
			},
			"properties" : {
				"ANCILLARYROLE" : 0,
				"ENABLED" : 1,
				"FACILITYID" : "1000609398",
				"LEGACYID" : "455634",
				"NODE_NO" : "1712004758",
				"DEBRIS_BOOM" : null,
				"INTEGRATED_FLAPGATE" : null,
				"INTEGRATED_SLUICEGATE" : null,
				"IRRIGATION" : null,
				"RIVER_MONITOR" : "Yes",
				"WS_PUMP_LEVEL_ON" : null,
				"WS_PUMP_LEVEL_OFF" : null,
				"GS_PUMP_LEVEL_ON" : null,
				"GS_PUMP_LEVEL_OFF" : null,
				"MAX_DISCHARGE_PUMPS" : null,
				"DISCHARGES_TO" : null,
				"STATUS" : "In Service",
				"OPERATING_STATUS" : "Open",
				"YR" : 1996,
				"OWNER" : "Surrey",
				"PROJECT_NO" : "4895-4010-00",
				"NAME" : "SOUTH CLOVERDALE DS",
				"LOCATION" : "17100 48 AVE",
				"COMMENTS" : "SEE SS-096-406 TO 423",
				"GIS_ENTRY_STAGE" : "Final AB",
				"WARRANTYDATE" : null,
				"CONDITION" : null,
				"CONDITIONDATE" : null,
				"YTD_COST" : null,
				"LIFECYCLE_COST" : null,
				"CAPACITY" : null,
				"CONTRACTOR_ID" : null,
				"CRE_DATE" : "20000101",
				"MOD_DATE" : "20170412"
			}
		},
		{
			"type" : "Feature",
			"geometry" : {
				"type" : "Point",
				"coordinates" : [ 516140.05992187466, 5442019.585000001 ]
			},
			"properties" : {
				"ANCILLARYROLE" : 0,
				"ENABLED" : 1,
				"FACILITYID" : "1000609411",
				"LEGACYID" : "455642",
				"NODE_NO" : "1600507068",
				"DEBRIS_BOOM" : null,
				"INTEGRATED_FLAPGATE" : null,
				"INTEGRATED_SLUICEGATE" : null,
				"IRRIGATION" : null,
				"RIVER_MONITOR" : "Yes",
				"WS_PUMP_LEVEL_ON" : null,
				"WS_PUMP_LEVEL_OFF" : null,
				"GS_PUMP_LEVEL_ON" : null,
				"GS_PUMP_LEVEL_OFF" : null,
				"MAX_DISCHARGE_PUMPS" : null,
				"DISCHARGES_TO" : null,
				"STATUS" : "In Service",
				"OPERATING_STATUS" : "Open",
				"YR" : 1995,
				"OWNER" : "Surrey",
				"PROJECT_NO" : "D-3301-01",
				"NAME" : "FLEETWOOD DS",
				"LOCATION" : "7050 160 ST",
				"COMMENTS" : null,
				"GIS_ENTRY_STAGE" : "Final AB",
				"WARRANTYDATE" : null,
				"CONDITION" : null,
				"CONDITIONDATE" : null,
				"YTD_COST" : null,
				"LIFECYCLE_COST" : null,
				"CAPACITY" : null,
				"CONTRACTOR_ID" : null,
				"CRE_DATE" : "20000101",
				"MOD_DATE" : "20170412"
			}
		},
		{
			"type" : "Feature",
			"geometry" : {
				"type" : "Point",
				"coordinates" : [ 518069.14976562466, 5442324.888203125 ]
			},
			"properties" : {
				"ANCILLARYROLE" : 0,
				"ENABLED" : 1,
				"FACILITYID" : "1000802192",
				"LEGACYID" : null,
				"NODE_NO" : "1696407219",
				"DEBRIS_BOOM" : null,
				"INTEGRATED_FLAPGATE" : null,
				"INTEGRATED_SLUICEGATE" : null,
				"IRRIGATION" : null,
				"RIVER_MONITOR" : null,
				"WS_PUMP_LEVEL_ON" : null,
				"WS_PUMP_LEVEL_OFF" : null,
				"GS_PUMP_LEVEL_ON" : null,
				"GS_PUMP_LEVEL_OFF" : null,
				"MAX_DISCHARGE_PUMPS" : null,
				"DISCHARGES_TO" : null,
				"STATUS" : "In Service",
				"OPERATING_STATUS" : "Open",
				"YR" : 2007,
				"OWNER" : "Surrey",
				"PROJECT_NO" : "4802-4090-00",
				"NAME" : "COAST MERIDIAN DS",
				"LOCATION" : "16950 72 AVE",
				"COMMENTS" : null,
				"GIS_ENTRY_STAGE" : "Final AB",
				"WARRANTYDATE" : null,
				"CONDITION" : null,
				"CONDITIONDATE" : null,
				"YTD_COST" : null,
				"LIFECYCLE_COST" : null,
				"CAPACITY" : null,
				"CONTRACTOR_ID" : null,
				"CRE_DATE" : "20060928",
				"MOD_DATE" : "20170412"
			}
		}
	]
}