{
	"name" : "railway_crossings",
	"type" : "FeatureCollection",
	"crs" : {
		"type" : "name",
		"properties" : {
			"name" : "EPSG:26910"
		}
	},
	"features" : [
		{
			"type" : "Feature",
			"geometry" : {
				"type" : "Point",
				"coordinates" : [ 513267.2851, 5438318.6413 ]
			},
			"properties" : {
				"MISC_ASSET_TYPE" : 0,
				"MISC_ASSET_TYPE2" : "Railway Crossing",
				"FACILITYID" : "1001855130",
				"LEGACYID" : null,
				"MATERIAL" : null,
				"LENGTH" : null,
				"NAME" : "BCR @ KING GEORGE BLVD",
				"RESPONSIBILITY" : "British Columbia Railway",
				"ROTATION" : null,
				"STATUS" : "In Service",
				"PROJECT_NO" : null,
				"YR" : null,
				"OWNER" : "Surrey",
				"LOCATION" : "KING GEORGE BLVD OVERPASS MILE: 4.53",
				"COMMENTS" : null,
				"GIS_ENTRY_STAGE" : null,
				"WARRANTYDATE" : null,
				"CONDITION" : null,
				"CONDITIONDATE" : null,
				"YTD_COST" : null,
				"LIFECYCLE_COST" : null,
				"CRE_DATE" : "20160121",
				"MOD_DATE" : "20160126"
			}
		},
		{
			"type" : "Feature",
			"geometry" : {
				"type" : "Point",
				"coordinates" : [ 507700.01716380287, 5449338.822255157 ]
			},
			"properties" : {
				"MISC_ASSET_TYPE" : 0,
				"MISC_ASSET_TYPE2" : "Railway Crossing",
				"FACILITYID" : "1000959778",
				"LEGACYID" : null,
				"MATERIAL" : "Concrete",
				"LENGTH" : null,
				"NAME" : "CNR @ TANNERY RD",
				"RESPONSIBILITY" : "Canadian National Railway",
				"ROTATION" : 60,
				"STATUS" : "In Service",
				"PROJECT_NO" : null,
				"YR" : null,
				"OWNER" : "Surrey",
				"LOCATION" : "11828 TANNERY RD MILE: 1.32 (117.63)",
				"COMMENTS" : "SURRY 50%, OTHER 50%: SENIOR",
				"GIS_ENTRY_STAGE" : null,
				"WARRANTYDATE" : null,
				"CONDITION" : null,
				"CONDITIONDATE" : null,
				"YTD_COST" : null,
				"LIFECYCLE_COST" : null,
				"CRE_DATE" : "20081203",
				"MOD_DATE" : "20160126"
			}
		},
		{
			"type" : "Feature",
			"geometry" : {
				"type" : "Point",
				"coordinates" : [ 507675.67871338315, 5449525.419676604 ]
			},
			"properties" : {
				"MISC_ASSET_TYPE" : 0,
				"MISC_ASSET_TYPE2" : "Railway Crossing",
				"FACILITYID" : "1000959780",
				"LEGACYID" : null,
				"MATERIAL" : "Asphalt",
				"LENGTH" : null,
				"NAME" : "CNR @ TIMBERLAND RD",
				"RESPONSIBILITY" : "Canadian National Railway",
				"ROTATION" : 125,
				"STATUS" : "In Service",
				"PROJECT_NO" : null,
				"YR" : null,
				"OWNER" : "Surrey",
				"LOCATION" : "10780 TIMBERLAND RD MILE: 1.21 (117.7)",
				"COMMENTS" : "SURREY 50%, OTHER 50%: JUNIOR",
				"GIS_ENTRY_STAGE" : null,
				"WARRANTYDATE" : null,
				"CONDITION" : null,
				"CONDITIONDATE" : null,
				"YTD_COST" : null,
				"LIFECYCLE_COST" : null,
				"CRE_DATE" : "20081203",
				"MOD_DATE" : "20160126"
			}
		},
		{
			"type" : "Feature",
			"geometry" : {
				"type" : "Point",
				"coordinates" : [ 511639.2702584937, 5441603.846112406 ]
			},
			"properties" : {
				"MISC_ASSET_TYPE" : 0,
				"MISC_ASSET_TYPE2" : "Railway Crossing",
				"FACILITYID" : "1001417698",
				"LEGACYID" : null,
				"MATERIAL" : "Rubber Panel",
				"LENGTH" : null,
				"NAME" : "SRBC @ 138 ST",
				"RESPONSIBILITY" : "Southern Railway British Columbia",
				"ROTATION" : 93,
				"STATUS" : "In Service",
				"PROJECT_NO" : null,
				"YR" : null,
				"OWNER" : "Surrey",
				"LOCATION" : "6841 138 ST MILE: 8.24",
				"COMMENTS" : "SURREY 100%: SENIOR",
				"GIS_ENTRY_STAGE" : null,
				"WARRANTYDATE" : null,
				"CONDITION" : null,
				"CONDITIONDATE" : null,
				"YTD_COST" : null,
				"LIFECYCLE_COST" : null,
				"CRE_DATE" : "20120706",
				"MOD_DATE" : "20160126"
			}
		},
		{
			"type" : "Feature",
			"geometry" : {
				"type" : "Point",
				"coordinates" : [ 514521.272095317, 5440685.684450848 ]
			},
			"properties" : {
				"MISC_ASSET_TYPE" : 0,
				"MISC_ASSET_TYPE2" : "Railway Crossing",
				"FACILITYID" : "1001417704",
				"LEGACYID" : null,
				"MATERIAL" : "Concrete",
				"LENGTH" : null,
				"NAME" : "SRBC @ 152 ST",
				"RESPONSIBILITY" : "Southern Railway British Columbia",
				"ROTATION" : 98,
				"STATUS" : "In Service",
				"PROJECT_NO" : null,
				"YR" : null,
				"OWNER" : "Surrey",
				"LOCATION" : "152 ST & 64 AVE MILE: 10.2",
				"COMMENTS" : "SURREY 100%: SENIOR",
				"GIS_ENTRY_STAGE" : null,
				"WARRANTYDATE" : null,
				"CONDITION" : null,
				"CONDITIONDATE" : null,
				"YTD_COST" : null,
				"LIFECYCLE_COST" : null,
				"CRE_DATE" : "20120706",
				"MOD_DATE" : "20160126"
			}
		},
		{
			"type" : "Feature",
			"geometry" : {
				"type" : "Point",
				"coordinates" : [ 510447.31358476076, 5443132.686702596 ]
			},
			"properties" : {
				"MISC_ASSET_TYPE" : 0,
				"MISC_ASSET_TYPE2" : "Railway Crossing",
				"FACILITYID" : "1001417838",
				"LEGACYID" : null,
				"MATERIAL" : "Concrete",
				"LENGTH" : null,
				"NAME" : "SRBC @ 132 ST",
				"RESPONSIBILITY" : "Southern Railway British Columbia",
				"ROTATION" : 142,
				"STATUS" : "In Service",
				"PROJECT_NO" : null,
				"YR" : null,
				"OWNER" : "Surrey",
				"LOCATION" : "132 ST & 76 AVE MILE: 7.04",
				"COMMENTS" : "SURREY 0%, OTHER 100%: JUNIOR",
				"GIS_ENTRY_STAGE" : null,
				"WARRANTYDATE" : null,
				"CONDITION" : null,
				"CONDITIONDATE" : null,
				"YTD_COST" : null,
				"LIFECYCLE_COST" : null,
				"CRE_DATE" : "20120710",
				"MOD_DATE" : "20160126"
			}
		},
		{
			"type" : "Feature",
			"geometry" : {
				"type" : "Point",
				"coordinates" : [ 509884.48844704963, 5443935.114048414 ]
			},
			"properties" : {
				"MISC_ASSET_TYPE" : 0,
				"MISC_ASSET_TYPE2" : "Railway Crossing",
				"FACILITYID" : "1002036201",
				"LEGACYID" : null,
				"MATERIAL" : null,
				"LENGTH" : null,
				"NAME" : "80 Avenue",
				"RESPONSIBILITY" : null,
				"ROTATION" : null,
				"STATUS" : null,
				"PROJECT_NO" : null,
				"YR" : null,
				"OWNER" : "Surrey",
				"LOCATION" : null,
				"COMMENTS" : null,
				"GIS_ENTRY_STAGE" : null,
				"WARRANTYDATE" : null,
				"CONDITION" : null,
				"CONDITIONDATE" : null,
				"YTD_COST" : null,
				"LIFECYCLE_COST" : null,
				"CRE_DATE" : "20180522",
				"MOD_DATE" : "20180522"
			}
		},
		{
			"type" : "Feature",
			"geometry" : {
				"type" : "Point",
				"coordinates" : [ 508559.2712216964, 5433010.462189218 ]
			},
			"properties" : {
				"MISC_ASSET_TYPE" : 0,
				"MISC_ASSET_TYPE2" : "Railway Crossing",
				"FACILITYID" : "1001417965",
				"LEGACYID" : null,
				"MATERIAL" : "Concrete",
				"LENGTH" : null,
				"NAME" : "BNR @ MCBRIDE DR",
				"RESPONSIBILITY" : "Burlington Northern Railway",
				"ROTATION" : 70,
				"STATUS" : "In Service",
				"PROJECT_NO" : null,
				"YR" : null,
				"OWNER" : "Surrey",
				"LOCATION" : "MCBRIDE DR & BAYVIEW ST MILE: 126.8",
				"COMMENTS" : "SURREY 50%, BNR 50%: JUNIOR",
				"GIS_ENTRY_STAGE" : null,
				"WARRANTYDATE" : null,
				"CONDITION" : null,
				"CONDITIONDATE" : null,
				"YTD_COST" : null,
				"LIFECYCLE_COST" : null,
				"CRE_DATE" : "20120710",
				"MOD_DATE" : "20160120"
			}
		},
		{
			"type" : "Feature",
			"geometry" : {
				"type" : "Point",
				"coordinates" : [ 511264.75067491736, 5442080.518159581 ]
			},
			"properties" : {
				"MISC_ASSET_TYPE" : 0,
				"MISC_ASSET_TYPE2" : "Railway Crossing",
				"FACILITYID" : "1001417706",
				"LEGACYID" : null,
				"MATERIAL" : "Concrete",
				"LENGTH" : null,
				"NAME" : "SRBC @ KING GEORGE BLVD",
				"RESPONSIBILITY" : "Southern Railway British Columbia",
				"ROTATION" : 145,
				"STATUS" : "In Service",
				"PROJECT_NO" : null,
				"YR" : null,
				"OWNER" : "Surrey",
				"LOCATION" : "7118 KING GEORGE BLVD MILE: 7.88",
				"COMMENTS" : "0% SURREY, 100% SRBC: SENIOR",
				"GIS_ENTRY_STAGE" : null,
				"WARRANTYDATE" : null,
				"CONDITION" : null,
				"CONDITIONDATE" : null,
				"YTD_COST" : null,
				"LIFECYCLE_COST" : null,
				"CRE_DATE" : "20120706",
				"MOD_DATE" : "20160120"
			}
		},
		{
			"type" : "Feature",
			"geometry" : {
				"type" : "Point",
				"coordinates" : [ 520055.81762776244, 5448243.653723184 ]
			},
			"properties" : {
				"MISC_ASSET_TYPE" : 0,
				"MISC_ASSET_TYPE2" : "Railway Crossing",
				"FACILITYID" : "1001417971",
				"LEGACYID" : null,
				"MATERIAL" : "Rubber Panel",
				"LENGTH" : null,
				"NAME" : "CNR @ 179 ST",
				"RESPONSIBILITY" : "Canadian National Railway",
				"ROTATION" : 90,
				"STATUS" : "In Service",
				"PROJECT_NO" : null,
				"YR" : null,
				"OWNER" : "Surrey",
				"LOCATION" : "DALY RD & 179 ST MILE: 109.84",
				"COMMENTS" : "SURREY 50%, OTHER 50%: JUNIOR",
				"GIS_ENTRY_STAGE" : null,
				"WARRANTYDATE" : null,
				"CONDITION" : null,
				"CONDITIONDATE" : null,
				"YTD_COST" : null,
				"LIFECYCLE_COST" : null,
				"CRE_DATE" : "20120710",
				"MOD_DATE" : "20160120"
			}
		},
		{
			"type" : "Feature",
			"geometry" : {
				"type" : "Point",
				"coordinates" : [ 510500.8704887973, 5451266.2398935165 ]
			},
			"properties" : {
				"MISC_ASSET_TYPE" : 0,
				"MISC_ASSET_TYPE2" : "Railway Crossing",
				"FACILITYID" : "1001417970",
				"LEGACYID" : null,
				"MATERIAL" : "Concrete",
				"LENGTH" : null,
				"NAME" : "CNR @ 132 ST",
				"RESPONSIBILITY" : "Canadian National Railway",
				"ROTATION" : 38,
				"STATUS" : "In Service",
				"PROJECT_NO" : null,
				"YR" : null,
				"OWNER" : "Surrey",
				"LOCATION" : "13477 116 AVE MILE: 116.53",
				"COMMENTS" : "MAINT UNKNOWN",
				"GIS_ENTRY_STAGE" : null,
				"WARRANTYDATE" : null,
				"CONDITION" : null,
				"CONDITIONDATE" : null,
				"YTD_COST" : null,
				"LIFECYCLE_COST" : null,
				"CRE_DATE" : "20120710",
				"MOD_DATE" : "20160120"
			}
		},
		{
			"type" : "Feature",
			"geometry" : {
				"type" : "Point",
				"coordinates" : [ 510063.5601386698, 5451426.098074868 ]
			},
			"properties" : {
				"MISC_ASSET_TYPE" : 0,
				"MISC_ASSET_TYPE2" : "Railway Crossing",
				"FACILITYID" : "1001417969",
				"LEGACYID" : null,
				"MATERIAL" : "Asphalt",
				"LENGTH" : null,
				"NAME" : "CPR @ 130 ST",
				"RESPONSIBILITY" : "Canadian National Railway",
				"ROTATION" : 90,
				"STATUS" : "In Service",
				"PROJECT_NO" : null,
				"YR" : null,
				"OWNER" : "Surrey",
				"LOCATION" : "11731 130 ST MILE: 116.81",
				"COMMENTS" : "MAINT UNKNOWN",
				"GIS_ENTRY_STAGE" : null,
				"WARRANTYDATE" : null,
				"CONDITION" : null,
				"CONDITIONDATE" : null,
				"YTD_COST" : null,
				"LIFECYCLE_COST" : null,
				"CRE_DATE" : "20120710",
				"MOD_DATE" : "20160120"
			}
		},
		{
			"type" : "Feature",
			"geometry" : {
				"type" : "Point",
				"coordinates" : [ 506141.27965522837, 5447255.628542427 ]
			},
			"properties" : {
				"MISC_ASSET_TYPE" : 0,
				"MISC_ASSET_TYPE2" : "Railway Crossing",
				"FACILITYID" : "1001417968",
				"LEGACYID" : null,
				"MATERIAL" : "Asphalt",
				"LENGTH" : null,
				"NAME" : "CNR @ ELEVATOR RD",
				"RESPONSIBILITY" : "Canadian National Railway",
				"ROTATION" : null,
				"STATUS" : "In Service",
				"PROJECT_NO" : null,
				"YR" : null,
				"OWNER" : "Surrey",
				"LOCATION" : "11045 ELEVATOR RD MILE: 2.82, 2.5, 2.06",
				"COMMENTS" : "SURREY 0%, OTHER 100%",
				"GIS_ENTRY_STAGE" : null,
				"WARRANTYDATE" : null,
				"CONDITION" : null,
				"CONDITIONDATE" : null,
				"YTD_COST" : null,
				"LIFECYCLE_COST" : null,
				"CRE_DATE" : "20120710",
				"MOD_DATE" : "20160120"
			}
		},
		{
			"type" : "Feature",
			"geometry" : {
				"type" : "Point",
				"coordinates" : [ 506352.9372066213, 5447256.064206701 ]
			},
			"properties" : {
				"MISC_ASSET_TYPE" : 0,
				"MISC_ASSET_TYPE2" : "Railway Crossing",
				"FACILITYID" : "1001417967",
				"LEGACYID" : null,
				"MATERIAL" : "Concrete",
				"LENGTH" : null,
				"NAME" : "BNR @ ELEVATOR RD",
				"RESPONSIBILITY" : "Burlington Northern Railway",
				"ROTATION" : 90,
				"STATUS" : "In Service",
				"PROJECT_NO" : null,
				"YR" : null,
				"OWNER" : "Surrey",
				"LOCATION" : "NEAR ROBSON RD & ELEVATOR RD MILE: 138.9",
				"COMMENTS" : "SURREY 100%, OTHER 0%: JUNIOR",
				"GIS_ENTRY_STAGE" : null,
				"WARRANTYDATE" : null,
				"CONDITION" : null,
				"CONDITIONDATE" : null,
				"YTD_COST" : null,
				"LIFECYCLE_COST" : null,
				"CRE_DATE" : "20120710",
				"MOD_DATE" : "20160120"
			}
		},
		{
			"type" : "Feature",
			"geometry" : {
				"type" : "Point",
				"coordinates" : [ 508864.6285608262, 5433412.333273385 ]
			},
			"properties" : {
				"MISC_ASSET_TYPE" : 0,
				"MISC_ASSET_TYPE2" : "Railway Crossing",
				"FACILITYID" : "1001417966",
				"LEGACYID" : null,
				"MATERIAL" : "Concrete",
				"LENGTH" : null,
				"NAME" : "BNR & CRESCENT RD",
				"RESPONSIBILITY" : "Burlington Northern Railway",
				"ROTATION" : 158,
				"STATUS" : "In Service",
				"PROJECT_NO" : null,
				"YR" : null,
				"OWNER" : "Surrey",
				"LOCATION" : "CRESCENT RD & BAYVIEW ST MILE: 13.72",
				"COMMENTS" : "SURREY 25%, BNR 75%: JUNIOR",
				"GIS_ENTRY_STAGE" : null,
				"WARRANTYDATE" : null,
				"CONDITION" : null,
				"CONDITIONDATE" : null,
				"YTD_COST" : null,
				"LIFECYCLE_COST" : null,
				"CRE_DATE" : "20120710",
				"MOD_DATE" : "20160120"
			}
		},
		{
			"type" : "Feature",
			"geometry" : {
				"type" : "Point",
				"coordinates" : [ 507703.1236092746, 5449403.79754705 ]
			},
			"properties" : {
				"MISC_ASSET_TYPE" : 0,
				"MISC_ASSET_TYPE2" : "Railway Crossing",
				"FACILITYID" : "1001417964",
				"LEGACYID" : null,
				"MATERIAL" : "Asphalt",
				"LENGTH" : null,
				"NAME" : "CNR @ PARTON RD",
				"RESPONSIBILITY" : "Canadian National Railway",
				"ROTATION" : 90,
				"STATUS" : "In Service",
				"PROJECT_NO" : null,
				"YR" : null,
				"OWNER" : "Surrey",
				"LOCATION" : "10732 PARTON RD MILE: 1.29",
				"COMMENTS" : "MAINT UNKNOWN: JUNIOR",
				"GIS_ENTRY_STAGE" : null,
				"WARRANTYDATE" : null,
				"CONDITION" : null,
				"CONDITIONDATE" : null,
				"YTD_COST" : null,
				"LIFECYCLE_COST" : null,
				"CRE_DATE" : "20120710",
				"MOD_DATE" : "20160120"
			}
		},
		{
			"type" : "Feature",
			"geometry" : {
				"type" : "Point",
				"coordinates" : [ 517765.2307910649, 5438647.402604619 ]
			},
			"properties" : {
				"MISC_ASSET_TYPE" : 0,
				"MISC_ASSET_TYPE2" : "Railway Crossing",
				"FACILITYID" : "1001417963",
				"LEGACYID" : null,
				"MATERIAL" : "Asphalt",
				"LENGTH" : null,
				"NAME" : "BCR @ 168 ST",
				"RESPONSIBILITY" : "British Columbia Railway",
				"ROTATION" : 90,
				"STATUS" : "In Service",
				"PROJECT_NO" : null,
				"YR" : null,
				"OWNER" : "Surrey",
				"LOCATION" : "COLEBROOK RD & 168 ST MILE: 1.74",
				"COMMENTS" : "SURREY 0%, OTHER 100%: SENIOR",
				"GIS_ENTRY_STAGE" : null,
				"WARRANTYDATE" : null,
				"CONDITION" : null,
				"CONDITIONDATE" : null,
				"YTD_COST" : null,
				"LIFECYCLE_COST" : null,
				"CRE_DATE" : "20120710",
				"MOD_DATE" : "20160120"
			}
		},
		{
			"type" : "Feature",
			"geometry" : {
				"type" : "Point",
				"coordinates" : [ 516954.9168224158, 5438653.395798033 ]
			},
			"properties" : {
				"MISC_ASSET_TYPE" : 0,
				"MISC_ASSET_TYPE2" : "Railway Crossing",
				"FACILITYID" : "1001417962",
				"LEGACYID" : null,
				"MATERIAL" : "Asphalt",
				"LENGTH" : null,
				"NAME" : "BCR @ 164 ST",
				"RESPONSIBILITY" : "British Columbia Railway",
				"ROTATION" : 90,
				"STATUS" : "In Service",
				"PROJECT_NO" : null,
				"YR" : null,
				"OWNER" : "Surrey",
				"LOCATION" : "COLEBROOK RD & 164 ST MILE: 2.24",
				"COMMENTS" : "SURREY 0%, OTHER 100%: SENIOR",
				"GIS_ENTRY_STAGE" : null,
				"WARRANTYDATE" : null,
				"CONDITION" : null,
				"CONDITIONDATE" : null,
				"YTD_COST" : null,
				"LIFECYCLE_COST" : null,
				"CRE_DATE" : "20120710",
				"MOD_DATE" : "20160120"
			}
		},
		{
			"type" : "Feature",
			"geometry" : {
				"type" : "Point",
				"coordinates" : [ 516130.82150414214, 5438580.381840358 ]
			},
			"properties" : {
				"MISC_ASSET_TYPE" : 0,
				"MISC_ASSET_TYPE2" : "Railway Crossing",
				"FACILITYID" : "1001417959",
				"LEGACYID" : null,
				"MATERIAL" : "Asphalt",
				"LENGTH" : null,
				"NAME" : "BCR @ 160 ST",
				"RESPONSIBILITY" : "British Columbia Railway",
				"ROTATION" : 86,
				"STATUS" : "In Service",
				"PROJECT_NO" : null,
				"YR" : null,
				"OWNER" : "Surrey",
				"LOCATION" : "COLEBROOK RD & 160 ST MILE: 2.75",
				"COMMENTS" : "SURREY 0%, OTHER 100%: SENIOR",
				"GIS_ENTRY_STAGE" : null,
				"WARRANTYDATE" : null,
				"CONDITION" : null,
				"CONDITIONDATE" : null,
				"YTD_COST" : null,
				"LIFECYCLE_COST" : null,
				"CRE_DATE" : "20120710",
				"MOD_DATE" : "20160120"
			}
		},
		{
			"type" : "Feature",
			"geometry" : {
				"type" : "Point",
				"coordinates" : [ 508031.01301936805, 5446007.07933571 ]
			},
			"properties" : {
				"MISC_ASSET_TYPE" : 0,
				"MISC_ASSET_TYPE2" : "Railway Crossing",
				"FACILITYID" : "1001417957",
				"LEGACYID" : null,
				"MATERIAL" : "Asphalt",
				"LENGTH" : null,
				"NAME" : "SRBC @ 90 AVE",
				"RESPONSIBILITY" : "Southern Railway British Columbia",
				"ROTATION" : null,
				"STATUS" : "In Service",
				"PROJECT_NO" : null,
				"YR" : null,
				"OWNER" : "Surrey",
				"LOCATION" : "HOLT RD & 90 AVE MILE: 4.64",
				"COMMENTS" : null,
				"GIS_ENTRY_STAGE" : null,
				"WARRANTYDATE" : null,
				"CONDITION" : null,
				"CONDITIONDATE" : null,
				"YTD_COST" : null,
				"LIFECYCLE_COST" : null,
				"CRE_DATE" : "20120710",
				"MOD_DATE" : "20160120"
			}
		},
		{
			"type" : "Feature",
			"geometry" : {
				"type" : "Point",
				"coordinates" : [ 510044.56168386247, 5444080.238296995 ]
			},
			"properties" : {
				"MISC_ASSET_TYPE" : 0,
				"MISC_ASSET_TYPE2" : "Railway Crossing",
				"FACILITYID" : "1002017530",
				"LEGACYID" : null,
				"MATERIAL" : null,
				"LENGTH" : null,
				"NAME" : "130 Street",
				"RESPONSIBILITY" : null,
				"ROTATION" : null,
				"STATUS" : null,
				"PROJECT_NO" : null,
				"YR" : null,
				"OWNER" : "Surrey",
				"LOCATION" : null,
				"COMMENTS" : null,
				"GIS_ENTRY_STAGE" : null,
				"WARRANTYDATE" : null,
				"CONDITION" : null,
				"CONDITIONDATE" : null,
				"YTD_COST" : null,
				"LIFECYCLE_COST" : null,
				"CRE_DATE" : "20180510",
				"MOD_DATE" : "20180510"
			}
		},
		{
			"type" : "Feature",
			"geometry" : {
				"type" : "Point",
				"coordinates" : [ 507504.292338253, 5449320.472617598 ]
			},
			"properties" : {
				"MISC_ASSET_TYPE" : 0,
				"MISC_ASSET_TYPE2" : "Railway Crossing",
				"FACILITYID" : "1002017531",
				"LEGACYID" : null,
				"MATERIAL" : null,
				"LENGTH" : null,
				"NAME" : "Pine Road",
				"RESPONSIBILITY" : "Southern Railway British Columbia",
				"ROTATION" : null,
				"STATUS" : null,
				"PROJECT_NO" : null,
				"YR" : null,
				"OWNER" : "Surrey",
				"LOCATION" : null,
				"COMMENTS" : null,
				"GIS_ENTRY_STAGE" : null,
				"WARRANTYDATE" : null,
				"CONDITION" : null,
				"CONDITIONDATE" : null,
				"YTD_COST" : null,
				"LIFECYCLE_COST" : null,
				"CRE_DATE" : "20180510",
				"MOD_DATE" : "20180510"
			}
		},
		{
			"type" : "Feature",
			"geometry" : {
				"type" : "Point",
				"coordinates" : [ 515478.68128107954, 5438521.0938325245 ]
			},
			"properties" : {
				"MISC_ASSET_TYPE" : 0,
				"MISC_ASSET_TYPE2" : "Railway Crossing",
				"FACILITYID" : "1001417956",
				"LEGACYID" : null,
				"MATERIAL" : "Wood",
				"LENGTH" : null,
				"NAME" : "BCR @ 157 ST",
				"RESPONSIBILITY" : "British Columbia Railway",
				"ROTATION" : 88,
				"STATUS" : "In Service",
				"PROJECT_NO" : null,
				"YR" : null,
				"OWNER" : "Surrey",
				"LOCATION" : "COLEBROOK RD & 157 ST MILE: 3.16",
				"COMMENTS" : "SURREY 0%, OTHER 100%: SENIOR",
				"GIS_ENTRY_STAGE" : null,
				"WARRANTYDATE" : null,
				"CONDITION" : null,
				"CONDITIONDATE" : null,
				"YTD_COST" : null,
				"LIFECYCLE_COST" : null,
				"CRE_DATE" : "20120710",
				"MOD_DATE" : "20160120"
			}
		},
		{
			"type" : "Feature",
			"geometry" : {
				"type" : "Point",
				"coordinates" : [ 508298.5086505022, 5445482.142954199 ]
			},
			"properties" : {
				"MISC_ASSET_TYPE" : 0,
				"MISC_ASSET_TYPE2" : "Railway Crossing",
				"FACILITYID" : "1001417955",
				"LEGACYID" : null,
				"MATERIAL" : "Concrete",
				"LENGTH" : null,
				"NAME" : "SRBC @ NORDEL WAY",
				"RESPONSIBILITY" : "Southern Railway British Columbia",
				"ROTATION" : null,
				"STATUS" : "In Service",
				"PROJECT_NO" : null,
				"YR" : null,
				"OWNER" : "Surrey",
				"LOCATION" : "12130 NORDEL WAY MILE: 5.05",
				"COMMENTS" : "SURREY 100%, OTHER 0%: JUNIOR",
				"GIS_ENTRY_STAGE" : null,
				"WARRANTYDATE" : null,
				"CONDITION" : null,
				"CONDITIONDATE" : null,
				"YTD_COST" : null,
				"LIFECYCLE_COST" : null,
				"CRE_DATE" : "20120710",
				"MOD_DATE" : "20160120"
			}
		},
		{
			"type" : "Feature",
			"geometry" : {
				"type" : "Point",
				"coordinates" : [ 506341.24114069436, 5447309.493728541 ]
			},
			"properties" : {
				"MISC_ASSET_TYPE" : 0,
				"MISC_ASSET_TYPE2" : "Railway Crossing",
				"FACILITYID" : "1001417954",
				"LEGACYID" : null,
				"MATERIAL" : "Asphalt",
				"LENGTH" : null,
				"NAME" : "CNR @ ROBSON RD",
				"RESPONSIBILITY" : "Canadian National Railway",
				"ROTATION" : 30,
				"STATUS" : "In Service",
				"PROJECT_NO" : null,
				"YR" : null,
				"OWNER" : "Surrey",
				"LOCATION" : "9815 ROBSON ROAD MILE: 2.82, 2.5, 2.06",
				"COMMENTS" : "SURREY 0%, OTHER 100%",
				"GIS_ENTRY_STAGE" : null,
				"WARRANTYDATE" : null,
				"CONDITION" : null,
				"CONDITIONDATE" : null,
				"YTD_COST" : null,
				"LIFECYCLE_COST" : null,
				"CRE_DATE" : "20120710",
				"MOD_DATE" : "20160120"
			}
		},
		{
			"type" : "Feature",
			"geometry" : {
				"type" : "Point",
				"coordinates" : [ 514519.47704290133, 5438433.138951164 ]
			},
			"properties" : {
				"MISC_ASSET_TYPE" : 0,
				"MISC_ASSET_TYPE2" : "Railway Crossing",
				"FACILITYID" : "1001417952",
				"LEGACYID" : null,
				"MATERIAL" : "Asphalt",
				"LENGTH" : null,
				"NAME" : "CPR @ 192 ST",
				"RESPONSIBILITY" : "British Columbia Railway",
				"ROTATION" : 82,
				"STATUS" : "In Service",
				"PROJECT_NO" : null,
				"YR" : null,
				"OWNER" : "Surrey",
				"LOCATION" : "5390 152 ST MILE: 3.75",
				"COMMENTS" : "SURREY 0%, OTHER 100%: SENIOR",
				"GIS_ENTRY_STAGE" : null,
				"WARRANTYDATE" : null,
				"CONDITION" : null,
				"CONDITIONDATE" : null,
				"YTD_COST" : null,
				"LIFECYCLE_COST" : null,
				"CRE_DATE" : "20120710",
				"MOD_DATE" : "20160120"
			}
		},
		{
			"type" : "Feature",
			"geometry" : {
				"type" : "Point",
				"coordinates" : [ 513693.1419762019, 5438357.451262733 ]
			},
			"properties" : {
				"MISC_ASSET_TYPE" : 0,
				"MISC_ASSET_TYPE2" : "Railway Crossing",
				"FACILITYID" : "1001417951",
				"LEGACYID" : null,
				"MATERIAL" : "Wood",
				"LENGTH" : null,
				"NAME" : "CPR @ 148 ST",
				"RESPONSIBILITY" : "British Columbia Railway",
				"ROTATION" : 86,
				"STATUS" : "In Service",
				"PROJECT_NO" : null,
				"YR" : null,
				"OWNER" : "Surrey",
				"LOCATION" : "COLEBROOK RD & 148 ST MILE: 4.25",
				"COMMENTS" : "SURREY 0%, OTHER 100%: SENIOR",
				"GIS_ENTRY_STAGE" : null,
				"WARRANTYDATE" : null,
				"CONDITION" : null,
				"CONDITIONDATE" : null,
				"YTD_COST" : null,
				"LIFECYCLE_COST" : null,
				"CRE_DATE" : "20120710",
				"MOD_DATE" : "20160120"
			}
		},
		{
			"type" : "Feature",
			"geometry" : {
				"type" : "Point",
				"coordinates" : [ 508874.38864524383, 5451112.2206907105 ]
			},
			"properties" : {
				"MISC_ASSET_TYPE" : 0,
				"MISC_ASSET_TYPE2" : "Railway Crossing",
				"FACILITYID" : "1001417950",
				"LEGACYID" : null,
				"MATERIAL" : "Asphalt",
				"LENGTH" : null,
				"NAME" : "CNR @ 124 ST",
				"RESPONSIBILITY" : "Canadian National Railway",
				"ROTATION" : 90,
				"STATUS" : "In Service",
				"PROJECT_NO" : null,
				"YR" : null,
				"OWNER" : "Surrey",
				"LOCATION" : "116 AV & 124 ST MILE: 117.54",
				"COMMENTS" : "MAINT UNKNOWN: JUNIOR",
				"GIS_ENTRY_STAGE" : null,
				"WARRANTYDATE" : null,
				"CONDITION" : null,
				"CONDITIONDATE" : null,
				"YTD_COST" : null,
				"LIFECYCLE_COST" : null,
				"CRE_DATE" : "20120710",
				"MOD_DATE" : "20160120"
			}
		},
		{
			"type" : "Feature",
			"geometry" : {
				"type" : "Point",
				"coordinates" : [ 520967.2970924238, 5438278.074596442 ]
			},
			"properties" : {
				"MISC_ASSET_TYPE" : 0,
				"MISC_ASSET_TYPE2" : "Railway Crossing",
				"FACILITYID" : "1001417948",
				"LEGACYID" : null,
				"MATERIAL" : "Concrete",
				"LENGTH" : null,
				"NAME" : "CPR @ 184 ST",
				"RESPONSIBILITY" : "Canadian Pacific Railway",
				"ROTATION" : 98,
				"STATUS" : "In Service",
				"PROJECT_NO" : null,
				"YR" : null,
				"OWNER" : "Surrey",
				"LOCATION" : "5235 184 ST MILE: 23.59",
				"COMMENTS" : "MAINT % UNKNOWN: JUNIOR",
				"GIS_ENTRY_STAGE" : null,
				"WARRANTYDATE" : null,
				"CONDITION" : null,
				"CONDITIONDATE" : null,
				"YTD_COST" : null,
				"LIFECYCLE_COST" : null,
				"CRE_DATE" : "20120710",
				"MOD_DATE" : "20160120"
			}
		},
		{
			"type" : "Feature",
			"geometry" : {
				"type" : "Point",
				"coordinates" : [ 508326.6643104134, 5450694.566067634 ]
			},
			"properties" : {
				"MISC_ASSET_TYPE" : 0,
				"MISC_ASSET_TYPE2" : "Railway Crossing",
				"FACILITYID" : "1001417947",
				"LEGACYID" : null,
				"MATERIAL" : "Asphalt",
				"LENGTH" : null,
				"NAME" : "CNR @ MUSQUEM",
				"RESPONSIBILITY" : "Canadian National Railway",
				"ROTATION" : 90,
				"STATUS" : "In Service",
				"PROJECT_NO" : null,
				"YR" : null,
				"OWNER" : "Surrey",
				"LOCATION" : "12195 MUSQUEM MILE: 118.7",
				"COMMENTS" : "MAINT UNKNOWN",
				"GIS_ENTRY_STAGE" : null,
				"WARRANTYDATE" : null,
				"CONDITION" : null,
				"CONDITIONDATE" : null,
				"YTD_COST" : null,
				"LIFECYCLE_COST" : null,
				"CRE_DATE" : "20120710",
				"MOD_DATE" : "20160120"
			}
		},
		{
			"type" : "Feature",
			"geometry" : {
				"type" : "Point",
				"coordinates" : [ 523081.3711808203, 5439113.201567609 ]
			},
			"properties" : {
				"MISC_ASSET_TYPE" : 0,
				"MISC_ASSET_TYPE2" : "Railway Crossing",
				"FACILITYID" : "1001417840",
				"LEGACYID" : null,
				"MATERIAL" : "Concrete",
				"LENGTH" : null,
				"NAME" : "CPR @ 56 AVE",
				"RESPONSIBILITY" : "Canadian Pacific Railway",
				"ROTATION" : 112,
				"STATUS" : "In Service",
				"PROJECT_NO" : null,
				"YR" : null,
				"OWNER" : "Surrey",
				"LOCATION" : "19458 56 AVE MILE: 21.98",
				"COMMENTS" : "SURREY 50%, CPR 50%: SENIOR",
				"GIS_ENTRY_STAGE" : null,
				"WARRANTYDATE" : null,
				"CONDITION" : null,
				"CONDITIONDATE" : null,
				"YTD_COST" : null,
				"LIFECYCLE_COST" : null,
				"CRE_DATE" : "20120710",
				"MOD_DATE" : "20160120"
			}
		},
		{
			"type" : "Feature",
			"geometry" : {
				"type" : "Point",
				"coordinates" : [ 517764.0426373938, 5439046.057105985 ]
			},
			"properties" : {
				"MISC_ASSET_TYPE" : 0,
				"MISC_ASSET_TYPE2" : "Railway Crossing",
				"FACILITYID" : "1001417837",
				"LEGACYID" : null,
				"MATERIAL" : "Asphalt",
				"LENGTH" : null,
				"NAME" : "SRBC @ 168 ST",
				"RESPONSIBILITY" : "Southern Railway British Columbia",
				"ROTATION" : 90,
				"STATUS" : "In Service",
				"PROJECT_NO" : null,
				"YR" : null,
				"OWNER" : "Surrey",
				"LOCATION" : "HWY 10 & 168 ST MILE: 12.52",
				"COMMENTS" : "SURREY 34%, OTHER 66%: SENIOR",
				"GIS_ENTRY_STAGE" : null,
				"WARRANTYDATE" : null,
				"CONDITION" : null,
				"CONDITIONDATE" : null,
				"YTD_COST" : null,
				"LIFECYCLE_COST" : null,
				"CRE_DATE" : "20120710",
				"MOD_DATE" : "20160120"
			}
		},
		{
			"type" : "Feature",
			"geometry" : {
				"type" : "Point",
				"coordinates" : [ 522538.11773594003, 5438310.907815674 ]
			},
			"properties" : {
				"MISC_ASSET_TYPE" : 0,
				"MISC_ASSET_TYPE2" : "Railway Crossing",
				"FACILITYID" : "1001417712",
				"LEGACYID" : null,
				"MATERIAL" : "Concrete",
				"LENGTH" : null,
				"NAME" : "CPR @ 192 ST",
				"RESPONSIBILITY" : "Canadian Pacific Railway",
				"ROTATION" : 89,
				"STATUS" : "In Service",
				"PROJECT_NO" : null,
				"YR" : null,
				"OWNER" : "Surrey",
				"LOCATION" : "52 AVE & 192 ST MILE: 22.62 (108.15)",
				"COMMENTS" : "SURREY 0%, OTHER 100%: JUNIOR",
				"GIS_ENTRY_STAGE" : null,
				"WARRANTYDATE" : null,
				"CONDITION" : null,
				"CONDITIONDATE" : null,
				"YTD_COST" : null,
				"LIFECYCLE_COST" : null,
				"CRE_DATE" : "20120706",
				"MOD_DATE" : "20160120"
			}
		},
		{
			"type" : "Feature",
			"geometry" : {
				"type" : "Point",
				"coordinates" : [ 510377.46499314066, 5438021.518198753 ]
			},
			"properties" : {
				"MISC_ASSET_TYPE" : 0,
				"MISC_ASSET_TYPE2" : "Railway Crossing",
				"FACILITYID" : "1001417711",
				"LEGACYID" : null,
				"MATERIAL" : "Asphalt",
				"LENGTH" : null,
				"NAME" : "BCR@ 131A ST",
				"RESPONSIBILITY" : "British Columbia Railway",
				"ROTATION" : 133,
				"STATUS" : "In Service",
				"PROJECT_NO" : null,
				"YR" : null,
				"OWNER" : "Surrey",
				"LOCATION" : "COLEBROOK RD & 131A ST MILE: 6.88",
				"COMMENTS" : "SURREY 0%, OTHER 100%: SENIOR",
				"GIS_ENTRY_STAGE" : null,
				"WARRANTYDATE" : null,
				"CONDITION" : null,
				"CONDITIONDATE" : null,
				"YTD_COST" : null,
				"LIFECYCLE_COST" : null,
				"CRE_DATE" : "20120706",
				"MOD_DATE" : "20160120"
			}
		},
		{
			"type" : "Feature",
			"geometry" : {
				"type" : "Point",
				"coordinates" : [ 512891.7708966499, 5441283.113318086 ]
			},
			"properties" : {
				"MISC_ASSET_TYPE" : 0,
				"MISC_ASSET_TYPE2" : "Railway Crossing",
				"FACILITYID" : "1001417700",
				"LEGACYID" : null,
				"MATERIAL" : "Asphalt",
				"LENGTH" : null,
				"NAME" : "SRBC @ 144 ST",
				"RESPONSIBILITY" : "Southern Railway British Columbia",
				"ROTATION" : 124,
				"STATUS" : "In Service",
				"PROJECT_NO" : null,
				"YR" : null,
				"OWNER" : "Surrey",
				"LOCATION" : "6630 144 ST MILE: 9.08",
				"COMMENTS" : "SURREY 0%, OTHER 100%: SENIOR",
				"GIS_ENTRY_STAGE" : null,
				"WARRANTYDATE" : null,
				"CONDITION" : null,
				"CONDITIONDATE" : null,
				"YTD_COST" : null,
				"LIFECYCLE_COST" : null,
				"CRE_DATE" : "20120706",
				"MOD_DATE" : "20160120"
			}
		},
		{
			"type" : "Feature",
			"geometry" : {
				"type" : "Point",
				"coordinates" : [ 509627.1729917666, 5444182.043360958 ]
			},
			"properties" : {
				"MISC_ASSET_TYPE" : 0,
				"MISC_ASSET_TYPE2" : "Railway Crossing",
				"FACILITYID" : "1001417697",
				"LEGACYID" : null,
				"MATERIAL" : "Concrete",
				"LENGTH" : null,
				"NAME" : "SRBC @ 128 ST",
				"RESPONSIBILITY" : "Southern Railway British Columbia",
				"ROTATION" : 142,
				"STATUS" : "In Service",
				"PROJECT_NO" : null,
				"YR" : null,
				"OWNER" : "Surrey",
				"LOCATION" : "8155 128 ST MILE: 6.21",
				"COMMENTS" : "SURREY 0%, OTHER 100%: SENIOR",
				"GIS_ENTRY_STAGE" : null,
				"WARRANTYDATE" : null,
				"CONDITION" : null,
				"CONDITIONDATE" : null,
				"YTD_COST" : null,
				"LIFECYCLE_COST" : null,
				"CRE_DATE" : "20120706",
				"MOD_DATE" : "20160120"
			}
		},
		{
			"type" : "Feature",
			"geometry" : {
				"type" : "Point",
				"coordinates" : [ 509819.9480960453, 5443935.011867698 ]
			},
			"properties" : {
				"MISC_ASSET_TYPE" : 0,
				"MISC_ASSET_TYPE2" : "Railway Crossing",
				"FACILITYID" : "1001417696",
				"LEGACYID" : null,
				"MATERIAL" : "Concrete",
				"LENGTH" : null,
				"NAME" : "SRBC @ 80 ST",
				"RESPONSIBILITY" : "Southern Railway British Columbia",
				"ROTATION" : 57,
				"STATUS" : "In Service",
				"PROJECT_NO" : null,
				"YR" : null,
				"OWNER" : "Surrey",
				"LOCATION" : "12920 80 AVE MILE: 6.53",
				"COMMENTS" : "SURREY 0%, OTHER 100%: SENIOR",
				"GIS_ENTRY_STAGE" : null,
				"WARRANTYDATE" : null,
				"CONDITION" : null,
				"CONDITIONDATE" : null,
				"YTD_COST" : null,
				"LIFECYCLE_COST" : null,
				"CRE_DATE" : "20120706",
				"MOD_DATE" : "20160120"
			}
		},
		{
			"type" : "Feature",
			"geometry" : {
				"type" : "Point",
				"coordinates" : [ 511081.36802221835, 5442315.907781519 ]
			},
			"properties" : {
				"MISC_ASSET_TYPE" : 0,
				"MISC_ASSET_TYPE2" : "Railway Crossing",
				"FACILITYID" : "1001417695",
				"LEGACYID" : null,
				"MATERIAL" : "Concrete",
				"LENGTH" : null,
				"NAME" : "SRBC @ 72 AVE",
				"RESPONSIBILITY" : "Southern Railway British Columbia",
				"ROTATION" : 50,
				"STATUS" : "In Service",
				"PROJECT_NO" : null,
				"YR" : null,
				"OWNER" : "Surrey",
				"LOCATION" : "13501 72 AVE MILE: 7.68",
				"COMMENTS" : "SURREY 17.5%, OTHER 82.5%: SENIOR",
				"GIS_ENTRY_STAGE" : null,
				"WARRANTYDATE" : null,
				"CONDITION" : null,
				"CONDITIONDATE" : null,
				"YTD_COST" : null,
				"LIFECYCLE_COST" : null,
				"CRE_DATE" : "20120706",
				"MOD_DATE" : "20160120"
			}
		},
		{
			"type" : "Feature",
			"geometry" : {
				"type" : "Point",
				"coordinates" : [ 513800.0610762993, 5440714.869750727 ]
			},
			"properties" : {
				"MISC_ASSET_TYPE" : 0,
				"MISC_ASSET_TYPE2" : "Railway Crossing",
				"FACILITYID" : "1001193917",
				"LEGACYID" : null,
				"MATERIAL" : "Concrete",
				"LENGTH" : null,
				"NAME" : "SRBC @ 64 AVE",
				"RESPONSIBILITY" : "Southern Railway British Columbia",
				"ROTATION" : 115,
				"STATUS" : "In Service",
				"PROJECT_NO" : null,
				"YR" : null,
				"OWNER" : "Surrey",
				"LOCATION" : "14772 64 AVE MILE: 9.76",
				"COMMENTS" : "SURREY 100%: JUNIOR",
				"GIS_ENTRY_STAGE" : null,
				"WARRANTYDATE" : null,
				"CONDITION" : null,
				"CONDITIONDATE" : null,
				"YTD_COST" : null,
				"LIFECYCLE_COST" : null,
				"CRE_DATE" : "20110329",
				"MOD_DATE" : "20160120"
			}
		},
		{
			"type" : "Feature",
			"geometry" : {
				"type" : "Point",
				"coordinates" : [ 513704.9006537795, 5440752.396414308 ]
			},
			"properties" : {
				"MISC_ASSET_TYPE" : 0,
				"MISC_ASSET_TYPE2" : "Railway Crossing",
				"FACILITYID" : "1001193916",
				"LEGACYID" : null,
				"MATERIAL" : "Concrete",
				"LENGTH" : null,
				"NAME" : "SRBC @ 148 ST",
				"RESPONSIBILITY" : "Southern Railway British Columbia",
				"ROTATION" : 16,
				"STATUS" : "In Service",
				"PROJECT_NO" : null,
				"YR" : null,
				"OWNER" : "Surrey",
				"LOCATION" : "6448 148 ST MILE: 9.69",
				"COMMENTS" : "SURREY 100%: SENIOR",
				"GIS_ENTRY_STAGE" : null,
				"WARRANTYDATE" : null,
				"CONDITION" : null,
				"CONDITIONDATE" : null,
				"YTD_COST" : null,
				"LIFECYCLE_COST" : null,
				"CRE_DATE" : "20110329",
				"MOD_DATE" : "20160120"
			}
		},
		{
			"type" : "Feature",
			"geometry" : {
				"type" : "Point",
				"coordinates" : [ 516969.3814902706, 5439089.536520829 ]
			},
			"properties" : {
				"MISC_ASSET_TYPE" : 0,
				"MISC_ASSET_TYPE2" : "Railway Crossing",
				"FACILITYID" : "1001192255",
				"LEGACYID" : null,
				"MATERIAL" : "Concrete",
				"LENGTH" : null,
				"NAME" : "CRP @ 56 AVE",
				"RESPONSIBILITY" : "Canadian Pacific Railway",
				"ROTATION" : null,
				"STATUS" : "In Service",
				"PROJECT_NO" : "MOTH 71101-1004",
				"YR" : null,
				"OWNER" : "Surrey",
				"LOCATION" : "HIGHWAY 10 (56 AVE) & OLD MCLELLAN RD MILE: 12.04",
				"COMMENTS" : null,
				"GIS_ENTRY_STAGE" : "Final AB",
				"WARRANTYDATE" : null,
				"CONDITION" : null,
				"CONDITIONDATE" : null,
				"YTD_COST" : null,
				"LIFECYCLE_COST" : null,
				"CRE_DATE" : "20110318",
				"MOD_DATE" : "20160120"
			}
		},
		{
			"type" : "Feature",
			"geometry" : {
				"type" : "Point",
				"coordinates" : [ 507589.27283268236, 5449428.578125624 ]
			},
			"properties" : {
				"MISC_ASSET_TYPE" : 0,
				"MISC_ASSET_TYPE2" : "Railway Crossing",
				"FACILITYID" : "1001082173",
				"LEGACYID" : null,
				"MATERIAL" : "Asphalt",
				"LENGTH" : null,
				"NAME" : "SRBC @ TANNERY RD",
				"RESPONSIBILITY" : "Southern Railway British Columbia",
				"ROTATION" : 90,
				"STATUS" : "In Service",
				"PROJECT_NO" : null,
				"YR" : 2009,
				"OWNER" : "Surrey",
				"LOCATION" : "TANNERY & TIMBERLAND MILE: 117.69",
				"COMMENTS" : "MAINT % UNKNOWN",
				"GIS_ENTRY_STAGE" : null,
				"WARRANTYDATE" : null,
				"CONDITION" : null,
				"CONDITIONDATE" : null,
				"YTD_COST" : null,
				"LIFECYCLE_COST" : null,
				"CRE_DATE" : "20090212",
				"MOD_DATE" : "20160120"
			}
		},
		{
			"type" : "Feature",
			"geometry" : {
				"type" : "Point",
				"coordinates" : [ 509156.0504893707, 5449419.973701594 ]
			},
			"properties" : {
				"MISC_ASSET_TYPE" : 0,
				"MISC_ASSET_TYPE2" : "Railway Crossing",
				"FACILITYID" : "1000959798",
				"LEGACYID" : null,
				"MATERIAL" : "Asphalt",
				"LENGTH" : null,
				"NAME" : "SRBC @ OLD YALE RD",
				"RESPONSIBILITY" : "Southern Railway British Columbia",
				"ROTATION" : 120,
				"STATUS" : "In Service",
				"PROJECT_NO" : null,
				"YR" : null,
				"OWNER" : "Surrey",
				"LOCATION" : "12538 OLD YALE RD MILE: 1.97",
				"COMMENTS" : "SURREY 0%,  OTHER 100%: JUNIOR",
				"GIS_ENTRY_STAGE" : null,
				"WARRANTYDATE" : null,
				"CONDITION" : null,
				"CONDITIONDATE" : null,
				"YTD_COST" : null,
				"LIFECYCLE_COST" : null,
				"CRE_DATE" : "20081203",
				"MOD_DATE" : "20160120"
			}
		},
		{
			"type" : "Feature",
			"geometry" : {
				"type" : "Point",
				"coordinates" : [ 507997.65910691395, 5446172.880121343 ]
			},
			"properties" : {
				"MISC_ASSET_TYPE" : 0,
				"MISC_ASSET_TYPE2" : "Railway Crossing",
				"FACILITYID" : "1000959797",
				"LEGACYID" : null,
				"MATERIAL" : "Concrete",
				"LENGTH" : null,
				"NAME" : "SRBC @ 120 ST",
				"RESPONSIBILITY" : "Southern Railway British Columbia",
				"ROTATION" : 168,
				"STATUS" : "In Service",
				"PROJECT_NO" : null,
				"YR" : null,
				"OWNER" : "Surrey",
				"LOCATION" : "9010 120 ST MILE: 4.57",
				"COMMENTS" : "SURREY 25%, OTHER 75%:SENIOR",
				"GIS_ENTRY_STAGE" : null,
				"WARRANTYDATE" : null,
				"CONDITION" : null,
				"CONDITIONDATE" : null,
				"YTD_COST" : null,
				"LIFECYCLE_COST" : null,
				"CRE_DATE" : "20081203",
				"MOD_DATE" : "20160120"
			}
		},
		{
			"type" : "Feature",
			"geometry" : {
				"type" : "Point",
				"coordinates" : [ 508167.2515379023, 5445605.382435985 ]
			},
			"properties" : {
				"MISC_ASSET_TYPE" : 0,
				"MISC_ASSET_TYPE2" : "Railway Crossing",
				"FACILITYID" : "1000959796",
				"LEGACYID" : null,
				"MATERIAL" : "Asphalt",
				"LENGTH" : null,
				"NAME" : "SRBC @ 88 AVE",
				"RESPONSIBILITY" : "Southern Railway British Columbia",
				"ROTATION" : 50,
				"STATUS" : "In Service",
				"PROJECT_NO" : null,
				"YR" : null,
				"OWNER" : "Surrey",
				"LOCATION" : "12057 88 AVE MILE: 4.94",
				"COMMENTS" : "SURREY 0%, OTHER 100%:JUNIOR",
				"GIS_ENTRY_STAGE" : null,
				"WARRANTYDATE" : null,
				"CONDITION" : null,
				"CONDITIONDATE" : null,
				"YTD_COST" : null,
				"LIFECYCLE_COST" : null,
				"CRE_DATE" : "20081203",
				"MOD_DATE" : "20160120"
			}
		},
		{
			"type" : "Feature",
			"geometry" : {
				"type" : "Point",
				"coordinates" : [ 507777.647734995, 5447153.466590283 ]
			},
			"properties" : {
				"MISC_ASSET_TYPE" : 0,
				"MISC_ASSET_TYPE2" : "Railway Crossing",
				"FACILITYID" : "1000959794",
				"LEGACYID" : null,
				"MATERIAL" : "Asphalt",
				"LENGTH" : null,
				"NAME" : "SRBC @ 96 AVE",
				"RESPONSIBILITY" : "Southern Railway British Columbia",
				"ROTATION" : 60,
				"STATUS" : "In Service",
				"PROJECT_NO" : null,
				"YR" : null,
				"OWNER" : "Surrey",
				"LOCATION" : "11895 96 AVE MILE: 3.94",
				"COMMENTS" : "SURREY 0%, OTHER 100%: JUNIOR",
				"GIS_ENTRY_STAGE" : null,
				"WARRANTYDATE" : null,
				"CONDITION" : null,
				"CONDITIONDATE" : null,
				"YTD_COST" : null,
				"LIFECYCLE_COST" : null,
				"CRE_DATE" : "20081203",
				"MOD_DATE" : "20160120"
			}
		},
		{
			"type" : "Feature",
			"geometry" : {
				"type" : "Point",
				"coordinates" : [ 508897.42701043375, 5448789.0530361105 ]
			},
			"properties" : {
				"MISC_ASSET_TYPE" : 0,
				"MISC_ASSET_TYPE2" : "Railway Crossing",
				"FACILITYID" : "1000959792",
				"LEGACYID" : null,
				"MATERIAL" : "Asphalt",
				"LENGTH" : null,
				"NAME" : "SRBC @ 104 AVE",
				"RESPONSIBILITY" : "Southern Railway British Columbia",
				"ROTATION" : 112,
				"STATUS" : "In Service",
				"PROJECT_NO" : null,
				"YR" : null,
				"OWNER" : "Surrey",
				"LOCATION" : "12442 104 AVE MILE: 2.63",
				"COMMENTS" : "SURREY 0%, OTHER 100%: JUNIOR",
				"GIS_ENTRY_STAGE" : null,
				"WARRANTYDATE" : null,
				"CONDITION" : null,
				"CONDITIONDATE" : null,
				"YTD_COST" : null,
				"LIFECYCLE_COST" : null,
				"CRE_DATE" : "20081203",
				"MOD_DATE" : "20160120"
			}
		},
		{
			"type" : "Feature",
			"geometry" : {
				"type" : "Point",
				"coordinates" : [ 508356.40248912945, 5450162.809029259 ]
			},
			"properties" : {
				"MISC_ASSET_TYPE" : 0,
				"MISC_ASSET_TYPE2" : "Railway Crossing",
				"FACILITYID" : "1000959789",
				"LEGACYID" : null,
				"MATERIAL" : "Asphalt",
				"LENGTH" : null,
				"NAME" : "SRBC @ BRIDGE RD",
				"RESPONSIBILITY" : "Southern Railway British Columbia",
				"ROTATION" : 35,
				"STATUS" : "In Service",
				"PROJECT_NO" : null,
				"YR" : null,
				"OWNER" : "Surrey",
				"LOCATION" : "11105 BRIDGE RD",
				"COMMENTS" : "MAINT UNKNOWN: JUNIOR",
				"GIS_ENTRY_STAGE" : null,
				"WARRANTYDATE" : null,
				"CONDITION" : null,
				"CONDITIONDATE" : null,
				"YTD_COST" : null,
				"LIFECYCLE_COST" : null,
				"CRE_DATE" : "20081203",
				"MOD_DATE" : "20160120"
			}
		},
		{
			"type" : "Feature",
			"geometry" : {
				"type" : "Point",
				"coordinates" : [ 507855.25776719395, 5450145.067690218 ]
			},
			"properties" : {
				"MISC_ASSET_TYPE" : 0,
				"MISC_ASSET_TYPE2" : "Railway Crossing",
				"FACILITYID" : "1000959788",
				"LEGACYID" : null,
				"MATERIAL" : "Wood",
				"LENGTH" : null,
				"NAME" : "CNR @ OLD YALE RD",
				"RESPONSIBILITY" : "Canadian National Railway",
				"ROTATION" : 100,
				"STATUS" : "In Service",
				"PROJECT_NO" : null,
				"YR" : null,
				"OWNER" : null,
				"LOCATION" : "11939 OLD YALE RD MILE: 0.77",
				"COMMENTS" : "MAINT UNKNOWN",
				"GIS_ENTRY_STAGE" : null,
				"WARRANTYDATE" : null,
				"CONDITION" : null,
				"CONDITIONDATE" : null,
				"YTD_COST" : null,
				"LIFECYCLE_COST" : null,
				"CRE_DATE" : "20081203",
				"MOD_DATE" : "20160120"
			}
		},
		{
			"type" : "Feature",
			"geometry" : {
				"type" : "Point",
				"coordinates" : [ 508144.55609518755, 5449922.018498182 ]
			},
			"properties" : {
				"MISC_ASSET_TYPE" : 0,
				"MISC_ASSET_TYPE2" : "Railway Crossing",
				"FACILITYID" : "1000959787",
				"LEGACYID" : null,
				"MATERIAL" : null,
				"LENGTH" : null,
				"NAME" : "BNR @ OLD YALE RD",
				"RESPONSIBILITY" : "Burlington Northern Railway",
				"ROTATION" : 90,
				"STATUS" : "In Service",
				"PROJECT_NO" : null,
				"YR" : null,
				"OWNER" : null,
				"LOCATION" : "12045 OLD YALE RD MILE: 117.63",
				"COMMENTS" : "TRESTLE OVERHEAD",
				"GIS_ENTRY_STAGE" : null,
				"WARRANTYDATE" : null,
				"CONDITION" : null,
				"CONDITIONDATE" : null,
				"YTD_COST" : null,
				"LIFECYCLE_COST" : null,
				"CRE_DATE" : "20081203",
				"MOD_DATE" : "20160120"
			}
		},
		{
			"type" : "Feature",
			"geometry" : {
				"type" : "Point",
				"coordinates" : [ 508389.4417242361, 5450209.283626612 ]
			},
			"properties" : {
				"MISC_ASSET_TYPE" : 0,
				"MISC_ASSET_TYPE2" : "Railway Crossing",
				"FACILITYID" : "1001082172",
				"LEGACYID" : null,
				"MATERIAL" : null,
				"LENGTH" : null,
				"NAME" : null,
				"RESPONSIBILITY" : "Southern Railway British Columbia",
				"ROTATION" : null,
				"STATUS" : "In Service",
				"PROJECT_NO" : null,
				"YR" : 2009,
				"OWNER" : "Surrey",
				"LOCATION" : null,
				"COMMENTS" : null,
				"GIS_ENTRY_STAGE" : null,
				"WARRANTYDATE" : null,
				"CONDITION" : null,
				"CONDITIONDATE" : null,
				"YTD_COST" : null,
				"LIFECYCLE_COST" : null,
				"CRE_DATE" : "20090212",
				"MOD_DATE" : "20160120"
			}
		},
		{
			"type" : "Feature",
			"geometry" : {
				"type" : "Point",
				"coordinates" : [ 508090.16971122194, 5449963.204440925 ]
			},
			"properties" : {
				"MISC_ASSET_TYPE" : 0,
				"MISC_ASSET_TYPE2" : "Railway Crossing",
				"FACILITYID" : "1001082171",
				"LEGACYID" : null,
				"MATERIAL" : "Asphalt",
				"LENGTH" : null,
				"NAME" : null,
				"RESPONSIBILITY" : null,
				"ROTATION" : null,
				"STATUS" : "In Service",
				"PROJECT_NO" : null,
				"YR" : 2009,
				"OWNER" : "Surrey",
				"LOCATION" : "12007 OLD YALE RD",
				"COMMENTS" : "JUNIOR",
				"GIS_ENTRY_STAGE" : null,
				"WARRANTYDATE" : null,
				"CONDITION" : null,
				"CONDITIONDATE" : null,
				"YTD_COST" : null,
				"LIFECYCLE_COST" : null,
				"CRE_DATE" : "20090212",
				"MOD_DATE" : "20160120"
			}
		},
		{
			"type" : "Feature",
			"geometry" : {
				"type" : "Point",
				"coordinates" : [ 508298.13604024705, 5450405.271549061 ]
			},
			"properties" : {
				"MISC_ASSET_TYPE" : 0,
				"MISC_ASSET_TYPE2" : "Railway Crossing",
				"FACILITYID" : "1000959775",
				"LEGACYID" : null,
				"MATERIAL" : null,
				"LENGTH" : null,
				"NAME" : "CNR @ MUSQEUM TRESTLE",
				"RESPONSIBILITY" : "Canadian National Railway",
				"ROTATION" : null,
				"STATUS" : "In Service",
				"PROJECT_NO" : null,
				"YR" : null,
				"OWNER" : "Surrey",
				"LOCATION" : "MILE 118.2",
				"COMMENTS" : "TRESTLE OVERHEAD",
				"GIS_ENTRY_STAGE" : null,
				"WARRANTYDATE" : null,
				"CONDITION" : null,
				"CONDITIONDATE" : null,
				"YTD_COST" : null,
				"LIFECYCLE_COST" : null,
				"CRE_DATE" : "20081203",
				"MOD_DATE" : "20160120"
			}
		},
		{
			"type" : "Feature",
			"geometry" : {
				"type" : "Point",
				"coordinates" : [ 519427.2175520025, 5448772.989391858 ]
			},
			"properties" : {
				"MISC_ASSET_TYPE" : 0,
				"MISC_ASSET_TYPE2" : "Railway Crossing",
				"FACILITYID" : "1000959793",
				"LEGACYID" : null,
				"MATERIAL" : "Concrete",
				"LENGTH" : null,
				"NAME" : "CNR @ 104 AVE",
				"RESPONSIBILITY" : "Canadian National Railway",
				"ROTATION" : 40,
				"STATUS" : "In Service",
				"PROJECT_NO" : null,
				"YR" : null,
				"OWNER" : "Surrey",
				"LOCATION" : "104 AVE & DALY RD MILE: 109.84",
				"COMMENTS" : "SURREY 50%, OTHER 50%: JUNIOR",
				"GIS_ENTRY_STAGE" : null,
				"WARRANTYDATE" : null,
				"CONDITION" : null,
				"CONDITIONDATE" : null,
				"YTD_COST" : null,
				"LIFECYCLE_COST" : null,
				"CRE_DATE" : "20081203",
				"MOD_DATE" : "20160121"
			}
		},
		{
			"type" : "Feature",
			"geometry" : {
				"type" : "Point",
				"coordinates" : [ 515335.16480944585, 5440186.176092971 ]
			},
			"properties" : {
				"MISC_ASSET_TYPE" : 0,
				"MISC_ASSET_TYPE2" : "Railway Crossing",
				"FACILITYID" : "1001417705",
				"LEGACYID" : null,
				"MATERIAL" : "Asphalt",
				"LENGTH" : null,
				"NAME" : "SRBC @ 156 ST",
				"RESPONSIBILITY" : "Southern Railway British Columbia",
				"ROTATION" : null,
				"STATUS" : "Abandoned",
				"PROJECT_NO" : null,
				"YR" : null,
				"OWNER" : "Surrey",
				"LOCATION" : "60 AVE & 156 ST",
				"COMMENTS" : null,
				"GIS_ENTRY_STAGE" : null,
				"WARRANTYDATE" : null,
				"CONDITION" : null,
				"CONDITIONDATE" : null,
				"YTD_COST" : null,
				"LIFECYCLE_COST" : null,
				"CRE_DATE" : "20120706",
				"MOD_DATE" : "20160121"
			}
		},
		{
			"type" : "Feature",
			"geometry" : {
				"type" : "Point",
				"coordinates" : [ 519419.90630000085, 5448773.118800001 ]
			},
			"properties" : {
				"MISC_ASSET_TYPE" : 0,
				"MISC_ASSET_TYPE2" : "Railway Crossing",
				"FACILITYID" : "1001855129",
				"LEGACYID" : null,
				"MATERIAL" : null,
				"LENGTH" : null,
				"NAME" : "CNR @ 104 AVE",
				"RESPONSIBILITY" : "Canadian National Railway",
				"ROTATION" : null,
				"STATUS" : "In Service",
				"PROJECT_NO" : null,
				"YR" : null,
				"OWNER" : "Surrey",
				"LOCATION" : "104 AVE & DALY RD MILE: 110.35",
				"COMMENTS" : null,
				"GIS_ENTRY_STAGE" : null,
				"WARRANTYDATE" : null,
				"CONDITION" : null,
				"CONDITIONDATE" : null,
				"YTD_COST" : null,
				"LIFECYCLE_COST" : null,
				"CRE_DATE" : "20160121",
				"MOD_DATE" : "20160121"
			}
		},
		{
			"type" : "Feature",
			"geometry" : {
				"type" : "Point",
				"coordinates" : [ 506353.1350999996, 5447256.3587 ]
			},
			"properties" : {
				"MISC_ASSET_TYPE" : 0,
				"MISC_ASSET_TYPE2" : "Railway Crossing",
				"FACILITYID" : "1001855131",
				"LEGACYID" : null,
				"MATERIAL" : null,
				"LENGTH" : null,
				"NAME" : "BNR @ WEST OF SFPR",
				"RESPONSIBILITY" : "Burlington Northern Railway",
				"ROTATION" : null,
				"STATUS" : "In Service",
				"PROJECT_NO" : null,
				"YR" : null,
				"OWNER" : "Private",
				"LOCATION" : "BNR WEST OF SFPR WEST OF GRACE RD (ROW)",
				"COMMENTS" : null,
				"GIS_ENTRY_STAGE" : null,
				"WARRANTYDATE" : null,
				"CONDITION" : null,
				"CONDITIONDATE" : null,
				"YTD_COST" : null,
				"LIFECYCLE_COST" : null,
				"CRE_DATE" : "20160121",
				"MOD_DATE" : "20160121"
			}
		},
		{
			"type" : "Feature",
			"geometry" : {
				"type" : "Point",
				"coordinates" : [ 508008.8031263631, 5447762.248826481 ]
			},
			"properties" : {
				"MISC_ASSET_TYPE" : 0,
				"MISC_ASSET_TYPE2" : "Railway Crossing",
				"FACILITYID" : "1000959795",
				"LEGACYID" : null,
				"MATERIAL" : "Concrete",
				"LENGTH" : null,
				"NAME" : "SRBC @ 120 ST",
				"RESPONSIBILITY" : "Southern Railway British Columbia",
				"ROTATION" : 34,
				"STATUS" : "In Service",
				"PROJECT_NO" : null,
				"YR" : null,
				"OWNER" : "Surrey",
				"LOCATION" : "120 ST & 99 AVE MILE: 3.51",
				"COMMENTS" : "SURREY 0%, OTHER 100%:SENIOR",
				"GIS_ENTRY_STAGE" : null,
				"WARRANTYDATE" : null,
				"CONDITION" : null,
				"CONDITIONDATE" : null,
				"YTD_COST" : null,
				"LIFECYCLE_COST" : null,
				"CRE_DATE" : "20081203",
				"MOD_DATE" : "20160122"
			}
		},
		{
			"type" : "Feature",
			"geometry" : {
				"type" : "Point",
				"coordinates" : [ 508001.6359310858, 5447751.499701513 ]
			},
			"properties" : {
				"MISC_ASSET_TYPE" : 0,
				"MISC_ASSET_TYPE2" : "Railway Crossing",
				"FACILITYID" : "1001855373",
				"LEGACYID" : null,
				"MATERIAL" : null,
				"LENGTH" : null,
				"NAME" : "SRBC @ 120 ST",
				"RESPONSIBILITY" : "Southern Railway British Columbia",
				"ROTATION" : null,
				"STATUS" : "In Service",
				"PROJECT_NO" : null,
				"YR" : null,
				"OWNER" : "Surrey",
				"LOCATION" : "120 ST & 99 AVE",
				"COMMENTS" : null,
				"GIS_ENTRY_STAGE" : null,
				"WARRANTYDATE" : null,
				"CONDITION" : null,
				"CONDITIONDATE" : null,
				"YTD_COST" : null,
				"LIFECYCLE_COST" : null,
				"CRE_DATE" : "20160122",
				"MOD_DATE" : "20160122"
			}
		},
		{
			"type" : "Feature",
			"geometry" : {
				"type" : "Point",
				"coordinates" : [ 519345.4805000005, 5439029 ]
			},
			"properties" : {
				"MISC_ASSET_TYPE" : 0,
				"MISC_ASSET_TYPE2" : "Railway Crossing",
				"FACILITYID" : "1001855133",
				"LEGACYID" : null,
				"MATERIAL" : null,
				"LENGTH" : null,
				"NAME" : "SRBC @ 176 ST",
				"RESPONSIBILITY" : "Southern Railway British Columbia",
				"ROTATION" : null,
				"STATUS" : "Abandoned",
				"PROJECT_NO" : null,
				"YR" : null,
				"OWNER" : "Surrey",
				"LOCATION" : "176 ST SOUTH OF HWY 10",
				"COMMENTS" : null,
				"GIS_ENTRY_STAGE" : null,
				"WARRANTYDATE" : null,
				"CONDITION" : null,
				"CONDITIONDATE" : null,
				"YTD_COST" : null,
				"LIFECYCLE_COST" : null,
				"CRE_DATE" : "20160121",
				"MOD_DATE" : "20160122"
			}
		},
		{
			"type" : "Feature",
			"geometry" : {
				"type" : "Point",
				"coordinates" : [ 507734.90664602537, 5449312.051725639 ]
			},
			"properties" : {
				"MISC_ASSET_TYPE" : 0,
				"MISC_ASSET_TYPE2" : "Railway Crossing",
				"FACILITYID" : "1000959782",
				"LEGACYID" : null,
				"MATERIAL" : "Concrete",
				"LENGTH" : null,
				"NAME" : "BNR @ TANNERY RD",
				"RESPONSIBILITY" : "Burlington Northern Railway",
				"ROTATION" : 86,
				"STATUS" : "In Service",
				"PROJECT_NO" : null,
				"YR" : null,
				"OWNER" : "Surrey",
				"LOCATION" : "11876 TANNERY RD MILE: 140.5",
				"COMMENTS" : "SURREY 50%, OTHER 50%: SENIOR",
				"GIS_ENTRY_STAGE" : null,
				"WARRANTYDATE" : null,
				"CONDITION" : null,
				"CONDITIONDATE" : null,
				"YTD_COST" : null,
				"LIFECYCLE_COST" : null,
				"CRE_DATE" : "20081203",
				"MOD_DATE" : "20160122"
			}
		},
		{
			"type" : "Feature",
			"geometry" : {
				"type" : "Point",
				"coordinates" : [ 522570.2262938218, 5447662.125971433 ]
			},
			"properties" : {
				"MISC_ASSET_TYPE" : 0,
				"MISC_ASSET_TYPE2" : "Railway Crossing",
				"FACILITYID" : "1001143943",
				"LEGACYID" : null,
				"MATERIAL" : "Metal",
				"LENGTH" : null,
				"NAME" : null,
				"RESPONSIBILITY" : "Canadian National Railway",
				"ROTATION" : null,
				"STATUS" : "In Service",
				"PROJECT_NO" : "1E04",
				"YR" : 2009,
				"OWNER" : "Translink",
				"LOCATION" : null,
				"COMMENTS" : null,
				"GIS_ENTRY_STAGE" : "Final AB",
				"WARRANTYDATE" : null,
				"CONDITION" : null,
				"CONDITIONDATE" : null,
				"YTD_COST" : null,
				"LIFECYCLE_COST" : null,
				"CRE_DATE" : "20091216",
				"MOD_DATE" : "20160122"
			}
		},
		{
			"type" : "Feature",
			"geometry" : {
				"type" : "Point",
				"coordinates" : [ 508759.7730486952, 5449881.871483417 ]
			},
			"properties" : {
				"MISC_ASSET_TYPE" : 0,
				"MISC_ASSET_TYPE2" : "Railway Crossing",
				"FACILITYID" : "1000959790",
				"LEGACYID" : null,
				"MATERIAL" : "Concrete",
				"LENGTH" : null,
				"NAME" : "SRBC @ SCOTT RD",
				"RESPONSIBILITY" : "Southern Railway British Columbia",
				"ROTATION" : 95,
				"STATUS" : "In Service",
				"PROJECT_NO" : null,
				"YR" : null,
				"OWNER" : null,
				"LOCATION" : "10943 SCOTT RD MILE: 1.82",
				"COMMENTS" : "SURREY 100%, OTHER 0%: JUNIOR",
				"GIS_ENTRY_STAGE" : null,
				"WARRANTYDATE" : null,
				"CONDITION" : null,
				"CONDITIONDATE" : null,
				"YTD_COST" : null,
				"LIFECYCLE_COST" : null,
				"CRE_DATE" : "20081203",
				"MOD_DATE" : "20160122"
			}
		},
		{
			"type" : "Feature",
			"geometry" : {
				"type" : "Point",
				"coordinates" : [ 509144.39638658613, 5437904.989121113 ]
			},
			"properties" : {
				"MISC_ASSET_TYPE" : 0,
				"MISC_ASSET_TYPE2" : "Railway Crossing",
				"FACILITYID" : "1001417961",
				"LEGACYID" : null,
				"MATERIAL" : null,
				"LENGTH" : null,
				"NAME" : null,
				"RESPONSIBILITY" : null,
				"ROTATION" : null,
				"STATUS" : "In Service",
				"PROJECT_NO" : null,
				"YR" : null,
				"OWNER" : "Surrey",
				"LOCATION" : null,
				"COMMENTS" : null,
				"GIS_ENTRY_STAGE" : null,
				"WARRANTYDATE" : null,
				"CONDITION" : null,
				"CONDITIONDATE" : null,
				"YTD_COST" : null,
				"LIFECYCLE_COST" : null,
				"CRE_DATE" : "20120710",
				"MOD_DATE" : "20160122"
			}
		},
		{
			"type" : "Feature",
			"geometry" : {
				"type" : "Point",
				"coordinates" : [ 523367.50201268774, 5447741.733453566 ]
			},
			"properties" : {
				"MISC_ASSET_TYPE" : 0,
				"MISC_ASSET_TYPE2" : "Railway Crossing",
				"FACILITYID" : "1001417960",
				"LEGACYID" : null,
				"MATERIAL" : null,
				"LENGTH" : null,
				"NAME" : "CPR @ TELEGRAPH TRAIL",
				"RESPONSIBILITY" : "British Columbia Railway",
				"ROTATION" : null,
				"STATUS" : "In Service",
				"PROJECT_NO" : null,
				"YR" : null,
				"OWNER" : "Surrey",
				"LOCATION" : "TELEGRAPH TRAIL MILE: 107.86",
				"COMMENTS" : "SURREY 50%, OTHER 50%",
				"GIS_ENTRY_STAGE" : null,
				"WARRANTYDATE" : null,
				"CONDITION" : null,
				"CONDITIONDATE" : null,
				"YTD_COST" : null,
				"LIFECYCLE_COST" : null,
				"CRE_DATE" : "20120710",
				"MOD_DATE" : "20160122"
			}
		},
		{
			"type" : "Feature",
			"geometry" : {
				"type" : "Point",
				"coordinates" : [ 516150.8060921533, 5439631.343598323 ]
			},
			"properties" : {
				"MISC_ASSET_TYPE" : 0,
				"MISC_ASSET_TYPE2" : "Railway Crossing",
				"FACILITYID" : "1001417839",
				"LEGACYID" : null,
				"MATERIAL" : null,
				"LENGTH" : null,
				"NAME" : null,
				"RESPONSIBILITY" : null,
				"ROTATION" : null,
				"STATUS" : "In Service",
				"PROJECT_NO" : null,
				"YR" : null,
				"OWNER" : "Surrey",
				"LOCATION" : null,
				"COMMENTS" : null,
				"GIS_ENTRY_STAGE" : null,
				"WARRANTYDATE" : null,
				"CONDITION" : null,
				"CONDITIONDATE" : null,
				"YTD_COST" : null,
				"LIFECYCLE_COST" : null,
				"CRE_DATE" : "20120710",
				"MOD_DATE" : "20160122"
			}
		},
		{
			"type" : "Feature",
			"geometry" : {
				"type" : "Point",
				"coordinates" : [ 508412.9437636109, 5437837.352028122 ]
			},
			"properties" : {
				"MISC_ASSET_TYPE" : 0,
				"MISC_ASSET_TYPE2" : "Railway Crossing",
				"FACILITYID" : "1001417958",
				"LEGACYID" : null,
				"MATERIAL" : null,
				"LENGTH" : null,
				"NAME" : null,
				"RESPONSIBILITY" : null,
				"ROTATION" : null,
				"STATUS" : "In Service",
				"PROJECT_NO" : null,
				"YR" : null,
				"OWNER" : "Surrey",
				"LOCATION" : null,
				"COMMENTS" : null,
				"GIS_ENTRY_STAGE" : null,
				"WARRANTYDATE" : null,
				"CONDITION" : null,
				"CONDITIONDATE" : null,
				"YTD_COST" : null,
				"LIFECYCLE_COST" : null,
				"CRE_DATE" : "20120710",
				"MOD_DATE" : "20160122"
			}
		},
		{
			"type" : "Feature",
			"geometry" : {
				"type" : "Point",
				"coordinates" : [ 522904.86887128185, 5438687.852196315 ]
			},
			"properties" : {
				"MISC_ASSET_TYPE" : 0,
				"MISC_ASSET_TYPE2" : "Railway Crossing",
				"FACILITYID" : "1001417953",
				"LEGACYID" : null,
				"MATERIAL" : null,
				"LENGTH" : null,
				"NAME" : "CPR @ 54 AVE",
				"RESPONSIBILITY" : "Canadian Pacific Railway",
				"ROTATION" : null,
				"STATUS" : "In Service",
				"PROJECT_NO" : null,
				"YR" : null,
				"OWNER" : "Surrey",
				"LOCATION" : "19355 54 AVE MILE: 15.96",
				"COMMENTS" : "SURREY 100%, OTHER 0%",
				"GIS_ENTRY_STAGE" : null,
				"WARRANTYDATE" : null,
				"CONDITION" : null,
				"CONDITIONDATE" : null,
				"YTD_COST" : null,
				"LIFECYCLE_COST" : null,
				"CRE_DATE" : "20120710",
				"MOD_DATE" : "20160122"
			}
		},
		{
			"type" : "Feature",
			"geometry" : {
				"type" : "Point",
				"coordinates" : [ 513209.03052235115, 5438313.307958428 ]
			},
			"properties" : {
				"MISC_ASSET_TYPE" : 0,
				"MISC_ASSET_TYPE2" : "Railway Crossing",
				"FACILITYID" : "1001417949",
				"LEGACYID" : null,
				"MATERIAL" : null,
				"LENGTH" : null,
				"NAME" : "CPR @ KING GEORGE BLVD",
				"RESPONSIBILITY" : "British Columbia Railway",
				"ROTATION" : null,
				"STATUS" : "In Service",
				"PROJECT_NO" : null,
				"YR" : null,
				"OWNER" : "Surrey",
				"LOCATION" : "5228 KING GEORGE BLVD MILE: 4.42",
				"COMMENTS" : null,
				"GIS_ENTRY_STAGE" : null,
				"WARRANTYDATE" : null,
				"CONDITION" : null,
				"CONDITIONDATE" : null,
				"YTD_COST" : null,
				"LIFECYCLE_COST" : null,
				"CRE_DATE" : "20120710",
				"MOD_DATE" : "20160122"
			}
		},
		{
			"type" : "Feature",
			"geometry" : {
				"type" : "Point",
				"coordinates" : [ 509519.1080240011, 5437917.108668925 ]
			},
			"properties" : {
				"MISC_ASSET_TYPE" : 0,
				"MISC_ASSET_TYPE2" : "Railway Crossing",
				"FACILITYID" : "1001417707",
				"LEGACYID" : null,
				"MATERIAL" : null,
				"LENGTH" : null,
				"NAME" : null,
				"RESPONSIBILITY" : null,
				"ROTATION" : null,
				"STATUS" : "In Service",
				"PROJECT_NO" : null,
				"YR" : null,
				"OWNER" : "Surrey",
				"LOCATION" : null,
				"COMMENTS" : null,
				"GIS_ENTRY_STAGE" : null,
				"WARRANTYDATE" : null,
				"CONDITION" : null,
				"CONDITIONDATE" : null,
				"YTD_COST" : null,
				"LIFECYCLE_COST" : null,
				"CRE_DATE" : "20120706",
				"MOD_DATE" : "20160122"
			}
		},
		{
			"type" : "Feature",
			"geometry" : {
				"type" : "Point",
				"coordinates" : [ 509104.16908731405, 5449187.849747207 ]
			},
			"properties" : {
				"MISC_ASSET_TYPE" : 0,
				"MISC_ASSET_TYPE2" : "Railway Crossing",
				"FACILITYID" : "1000959791",
				"LEGACYID" : null,
				"MATERIAL" : null,
				"LENGTH" : null,
				"NAME" : "SRBC @ 106 AVE",
				"RESPONSIBILITY" : "Southern Railway British Columbia",
				"ROTATION" : null,
				"STATUS" : "In Service",
				"PROJECT_NO" : null,
				"YR" : null,
				"OWNER" : null,
				"LOCATION" : "12548 106 AVE MILE: 2.19",
				"COMMENTS" : "PED XING",
				"GIS_ENTRY_STAGE" : null,
				"WARRANTYDATE" : null,
				"CONDITION" : null,
				"CONDITIONDATE" : null,
				"YTD_COST" : null,
				"LIFECYCLE_COST" : null,
				"CRE_DATE" : "20081203",
				"MOD_DATE" : "20160122"
			}
		},
		{
			"type" : "Feature",
			"geometry" : {
				"type" : "Point",
				"coordinates" : [ 520628.4830525229, 5447856.788220022 ]
			},
			"properties" : {
				"MISC_ASSET_TYPE" : 0,
				"MISC_ASSET_TYPE2" : "Railway Crossing",
				"FACILITYID" : "1001859659",
				"LEGACYID" : null,
				"MATERIAL" : null,
				"LENGTH" : null,
				"NAME" : "CNR @ 182A ST",
				"RESPONSIBILITY" : "Canadian National Railway",
				"ROTATION" : null,
				"STATUS" : "In Service",
				"PROJECT_NO" : null,
				"YR" : null,
				"OWNER" : "Surrey",
				"LOCATION" : "182A ST MILE: 109.41",
				"COMMENTS" : null,
				"GIS_ENTRY_STAGE" : null,
				"WARRANTYDATE" : null,
				"CONDITION" : null,
				"CONDITIONDATE" : null,
				"YTD_COST" : null,
				"LIFECYCLE_COST" : null,
				"CRE_DATE" : "20160216",
				"MOD_DATE" : "20160216"
			}
		},
		{
			"type" : "Feature",
			"geometry" : {
				"type" : "Point",
				"coordinates" : [ 509401.5213572094, 5451335.039687581 ]
			},
			"properties" : {
				"MISC_ASSET_TYPE" : 0,
				"MISC_ASSET_TYPE2" : "Railway Crossing",
				"FACILITYID" : "1001859662",
				"LEGACYID" : null,
				"MATERIAL" : null,
				"LENGTH" : null,
				"NAME" : "CNR @ 126A ST",
				"RESPONSIBILITY" : "Canadian National Railway",
				"ROTATION" : null,
				"STATUS" : "In Service",
				"PROJECT_NO" : null,
				"YR" : null,
				"OWNER" : "Surrey",
				"LOCATION" : null,
				"COMMENTS" : null,
				"GIS_ENTRY_STAGE" : null,
				"WARRANTYDATE" : null,
				"CONDITION" : null,
				"CONDITIONDATE" : null,
				"YTD_COST" : null,
				"LIFECYCLE_COST" : null,
				"CRE_DATE" : "20160216",
				"MOD_DATE" : "20160216"
			}
		}
	]
}