[
	{
		"json_featuretype" : "2018",
		"Registration Date" : "2018 01 03",
		"Name of Lobbyist" : "Jessie Arora",
		"Company" : "DF Architecture Inc.",
		"Phone Number" : "604-284-5194",
		"Nature of Lobbying" : "Architect",
		"Client" : "Metrovan Custom Homes",
		"Project No. " : "7917-0597-00"
	},
	{
		"json_featuretype" : "2018",
		"Registration Date" : "2018 01 03",
		"Name of Lobbyist" : "Jessie Arora",
		"Company" : "DF Architecture Inc.",
		"Phone Number" : "604-284-5194",
		"Nature of Lobbying" : "Architect",
		"Client" : "Amson Centre 72 Ltd.",
		"Project No. " : "7917-0596-00"
	},
	{
		"json_featuretype" : "2018",
		"Registration Date" : "2018 01 03",
		"Name of Lobbyist" : "Shehzad Somji",
		"Company" : "Pacific Reach Properties Development Ltd.",
		"Phone Number" : "604-514-6682",
		"Nature of Lobbying" : "Development Services",
		"Client" : "Capstar Hotel (Surrey) Inc. ",
		"Project No. " : "7917-0577-00"
	},
	{
		"json_featuretype" : "2018",
		"Registration Date" : "2018 01 05",
		"Name of Lobbyist" : "Ken Woodward",
		"Company" : "City of Surrey",
		"Phone Number" : "604-598-5722",
		"Nature of Lobbying" : "Municipal Corporation ",
		"Client" : "Sterling Whalley Towers Ltd.",
		"Project No. " : "7917-0604-00"
	},
	{
		"json_featuretype" : "2018",
		"Registration Date" : "2018 01 05",
		"Name of Lobbyist" : "Reilen Reyes",
		"Company" : "Lovick Scott Architects Ltd.",
		"Phone Number" : "604-298-3700",
		"Nature of Lobbying" : "Architect",
		"Client" : "McDonald's Restuarants of Canada ",
		"Project No. " : "7917-0600-00"
	},
	{
		"json_featuretype" : "2018",
		"Registration Date" : "2018 01 08",
		"Name of Lobbyist" : "Curtis Gray",
		"Company" : "Krahn Engineering Ltd.",
		"Phone Number" : "604-853-8831",
		"Nature of Lobbying" : "Engineering Company",
		"Client" : "1050063 BC Ltd.",
		"Project No. " : "7917-0606-00"
	},
	{
		"json_featuretype" : "2018",
		"Registration Date" : "2018 01 09",
		"Name of Lobbyist" : "Frank Fletcher ",
		"Company" : "Northcrest Contracting Ltd.",
		"Phone Number" : "604-760-1847",
		"Nature of Lobbying" : "Home Builder",
		"Client" : "Property Owner",
		"Project No. " : "7918-0004-00"
	},
	{
		"json_featuretype" : "2018",
		"Registration Date" : "2018 01 10",
		"Name of Lobbyist" : "Ray Mand",
		"Company" : "Marbel Developments Ltd.",
		"Phone Number" : "778-889-6263",
		"Nature of Lobbying" : "Builders and Developers ",
		"Client" : "1027756 BC Ltd.",
		"Project No. " : "7918-0007-00"
	},
	{
		"json_featuretype" : "2018",
		"Registration Date" : "2018 01 10",
		"Name of Lobbyist" : "Dexter Hirabe",
		"Company" : "WSP Inc.",
		"Phone Number" : "604-525-4651",
		"Nature of Lobbying" : "Planning, Engineering and Surveying",
		"Client" : "Property Owner",
		"Project No. " : "7917-0590-00"
	},
	{
		"json_featuretype" : "2018",
		"Registration Date" : "2018 01 10",
		"Name of Lobbyist" : "Dexter Hirabe",
		"Company" : "WSP Inc.",
		"Phone Number" : "604-525-4651",
		"Nature of Lobbying" : "Planning, Engineering and Surveying",
		"Client" : "Property Owner",
		"Project No. " : "7917-0590-00"
	},
	{
		"json_featuretype" : "2018",
		"Registration Date" : "2018 01 12",
		"Name of Lobbyist" : "M. Kompter",
		"Phone Number" : "604-572-4328",
		"Nature of Lobbying" : "Consultant ",
		"Client" : "Property Owner",
		"Project No. " : "7918-0006-00"
	},
	{
		"json_featuretype" : "2018",
		"Registration Date" : "2018 01 15",
		"Name of Lobbyist" : "Jessie Arora",
		"Company" : "DF Architecture Inc.",
		"Phone Number" : "604-284-5194",
		"Nature of Lobbying" : "Architect",
		"Client" : "Property Owner",
		"Project No. " : "7917-0598-00"
	},
	{
		"json_featuretype" : "2018",
		"Registration Date" : "2018 01 15",
		"Name of Lobbyist" : "Fahad Abrahani",
		"Company" : "HY Engineering Ltd.",
		"Phone Number" : "604-583-1616",
		"Nature of Lobbying" : "Civil Engineering Firm ",
		"Client" : "Property Owner",
		"Project No. " : "7917-0553-00"
	},
	{
		"json_featuretype" : "2018",
		"Registration Date" : "2018 01 15",
		"Name of Lobbyist" : "Aira Arinduque",
		"Company" : "Victoreric Design Group",
		"Phone Number" : "604-677-0021",
		"Nature of Lobbying" : "Design Firm",
		"Client" : "Property Owner",
		"Project No. " : "7917-0547-00"
	},
	{
		"json_featuretype" : "2018",
		"Registration Date" : "2018 01 15",
		"Name of Lobbyist" : "Clarence Arychuk and Dexter Hirabe",
		"Company" : "WSP Inc.",
		"Phone Number" : "604-525-4651",
		"Nature of Lobbying" : "Planning and Engineering Firm",
		"Client" : "Aspen Developments Ltd.",
		"Project No. " : "7917-0601-00"
	},
	{
		"json_featuretype" : "2018",
		"Registration Date" : "2018 01 15",
		"Name of Lobbyist" : "Clarence Arychuk and Dexter Hirabe",
		"Company" : "WSP Inc.",
		"Phone Number" : "604-525-4651",
		"Client" : "Debonair Holdings Ltd.",
		"Project No. " : "7917-0586-00"
	},
	{
		"json_featuretype" : "2018",
		"Registration Date" : "2018 01 15",
		"Name of Lobbyist" : "Avnash Banwait and Rajeev Mangla",
		"Company" : "Mainland Engineering Design Corporation",
		"Phone Number" : "604-543-8044",
		"Client" : "Property Owner",
		"Project No. " : "7917-0571-00"
	},
	{
		"json_featuretype" : "2018",
		"Registration Date" : "2018 01 15",
		"Name of Lobbyist" : "Lance Barnett ",
		"Company" : "Barnett Dembek Architects Inc.",
		"Phone Number" : "604-597-7100",
		"Nature of Lobbying" : "Architect",
		"Client" : "Property Owner",
		"Project No. " : "7917-0534-00"
	},
	{
		"json_featuretype" : "2018",
		"Registration Date" : "2018 01 15",
		"Name of Lobbyist" : "Erik Buddingh",
		"Company" : "Rockridge Development Inc.",
		"Phone Number" : "604-625-2122",
		"Nature of Lobbying" : "Custom Home Builder",
		"Client" : "Property Owner",
		"Project No. " : "7917-0594-00"
	},
	{
		"json_featuretype" : "2018",
		"Registration Date" : "2018 01 15",
		"Name of Lobbyist" : "Ran Chahal",
		"Company" : "Alex Design Group Inc.",
		"Phone Number" : "604-543-8281",
		"Nature of Lobbying" : "Architect",
		"Client" : "Property Owner",
		"Project No. " : "7917-0457-00"
	},
	{
		"json_featuretype" : "2018",
		"Registration Date" : "2018 01 15",
		"Name of Lobbyist" : "Kamal Dha",
		"Company" : "Ale Point Marketing Inc.",
		"Phone Number" : "604-616-5201",
		"Client" : "Property Owner",
		"Project No. " : "7917-0458-00"
	},
	{
		"json_featuretype" : "2018",
		"Registration Date" : "2018 01 15",
		"Name of Lobbyist" : "A. Dhanda",
		"Phone Number" : "604-996-3757",
		"Client" : "Property Owner",
		"Project No. " : "7917-0573-00"
	},
	{
		"json_featuretype" : "2018",
		"Registration Date" : "2018 01 15",
		"Name of Lobbyist" : "A. Gill",
		"Phone Number" : "604-369-8443",
		"Client" : "Property Owner",
		"Project No. " : "7917-0526-00"
	},
	{
		"json_featuretype" : "2018",
		"Registration Date" : "2018 01 15",
		"Name of Lobbyist" : "Curtis Gray",
		"Company" : "Krahn Engineering Ltd.",
		"Phone Number" : "604-853-8831",
		"Nature of Lobbying" : "Engineering Company",
		"Client" : "0750723 BC Ltd.",
		"Project No. " : "7917-0536-00"
	},
	{
		"json_featuretype" : "2018",
		"Registration Date" : "2018 01 15",
		"Name of Lobbyist" : "G. Grewal",
		"Phone Number" : "604-809-7232",
		"Nature of Lobbying" : "Home Designer ",
		"Client" : "Property Owner",
		"Project No. " : "7917-0546-00"
	},
	{
		"json_featuretype" : "2018",
		"Registration Date" : "2018 01 15",
		"Name of Lobbyist" : "Michael Helle",
		"Company" : "Coastland Engineering & Surveying Ltd.",
		"Phone Number" : "604-532-9700",
		"Nature of Lobbying" : "Planning and Civil Engineering Services",
		"Client" : "Property Owner",
		"Project No. " : "7917-0559-00"
	},
	{
		"json_featuretype" : "2018",
		"Registration Date" : "2018 01 15",
		"Name of Lobbyist" : "Andrew Igel",
		"Company" : "Aplin & Martin Consultants Ltd.",
		"Phone Number" : "604-639-3456",
		"Nature of Lobbying" : "Architecture, Planning, Civil Engineering and Survey",
		"Client" : "Property Owner",
		"Project No. " : "7917-0602-00"
	},
	{
		"json_featuretype" : "2018",
		"Registration Date" : "2018 01 15",
		"Name of Lobbyist" : "Douglas Johnson",
		"Company" : "Douglas R. Johnson Architect Ltd.",
		"Phone Number" : "604-998-3381",
		"Nature of Lobbying" : "Architect ",
		"Client" : "0943151 BC Ltd.",
		"Project No. " : "7917-0544-00"
	},
	{
		"json_featuretype" : "2018",
		"Registration Date" : "2018 01 15",
		"Name of Lobbyist" : "Douglas Johnson",
		"Company" : "Douglas R. Johnson Architect Ltd.",
		"Phone Number" : "604-998-3381",
		"Nature of Lobbying" : "Architect ",
		"Client" : "Property Owner",
		"Project No. " : "7917-0582-00"
	},
	{
		"json_featuretype" : "2018",
		"Registration Date" : "2018 01 15",
		"Name of Lobbyist" : "D. Kojal",
		"Phone Number" : "604-564-6506",
		"Client" : "Property Owner",
		"Project No. " : "7916-0492-00"
	},
	{
		"json_featuretype" : "2018",
		"Registration Date" : "2018 01 15",
		"Name of Lobbyist" : "Maggie Koka",
		"Company" : "Aplin & Martin Consultants Ltd.",
		"Phone Number" : "604-639-3456",
		"Nature of Lobbying" : "Land Development Consulting",
		"Client" : "Qualico Developments ",
		"Project No. " : "7917-0589-00"
	},
	{
		"json_featuretype" : "2018",
		"Registration Date" : "2018 01 15",
		"Name of Lobbyist" : "M. Kompter",
		"Phone Number" : "604-572-4328",
		"Nature of Lobbying" : "Consultant ",
		"Client" : "Property Owner",
		"Project No. " : "7917-0567-00"
	},
	{
		"json_featuretype" : "2018",
		"Registration Date" : "2018 01 15",
		"Name of Lobbyist" : "M. Kompter",
		"Phone Number" : "604-572-4328",
		"Nature of Lobbying" : "Consultant ",
		"Client" : "Property Owner",
		"Project No. " : "7917-0563-00"
	},
	{
		"json_featuretype" : "2018",
		"Registration Date" : "2018 01 15",
		"Name of Lobbyist" : "E. Mackenzie ",
		"Phone Number" : "604-731-9157",
		"Nature of Lobbying" : "Architect ",
		"Client" : "Property Owner",
		"Project No. " : "7917-0550-00"
	},
	{
		"json_featuretype" : "2018",
		"Registration Date" : "2018 01 15",
		"Name of Lobbyist" : "Jason Noseworthy",
		"Company" : "Priority Permits Ltd.",
		"Phone Number" : "289-389-8951",
		"Nature of Lobbying" : "Sign Permit Approval",
		"Client" : "Gateway Place Building Inc.",
		"Project No. " : "7917-0548-00"
	},
	{
		"json_featuretype" : "2018",
		"Registration Date" : "2018 01 15",
		"Name of Lobbyist" : "Braden Smith",
		"Company" : "Integrated Construction ",
		"Phone Number" : "604-537-7943",
		"Nature of Lobbying" : "Design Build General Contractor",
		"Client" : "0761335 BC Ltd.",
		"Project No. " : "7917-0552-00"
	},
	{
		"json_featuretype" : "2018",
		"Registration Date" : "2018 01 15",
		"Name of Lobbyist" : "Oleg Verbenkov",
		"Company" : "Pacific Land Group",
		"Phone Number" : "604-501-1624",
		"Nature of Lobbying" : "Land Use Consulting",
		"Client" : "1136183 BC Ltd.",
		"Project No. " : "7917-0530-00"
	},
	{
		"json_featuretype" : "2018",
		"Registration Date" : "2018 01 17",
		"Name of Lobbyist" : "Chris Houlden",
		"Company" : "Prime Signs Inc.",
		"Phone Number" : "604-793-7930",
		"Nature of Lobbying" : "Sign Manufacturer/Installer",
		"Client" : "Christ the King Lutheran Church",
		"Project No. " : "7917-0525-00"
	},
	{
		"json_featuretype" : "2018",
		"Registration Date" : "2018 01 18",
		"Name of Lobbyist" : "Maggie Koka",
		"Company" : "Aplin & Martin Consultants Ltd.",
		"Phone Number" : "604-639-3456",
		"Nature of Lobbying" : "Land Development Consulting",
		"Client" : "682466 BC Ltd.",
		"Project No. " : "7918-0018-00"
	},
	{
		"json_featuretype" : "2018",
		"Registration Date" : "2018 01 18",
		"Name of Lobbyist" : "Harpinder Billing",
		"Company" : "Mainland Engineering Design Corporation",
		"Phone Number" : "604-543-8044",
		"Nature of Lobbying" : "Civil and Structural Engineer",
		"Client" : "88 Zenith Development Ltd.",
		"Project No. " : "7918-0011-00"
	},
	{
		"json_featuretype" : "2018",
		"Registration Date" : "2018 01 19",
		"Name of Lobbyist" : "Oleg Verbenkov",
		"Company" : "Pacific Land Group",
		"Phone Number" : "604-501-1624",
		"Nature of Lobbying" : "Planning Consultants",
		"Client" : "Property Owner",
		"Project No. " : "7918-0009-00"
	},
	{
		"json_featuretype" : "2018",
		"Registration Date" : "2018 01 24",
		"Name of Lobbyist" : "Avnash Banwait and Rajeev Mangla",
		"Company" : "Mainland Engineering Design Corporation",
		"Phone Number" : "604-543-8044",
		"Nature of Lobbying" : "Civil Engineer and Land Development Consultant ",
		"Client" : "Property Owner",
		"Project No. " : "7918-0025-00"
	},
	{
		"json_featuretype" : "2018",
		"Registration Date" : "2018 01 25",
		"Name of Lobbyist" : "Erica Tiffany",
		"Company" : "McElhanney Consulting Services Ltd.",
		"Phone Number" : "604-424-4702",
		"Nature of Lobbying" : "Planning, Engineering and Environmental Consulting Services",
		"Client" : "Property Owner",
		"Project No. " : "7918-0020-00"
	},
	{
		"json_featuretype" : "2018",
		"Registration Date" : "2018 01 25",
		"Name of Lobbyist" : "G. Chahal",
		"Company" : "Gazza Construction Group Ltd.",
		"Phone Number" : "778-823-0790",
		"Client" : "Property Owner",
		"Project No. " : "7918-0024-00"
	},
	{
		"json_featuretype" : "2018",
		"Registration Date" : "2018 01 30",
		"Name of Lobbyist" : "Maggie Koka",
		"Company" : "Aplin & Martin Consultants Ltd.",
		"Phone Number" : "604-639-3456",
		"Nature of Lobbying" : "Land Development Consulting",
		"Client" : "POLLYCO Group of Companies ",
		"Project No. " : "7918-0034-00"
	},
	{
		"json_featuretype" : "2018",
		"Registration Date" : "2018 01 30",
		"Name of Lobbyist" : "Maggie Koka",
		"Company" : "Aplin & Martin Consultants Ltd.",
		"Phone Number" : "604-639-3456",
		"Nature of Lobbying" : "Planning Consultants",
		"Client" : "Property Owner",
		"Project No. " : "7918-0033-00"
	},
	{
		"json_featuretype" : "2018",
		"Registration Date" : "2018 01 30",
		"Name of Lobbyist" : "M. Kompter",
		"Phone Number" : "604-572-4328",
		"Nature of Lobbying" : "Consultant ",
		"Client" : "Property Owner",
		"Project No. " : "7918-0032-00"
	},
	{
		"json_featuretype" : "2018",
		"Registration Date" : "2018 02 05",
		"Name of Lobbyist" : "Douglas Johnson",
		"Company" : "Douglas R. Johnson Architect Ltd.",
		"Phone Number" : "604-998-3381",
		"Nature of Lobbying" : "Arichitect ",
		"Client" : "Property Owner",
		"Project No. " : "7918-0041-00"
	},
	{
		"json_featuretype" : "2018",
		"Registration Date" : "2018 02 08",
		"Name of Lobbyist" : "A. Brar",
		"Phone Number" : "604-626-6064",
		"Client" : "Property Owner",
		"Project No. " : "7918-0048-00"
	},
	{
		"json_featuretype" : "2018",
		"Registration Date" : "2018 02 08",
		"Name of Lobbyist" : "P. Gill",
		"Phone Number" : "778-549-9124",
		"Client" : "Property Owner",
		"Project No. " : "7918-0040-00"
	},
	{
		"json_featuretype" : "2018",
		"Registration Date" : "2018 02 08",
		"Name of Lobbyist" : "Dharam Kajal",
		"Company" : "Westridge Engineering and Consulting Ltd.",
		"Phone Number" : "604-789-9520",
		"Nature of Lobbying" : "Civil - Land Development/Water/Storm Management Engineering",
		"Client" : "Property Owner",
		"Project No. " : "7918-0045-00"
	},
	{
		"json_featuretype" : "2018",
		"Registration Date" : "2018 02 08",
		"Name of Lobbyist" : "Dharam Kajal",
		"Company" : "Westridge Engineering and Consulting Ltd.",
		"Phone Number" : "604-789-9520",
		"Nature of Lobbying" : "Civil - Land Development/Water/Storm Management Engineering",
		"Client" : "Property Owner",
		"Project No. " : "7918-0046-00"
	},
	{
		"json_featuretype" : "2018",
		"Registration Date" : "2018 02 15",
		"Name of Lobbyist" : "Michael Helle",
		"Company" : "Coastland Engineering & Surveying Ltd.",
		"Phone Number" : "604-532-9700",
		"Nature of Lobbying" : "Planning & Civil Engineering Services",
		"Client" : "Property Owner",
		"Project No. " : "7918-0065-00"
	},
	{
		"json_featuretype" : "2018",
		"Registration Date" : "2018 02 15",
		"Name of Lobbyist" : "Tawny Verigin",
		"Company" : "Cypress Land Services Inc.",
		"Phone Number" : "604-620-0877",
		"Nature of Lobbying" : "Consultant ",
		"Client" : "Rogers Communications Inc.",
		"Project No. " : "7918-0043-00"
	},
	{
		"json_featuretype" : "2018",
		"Registration Date" : "2018 02 15",
		"Name of Lobbyist" : "Roger Jawanda",
		"Company" : "Citiwest Consulting Ltd.",
		"Phone Number" : "604-591-2213",
		"Nature of Lobbying" : "Civil Engineering",
		"Client" : "West Point Pacific Construction (64th Ave)",
		"Project No. " : "7918-0055-00"
	},
	{
		"json_featuretype" : "2018",
		"Registration Date" : "2018 02 15",
		"Name of Lobbyist" : "Reza Norozy",
		"Company" : "Prism Construction",
		"Phone Number" : "604-526-3731",
		"Client" : "Property Owner",
		"Project No. " : "7918-0052-00"
	},
	{
		"json_featuretype" : "2018",
		"Registration Date" : "2018 02 15",
		"Name of Lobbyist" : "Scott Mackay",
		"Company" : "Core Project Manager",
		"Phone Number" : "604-358-0481",
		"Nature of Lobbying" : "Project Management ",
		"Client" : "Guildford Town Centre Ltd. Partnership",
		"Project No. " : "7918-0059-00"
	},
	{
		"json_featuretype" : "2018",
		"Registration Date" : "2018 02 21",
		"Name of Lobbyist" : "Anya Paskovic",
		"Company" : "Aplin & Martin Consultants Ltd.",
		"Phone Number" : "604-639-3456",
		"Nature of Lobbying" : "Planning Consultants",
		"Client" : "Property Owner",
		"Project No. " : "7918-0073-00"
	},
	{
		"json_featuretype" : "2018",
		"Registration Date" : "2018 02 21",
		"Name of Lobbyist" : "G. Blonski",
		"Phone Number" : "604-572-3608",
		"Nature of Lobbying" : "Architect",
		"Client" : "Property Owner",
		"Project No. " : "7918-0077-00"
	},
	{
		"json_featuretype" : "2018",
		"Registration Date" : "2018 02 21",
		"Name of Lobbyist" : "Douglas Johnson",
		"Company" : "Douglas R. Johnson Architect Ltd.",
		"Phone Number" : "604-998-3381",
		"Nature of Lobbying" : "Architect",
		"Client" : "1058500 BC LTD and Paul Toor Holdings Inc",
		"Project No. " : "7918-0076-00"
	},
	{
		"json_featuretype" : "2018",
		"Registration Date" : "2018 02 28",
		"Name of Lobbyist" : "P. Cotter",
		"Phone Number" : "604-558-8390",
		"Client" : "Bosa Properties Inc.",
		"Project No. " : "7918-0058-00"
	},
	{
		"json_featuretype" : "2018",
		"Registration Date" : "2018 03 05",
		"Name of Lobbyist" : "Lance Barnett ",
		"Company" : "Barnett Dembek Architects Inc.",
		"Phone Number" : "604-597-7100",
		"Nature of Lobbying" : "Architects",
		"Client" : "Amtrac Construction Ltd.",
		"Project No. " : "7918-0081-00"
	},
	{
		"json_featuretype" : "2018",
		"Registration Date" : "2018 03 05",
		"Name of Lobbyist" : "M. Kompter",
		"Phone Number" : "604-572-4328",
		"Nature of Lobbying" : "Consultant ",
		"Client" : "Property Owner",
		"Project No. " : "7918-0061-00"
	},
	{
		"json_featuretype" : "2018",
		"Registration Date" : "2018 03 07",
		"Name of Lobbyist" : "Maggie Koka",
		"Company" : "Aplin & Martin Consultants Ltd.",
		"Phone Number" : "604-639-3456",
		"Nature of Lobbying" : "Consultant ",
		"Client" : "Property Owner",
		"Project No. " : "unknown"
	},
	{
		"json_featuretype" : "2018",
		"Registration Date" : "2018 03 09",
		"Name of Lobbyist" : "Lori Joyce",
		"Company" : "H.Y. Engineering Ltd.",
		"Phone Number" : "604-583-1616",
		"Nature of Lobbying" : "Engineering and Consultantcy Company",
		"Client" : "Clayton 21 Land Corporation ",
		"Project No. " : "7916-0198-00"
	},
	{
		"json_featuretype" : "2018",
		"Registration Date" : "2018 03 22",
		"Name of Lobbyist" : "Maggie Koka",
		"Company" : "Aplin & Martin Consultants Ltd.",
		"Phone Number" : "604-639-3456",
		"Nature of Lobbying" : "Engineering Consultants ",
		"Client" : "Property Owner",
		"Project No. " : "7917-0088-00"
	},
	{
		"json_featuretype" : "2018",
		"Registration Date" : "2018 03 22",
		"Name of Lobbyist" : "Maggie Koka",
		"Company" : "Aplin & Martin Consultants Ltd.",
		"Phone Number" : "604-639-3456",
		"Nature of Lobbying" : "Engineering Consultants ",
		"Client" : "Property Owner",
		"Project No. " : "7918-0103-00"
	},
	{
		"json_featuretype" : "2018",
		"Registration Date" : "2018 03 22",
		"Name of Lobbyist" : "Jessie Arora",
		"Company" : "DF Architecture Inc.",
		"Phone Number" : "604-284-5194",
		"Nature of Lobbying" : "Architects",
		"Client" : "Lion Estate Construction Ltd.",
		"Project No. " : "7918-0092-00"
	},
	{
		"json_featuretype" : "2018",
		"Registration Date" : "2018 04 04",
		"Name of Lobbyist" : "Avnash Banwait and Rajeev Mangla",
		"Company" : "Mainland Engineering Design Corporation",
		"Phone Number" : "604-543-8044",
		"Nature of Lobbying" : "Civil Engineer and Land Development Consultant ",
		"Client" : "Property Owner",
		"Project No. " : "7918-0082-00"
	},
	{
		"json_featuretype" : "2018",
		"Registration Date" : "2018 04 04",
		"Name of Lobbyist" : "Avnash Banwait and Rajeev Mangla",
		"Company" : "Mainland Engineering Design Corporation",
		"Phone Number" : "604-543-8044",
		"Nature of Lobbying" : "Civil Engineer and Land Development Consultant ",
		"Client" : "Property Owner",
		"Project No. " : "7918-0012-00"
	},
	{
		"json_featuretype" : "2018",
		"Registration Date" : "2018 04 04",
		"Name of Lobbyist" : "Braden Smith",
		"Company" : "Integrated Construction ",
		"Phone Number" : "604-537-7943",
		"Nature of Lobbying" : "General Contractor",
		"Client" : "Advantex Industries Ltd.",
		"Project No. " : "7918-0051-00"
	},
	{
		"json_featuretype" : "2018",
		"Registration Date" : "2018 04 04",
		"Name of Lobbyist" : "Corey Adams",
		"Company" : "Spire Construction Inc.",
		"Phone Number" : "604-432-6650",
		"Nature of Lobbying" : "Construction and Development",
		"Client" : "0964377 BC Ltd.",
		"Project No. " : "7917-0401-00"
	},
	{
		"json_featuretype" : "2018",
		"Registration Date" : "2018 04 04",
		"Name of Lobbyist" : "Curtis Gray",
		"Company" : "Krahn Engineering Ltd.",
		"Phone Number" : "604-853-8831",
		"Nature of Lobbying" : "Engineering Company",
		"Client" : "B&B Contracting Ltd.",
		"Project No. " : "7918-0019-00"
	},
	{
		"json_featuretype" : "2018",
		"Registration Date" : "2018 04 04",
		"Name of Lobbyist" : "David Haffner",
		"Company" : "1141405 BC Ltd.",
		"Phone Number" : "604-302-3428",
		"Nature of Lobbying" : "Land Development Consulting",
		"Client" : "Property Owner",
		"Project No. " : "7918-0109-00"
	},
	{
		"json_featuretype" : "2018",
		"Registration Date" : "2018 04 04",
		"Name of Lobbyist" : "D. Yve",
		"Phone Number" : "604-889-5169",
		"Nature of Lobbying" : "Development Variance Permit",
		"Client" : "Property Owner",
		"Project No. " : "7918-0106-00"
	},
	{
		"json_featuretype" : "2018",
		"Registration Date" : "2018 04 04",
		"Name of Lobbyist" : "Emily Kearns",
		"Company" : "Ankenman Associates Architects ",
		"Phone Number" : "604-536-1600",
		"Nature of Lobbying" : "Architectural Practice",
		"Client" : "Property Owner",
		"Project No. " : "7918-0104-00"
	},
	{
		"json_featuretype" : "2018",
		"Registration Date" : "2018 04 04",
		"Name of Lobbyist" : "Gerry Blonski",
		"Company" : "Gerry Blonski Architect ",
		"Phone Number" : "604-572-3608",
		"Nature of Lobbying" : "Architect ",
		"Client" : "1124660 BC Ltd.",
		"Project No. " : "7918-0098-00"
	},
	{
		"json_featuretype" : "2018",
		"Registration Date" : "2018 04 04",
		"Name of Lobbyist" : "Gurdarshan Birring",
		"Company" : "Kick It Tae Kwon Do Ltd.",
		"Phone Number" : "778-895-5425",
		"Nature of Lobbying" : "Taekwondo School",
		"Client" : "KKK IT Taekwondo Ltd.",
		"Project No. " : "7918-0049-00"
	},
	{
		"json_featuretype" : "2018",
		"Registration Date" : "2018 04 04",
		"Name of Lobbyist" : "J. Markin",
		"Phone Number" : "778-298-3192",
		"Nature of Lobbying" : "Shipping Container Sales",
		"Client" : "Property Owner",
		"Project No. " : "7917-0519-00"
	},
	{
		"json_featuretype" : "2018",
		"Registration Date" : "2018 04 04",
		"Name of Lobbyist" : "Kasel Yamashita",
		"Company" : "McElhanney Consulting Services Ltd.",
		"Phone Number" : "604-596-0391",
		"Client" : "Property Owner",
		"Project No. " : "7918-0093-00"
	},
	{
		"json_featuretype" : "2018",
		"Registration Date" : "2018 04 04",
		"Name of Lobbyist" : "Maggie Koka",
		"Company" : "Aplin & Martin Consultants Ltd.",
		"Phone Number" : "604-639-3456",
		"Nature of Lobbying" : "Land Development Consulting",
		"Client" : "Property Owner",
		"Project No. " : "7916-0079-00"
	},
	{
		"json_featuretype" : "2018",
		"Registration Date" : "2018 04 04",
		"Name of Lobbyist" : "Michael Helle",
		"Company" : "Coastland Engineering & Surveying Ltd.",
		"Phone Number" : "604-532-9700",
		"Nature of Lobbying" : "Planning and Civil Engineering Services",
		"Client" : "Property Owner",
		"Project No. " : "7918-0013-00"
	},
	{
		"json_featuretype" : "2018",
		"Registration Date" : "2018 04 04",
		"Name of Lobbyist" : "Michael Helle",
		"Company" : "Coastland Engineering & Surveying Ltd.",
		"Phone Number" : "604-532-9700",
		"Nature of Lobbying" : "Planning and Civil Engineering Services",
		"Client" : "South Peninsula Development Inc.",
		"Project No. " : "7918-0107-00"
	},
	{
		"json_featuretype" : "2018",
		"Registration Date" : "2018 04 04",
		"Name of Lobbyist" : "Michael Helle",
		"Company" : "Coastland Engineering & Surveying Ltd.",
		"Phone Number" : "604-532-9700",
		"Nature of Lobbying" : "Planning and Civil Engineering Services",
		"Client" : "Property Owner",
		"Project No. " : "7918-0108-00"
	},
	{
		"json_featuretype" : "2018",
		"Registration Date" : "2018 04 04",
		"Name of Lobbyist" : "M. Kompter",
		"Phone Number" : "604-572-4328",
		"Nature of Lobbying" : "Consultant ",
		"Client" : "Property Owner",
		"Project No. " : "7918-0054-00"
	},
	{
		"json_featuretype" : "2018",
		"Registration Date" : "2018 04 04",
		"Name of Lobbyist" : "M. Kompter",
		"Phone Number" : "604-572-4328",
		"Nature of Lobbying" : "Consultant ",
		"Client" : "Property Owner",
		"Project No. " : "7918-0067-00"
	},
	{
		"json_featuretype" : "2018",
		"Registration Date" : "2018 04 04",
		"Name of Lobbyist" : "M. Kompter",
		"Phone Number" : "604-572-4328",
		"Nature of Lobbying" : "Consultant ",
		"Client" : "Property Owner",
		"Project No. " : "7918-0023-00"
	},
	{
		"json_featuretype" : "2018",
		"Registration Date" : "2018 04 04",
		"Name of Lobbyist" : "M. Kompter",
		"Phone Number" : "604-572-4328",
		"Nature of Lobbying" : "Consultant ",
		"Client" : "Property Owner",
		"Project No. " : "7918-0079-00"
	},
	{
		"json_featuretype" : "2018",
		"Registration Date" : "2018 04 04",
		"Name of Lobbyist" : "Moncef Dif",
		"Company" : "MSD Engineering Inc.",
		"Phone Number" : "778-316-7097",
		"Nature of Lobbying" : "Consultant ",
		"Client" : "Property Owner",
		"Project No. " : "7918-0100-00"
	},
	{
		"json_featuretype" : "2018",
		"Registration Date" : "2018 04 04",
		"Company" : "Montreal Neon Signs",
		"Phone Number" : "450-668-4888",
		"Client" : "TD Bank",
		"Project No. " : "7918-0027-00"
	},
	{
		"json_featuretype" : "2018",
		"Registration Date" : "2018 04 04",
		"Name of Lobbyist" : "Phil Magistrate",
		"Company" : "KGB LRT Developments Ltd.",
		"Phone Number" : "604-315-0609",
		"Client" : "King George Mobile Home Park Ltd.",
		"Project No. " : "7918-0070-00"
	},
	{
		"json_featuretype" : "2018",
		"Registration Date" : "2018 04 04",
		"Name of Lobbyist" : "Roger Jawanda",
		"Company" : "Citiwest Consulting Ltd.",
		"Phone Number" : "604-591-2213",
		"Nature of Lobbying" : "Civil Engineering",
		"Client" : "Trust Yee Real Estate Inc.",
		"Project No. " : "7918-0069-00"
	},
	{
		"json_featuretype" : "2018",
		"Registration Date" : "2018 04 04",
		"Name of Lobbyist" : "Roger Jawanda",
		"Company" : "Citiwest Consulting Ltd.",
		"Phone Number" : "604-591-2213",
		"Nature of Lobbying" : "Civil Engineering",
		"Client" : "Property Owner",
		"Project No. " : "7918-0068-00"
	},
	{
		"json_featuretype" : "2018",
		"Registration Date" : "2018 04 04",
		"Name of Lobbyist" : "Shauna Johnson",
		"Company" : "Teck Construction LLP",
		"Phone Number" : "604-514-4278",
		"Nature of Lobbying" : "General Contractor",
		"Client" : "Langley Hyundai",
		"Project No. " : "7918-0038-00"
	},
	{
		"json_featuretype" : "2018",
		"Registration Date" : "2018 04 04",
		"Name of Lobbyist" : "Timothy Ferguson",
		"Company" : "Viti Holdings Inc.",
		"Phone Number" : "604-538-7887",
		"Nature of Lobbying" : "Holding Company",
		"Client" : "Viti Holdings Inc.",
		"Project No. " : "7918-0078-00"
	},
	{
		"json_featuretype" : "2018",
		"Registration Date" : "2018 04 04",
		"Name of Lobbyist" : "Travjit Johal",
		"Company" : "Mortise Construction Ltd.",
		"Phone Number" : "778-892-0094",
		"Nature of Lobbying" : "Developer ",
		"Client" : "1075242 BC Ltd.",
		"Project No. " : "7918-0111-00"
	},
	{
		"json_featuretype" : "2018",
		"Registration Date" : "2018 04 04",
		"Name of Lobbyist" : "Wojciech Grzybowicz",
		"Company" : "WG Architecture Inc.",
		"Phone Number" : "604-331-2378",
		"Nature of Lobbying" : "Architectural Design",
		"Client" : "Mortise Construction Ltd.",
		"Project No. " : "7918-0001-00"
	},
	{
		"json_featuretype" : "2018",
		"Registration Date" : "2018 04 11",
		"Name of Lobbyist" : "Clarence Arychuk",
		"Company" : "WSP Inc.",
		"Phone Number" : "604-525-4651",
		"Nature of Lobbying" : "Consultant ",
		"Client" : "Property Owner",
		"Project No. " : "7918-0112-00"
	},
	{
		"json_featuretype" : "2018",
		"Registration Date" : "2018 04 11",
		"Name of Lobbyist" : "Emily Kearns",
		"Company" : "Ankenman Associates Architects ",
		"Phone Number" : "604-536-1600",
		"Nature of Lobbying" : "Architects",
		"Client" : "8488 120 Street Holdings Inc.",
		"Project No. " : "7918-0116-00"
	},
	{
		"json_featuretype" : "2018",
		"Registration Date" : "2018 04 11",
		"Name of Lobbyist" : "Fred Adab",
		"Company" : "F. Adab Architects Inc.",
		"Phone Number" : "604-987-3003 ",
		"Nature of Lobbying" : "Architectural Firm",
		"Client" : "1114410 BC Ltd.",
		"Project No. " : "7918-0123-00"
	},
	{
		"json_featuretype" : "2018",
		"Registration Date" : "2018 04 11",
		"Name of Lobbyist" : "Roger Jawanda",
		"Company" : "Citiwest Consulting Ltd.",
		"Phone Number" : "604-591-2213",
		"Nature of Lobbying" : "Civil Engineering",
		"Client" : "Property Owner",
		"Project No. " : "7918-0119-00"
	},
	{
		"json_featuretype" : "2018",
		"Registration Date" : "2018 04 11",
		"Name of Lobbyist" : "Scott Pelletier ",
		"Company" : "WSP Inc.",
		"Phone Number" : "604-523-2525",
		"Nature of Lobbying" : "Engineering and Planning",
		"Client" : "Property Owner",
		"Project No. " : "7918-0124-00"
	},
	{
		"json_featuretype" : "2018",
		"Registration Date" : "2018 04 12",
		"Name of Lobbyist" : "Braden Smith",
		"Company" : "Integrated Construction ",
		"Phone Number" : "604-537-7943",
		"Nature of Lobbying" : "Design-Build General Contractor ",
		"Client" : "POLLYCO Group of Companies ",
		"Project No. " : "7918-0139-00"
	},
	{
		"json_featuretype" : "2018",
		"Registration Date" : "2018 05 17",
		"Name of Lobbyist" : "Anya Paskovic",
		"Company" : "Aplin & Martin Consultants Ltd.",
		"Phone Number" : "604-639-3456",
		"Nature of Lobbying" : "Planning Consulting",
		"Client" : "Property Owner and 0821949 BC Ltd.",
		"Project No. " : "7918-0144-00"
	},
	{
		"json_featuretype" : "2018",
		"Registration Date" : "2018 05 17",
		"Name of Lobbyist" : "Anya Paskovic",
		"Company" : "Aplin & Martin Consultants Ltd.",
		"Phone Number" : "604-639-3456",
		"Nature of Lobbying" : "Planning Consulting",
		"Client" : "Property Owner",
		"Project No. " : "7918-0169-00"
	},
	{
		"json_featuretype" : "2018",
		"Registration Date" : "2018 05 17",
		"Name of Lobbyist" : "Avnash Banwait and Rajeev Mangla",
		"Company" : "Mainland Engineering Design Corporation",
		"Phone Number" : "604-543-8044",
		"Nature of Lobbying" : "Civil Enginer and Land Development Consultant ",
		"Client" : "Property Owner",
		"Project No. " : "7918-0196-00"
	},
	{
		"json_featuretype" : "2018",
		"Registration Date" : "2018 05 17",
		"Name of Lobbyist" : "Braden Smith",
		"Company" : "Integrated Construction ",
		"Phone Number" : "604-599-0706",
		"Nature of Lobbying" : "Design-Build General Contractor ",
		"Client" : "Pollyco & Shing Kee Developments Ltd.",
		"Project No. " : "7918-0166-00"
	},
	{
		"json_featuretype" : "2018",
		"Registration Date" : "2018 05 17",
		"Name of Lobbyist" : "Brenton Wiebe",
		"Company" : "X Architecture ",
		"Phone Number" : "604-996-7840",
		"Nature of Lobbying" : "Architect ",
		"Client" : "Property Owner",
		"Project No. " : "7918-0135-00"
	},
	{
		"json_featuretype" : "2018",
		"Registration Date" : "2018 05 17",
		"Name of Lobbyist" : "Cassidy Silbernagel",
		"Company" : "OTG Developments Ltd.",
		"Phone Number" : "604-997-2772",
		"Nature of Lobbying" : "Planner",
		"Client" : "Property Owner",
		"Project No. " : "7918-0183-00"
	},
	{
		"json_featuretype" : "2018",
		"Registration Date" : "2018 05 17",
		"Name of Lobbyist" : "Ching-Yeh Cary Tsai",
		"Company" : "Architect 57 Inc.",
		"Phone Number" : "604-818-2088",
		"Nature of Lobbying" : "Architect Firm",
		"Client" : "Property Owner",
		"Project No. " : "7918-0188-00"
	},
	{
		"json_featuretype" : "2018",
		"Registration Date" : "2018 05 17",
		"Name of Lobbyist" : "Clarence Arychuk",
		"Company" : "WSP Inc.",
		"Phone Number" : "604-525-4651",
		"Nature of Lobbying" : "Consulting Planner",
		"Client" : "Property Owner",
		"Project No. " : "7918-0154-00"
	},
	{
		"json_featuretype" : "2018",
		"Registration Date" : "2018 05 17",
		"Name of Lobbyist" : "Colin Hogan",
		"Company" : "Focus Architecture Inc.",
		"Phone Number" : "604-853-5222",
		"Nature of Lobbying" : "Architecture",
		"Client" : "Jana Group Holdings Inc.",
		"Project No. " : "7918-0141-00"
	},
	{
		"json_featuretype" : "2018",
		"Registration Date" : "2018 05 17",
		"Name of Lobbyist" : "Dexter Hirabe",
		"Company" : "WSP Inc.",
		"Phone Number" : "604-525-4651",
		"Client" : "Property Owner",
		"Project No. " : "7918-0126-00"
	},
	{
		"json_featuretype" : "2018",
		"Registration Date" : "2018 05 17",
		"Name of Lobbyist" : "Gary Grewal",
		"Company" : "Alpha West Developments Ltd.",
		"Phone Number" : "604-338-7739",
		"Nature of Lobbying" : "General Construction and Builder",
		"Client" : "Property Owner",
		"Project No. " : "7918-0137-00"
	},
	{
		"json_featuretype" : "2018",
		"Registration Date" : "2018 05 17",
		"Name of Lobbyist" : "Gerry Blonski",
		"Company" : "Gerry Blonski Architect ",
		"Phone Number" : "604-572-3808",
		"Client" : "1019940 BC Ltd.",
		"Project No. " : "7918-0181-00"
	},
	{
		"json_featuretype" : "2018",
		"Registration Date" : "2018 05 17",
		"Name of Lobbyist" : "Jinder and Manpreet Brar",
		"Company" : "1140398 BC Ltd.",
		"Phone Number" : "604-603-4020",
		"Nature of Lobbying" : "Real Estate Development ",
		"Client" : "1140398 BC Ltd.",
		"Project No. " : "7918-0186-00"
	},
	{
		"json_featuretype" : "2018",
		"Registration Date" : "2018 05 17",
		"Name of Lobbyist" : "Maciej Dembek",
		"Company" : "Barnett Dembek Architects Inc.",
		"Phone Number" : "604-597-7100",
		"Nature of Lobbying" : "Architectural Consultants ",
		"Client" : "Sunmark Developments Ltd.",
		"Project No. " : "7918-0132-00"
	},
	{
		"json_featuretype" : "2018",
		"Registration Date" : "2018 05 17",
		"Name of Lobbyist" : "Maggie Koka",
		"Company" : "Aplin & Martin Consultants Ltd.",
		"Phone Number" : "604-639-3456",
		"Nature of Lobbying" : "Land Development Consulting",
		"Client" : "Qualico Developments ",
		"Project No. " : "7918-0164-00"
	},
	{
		"json_featuretype" : "2018",
		"Registration Date" : "2018 05 17",
		"Name of Lobbyist" : "Michael Helle",
		"Company" : "Coastland Engineering & Surveying Ltd.",
		"Phone Number" : "604-532-9700",
		"Nature of Lobbying" : "Planning and Civil Engineering Services",
		"Client" : "Queenstay Properties Ltd.",
		"Project No. " : "7918-0115-00"
	},
	{
		"json_featuretype" : "2018",
		"Registration Date" : "2018 05 17",
		"Name of Lobbyist" : "Michael Helle",
		"Company" : "Coastland Engineering & Surveying Ltd.",
		"Phone Number" : "604-532-9700",
		"Nature of Lobbying" : "Planning and Civil Engineering Services",
		"Client" : "Property Owner",
		"Project No. " : "7918-0167-00"
	},
	{
		"json_featuretype" : "2018",
		"Registration Date" : "2018 05 17",
		"Name of Lobbyist" : "M. Kompter",
		"Phone Number" : "604-572-4328",
		"Nature of Lobbying" : "Consultant ",
		"Client" : "Property Owner",
		"Project No. " : "7918-0162-00"
	},
	{
		"json_featuretype" : "2018",
		"Registration Date" : "2018 05 17",
		"Name of Lobbyist" : "Paul Chiu",
		"Company" : "Urban Design Group Architects Ltd.",
		"Phone Number" : "604-687-2334",
		"Nature of Lobbying" : "Architectural Firm",
		"Client" : "581947 BC Ltd.",
		"Project No. " : "7918-0149-00"
	},
	{
		"json_featuretype" : "2018",
		"Registration Date" : "2018 05 17",
		"Name of Lobbyist" : "Rhona Dulay",
		"Company" : "HY Engineering Ltd.",
		"Phone Number" : "604-583-1616",
		"Nature of Lobbying" : "Civil Engineering Firm ",
		"Client" : "Property Owner",
		"Project No. " : "7918-0133-00"
	},
	{
		"json_featuretype" : "2018",
		"Registration Date" : "2018 05 17",
		"Name of Lobbyist" : "Rhona Dulay",
		"Company" : "HY Engineering Ltd.",
		"Phone Number" : "604-583-1616",
		"Nature of Lobbying" : "Civil Engineering Firm ",
		"Client" : "SJY Developments Ltd.",
		"Project No. " : "7918-0136-00"
	},
	{
		"json_featuretype" : "2018",
		"Registration Date" : "2018 05 17",
		"Name of Lobbyist" : "Roger Jawanda",
		"Company" : "Citiwest Consulting Ltd.",
		"Phone Number" : "604-591-2213",
		"Nature of Lobbying" : "Civil Engineering",
		"Client" : "Dhap Developments Ltd.",
		"Project No. " : "7918-0177-00"
	},
	{
		"json_featuretype" : "2018",
		"Registration Date" : "2018 05 17",
		"Name of Lobbyist" : "Roger Jawanda",
		"Company" : "Citiwest Consulting Ltd.",
		"Phone Number" : "604-591-2213",
		"Nature of Lobbying" : "Civil Engineering",
		"Client" : "Canvas Homes",
		"Project No. " : "7918-0170-00"
	},
	{
		"json_featuretype" : "2018",
		"Registration Date" : "2018 05 17",
		"Name of Lobbyist" : "Roger Jawanda",
		"Company" : "Citiwest Consulting Ltd.",
		"Phone Number" : "604-591-2213",
		"Nature of Lobbying" : "Civil Engineering",
		"Client" : "Property Owner",
		"Project No. " : "7918-0160-00"
	},
	{
		"json_featuretype" : "2018",
		"Registration Date" : "2018 05 17",
		"Name of Lobbyist" : "Roger Jawanda",
		"Company" : "Citiwest Consulting Ltd.",
		"Phone Number" : "604-591-2213",
		"Nature of Lobbying" : "Civil Engineering",
		"Client" : "Property Owner",
		"Project No. " : "7918-0168-00"
	},
	{
		"json_featuretype" : "2018",
		"Registration Date" : "2018 05 17",
		"Name of Lobbyist" : "Roger Jawanda",
		"Company" : "Citiwest Consulting Ltd.",
		"Phone Number" : "604-591-2213",
		"Nature of Lobbying" : "Civil Engineering",
		"Client" : "Gnosis Development Inc.",
		"Project No. " : "7918-0171-00"
	},
	{
		"json_featuretype" : "2018",
		"Registration Date" : "2018 05 17",
		"Name of Lobbyist" : "Roger Jawanda",
		"Company" : "Citiwest Consulting Ltd.",
		"Phone Number" : "604-591-2213",
		"Nature of Lobbying" : "Civil Engineering",
		"Client" : "City View Investments Inc.",
		"Project No. " : "7918-0176-00"
	},
	{
		"json_featuretype" : "2018",
		"Registration Date" : "2018 05 17",
		"Name of Lobbyist" : "Roger Jawanda",
		"Company" : "Citiwest Consulting Ltd.",
		"Phone Number" : "604-591-2213",
		"Nature of Lobbying" : "Civil Engineering",
		"Client" : "Property Owner",
		"Project No. " : "7918-0174-00"
	},
	{
		"json_featuretype" : "2018",
		"Registration Date" : "2018 05 17",
		"Name of Lobbyist" : "Roger Jawanda",
		"Company" : "Citiwest Consulting Ltd.",
		"Phone Number" : "604-591-2213",
		"Nature of Lobbying" : "Civil Engineering",
		"Client" : "Property Owner",
		"Project No. " : "7918-0179-00"
	},
	{
		"json_featuretype" : "2018",
		"Registration Date" : "2018 05 17",
		"Name of Lobbyist" : "Roger Jawanda",
		"Company" : "Citiwest Consulting Ltd.",
		"Phone Number" : "604-591-2213",
		"Nature of Lobbying" : "Civil Engineering",
		"Client" : "Property Owner",
		"Project No. " : "7918-0175-00"
	},
	{
		"json_featuretype" : "2018",
		"Registration Date" : "2018 05 17",
		"Name of Lobbyist" : "Roger Jawanda",
		"Company" : "Citiwest Consulting Ltd.",
		"Phone Number" : "604-591-2213",
		"Nature of Lobbying" : "Civil Engineering",
		"Client" : "Property Owner",
		"Project No. " : "7918-0180-00"
	},
	{
		"json_featuretype" : "2018",
		"Registration Date" : "2018 05 17",
		"Name of Lobbyist" : "R. Blackwell",
		"Company" : "Planning Consulting",
		"Phone Number" : "250-203-5814",
		"Nature of Lobbying" : "Planning Consulting",
		"Client" : "Property Owner",
		"Project No. " : "7918-0184-00"
	},
	{
		"json_featuretype" : "2018",
		"Registration Date" : "2018 05 17",
		"Name of Lobbyist" : "Scott Pelletier ",
		"Company" : "WSP Inc.",
		"Phone Number" : "604-525-4651",
		"Nature of Lobbying" : "Engineering and Planning",
		"Client" : "Property Owner",
		"Project No. " : "7918-0173-00"
	},
	{
		"json_featuretype" : "2018",
		"Registration Date" : "2018 05 17",
		"Name of Lobbyist" : "Scott Pelletier ",
		"Company" : "WSP Inc.",
		"Phone Number" : "604-525-4651",
		"Nature of Lobbying" : "Engineering and Planning",
		"Client" : "1105045 BC Ltd.",
		"Project No. " : "7915-0443-00"
	},
	{
		"json_featuretype" : "2018",
		"Registration Date" : "2018 06 29",
		"Name of Lobbyist" : "Kayla Hildebrand",
		"Company" : "British Columbia Timberframe Co.",
		"Phone Number" : "604-892-1088",
		"Nature of Lobbying" : "Builder, Construction, Design ",
		"Client" : "Property Owner",
		"Project No. " : "7918-0239-00"
	},
	{
		"json_featuretype" : "2018",
		"Registration Date" : "2018 07 13",
		"Name of Lobbyist" : "Peter Lovick",
		"Company" : "Lovick Scott Architects Ltd.",
		"Phone Number" : "604-298-3700",
		"Nature of Lobbying" : "Arichitect ",
		"Client" : "Property Owner",
		"Project No. " : "7918-0254-00"
	},
	{
		"json_featuretype" : "2018",
		"Registration Date" : "2018 07 13",
		"Name of Lobbyist" : "Fred Adab",
		"Company" : "F. Adab Architects Inc.",
		"Phone Number" : "604-987-3003",
		"Nature of Lobbying" : "Architect ",
		"Client" : "Property Owner",
		"Project No. " : "7918-0253-00"
	},
	{
		"json_featuretype" : "2018",
		"Registration Date" : "2018 07 20",
		"Name of Lobbyist" : "Anya Paskovic",
		"Company" : "Aplin & Martin Consultants Ltd.",
		"Phone Number" : "604-639-3456",
		"Nature of Lobbying" : "Planning Consulting",
		"Client" : "Property Owner",
		"Project No. " : "7915-0041-00"
	},
	{
		"json_featuretype" : "2018",
		"Registration Date" : "2018 07 20",
		"Name of Lobbyist" : "Avnash Banwait and Rajeev Mangla",
		"Company" : "Mainland Engineering Design Corporation",
		"Phone Number" : "604-543-8044",
		"Nature of Lobbying" : "Civil Engineering and Land Development Consulting",
		"Client" : "Property Owner",
		"Project No. " : "7918-0209-00"
	},
	{
		"json_featuretype" : "2018",
		"Registration Date" : "2018 07 20",
		"Name of Lobbyist" : "Avnash Banwait and Rajeev Mangla",
		"Company" : "Mainland Engineering Design Corporation",
		"Phone Number" : "604-543-8044",
		"Nature of Lobbying" : "Civil Engineering and Land Development Consulting",
		"Client" : "Property Owner",
		"Project No. " : "7918-0222-00"
	},
	{
		"json_featuretype" : "2018",
		"Registration Date" : "2018 07 20",
		"Name of Lobbyist" : "Avnash Banwait and Rajeev Mangla",
		"Company" : "Mainland Engineering Design Corporation",
		"Phone Number" : "604-543-8044",
		"Nature of Lobbying" : "Civil Engineering and Land Development Consulting",
		"Client" : "Property Owner",
		"Project No. " : "7918-0248-00"
	},
	{
		"json_featuretype" : "2018",
		"Registration Date" : "2018 07 20",
		"Name of Lobbyist" : "Avnash Banwait and Rajeev Mangla",
		"Company" : "Mainland Engineering Design Corporation",
		"Phone Number" : "604-543-8044",
		"Nature of Lobbying" : "Civil Engineering and Land Development Consulting",
		"Client" : "Property Owner",
		"Project No. " : "7918-0247-00"
	},
	{
		"json_featuretype" : "2018",
		"Registration Date" : "2018 07 20",
		"Name of Lobbyist" : "Christopher Correia",
		"Company" : "Pacific Land Group",
		"Phone Number" : "604-501-1624",
		"Nature of Lobbying" : "Planning Consulting",
		"Client" : "Georgian Properties Ltd.",
		"Project No. " : "7918-0223-00"
	},
	{
		"json_featuretype" : "2018",
		"Registration Date" : "2018 07 20",
		"Name of Lobbyist" : "Colin van der Koor",
		"Company" : "Newton Fellowship Church",
		"Phone Number" : "778-808-6424",
		"Nature of Lobbying" : "Church",
		"Client" : "Newton Fellowship Church",
		"Project No. " : "7918-0163-00"
	},
	{
		"json_featuretype" : "2018",
		"Registration Date" : "2018 07 20",
		"Name of Lobbyist" : "Derek Hull",
		"Company" : "Aplin & Martin Consultants Ltd.",
		"Phone Number" : "604-597-9058",
		"Nature of Lobbying" : "Engineering and Planning Consulting",
		"Client" : "City of Surrey",
		"Project No. " : "7918-0219-00"
	},
	{
		"json_featuretype" : "2018",
		"Registration Date" : "2018 07 20",
		"Name of Lobbyist" : "Devin Dancocks",
		"Company" : "Clean Energy Fueling Services ",
		"Phone Number" : "604-703-2965",
		"Nature of Lobbying" : "Upgrade Operations Fueling (CNG) Station",
		"Client" : "City of Surrey",
		"Project No. " : "7918-0211-00"
	},
	{
		"json_featuretype" : "2018",
		"Registration Date" : "2018 07 20",
		"Name of Lobbyist" : "H. Kang",
		"Phone Number" : "778-995-5264",
		"Client" : "Property Owner",
		"Project No. " : "7918-0240-00"
	},
	{
		"json_featuretype" : "2018",
		"Registration Date" : "2018 07 20",
		"Name of Lobbyist" : "Irene Horvath",
		"Company" : "D.A. Horvath Consultants Inc.",
		"Phone Number" : "604-538-2496",
		"Nature of Lobbying" : "Interior Design Consulting",
		"Client" : "Property Owner",
		"Project No. " : "7918-0192-00"
	},
	{
		"json_featuretype" : "2018",
		"Registration Date" : "2018 07 20",
		"Name of Lobbyist" : "J. Thornquist ",
		"Phone Number" : "778-908-7446",
		"Nature of Lobbying" : "Graphic Design and Sign/Print Products ",
		"Client" : "Strata Plan EPS 2798",
		"Project No. " : "7918-0231-00"
	},
	{
		"json_featuretype" : "2018",
		"Registration Date" : "2018 07 20",
		"Name of Lobbyist" : "Kasel Yamashita",
		"Company" : "McElhanney Consulting Services Ltd.",
		"Phone Number" : "604-596-0391",
		"Nature of Lobbying" : "Consulting Planner",
		"Client" : "The Anglican Parish of the Church of Epiphany",
		"Project No. " : "7918-0203-00"
	},
	{
		"json_featuretype" : "2018",
		"Registration Date" : "2018 07 20",
		"Name of Lobbyist" : "Kenneth Kim",
		"Company" : "Kenneth Kim Architecture Inc.",
		"Phone Number" : "778-379-8918",
		"Nature of Lobbying" : "Architecture ",
		"Client" : "Muiz Anandji",
		"Project No. " : "7918-0235-00"
	},
	{
		"json_featuretype" : "2018",
		"Registration Date" : "2018 07 20",
		"Name of Lobbyist" : "Laura Jones",
		"Company" : "Pacific Land Group",
		"Phone Number" : "604-501-1624",
		"Nature of Lobbying" : "Land Use and Environmental Consulting ",
		"Client" : "1074132 BC Ltd.",
		"Project No. " : "7918-0195-00"
	},
	{
		"json_featuretype" : "2018",
		"Registration Date" : "2018 07 20",
		"Name of Lobbyist" : "Louis Kwan",
		"Company" : "Property Development ",
		"Phone Number" : "604-732-7651",
		"Nature of Lobbying" : "Property Development ",
		"Client" : "Southmere Holdings Ltd.",
		"Project No. " : "7918-0207-00"
	},
	{
		"json_featuretype" : "2018",
		"Registration Date" : "2018 07 20",
		"Name of Lobbyist" : "M. Berar",
		"Phone Number" : "604-603-4020",
		"Client" : "1153408 BC Ltd.",
		"Project No. " : "7918-0252-00"
	},
	{
		"json_featuretype" : "2018",
		"Registration Date" : "2018 07 20",
		"Name of Lobbyist" : "M. Liew",
		"Phone Number" : "604-338-3506",
		"Nature of Lobbying" : "Architecture ",
		"Client" : "Property Owner",
		"Project No. " : "7918-0190-00"
	},
	{
		"json_featuretype" : "2018",
		"Registration Date" : "2018 07 20",
		"Name of Lobbyist" : "M. Gao",
		"Phone Number" : "778-899-8958",
		"Client" : "Property Owner",
		"Project No. " : "7918-0246-00"
	},
	{
		"json_featuretype" : "2018",
		"Registration Date" : "2018 07 20",
		"Name of Lobbyist" : "M. Kompter",
		"Phone Number" : "604-572-4328",
		"Nature of Lobbying" : "Consultant ",
		"Client" : "Property Owner",
		"Project No. " : "7918-0202-00"
	},
	{
		"json_featuretype" : "2018",
		"Registration Date" : "2018 07 20",
		"Name of Lobbyist" : "M. Kompter",
		"Phone Number" : "604-572-4328",
		"Nature of Lobbying" : "Consultant ",
		"Client" : "Property Owner ",
		"Project No. " : "7918-0056-00"
	},
	{
		"json_featuretype" : "2018",
		"Registration Date" : "2018 07 20",
		"Name of Lobbyist" : "Rigg Kumar",
		"Company" : "SR West Construction",
		"Phone Number" : "604-716-4957",
		"Nature of Lobbying" : "Construction Management and Contracting",
		"Client" : "Upland Sport Centre Ltd.",
		"Project No. " : "7918-0220-00"
	},
	{
		"json_featuretype" : "2018",
		"Registration Date" : "2018 07 20",
		"Name of Lobbyist" : "Roger Jawanda",
		"Company" : "Citiwest Consulting Ltd.",
		"Phone Number" : "604-591-2213",
		"Nature of Lobbying" : "Civil Engineering",
		"Client" : "0805567 BC Ltd.",
		"Project No. " : "7918-0257-00"
	},
	{
		"json_featuretype" : "2018",
		"Registration Date" : "2018 07 20",
		"Name of Lobbyist" : "R. Blackwell",
		"Phone Number" : "250-203-5814",
		"Nature of Lobbying" : "Planning Consulting",
		"Client" : "Property Owner",
		"Project No. " : "7918-0191-00"
	},
	{
		"json_featuretype" : "2018",
		"Registration Date" : "2018 07 20",
		"Name of Lobbyist" : "Ryan Grieve",
		"Company" : "Hyline Construction",
		"Phone Number" : "604-889-5242",
		"Client" : "Property Owner",
		"Project No. " : "7918-0216-00"
	},
	{
		"json_featuretype" : "2018",
		"Registration Date" : "2018 07 20",
		"Name of Lobbyist" : "Scott Pelletier ",
		"Company" : "WSP Inc.",
		"Phone Number" : "604-523-2525",
		"Nature of Lobbying" : "Planning and Engineering Firm",
		"Client" : "Property Owner",
		"Project No. " : "7918-0225-00"
	},
	{
		"json_featuretype" : "2018",
		"Registration Date" : "2018 07 20",
		"Name of Lobbyist" : "Shauna Johnson",
		"Company" : "Teck Construction LLP",
		"Phone Number" : "604-514-4278",
		"Nature of Lobbying" : "General Contractor",
		"Client" : "Lipont Investments Ltd.",
		"Project No. " : "7918-0252-00"
	},
	{
		"json_featuretype" : "2018",
		"Registration Date" : "2018 07 20",
		"Name of Lobbyist" : "Stephen Ramsay",
		"Company" : "Grey Owl Engineering Ltd.",
		"Phone Number" : "604-376-4843",
		"Nature of Lobbying" : "Consulting Engineers",
		"Client" : "Westrend Construction Ltd.",
		"Project No. " : "7918-0256-00"
	},
	{
		"json_featuretype" : "2018",
		"Registration Date" : "2018 07 20",
		"Name of Lobbyist" : "S. Pandher",
		"Phone Number" : "604-377-5776",
		"Client" : "Urban Coast Investments Ltd.",
		"Project No. " : "7918-0251-00"
	},
	{
		"json_featuretype" : "2018",
		"Registration Date" : "2018 07 27",
		"Name of Lobbyist" : "K. Goyal",
		"Phone Number" : "604-614-2032",
		"Client" : "1049498 BC Ltd.",
		"Project No. " : "7918-0268-00"
	},
	{
		"json_featuretype" : "2018",
		"Registration Date" : "2018 07 27",
		"Name of Lobbyist" : "Shaun Creaney",
		"Company" : "Priority Permits Ltd.",
		"Phone Number" : "289-389-8951",
		"Nature of Lobbying" : "Permit Acquisition and Sign Design",
		"Client" : "Bosa Properties Inc.",
		"Project No. " : "7918-0271-00"
	},
	{
		"json_featuretype" : "2018",
		"Registration Date" : "2018 08 09",
		"Name of Lobbyist" : "John Moonen",
		"Company" : "John Moonen and Associates Ltd.",
		"Phone Number" : "604-921-6433",
		"Nature of Lobbying" : "Lobbying ",
		"Client" : "Rich Surrey Land Ltd. ",
		"Project No. " : "7918-0073-00 and 7917-0540-00"
	},
	{
		"json_featuretype" : "2018",
		"Registration Date" : "2018 08 10",
		"Name of Lobbyist" : "Shaun Creaney",
		"Company" : "Priority Permits Ltd.",
		"Phone Number" : "289-389-8951",
		"Nature of Lobbying" : "Sign Design and Permit Acquisition",
		"Client" : "Emmanuel Church",
		"Project No. " : "7918-0297-00"
	},
	{
		"json_featuretype" : "2018",
		"Registration Date" : "2018 08 10",
		"Name of Lobbyist" : "Shaun Creaney",
		"Company" : "Priority Permits Ltd.",
		"Phone Number" : "289-389-8951",
		"Nature of Lobbying" : "Sign Design and Permit Acquisition",
		"Client" : "372363 BC Ltd.",
		"Project No. " : "7918-0296-00"
	},
	{
		"json_featuretype" : "2018",
		"Registration Date" : "2018 08 22",
		"Name of Lobbyist" : "Maggie Koka",
		"Company" : "Aplin & Martin Consultants Ltd.",
		"Phone Number" : "604-639-3456",
		"Nature of Lobbying" : "Planning and Engineering Consulting",
		"Client" : "Beech Westgard Developments Ltd.",
		"Project No. " : "7918-0305-00"
	},
	{
		"json_featuretype" : "2018",
		"Registration Date" : "2018 08 30",
		"Name of Lobbyist" : "Douglas Johnson",
		"Company" : "Douglas R. Johnson Architect Ltd.",
		"Phone Number" : "604-998-3381",
		"Nature of Lobbying" : "Architect ",
		"Client" : "Marquee S Construction & Development Ltd.",
		"Project No. " : "7918-0313-00"
	},
	{
		"json_featuretype" : "2018",
		"Registration Date" : "2018 08 30",
		"Name of Lobbyist" : "Don Andrew",
		"Company" : "Creekside Architects",
		"Phone Number" : "604-730-5233",
		"Nature of Lobbying" : "Architectural Services ",
		"Client" : "Loha Properties Ltd.",
		"Project No. " : "7918-0311-00"
	},
	{
		"json_featuretype" : "2018",
		"Registration Date" : "2018 08 30",
		"Name of Lobbyist" : "M. Lord",
		"Phone Number" : "604-720-5279",
		"Client" : "Property Owner ",
		"Project No. " : "7918-0312-00"
	}
]