[
{
"json_featuretype":"CSV"
,"YEAR":2006
,"CLOVERDALE":51100
,"FLEETWOOD":54550
,"GUILDFORD":58500
,"NEWTON":111160
,"SOUTH_SURREY":68690
,"WHALLEY_INCLUDING_ CITY_CENTRE":88000
,"CITY_CENTRE":22270
,"SURREY_TOTAL":432000
}
,{
"json_featuretype":"CSV"
,"YEAR":2007
,"CLOVERDALE":54590
,"FLEETWOOD":55400
,"GUILDFORD":59300
,"NEWTON":113060
,"SOUTH_SURREY":71220
,"WHALLEY_INCLUDING_ CITY_CENTRE":92130
,"CITY_CENTRE":25840
,"SURREY_TOTAL":445700
}
,{
"json_featuretype":"CSV"
,"YEAR":2008
,"CLOVERDALE":57890
,"FLEETWOOD":55950
,"GUILDFORD":59620
,"NEWTON":116160
,"SOUTH_SURREY":74490
,"WHALLEY_INCLUDING_ CITY_CENTRE":93650
,"CITY_CENTRE":27240
,"SURREY_TOTAL":457760
}
,{
"json_featuretype":"CSV"
,"YEAR":2009
,"CLOVERDALE":61040
,"FLEETWOOD":56370
,"GUILDFORD":59720
,"NEWTON":118760
,"SOUTH_SURREY":75380
,"WHALLEY_INCLUDING_ CITY_CENTRE":93880
,"CITY_CENTRE":27230
,"SURREY_TOTAL":465150
}
,{
"json_featuretype":"CSV"
,"YEAR":2010
,"CLOVERDALE":63660
,"FLEETWOOD":57170
,"GUILDFORD":60080
,"NEWTON":121970
,"SOUTH_SURREY":77750
,"WHALLEY_INCLUDING_ CITY_CENTRE":94820
,"CITY_CENTRE":27720
,"SURREY_TOTAL":475450
}
,{
"json_featuretype":"CSV"
,"YEAR":2011
,"CLOVERDALE":65470
,"FLEETWOOD":57980
,"GUILDFORD":60400
,"NEWTON":124940
,"SOUTH_SURREY":79370
,"WHALLEY_INCLUDING_ CITY_CENTRE":95550
,"CITY_CENTRE":28080
,"SURREY_TOTAL":483710
}
,{
"json_featuretype":"CSV"
,"YEAR":2012
,"CLOVERDALE":67060
,"FLEETWOOD":59050
,"GUILDFORD":60860
,"NEWTON":127440
,"SOUTH_SURREY":81530
,"WHALLEY_INCLUDING_ CITY_CENTRE":96840
,"CITY_CENTRE":29020
,"SURREY_TOTAL":492780
}
,{
"json_featuretype":"CSV"
,"YEAR":2013
,"CLOVERDALE":68380
,"FLEETWOOD":59430
,"GUILDFORD":61500
,"NEWTON":129690
,"SOUTH_SURREY":82920
,"WHALLEY_INCLUDING_ CITY_CENTRE":99380
,"CITY_CENTRE":31530
,"SURREY_TOTAL":501300
}
,{
"json_featuretype":"CSV"
,"YEAR":2014
,"CLOVERDALE":69890
,"FLEETWOOD":60050
,"GUILDFORD":61720
,"NEWTON":131470
,"SOUTH_SURREY":84470
,"WHALLEY_INCLUDING_ CITY_CENTRE":99770
,"CITY_CENTRE":31610
,"SURREY_TOTAL":507370
}
,{
"json_featuretype":"CSV"
,"YEAR":2015
,"CLOVERDALE":71300
,"FLEETWOOD":60340
,"GUILDFORD":62440
,"NEWTON":133460
,"SOUTH_SURREY":86680
,"WHALLEY_INCLUDING_ CITY_CENTRE":102200
,"CITY_CENTRE":33480
,"SURREY_TOTAL":516420
}
,{
"json_featuretype":"CSV"
,"YEAR":2016
,"CLOVERDALE":72970
,"FLEETWOOD":61330
,"GUILDFORD":62820
,"NEWTON":135470
,"SOUTH_SURREY":90010
,"WHALLEY_INCLUDING_ CITY_CENTRE":102620
,"CITY_CENTRE":33610
,"SURREY_TOTAL":525220
}
]