[
{
"json_featuretype":"CSV"
,"NAME":"Central Works Yard H2 Station"
,"FUEL":"Hydrogen"
,"LOCATION":"6645 148 Street"
,"ACCESS":"City Vehicle use only"
,"LATITUDE":49.1236
,"LONGITUDE":-122.814003
}
,{
"json_featuretype":"CSV"
,"NAME":"Hemlock Works Yard H2 Station"
,"FUEL":"Hydrogen"
,"LOCATION":"9353 160 Street"
,"ACCESS":"City Vehicle use only"
,"LATITUDE":49.1725998
,"LONGITUDE":-122.7789993
}
,{
"json_featuretype":"CSV"
,"NAME":"Central Works Yard CNG"
,"FUEL":"Compressed Natural Gas"
,"LOCATION":"6645 148 Street"
,"ACCESS":"City Vehicle use only"
,"LATITUDE":49.1235008
,"LONGITUDE":-122.814003
}
,{
"json_featuretype":"CSV"
,"NAME":"Ocean Park Library"
,"FUEL":"Electric (240 Volt)"
,"LOCATION":"12864 17 Avenue"
,"ACCESS":"Publically Accessible - Free"
,"LATITUDE":49.0326004
,"LONGITUDE":-122.8669968
}
,{
"json_featuretype":"CSV"
,"NAME":"Newton Seniors Centre"
,"FUEL":"Electric (240 Volt)"
,"LOCATION":"13775 70 Avenue"
,"ACCESS":"Publically Accessible - Free"
,"LATITUDE":49.1302986
,"LONGITUDE":-122.8399963
}
,{
"json_featuretype":"CSV"
,"NAME":"Surrey Arts Centre"
,"FUEL":"Electric (240 Volt)"
,"LOCATION":"13750 88 Avenue"
,"ACCESS":"Publically Accessible - Free"
,"LATITUDE":49.1621017
,"LONGITUDE":-122.8420029
}
,{
"json_featuretype":"CSV"
,"NAME":"Surrey Sports and Leisure"
,"FUEL":"Electric (240 Volt)"
,"LOCATION":"16555 Fraser Highway"
,"ACCESS":"Publically Accessible - Free"
,"LATITUDE":49.1526985
,"LONGITUDE":-122.7630005
}
,{
"json_featuretype":"CSV"
,"NAME":"Guildford Recreation Centre"
,"FUEL":"Electric (240 Volt)"
,"LOCATION":"15105 105 Avenue"
,"ACCESS":"Publically Accessible - Free"
,"LATITUDE":49.1940002
,"LONGITUDE":-122.8040009
}
,{
"json_featuretype":"CSV"
,"NAME":"New City Hall"
,"FUEL":"Electric (240 Volt)"
,"LOCATION":"13450 104 Avenue"
,"ACCESS":"Publically Accessible - Free"
,"LATITUDE":49.1915016
,"LONGITUDE":-122.848999
}
,{
"json_featuretype":"CSV"
,"NAME":"South Surrey Recreation and Arts Centre"
,"FUEL":"Electric (240 Volt)"
,"LOCATION":"14601 20 Avenue"
,"ACCESS":"Publically Accessible - Free"
,"LATITUDE":49.0396996
,"LONGITUDE":-122.8180008
}
,{
"json_featuretype":"CSV"
,"NAME":"Surrey Museum"
,"FUEL":"DC Fast Charge (DCFC)"
,"LOCATION":"17710 56A Avenue"
,"ACCESS":"Publically Accessible - Free"
,"LATITUDE":49.1046982
,"LONGITUDE":-122.7320023
}
]