[
{
"json_featuretype":"Financial Info - BL Budgets"
,"CITY OF SURREY":"OPEN DATA 2017 YEAR TO DATE DEPARTMENT FINANCIAL INFORMATION - OPERATIONAL BUDGETS"
,"B":"OPEN DATA 2017 YEAR TO DATE DEPARTMENT FINANCIAL INFORMATION - OPERATIONAL BUDGETS"
,"C":"OPEN DATA 2017 YEAR TO DATE DEPARTMENT FINANCIAL INFORMATION - OPERATIONAL BUDGETS"
,"D":"OPEN DATA 2017 YEAR TO DATE DEPARTMENT FINANCIAL INFORMATION - OPERATIONAL BUDGETS"
,"E":"OPEN DATA 2017 YEAR TO DATE DEPARTMENT FINANCIAL INFORMATION - OPERATIONAL BUDGETS"
,"F":"OPEN DATA 2017 YEAR TO DATE DEPARTMENT FINANCIAL INFORMATION - OPERATIONAL BUDGETS"
,"G":"OPEN DATA 2017 YEAR TO DATE DEPARTMENT FINANCIAL INFORMATION - OPERATIONAL BUDGETS"
,"H":"OPEN DATA 2017 YEAR TO DATE DEPARTMENT FINANCIAL INFORMATION - OPERATIONAL BUDGETS"
,"I":""
,"J":""
,"K":""
,"L":""
,"M":""
,"N":""
,"O":""
,"P":""
,"Q":""
,"R":""
,"S":""
,"T":""
,"U":""
,"V":""
,"W":""
,"X":""
,"Y":""
,"Z":""
,"AA":""
,"AB":""
,"AC":""
,"AD":""
,"AE":""
,"AF":""
,"AG":""
}
,{
"json_featuretype":"Financial Info - BL Budgets"
,"CITY OF SURREY":"For the Period:  201700 - 201712"
,"B":"For the Period:  201700 - 201712"
,"C":"For the Period:  201700 - 201712"
,"D":"For the Period:  201700 - 201712"
,"E":"For the Period:  201700 - 201712"
,"F":"For the Period:  201700 - 201712"
,"G":"For the Period:  201700 - 201712"
,"H":"For the Period:  201700 - 201712"
,"I":""
,"J":""
,"K":""
,"L":""
,"M":""
,"N":""
,"O":""
,"P":""
,"Q":""
,"R":""
,"S":""
,"T":""
,"U":""
,"V":""
,"W":""
,"X":""
,"Y":""
,"Z":""
,"AA":""
,"AB":""
,"AC":""
,"AD":""
,"AE":""
,"AF":""
,"AG":""
}
,{
"json_featuretype":"Financial Info - BL Budgets"
,"CITY OF SURREY":"For Funds: ´100´,´103´,´105´,´106´,´107´,´200´,´300´,´305´,´400´"
,"B":"For Funds: ´100´,´103´,´105´,´106´,´107´,´200´,´300´,´305´,´400´"
,"C":"For Funds: ´100´,´103´,´105´,´106´,´107´,´200´,´300´,´305´,´400´"
,"D":"For Funds: ´100´,´103´,´105´,´106´,´107´,´200´,´300´,´305´,´400´"
,"E":"For Funds: ´100´,´103´,´105´,´106´,´107´,´200´,´300´,´305´,´400´"
,"F":"For Funds: ´100´,´103´,´105´,´106´,´107´,´200´,´300´,´305´,´400´"
,"G":"For Funds: ´100´,´103´,´105´,´106´,´107´,´200´,´300´,´305´,´400´"
,"H":"For Funds: ´100´,´103´,´105´,´106´,´107´,´200´,´300´,´305´,´400´"
,"I":""
,"J":""
,"K":""
,"L":""
,"M":""
,"N":""
,"O":""
,"P":""
,"Q":""
,"R":""
,"S":""
,"T":""
,"U":""
,"V":""
,"W":""
,"X":""
,"Y":""
,"Z":""
,"AA":""
,"AB":""
,"AC":""
,"AD":""
,"AE":""
,"AF":""
,"AG":""
}
,{
"json_featuretype":"Financial Info - BL Budgets"
,"D":"REVENUES"
,"E":"REVENUES"
,"F":"REVENUES"
,"G":"REVENUES"
,"H":"EXPENDITURES"
,"I":"EXPENDITURES"
,"J":"EXPENDITURES"
,"K":"EXPENDITURES"
,"L":"EXPENDITURES"
,"M":"EXPENDITURES"
,"N":"INTERNAL TRANSFERS"
,"O":"INTERNAL TRANSFERS"
,"P":"INTERNAL TRANSFERS"
}
,{
"json_featuretype":"Financial Info - BL Budgets"
,"E":"Sales and"
,"F":"Grants, Donations"
,"H":"Salaries &"
,"I":"Operating"
,"J":"Internal Serv."
,"K":"Internal Serv."
,"L":"External"
,"N":"Trsf from"
,"O":"Trsf to"
,"Q":"NET (SURPLUS)"
,"R":""
,"S":""
,"T":""
,"U":""
,"V":""
,"W":""
,"X":""
,"Y":""
,"Z":""
,"AA":""
,"AB":""
,"AC":""
,"AD":""
,"AE":""
,"AF":""
,"AG":""
}
,{
"json_featuretype":"Financial Info - BL Budgets"
,"CITY OF SURREY":"Fund"
,"B":"Department"
,"C":"Financial Plan Division"
,"D":"Taxation"
,"E":"Services"
,"F":"and Other"
,"G":"TOTAL"
,"H":"Benefits"
,"I":"Costs"
,"J":"Used"
,"K":"Recovered"
,"L":"Recoveries"
,"M":"TOTAL"
,"N":"Own Sources"
,"O":"Own Sources"
,"P":"TOTAL"
,"Q":"EXPENDITURES"
,"R":""
,"S":""
,"T":""
,"U":""
,"V":""
,"W":""
,"X":""
,"Y":""
,"Z":""
,"AA":""
,"AB":""
,"AC":""
,"AD":""
,"AE":""
,"AF":""
,"AG":""
}
,{
"json_featuretype":"Financial Info - BL Budgets"
,"CITY OF SURREY":"General Operating"
,"B":"Corporate"
,"C":"Corporate"
,"D":"-328802000"
,"E":"-20809000"
,"F":"-36328000"
,"G":"-385939000"
,"H":"0"
,"I":"13596000"
,"J":"1569000"
,"K":"0"
,"L":"0"
,"M":"15165000"
,"N":"-17129000"
,"O":"60655000"
,"P":"43526000"
,"Q":"-327248000"
}
,{
"json_featuretype":"Financial Info - BL Budgets"
,"CITY OF SURREY":"General Operating"
,"B":"Grants"
,"C":"MCG - City Grants"
,"D":"0"
,"E":"0"
,"F":"0"
,"G":"0"
,"H":"0"
,"I":"1682000"
,"J":"0"
,"K":"0"
,"L":"0"
,"M":"1682000"
,"N":"0"
,"O":"0"
,"P":"0"
,"Q":"1682000"
}
,{
"json_featuretype":"Financial Info - BL Budgets"
,"CITY OF SURREY":"General Operating"
,"B":"Mayor & Council"
,"C":"MCG - Office of the Mayor"
,"D":"0"
,"E":"0"
,"F":"0"
,"G":"0"
,"H":"635000"
,"I":"116000"
,"J":"2000"
,"K":"0"
,"L":"0"
,"M":"753000"
,"N":"0"
,"O":"0"
,"P":"0"
,"Q":"753000"
}
,{
"json_featuretype":"Financial Info - BL Budgets"
,"CITY OF SURREY":"General Operating"
,"B":"Mayor & Council"
,"C":"MCG - Council"
,"D":"0"
,"E":"0"
,"F":"0"
,"G":"0"
,"H":"557000"
,"I":"123000"
,"J":"0"
,"K":"0"
,"L":"0"
,"M":"680000"
,"N":"0"
,"O":"0"
,"P":"0"
,"Q":"680000"
}
,{
"json_featuretype":"Financial Info - BL Budgets"
,"CITY OF SURREY":"General Operating"
,"B":"City Manager"
,"C":"City Mgr - Administration"
,"D":"0"
,"E":"-2000"
,"F":"0"
,"G":"-2000"
,"H":"757000"
,"I":"156000"
,"J":"190000"
,"K":"0"
,"L":"0"
,"M":"1103000"
,"N":"0"
,"O":"0"
,"P":"0"
,"Q":"1101000"
}
,{
"json_featuretype":"Financial Info - BL Budgets"
,"CITY OF SURREY":"General Operating"
,"B":"City Manager"
,"C":"City Mgr - By-law Services"
,"D":"0"
,"E":"-1495000"
,"F":"-7408000"
,"G":"-8903000"
,"H":"5237000"
,"I":"1549000"
,"J":"469000"
,"K":"-159000"
,"L":"0"
,"M":"7096000"
,"N":"0"
,"O":"0"
,"P":"0"
,"Q":"-1807000"
}
,{
"json_featuretype":"Financial Info - BL Budgets"
,"CITY OF SURREY":"General Operating"
,"B":"City Manager"
,"C":"City Mgr - Public Safety"
,"D":"0"
,"E":"0"
,"F":"0"
,"G":"0"
,"H":"941000"
,"I":"277000"
,"J":"0"
,"K":"0"
,"L":"0"
,"M":"1218000"
,"N":"0"
,"O":"0"
,"P":"0"
,"Q":"1218000"
}
,{
"json_featuretype":"Financial Info - BL Budgets"
,"CITY OF SURREY":"General Operating"
,"B":"City Manager"
,"C":"City Mgr - Legal Services"
,"D":"0"
,"E":"0"
,"F":"0"
,"G":"0"
,"H":"1997000"
,"I":"146000"
,"J":"0"
,"K":"-57000"
,"L":"0"
,"M":"2086000"
,"N":"0"
,"O":"0"
,"P":"0"
,"Q":"2086000"
}
,{
"json_featuretype":"Financial Info - BL Budgets"
,"CITY OF SURREY":"General Operating"
,"B":"City Manager"
,"C":"City Mgr - Legislative Services"
,"D":"0"
,"E":"-2000"
,"F":"0"
,"G":"-2000"
,"H":"2148000"
,"I":"1115000"
,"J":"8000"
,"K":"0"
,"L":"0"
,"M":"3271000"
,"N":"0"
,"O":"175000"
,"P":"175000"
,"Q":"3444000"
}
,{
"json_featuretype":"Financial Info - BL Budgets"
,"CITY OF SURREY":"General Operating"
,"B":"Human Resources"
,"C":"HR - Administration"
,"D":"0"
,"E":"0"
,"F":"0"
,"G":"0"
,"H":"1193000"
,"I":"493000"
,"J":"1000"
,"K":"-315000"
,"L":"0"
,"M":"1372000"
,"N":"0"
,"O":"0"
,"P":"0"
,"Q":"1372000"
}
,{
"json_featuretype":"Financial Info - BL Budgets"
,"CITY OF SURREY":"General Operating"
,"B":"Human Resources"
,"C":"HR - Employment"
,"D":"0"
,"E":"0"
,"F":"0"
,"G":"0"
,"H":"884000"
,"I":"145000"
,"J":"0"
,"K":"0"
,"L":"0"
,"M":"1029000"
,"N":"0"
,"O":"0"
,"P":"0"
,"Q":"1029000"
}
,{
"json_featuretype":"Financial Info - BL Budgets"
,"CITY OF SURREY":"General Operating"
,"B":"Human Resources"
,"C":"HR - Labour Relations/Compensation"
,"D":"0"
,"E":"0"
,"F":"0"
,"G":"0"
,"H":"825000"
,"I":"100000"
,"J":"0"
,"K":"0"
,"L":"0"
,"M":"925000"
,"N":"0"
,"O":"0"
,"P":"0"
,"Q":"925000"
}
,{
"json_featuretype":"Financial Info - BL Budgets"
,"CITY OF SURREY":"General Operating"
,"B":"Human Resources"
,"C":"HR - Occupational Safety"
,"D":"0"
,"E":"0"
,"F":"0"
,"G":"0"
,"H":"723000"
,"I":"97000"
,"J":"0"
,"K":"0"
,"L":"0"
,"M":"820000"
,"N":"0"
,"O":"0"
,"P":"0"
,"Q":"820000"
}
,{
"json_featuretype":"Financial Info - BL Budgets"
,"CITY OF SURREY":"General Operating"
,"B":"Human Resources"
,"C":"HR - Wellness & Diversity"
,"D":"0"
,"E":"0"
,"F":"0"
,"G":"0"
,"H":"0"
,"I":"30000"
,"J":"0"
,"K":"0"
,"L":"0"
,"M":"30000"
,"N":"0"
,"O":"0"
,"P":"0"
,"Q":"30000"
}
,{
"json_featuretype":"Financial Info - BL Budgets"
,"CITY OF SURREY":"General Operating"
,"B":"Finance and Technology"
,"C":"F&T - Audit Procurement"
,"D":"0"
,"E":"-15000"
,"F":"0"
,"G":"-15000"
,"H":"1729000"
,"I":"197000"
,"J":"0"
,"K":"0"
,"L":"0"
,"M":"1926000"
,"N":"0"
,"O":"0"
,"P":"0"
,"Q":"1911000"
}
,{
"json_featuretype":"Financial Info - BL Budgets"
,"CITY OF SURREY":"General Operating"
,"B":"Finance and Technology"
,"C":"F&T - Financial Services"
,"D":"0"
,"E":"-1151194"
,"F":"-95806"
,"G":"-1247000"
,"H":"3558000"
,"I":"126000"
,"J":"0"
,"K":"-276000"
,"L":"0"
,"M":"3408000"
,"N":"0"
,"O":"0"
,"P":"0"
,"Q":"2161000"
}
,{
"json_featuretype":"Financial Info - BL Budgets"
,"CITY OF SURREY":"General Operating"
,"B":"Finance and Technology"
,"C":"F&T - Financial Reporting"
,"D":"0"
,"E":"-79000"
,"F":"0"
,"G":"-79000"
,"H":"1706000"
,"I":"347000"
,"J":"7000"
,"K":"-242000"
,"L":"-28000"
,"M":"1790000"
,"N":"-250000"
,"O":"0"
,"P":"-250000"
,"Q":"1461000"
}
,{
"json_featuretype":"Financial Info - BL Budgets"
,"CITY OF SURREY":"General Operating"
,"B":"Finance and Technology"
,"C":"F&T - Information Technology"
,"D":"0"
,"E":"0"
,"F":"0"
,"G":"0"
,"H":"11065000"
,"I":"6797000"
,"J":"15000"
,"K":"-1975000"
,"L":"0"
,"M":"15902000"
,"N":"0"
,"O":"5742000"
,"P":"5742000"
,"Q":"21644000"
}
,{
"json_featuretype":"Financial Info - BL Budgets"
,"CITY OF SURREY":"General Operating"
,"B":"Finance and Technology"
,"C":"F&T - Leadership"
,"D":"0"
,"E":"0"
,"F":"0"
,"G":"0"
,"H":"1629000"
,"I":"435000"
,"J":"14000"
,"K":"0"
,"L":"0"
,"M":"2078000"
,"N":"0"
,"O":"0"
,"P":"0"
,"Q":"2078000"
}
,{
"json_featuretype":"Financial Info - BL Budgets"
,"CITY OF SURREY":"General Operating"
,"B":"Finance and Technology"
,"C":"F&T - Risk Management"
,"D":"0"
,"E":"0"
,"F":"0"
,"G":"0"
,"H":"423000"
,"I":"4225000"
,"J":"125000"
,"K":"-988000"
,"L":"-215000"
,"M":"3570000"
,"N":"-1892000"
,"O":"0"
,"P":"-1892000"
,"Q":"1678000"
}
,{
"json_featuretype":"Financial Info - BL Budgets"
,"CITY OF SURREY":"General Operating"
,"B":"Investment and Intergovernmental Relations"
,"C":"IIR - Administration"
,"D":"0"
,"E":"0"
,"F":"0"
,"G":"0"
,"H":"246000"
,"I":"200000"
,"J":"0"
,"K":"0"
,"L":"0"
,"M":"446000"
,"N":"0"
,"O":"0"
,"P":"0"
,"Q":"446000"
}
,{
"json_featuretype":"Financial Info - BL Budgets"
,"CITY OF SURREY":"General Operating"
,"B":"Investment and Intergovernmental Relations"
,"C":"IIR - Economic Development"
,"D":"0"
,"E":"0"
,"F":"0"
,"G":"0"
,"H":"711000"
,"I":"327000"
,"J":"0"
,"K":"0"
,"L":"0"
,"M":"1038000"
,"N":"0"
,"O":"0"
,"P":"0"
,"Q":"1038000"
}
,{
"json_featuretype":"Financial Info - BL Budgets"
,"CITY OF SURREY":"General Operating"
,"B":"Planning and Development"
,"C":"P&D - Administration"
,"D":"0"
,"E":"-34000"
,"F":"0"
,"G":"-34000"
,"H":"3344000"
,"I":"384000"
,"J":"14000"
,"K":"0"
,"L":"0"
,"M":"3742000"
,"N":"0"
,"O":"0"
,"P":"0"
,"Q":"3708000"
}
,{
"json_featuretype":"Financial Info - BL Budgets"
,"CITY OF SURREY":"General Operating"
,"B":"Planning and Development"
,"C":"P&D - Area Planning & Development"
,"D":"0"
,"E":"-2045000"
,"F":"-150000"
,"G":"-2195000"
,"H":"4170000"
,"I":"66000"
,"J":"139000"
,"K":"0"
,"L":"0"
,"M":"4375000"
,"N":"0"
,"O":"0"
,"P":"0"
,"Q":"2180000"
}
,{
"json_featuretype":"Financial Info - BL Budgets"
,"CITY OF SURREY":"General Operating"
,"B":"Planning and Development"
,"C":"P&D - Building"
,"D":"0"
,"E":"-315000"
,"F":"-18310000"
,"G":"-18625000"
,"H":"8887000"
,"I":"314000"
,"J":"0"
,"K":"0"
,"L":"0"
,"M":"9201000"
,"N":"0"
,"O":"630000"
,"P":"630000"
,"Q":"-8794000"
}
,{
"json_featuretype":"Financial Info - BL Budgets"
,"CITY OF SURREY":"General Operating"
,"B":"Planning and Development"
,"C":"P&D - Community Planning"
,"D":"0"
,"E":"0"
,"F":"0"
,"G":"0"
,"H":"2053000"
,"I":"22000"
,"J":"0"
,"K":"0"
,"L":"0"
,"M":"2075000"
,"N":"0"
,"O":"0"
,"P":"0"
,"Q":"2075000"
}
,{
"json_featuretype":"Financial Info - BL Budgets"
,"CITY OF SURREY":"General Operating"
,"B":"Planning and Development"
,"C":"P&D - Facilities"
,"D":"0"
,"E":"0"
,"F":"0"
,"G":"0"
,"H":"4467000"
,"I":"6464000"
,"J":"2577000"
,"K":"-2457000"
,"L":"-8000"
,"M":"11043000"
,"N":"0"
,"O":"0"
,"P":"0"
,"Q":"11043000"
}
,{
"json_featuretype":"Financial Info - BL Budgets"
,"CITY OF SURREY":"General Operating"
,"B":"Planning and Development"
,"C":"P&D - Heritage Advisory Committee"
,"D":"0"
,"E":"0"
,"F":"0"
,"G":"0"
,"H":"0"
,"I":"23000"
,"J":"0"
,"K":"0"
,"L":"0"
,"M":"23000"
,"N":"0"
,"O":"0"
,"P":"0"
,"Q":"23000"
}
,{
"json_featuretype":"Financial Info - BL Budgets"
,"CITY OF SURREY":"General Operating"
,"B":"Planning and Development"
,"C":"P&D - Sustainability"
,"D":"0"
,"E":"0"
,"F":"0"
,"G":"0"
,"H":"227000"
,"I":"260000"
,"J":"0"
,"K":"0"
,"L":"0"
,"M":"487000"
,"N":"-237000"
,"O":"0"
,"P":"-237000"
,"Q":"250000"
}
,{
"json_featuretype":"Financial Info - BL Budgets"
,"CITY OF SURREY":"General Operating"
,"B":"Fire"
,"C":"Fire - Administration"
,"D":"0"
,"E":"-5000"
,"F":"0"
,"G":"-5000"
,"H":"2633000"
,"I":"136000"
,"J":"3000"
,"K":"0"
,"L":"0"
,"M":"2772000"
,"N":"0"
,"O":"0"
,"P":"0"
,"Q":"2767000"
}
,{
"json_featuretype":"Financial Info - BL Budgets"
,"CITY OF SURREY":"General Operating"
,"B":"Fire"
,"C":"Fire - Emergency Planning"
,"D":"0"
,"E":"0"
,"F":"0"
,"G":"0"
,"H":"5000"
,"I":"52000"
,"J":"0"
,"K":"-6000"
,"L":"-2000"
,"M":"49000"
,"N":"0"
,"O":"0"
,"P":"0"
,"Q":"49000"
}
,{
"json_featuretype":"Financial Info - BL Budgets"
,"CITY OF SURREY":"General Operating"
,"B":"Fire"
,"C":"Fire - Operations"
,"D":"0"
,"E":"0"
,"F":"0"
,"G":"0"
,"H":"48369000"
,"I":"1997000"
,"J":"131000"
,"K":"0"
,"L":"-70000"
,"M":"50427000"
,"N":"0"
,"O":"1297000"
,"P":"1297000"
,"Q":"51724000"
}
,{
"json_featuretype":"Financial Info - BL Budgets"
,"CITY OF SURREY":"General Operating"
,"B":"Fire"
,"C":"Fire - Mechanics"
,"D":"0"
,"E":"0"
,"F":"0"
,"G":"0"
,"H":"545000"
,"I":"413000"
,"J":"1000"
,"K":"0"
,"L":"0"
,"M":"959000"
,"N":"0"
,"O":"0"
,"P":"0"
,"Q":"959000"
}
,{
"json_featuretype":"Financial Info - BL Budgets"
,"CITY OF SURREY":"General Operating"
,"B":"Fire"
,"C":"Fire - Prevention"
,"D":"0"
,"E":"-193000"
,"F":"-8000"
,"G":"-201000"
,"H":"1262000"
,"I":"84000"
,"J":"9000"
,"K":"0"
,"L":"-20000"
,"M":"1335000"
,"N":"0"
,"O":"0"
,"P":"0"
,"Q":"1134000"
}
,{
"json_featuretype":"Financial Info - BL Budgets"
,"CITY OF SURREY":"General Operating"
,"B":"Fire"
,"C":"Fire - Radio & Communications"
,"D":"0"
,"E":"-1488000"
,"F":"0"
,"G":"-1488000"
,"H":"2735000"
,"I":"1368000"
,"J":"2000"
,"K":"0"
,"L":"-12000"
,"M":"4093000"
,"N":"0"
,"O":"0"
,"P":"0"
,"Q":"2605000"
}
,{
"json_featuretype":"Financial Info - BL Budgets"
,"CITY OF SURREY":"General Operating"
,"B":"Fire"
,"C":"Fire - Training"
,"D":"0"
,"E":"-12000"
,"F":"0"
,"G":"-12000"
,"H":"794000"
,"I":"106000"
,"J":"1000"
,"K":"0"
,"L":"-12000"
,"M":"889000"
,"N":"0"
,"O":"0"
,"P":"0"
,"Q":"877000"
}
,{
"json_featuretype":"Financial Info - BL Budgets"
,"CITY OF SURREY":"General Operating"
,"B":"RCMP"
,"C":"RCMP - Corporate Services"
,"D":"0"
,"E":"-72000"
,"F":"-6636000"
,"G":"-6708000"
,"H":"4173000"
,"I":"1878000"
,"J":"768000"
,"K":"0"
,"L":"-941000"
,"M":"5878000"
,"N":"0"
,"O":"0"
,"P":"0"
,"Q":"-830000"
}
,{
"json_featuretype":"Financial Info - BL Budgets"
,"CITY OF SURREY":"General Operating"
,"B":"RCMP"
,"C":"RCMP - Information Services &Technology"
,"D":"0"
,"E":"-258000"
,"F":"0"
,"G":"-258000"
,"H":"9179000"
,"I":"25000"
,"J":"0"
,"K":"0"
,"L":"-54000"
,"M":"9150000"
,"N":"0"
,"O":"0"
,"P":"0"
,"Q":"8892000"
}
,{
"json_featuretype":"Financial Info - BL Budgets"
,"CITY OF SURREY":"General Operating"
,"B":"RCMP"
,"C":"RCMP - Management & RCMP Finance"
,"D":"0"
,"E":"0"
,"F":"0"
,"G":"0"
,"H":"1561000"
,"I":"100000"
,"J":"0"
,"K":"0"
,"L":"0"
,"M":"1661000"
,"N":"0"
,"O":"0"
,"P":"0"
,"Q":"1661000"
}
,{
"json_featuretype":"Financial Info - BL Budgets"
,"CITY OF SURREY":"General Operating"
,"B":"RCMP"
,"C":"RCMP - Operations"
,"D":"0"
,"E":"-804000"
,"F":"-351000"
,"G":"-1155000"
,"H":"10376000"
,"I":"1577000"
,"J":"110000"
,"K":"0"
,"L":"0"
,"M":"12063000"
,"N":"0"
,"O":"0"
,"P":"0"
,"Q":"10908000"
}
,{
"json_featuretype":"Financial Info - BL Budgets"
,"CITY OF SURREY":"General Operating"
,"B":"RCMP"
,"C":"RCMP - Contract"
,"D":"0"
,"E":"0"
,"F":"0"
,"G":"0"
,"H":"0"
,"I":"129587000"
,"J":"0"
,"K":"0"
,"L":"0"
,"M":"129587000"
,"N":"0"
,"O":"0"
,"P":"0"
,"Q":"129587000"
}
,{
"json_featuretype":"Financial Info - BL Budgets"
,"CITY OF SURREY":"General Operating"
,"B":"Parks, Recreation and Culture"
,"C":"PRC - Administration"
,"D":"0"
,"E":"-7000"
,"F":"0"
,"G":"-7000"
,"H":"2972000"
,"I":"1649000"
,"J":"65000"
,"K":"-32000"
,"L":"0"
,"M":"4654000"
,"N":"-60000"
,"O":"354000"
,"P":"294000"
,"Q":"4941000"
}
,{
"json_featuretype":"Financial Info - BL Budgets"
,"CITY OF SURREY":"General Operating"
,"B":"Parks, Recreation and Culture"
,"C":"PRC - Arenas"
,"D":"0"
,"E":"-4421000"
,"F":"0"
,"G":"-4421000"
,"H":"3449000"
,"I":"1805000"
,"J":"62000"
,"K":"-29000"
,"L":"-15000"
,"M":"5272000"
,"N":"0"
,"O":"80000"
,"P":"80000"
,"Q":"931000"
}
,{
"json_featuretype":"Financial Info - BL Budgets"
,"CITY OF SURREY":"General Operating"
,"B":"Parks, Recreation and Culture"
,"C":"PRC - Art Centre"
,"D":"0"
,"E":"-1065000"
,"F":"-182000"
,"G":"-1247000"
,"H":"2999000"
,"I":"2063000"
,"J":"17000"
,"K":"-15000"
,"L":"0"
,"M":"5064000"
,"N":"-450000"
,"O":"1000"
,"P":"-449000"
,"Q":"3368000"
}
,{
"json_featuretype":"Financial Info - BL Budgets"
,"CITY OF SURREY":"General Operating"
,"B":"Parks, Recreation and Culture"
,"C":"PRC - Community Recreation Services"
,"D":"0"
,"E":"-9382000"
,"F":"-132000"
,"G":"-9514000"
,"H":"14490000"
,"I":"3488000"
,"J":"320000"
,"K":"0"
,"L":"-31000"
,"M":"18267000"
,"N":"0"
,"O":"0"
,"P":"0"
,"Q":"8753000"
}
,{
"json_featuretype":"Financial Info - BL Budgets"
,"CITY OF SURREY":"General Operating"
,"B":"Parks, Recreation and Culture"
,"C":"PRC - Healthy Communities"
,"D":"0"
,"E":"-52000"
,"F":"0"
,"G":"-52000"
,"H":"1905000"
,"I":"187000"
,"J":"22000"
,"K":"0"
,"L":"0"
,"M":"2114000"
,"N":"0"
,"O":"0"
,"P":"0"
,"Q":"2062000"
}
,{
"json_featuretype":"Financial Info - BL Budgets"
,"CITY OF SURREY":"General Operating"
,"B":"Parks, Recreation and Culture"
,"C":"PRC - Heritage Services"
,"D":"0"
,"E":"-51000"
,"F":"-76000"
,"G":"-127000"
,"H":"1737000"
,"I":"438000"
,"J":"29000"
,"K":"0"
,"L":"-3000"
,"M":"2201000"
,"N":"0"
,"O":"0"
,"P":"0"
,"Q":"2074000"
}
,{
"json_featuretype":"Financial Info - BL Budgets"
,"CITY OF SURREY":"General Operating"
,"B":"Parks, Recreation and Culture"
,"C":"PRC - Indoor Pools"
,"D":"0"
,"E":"-13708000"
,"F":"-43000"
,"G":"-13751000"
,"H":"16869000"
,"I":"4612000"
,"J":"452000"
,"K":"0"
,"L":"-90000"
,"M":"21843000"
,"N":"0"
,"O":"0"
,"P":"0"
,"Q":"8092000"
}
,{
"json_featuretype":"Financial Info - BL Budgets"
,"CITY OF SURREY":"General Operating"
,"B":"Parks, Recreation and Culture"
,"C":"PRC - Marketing"
,"D":"0"
,"E":"-72000"
,"F":"0"
,"G":"-72000"
,"H":"1468000"
,"I":"776000"
,"J":"2000"
,"K":"-155000"
,"L":"-11000"
,"M":"2080000"
,"N":"0"
,"O":"25000"
,"P":"25000"
,"Q":"2033000"
}
,{
"json_featuretype":"Financial Info - BL Budgets"
,"CITY OF SURREY":"General Operating"
,"B":"Parks, Recreation and Culture"
,"C":"PRC - Outdoor Pools"
,"D":"0"
,"E":"0"
,"F":"0"
,"G":"0"
,"H":"46000"
,"I":"977000"
,"J":"0"
,"K":"0"
,"L":"-13000"
,"M":"1010000"
,"N":"0"
,"O":"0"
,"P":"0"
,"Q":"1010000"
}
,{
"json_featuretype":"Financial Info - BL Budgets"
,"CITY OF SURREY":"General Operating"
,"B":"Parks, Recreation and Culture"
,"C":"PRC - Parks Division"
,"D":"0"
,"E":"-2631000"
,"F":"-1720000"
,"G":"-4351000"
,"H":"13873000"
,"I":"18288000"
,"J":"14451000"
,"K":"-13371000"
,"L":"-371000"
,"M":"32870000"
,"N":"-4711000"
,"O":"1669000"
,"P":"-3042000"
,"Q":"25477000"
}
,{
"json_featuretype":"Financial Info - BL Budgets"
,"CITY OF SURREY":"General Operating"
,"B":"Engineering"
,"C":"Eng - Operations"
,"D":"0"
,"E":"0"
,"F":"0"
,"G":"0"
,"H":"25243000"
,"I":"5962000"
,"J":"3659000"
,"K":"-37391000"
,"L":"-153000"
,"M":"-2680000"
,"N":"0"
,"O":"2314000"
,"P":"2314000"
,"Q":"-366000"
}
,{
"json_featuretype":"Financial Info - BL Budgets"
,"CITY OF SURREY":"General Operating"
,"B":"Engineering"
,"C":"Eng - Professional Services"
,"D":"0"
,"E":"-6000"
,"F":"0"
,"G":"-6000"
,"H":"8139000"
,"I":"389000"
,"J":"1536000"
,"K":"-8575000"
,"L":"0"
,"M":"1489000"
,"N":"0"
,"O":"15000"
,"P":"15000"
,"Q":"1498000"
}
,{
"json_featuretype":"Financial Info - BL Budgets"
,"CITY OF SURREY":"General Operating"
,"B":"Engineering"
,"C":"Eng - Land Development"
,"D":"0"
,"E":"-4940000"
,"F":"-196000"
,"G":"-5136000"
,"H":"3618000"
,"I":"742000"
,"J":"2618000"
,"K":"-232000"
,"L":"-1735000"
,"M":"5011000"
,"N":"0"
,"O":"0"
,"P":"0"
,"Q":"-125000"
}
,{
"json_featuretype":"Financial Info - BL Budgets"
,"CITY OF SURREY":"General Operating"
,"B":"Engineering"
,"C":"Eng - Realty Services"
,"D":"0"
,"E":"-50000"
,"F":"-1459000"
,"G":"-1509000"
,"H":"2627000"
,"I":"1777000"
,"J":"840000"
,"K":"-2803000"
,"L":"0"
,"M":"2441000"
,"N":"0"
,"O":"0"
,"P":"0"
,"Q":"932000"
}
,{
"json_featuretype":"Financial Info - BL Budgets"
,"CITY OF SURREY":"Solid Waste Operating"
,"B":"Engineering"
,"C":"N/A"
,"D":"0"
,"E":"-41949000"
,"F":"-130000"
,"G":"-42079000"
,"H":"0"
,"I":"28984000"
,"J":"4636000"
,"K":"0"
,"L":"0"
,"M":"33620000"
,"N":"0"
,"O":"8459000"
,"P":"8459000"
,"Q":"0"
}
,{
"json_featuretype":"Financial Info - BL Budgets"
,"CITY OF SURREY":"Transportation Operating"
,"B":"Engineering"
,"C":"N/A"
,"D":"-26601000"
,"E":"-70000"
,"F":"-314000"
,"G":"-26985000"
,"H":"5800000"
,"I":"21883000"
,"J":"13510000"
,"K":"-4998000"
,"L":"-3329000"
,"M":"32866000"
,"N":"-51980000"
,"O":"46099000"
,"P":"-5881000"
,"Q":"0"
}
,{
"json_featuretype":"Financial Info - BL Budgets"
,"CITY OF SURREY":"Parking Operating"
,"B":"Engineering"
,"C":"N/A"
,"D":"0"
,"E":"-4713000"
,"F":"-456000"
,"G":"-5169000"
,"H":"614000"
,"I":"537000"
,"J":"7000"
,"K":"-71000"
,"L":"0"
,"M":"1087000"
,"N":"-774000"
,"O":"4856000"
,"P":"4082000"
,"Q":"0"
}
,{
"json_featuretype":"Financial Info - BL Budgets"
,"CITY OF SURREY":"Energy Operating"
,"B":"Engineering"
,"C":"N/A"
,"D":"0"
,"E":"-1276000"
,"F":"0"
,"G":"-1276000"
,"H":"463000"
,"I":"806000"
,"J":"478000"
,"K":"-463000"
,"L":"0"
,"M":"1284000"
,"N":"-13128000"
,"O":"13120000"
,"P":"-8000"
,"Q":"0"
}
,{
"json_featuretype":"Financial Info - BL Budgets"
,"CITY OF SURREY":"Water Operating"
,"B":"Engineering"
,"C":"N/A"
,"D":"-83000"
,"E":"-71029000"
,"F":"-1532000"
,"G":"-72644000"
,"H":"0"
,"I":"52264000"
,"J":"9595000"
,"K":"-555000"
,"L":"0"
,"M":"61304000"
,"N":"-16421000"
,"O":"27761000"
,"P":"11340000"
,"Q":"0"
}
,{
"json_featuretype":"Financial Info - BL Budgets"
,"CITY OF SURREY":"Sewer Operating"
,"B":"Engineering"
,"C":"N/A"
,"D":"-1438000"
,"E":"-47871000"
,"F":"-671000"
,"G":"-49980000"
,"H":"0"
,"I":"44970000"
,"J":"10921000"
,"K":"-7400000"
,"L":"0"
,"M":"48491000"
,"N":"-16017000"
,"O":"17506000"
,"P":"1489000"
,"Q":"0"
}
,{
"json_featuretype":"Financial Info - BL Budgets"
,"CITY OF SURREY":"Drainage Operating"
,"B":"Engineering"
,"C":"N/A"
,"D":"-35944000"
,"E":"0"
,"F":"-442000"
,"G":"-36386000"
,"H":"0"
,"I":"5947000"
,"J":"7476000"
,"K":"0"
,"L":"0"
,"M":"13423000"
,"N":"-13880000"
,"O":"36843000"
,"P":"22963000"
,"Q":"0"
}
,{
"json_featuretype":"Financial Info - BL Budgets"
,"CITY OF SURREY":"Surrey Public Library Operating"
,"B":"Library"
,"C":"Lib - Administration"
,"D":"0"
,"E":"-11000"
,"F":"-973000"
,"G":"-984000"
,"H":"1146000"
,"I":"213000"
,"J":"23000"
,"K":"0"
,"L":"0"
,"M":"1382000"
,"N":"-15758000"
,"O":"0"
,"P":"-15758000"
,"Q":"-15360000"
}
,{
"json_featuretype":"Financial Info - BL Budgets"
,"CITY OF SURREY":"Surrey Public Library Operating"
,"B":"Library"
,"C":"Lib - Public Services"
,"D":"0"
,"E":"-121000"
,"F":"-415000"
,"G":"-536000"
,"H":"12805000"
,"I":"2752000"
,"J":"339000"
,"K":"0"
,"L":"0"
,"M":"15896000"
,"N":"0"
,"O":"0"
,"P":"0"
,"Q":"15360000"
}
,{
"json_featuretype":"Financial Info - BL Budgets"
}
,{
"json_featuretype":"Financial Info - BL Budgets"
,"CITY OF SURREY":"TOTAL"
,"B":"TOTAL"
,"C":"TOTAL"
,"D":"-392868000"
,"E":"-232204194"
,"F":"-78027806"
,"G":"-703100000"
,"H":"262007000"
,"I":"378644000"
,"J":"77213000"
,"K":"-82565000"
,"L":"-7113000"
,"M":"628186000"
,"N":"-152687000"
,"O":"227601000"
,"P":"74914000"
,"Q":"0"
}
,{
"json_featuretype":"Financial Info - BL Budgets"
}
,{
"json_featuretype":"Financial Info - BL Budgets"
}
]