{
	"name" : "water_sampling_stations",
	"type" : "FeatureCollection",
	"crs" : {
		"type" : "name",
		"properties" : {
			"name" : "EPSG:26910"
		}
	},
	"features" : [
		{
			"type" : "Feature",
			"geometry" : {
				"type" : "Point",
				"coordinates" : [ 521923.09338378906, 5439884.53503418 ]
			},
			"properties" : {
				"STATIONID" : "944",
				"ADDRESS" : null,
				"FACILITYID" : "1001127564",
				"LEGACYID" : null,
				"NODE_NO" : "1888006006",
				"STATUS" : "In Service",
				"OWNER" : "Surrey",
				"LOCATION" : "6008 189 ST",
				"COMMENTS" : "At SW corner of property, 1 m N of gate valve",
				"GIS_ENTRY_STAGE" : "Initial AB",
				"WARRANTYDATE" : null,
				"CONDITION" : null,
				"CONDITIONDATE" : null,
				"YTD_COST" : null,
				"LIFECYCLE_COST" : null,
				"CRE_DATE" : "20090708",
				"MOD_DATE" : "20130603",
				"YR" : null,
				"PROJECT_NO" : null
			}
		},
		{
			"type" : "Feature",
			"geometry" : {
				"type" : "Point",
				"coordinates" : [ 513693.32342529297, 5441146.6502075195 ]
			},
			"properties" : {
				"STATIONID" : "927",
				"ADDRESS" : null,
				"FACILITYID" : "1001127563",
				"LEGACYID" : null,
				"NODE_NO" : "1478906634",
				"STATUS" : "In Service",
				"OWNER" : "Surrey",
				"LOCATION" : "6645 148 ST",
				"COMMENTS" : "10.8 m N of S P/L on 148 St.",
				"GIS_ENTRY_STAGE" : "Initial AB",
				"WARRANTYDATE" : null,
				"CONDITION" : null,
				"CONDITIONDATE" : null,
				"YTD_COST" : null,
				"LIFECYCLE_COST" : null,
				"CRE_DATE" : "20090708",
				"MOD_DATE" : "20120503",
				"YR" : null,
				"PROJECT_NO" : null
			}
		},
		{
			"type" : "Feature",
			"geometry" : {
				"type" : "Point",
				"coordinates" : [ 513057.7258300781, 5438773.532592773 ]
			},
			"properties" : {
				"STATIONID" : "929",
				"ADDRESS" : null,
				"FACILITYID" : "1001127553",
				"LEGACYID" : null,
				"NODE_NO" : "1447305454",
				"STATUS" : "In Service",
				"OWNER" : "Surrey",
				"LOCATION" : "14488 LOMBARD PL",
				"COMMENTS" : "On P/L @ NW Corner",
				"GIS_ENTRY_STAGE" : "Initial AB",
				"WARRANTYDATE" : null,
				"CONDITION" : null,
				"CONDITIONDATE" : null,
				"YTD_COST" : null,
				"LIFECYCLE_COST" : null,
				"CRE_DATE" : "20090708",
				"MOD_DATE" : "20120503",
				"YR" : null,
				"PROJECT_NO" : null
			}
		},
		{
			"type" : "Feature",
			"geometry" : {
				"type" : "Point",
				"coordinates" : [ 509347.96478271484, 5430701.900817871 ]
			},
			"properties" : {
				"STATIONID" : "932",
				"ADDRESS" : null,
				"FACILITYID" : "1001127562",
				"LEGACYID" : null,
				"NODE_NO" : "1262901442",
				"STATUS" : "In Service",
				"OWNER" : "Surrey",
				"LOCATION" : "1473 126A ST",
				"COMMENTS" : "7.5m N of S P/L",
				"GIS_ENTRY_STAGE" : "Initial AB",
				"WARRANTYDATE" : null,
				"CONDITION" : null,
				"CONDITIONDATE" : null,
				"YTD_COST" : null,
				"LIFECYCLE_COST" : null,
				"CRE_DATE" : "20090708",
				"MOD_DATE" : "20120503",
				"YR" : null,
				"PROJECT_NO" : null
			}
		},
		{
			"type" : "Feature",
			"geometry" : {
				"type" : "Point",
				"coordinates" : [ 520980.75579833984, 5438591.285827637 ]
			},
			"properties" : {
				"STATIONID" : "943",
				"ADDRESS" : null,
				"FACILITYID" : "1001127547",
				"LEGACYID" : null,
				"NODE_NO" : "1841205363",
				"STATUS" : "In Service",
				"OWNER" : "Surrey",
				"LOCATION" : "18425 53 AVE",
				"COMMENTS" : "Located 2.4m N of hyd 2043, on 184 St.",
				"GIS_ENTRY_STAGE" : "Initial AB",
				"WARRANTYDATE" : null,
				"CONDITION" : null,
				"CONDITIONDATE" : null,
				"YTD_COST" : null,
				"LIFECYCLE_COST" : null,
				"CRE_DATE" : "20090708",
				"MOD_DATE" : "20120503",
				"YR" : null,
				"PROJECT_NO" : null
			}
		},
		{
			"type" : "Feature",
			"geometry" : {
				"type" : "Point",
				"coordinates" : [ 509658.1691894531, 5440309.374389648 ]
			},
			"properties" : {
				"STATIONID" : "925",
				"ADDRESS" : null,
				"FACILITYID" : "1001127556",
				"LEGACYID" : null,
				"NODE_NO" : "1278306217",
				"STATUS" : "In Service",
				"OWNER" : "Surrey",
				"LOCATION" : "6234 128 ST",
				"COMMENTS" : "4.2m E of Gate Valve on 62 Ave",
				"GIS_ENTRY_STAGE" : "Initial AB",
				"WARRANTYDATE" : null,
				"CONDITION" : null,
				"CONDITIONDATE" : null,
				"YTD_COST" : null,
				"LIFECYCLE_COST" : null,
				"CRE_DATE" : "20090708",
				"MOD_DATE" : "20120503",
				"YR" : null,
				"PROJECT_NO" : null
			}
		},
		{
			"type" : "Feature",
			"geometry" : {
				"type" : "Point",
				"coordinates" : [ 513133.6586303711, 5432081.450012207 ]
			},
			"properties" : {
				"STATIONID" : "950",
				"ADDRESS" : null,
				"FACILITYID" : "1001127569",
				"LEGACYID" : null,
				"NODE_NO" : "1451102127",
				"STATUS" : "Abandoned",
				"OWNER" : "Surrey",
				"LOCATION" : "Sunnyside Well",
				"COMMENTS" : "This station is not regularly used - it samples well water.",
				"GIS_ENTRY_STAGE" : "Initial AB",
				"WARRANTYDATE" : null,
				"CONDITION" : null,
				"CONDITIONDATE" : null,
				"YTD_COST" : null,
				"LIFECYCLE_COST" : null,
				"CRE_DATE" : "20090708",
				"MOD_DATE" : "20140416",
				"YR" : null,
				"PROJECT_NO" : null
			}
		},
		{
			"type" : "Feature",
			"geometry" : {
				"type" : "Point",
				"coordinates" : [ 508874.59979248047, 5432545.425842285 ]
			},
			"properties" : {
				"STATIONID" : "931",
				"ADDRESS" : null,
				"FACILITYID" : "1001127558",
				"LEGACYID" : null,
				"NODE_NO" : "1239402358",
				"STATUS" : "In Service",
				"OWNER" : "Surrey",
				"LOCATION" : "2389 124 ST",
				"COMMENTS" : "NE corner of property.",
				"GIS_ENTRY_STAGE" : "Initial AB",
				"WARRANTYDATE" : null,
				"CONDITION" : null,
				"CONDITIONDATE" : null,
				"YTD_COST" : null,
				"LIFECYCLE_COST" : null,
				"CRE_DATE" : "20090708",
				"MOD_DATE" : "20120417",
				"YR" : null,
				"PROJECT_NO" : null
			}
		},
		{
			"type" : "Feature",
			"geometry" : {
				"type" : "Point",
				"coordinates" : [ 518540.6105957031, 5427729.389587402 ]
			},
			"properties" : {
				"STATIONID" : "936",
				"ADDRESS" : null,
				"FACILITYID" : "1001127572",
				"LEGACYID" : null,
				"NODE_NO" : "1719900035",
				"STATUS" : "In Service",
				"OWNER" : "Surrey",
				"LOCATION" : "17195 0 AVE",
				"COMMENTS" : "1.8m W of E P/L",
				"GIS_ENTRY_STAGE" : "EC",
				"WARRANTYDATE" : "19000101",
				"CONDITION" : null,
				"CONDITIONDATE" : "19000101",
				"YTD_COST" : null,
				"LIFECYCLE_COST" : null,
				"CRE_DATE" : "20090708",
				"MOD_DATE" : "20120417",
				"YR" : 0,
				"PROJECT_NO" : null
			}
		},
		{
			"type" : "Feature",
			"geometry" : {
				"type" : "Point",
				"coordinates" : [ 508107.1553955078, 5439102.887390137 ]
			},
			"properties" : {
				"STATIONID" : "926",
				"ADDRESS" : null,
				"FACILITYID" : "1001127565",
				"LEGACYID" : null,
				"NODE_NO" : "1201205618",
				"STATUS" : "In Service",
				"OWNER" : "Surrey",
				"LOCATION" : "12049 56 AVE",
				"COMMENTS" : "1.0m W of E P/L",
				"GIS_ENTRY_STAGE" : "Initial AB",
				"WARRANTYDATE" : null,
				"CONDITION" : null,
				"CONDITIONDATE" : null,
				"YTD_COST" : null,
				"LIFECYCLE_COST" : null,
				"CRE_DATE" : "20090708",
				"MOD_DATE" : "20120417",
				"YR" : null,
				"PROJECT_NO" : null
			}
		},
		{
			"type" : "Feature",
			"geometry" : {
				"type" : "Point",
				"coordinates" : [ 515255.00842285156, 5449572.017211914 ]
			},
			"properties" : {
				"STATIONID" : "907",
				"ADDRESS" : null,
				"FACILITYID" : "1001127533",
				"LEGACYID" : null,
				"NODE_NO" : "1556510822",
				"STATUS" : "In Service",
				"OWNER" : "Metro Vancouver",
				"LOCATION" : "10796 155A ST",
				"COMMENTS" : "7m W of E P/L, on 108 Ave.",
				"GIS_ENTRY_STAGE" : "Initial AB",
				"WARRANTYDATE" : null,
				"CONDITION" : null,
				"CONDITIONDATE" : null,
				"YTD_COST" : null,
				"LIFECYCLE_COST" : null,
				"CRE_DATE" : "20090708",
				"MOD_DATE" : "20140509",
				"YR" : null,
				"PROJECT_NO" : null
			}
		},
		{
			"type" : "Feature",
			"geometry" : {
				"type" : "Point",
				"coordinates" : [ 522741.35943603516, 5447708.858215332 ]
			},
			"properties" : {
				"STATIONID" : "903",
				"ADDRESS" : null,
				"FACILITYID" : "1001127541",
				"LEGACYID" : null,
				"NODE_NO" : "1928709896",
				"STATUS" : "In Service",
				"OWNER" : "Metro Vancouver",
				"LOCATION" : "19287 98A AVE",
				"COMMENTS" : "2.1m W of hyd #4085",
				"GIS_ENTRY_STAGE" : "Initial AB",
				"WARRANTYDATE" : null,
				"CONDITION" : null,
				"CONDITIONDATE" : null,
				"YTD_COST" : null,
				"LIFECYCLE_COST" : null,
				"CRE_DATE" : "20090708",
				"MOD_DATE" : "20140509",
				"YR" : null,
				"PROJECT_NO" : null
			}
		},
		{
			"type" : "Feature",
			"geometry" : {
				"type" : "Point",
				"coordinates" : [ 518224.1300048828, 5448366.834228516 ]
			},
			"properties" : {
				"STATIONID" : "905",
				"ADDRESS" : null,
				"FACILITYID" : "1001127525",
				"LEGACYID" : null,
				"NODE_NO" : "1704110223",
				"STATUS" : "In Service",
				"OWNER" : "Metro Vancouver",
				"LOCATION" : "17052 102 AVE",
				"COMMENTS" : "0.6 m S of N P/L",
				"GIS_ENTRY_STAGE" : "Initial AB",
				"WARRANTYDATE" : null,
				"CONDITION" : null,
				"CONDITIONDATE" : null,
				"YTD_COST" : null,
				"LIFECYCLE_COST" : null,
				"CRE_DATE" : "20090708",
				"MOD_DATE" : "20140509",
				"YR" : null,
				"PROJECT_NO" : null
			}
		},
		{
			"type" : "Feature",
			"geometry" : {
				"type" : "Point",
				"coordinates" : [ 516388.5709838867, 5448339.273986816 ]
			},
			"properties" : {
				"STATIONID" : "906",
				"ADDRESS" : null,
				"FACILITYID" : "1001127545",
				"LEGACYID" : null,
				"NODE_NO" : "1612910209",
				"STATUS" : "In Service",
				"OWNER" : "Metro Vancouver",
				"LOCATION" : "10184 161 ST",
				"COMMENTS" : "3.1m S of N P/L",
				"GIS_ENTRY_STAGE" : "Initial AB",
				"WARRANTYDATE" : null,
				"CONDITION" : null,
				"CONDITIONDATE" : null,
				"YTD_COST" : null,
				"LIFECYCLE_COST" : null,
				"CRE_DATE" : "20090708",
				"MOD_DATE" : "20140509",
				"YR" : null,
				"PROJECT_NO" : null
			}
		},
		{
			"type" : "Feature",
			"geometry" : {
				"type" : "Point",
				"coordinates" : [ 515118.0936279297, 5443487.736816406 ]
			},
			"properties" : {
				"STATIONID" : "922",
				"ADDRESS" : null,
				"FACILITYID" : "1001127523",
				"LEGACYID" : null,
				"NODE_NO" : "1549707797",
				"STATUS" : "In Service",
				"OWNER" : "Metro Vancouver",
				"LOCATION" : "7768 155 ST",
				"COMMENTS" : "1.4 m S of N P/L",
				"GIS_ENTRY_STAGE" : "Initial AB",
				"WARRANTYDATE" : null,
				"CONDITION" : null,
				"CONDITIONDATE" : null,
				"YTD_COST" : null,
				"LIFECYCLE_COST" : null,
				"CRE_DATE" : "20090708",
				"MOD_DATE" : "20140509",
				"YR" : null,
				"PROJECT_NO" : null
			}
		},
		{
			"type" : "Feature",
			"geometry" : {
				"type" : "Point",
				"coordinates" : [ 513361.84423828125, 5449012.184814453 ]
			},
			"properties" : {
				"STATIONID" : "915",
				"ADDRESS" : null,
				"FACILITYID" : "1001127522",
				"LEGACYID" : null,
				"NODE_NO" : "1462410544",
				"STATUS" : "In Service",
				"OWNER" : "Metro Vancouver",
				"LOCATION" : "14620 105A AVE",
				"COMMENTS" : "Inside Whalley Pump Station",
				"GIS_ENTRY_STAGE" : "Final AB",
				"WARRANTYDATE" : null,
				"CONDITION" : null,
				"CONDITIONDATE" : null,
				"YTD_COST" : null,
				"LIFECYCLE_COST" : null,
				"CRE_DATE" : "20090708",
				"MOD_DATE" : "20140509",
				"YR" : null,
				"PROJECT_NO" : null
			}
		},
		{
			"type" : "Feature",
			"geometry" : {
				"type" : "Point",
				"coordinates" : [ 520572.2600097656, 5442705.50579834 ]
			},
			"properties" : {
				"STATIONID" : "949",
				"ADDRESS" : null,
				"FACILITYID" : "1001127544",
				"LEGACYID" : null,
				"NODE_NO" : "1820907408",
				"STATUS" : "In Service",
				"OWNER" : "Metro Vancouver",
				"LOCATION" : "7362 182 ST",
				"COMMENTS" : "4.0 m S of N P/L",
				"GIS_ENTRY_STAGE" : "Initial AB",
				"WARRANTYDATE" : null,
				"CONDITION" : null,
				"CONDITIONDATE" : null,
				"YTD_COST" : null,
				"LIFECYCLE_COST" : null,
				"CRE_DATE" : "20090708",
				"MOD_DATE" : "20140509",
				"YR" : null,
				"PROJECT_NO" : null
			}
		},
		{
			"type" : "Feature",
			"geometry" : {
				"type" : "Point",
				"coordinates" : [ 510094.14782714844, 5445728.338806152 ]
			},
			"properties" : {
				"STATIONID" : "917",
				"ADDRESS" : null,
				"FACILITYID" : "1001127531",
				"LEGACYID" : null,
				"NODE_NO" : "1300008911",
				"STATUS" : "In Service",
				"OWNER" : "Metro Vancouver",
				"LOCATION" : "13031 LANARK PL",
				"COMMENTS" : "3.0 m W of E P/L",
				"GIS_ENTRY_STAGE" : "Initial AB",
				"WARRANTYDATE" : null,
				"CONDITION" : null,
				"CONDITIONDATE" : null,
				"YTD_COST" : null,
				"LIFECYCLE_COST" : null,
				"CRE_DATE" : "20090708",
				"MOD_DATE" : "20140509",
				"YR" : null,
				"PROJECT_NO" : null
			}
		},
		{
			"type" : "Feature",
			"geometry" : {
				"type" : "Point",
				"coordinates" : [ 514283.22521972656, 5446497.352600098 ]
			},
			"properties" : {
				"STATIONID" : "919",
				"ADDRESS" : null,
				"FACILITYID" : "1001127526",
				"LEGACYID" : null,
				"NODE_NO" : "1508209293",
				"STATUS" : "In Service",
				"OWNER" : "Metro Vancouver",
				"LOCATION" : "15091 92A AVE",
				"COMMENTS" : "2.3 m N of S P/L",
				"GIS_ENTRY_STAGE" : "Initial AB",
				"WARRANTYDATE" : null,
				"CONDITION" : null,
				"CONDITIONDATE" : null,
				"YTD_COST" : null,
				"LIFECYCLE_COST" : null,
				"CRE_DATE" : "20090708",
				"MOD_DATE" : "20140509",
				"YR" : null,
				"PROJECT_NO" : null
			}
		},
		{
			"type" : "Feature",
			"geometry" : {
				"type" : "Point",
				"coordinates" : [ 516107.5986328125, 5450397.578613281 ]
			},
			"properties" : {
				"STATIONID" : "908",
				"ADDRESS" : null,
				"FACILITYID" : "1001127529",
				"LEGACYID" : null,
				"NODE_NO" : "1598911232",
				"STATUS" : "In Service",
				"OWNER" : "Metro Vancouver",
				"LOCATION" : "15985 112 AVE",
				"COMMENTS" : "SE corner of property, 1.2m W of gate valve on 150 DI main.",
				"GIS_ENTRY_STAGE" : "Initial AB",
				"WARRANTYDATE" : null,
				"CONDITION" : null,
				"CONDITIONDATE" : null,
				"YTD_COST" : null,
				"LIFECYCLE_COST" : null,
				"CRE_DATE" : "20090708",
				"MOD_DATE" : "20140509",
				"YR" : null,
				"PROJECT_NO" : null
			}
		},
		{
			"type" : "Feature",
			"geometry" : {
				"type" : "Point",
				"coordinates" : [ 518276.27600097656, 5443963.839599609 ]
			},
			"properties" : {
				"STATIONID" : "921",
				"ADDRESS" : null,
				"FACILITYID" : "1001127538",
				"LEGACYID" : null,
				"NODE_NO" : "1706708034",
				"STATUS" : "In Service",
				"OWNER" : "Metro Vancouver",
				"LOCATION" : "17079 80 AVE",
				"COMMENTS" : "4.3 m E of Gate Valve",
				"GIS_ENTRY_STAGE" : "Initial AB",
				"WARRANTYDATE" : null,
				"CONDITION" : null,
				"CONDITIONDATE" : null,
				"YTD_COST" : null,
				"LIFECYCLE_COST" : null,
				"CRE_DATE" : "20090708",
				"MOD_DATE" : "20140509",
				"YR" : null,
				"PROJECT_NO" : null
			}
		},
		{
			"type" : "Feature",
			"geometry" : {
				"type" : "Point",
				"coordinates" : [ 512905.9050292969, 5451001.776794434 ]
			},
			"properties" : {
				"STATIONID" : "910",
				"ADDRESS" : null,
				"FACILITYID" : "1001127521",
				"LEGACYID" : null,
				"NODE_NO" : "1439811533",
				"STATUS" : "In Service",
				"OWNER" : "Metro Vancouver",
				"LOCATION" : "14396 115 AVE",
				"COMMENTS" : "2.4m W of NE corner of property.",
				"GIS_ENTRY_STAGE" : "Initial AB",
				"WARRANTYDATE" : null,
				"CONDITION" : null,
				"CONDITIONDATE" : null,
				"YTD_COST" : null,
				"LIFECYCLE_COST" : null,
				"CRE_DATE" : "20090708",
				"MOD_DATE" : "20140509",
				"YR" : null,
				"PROJECT_NO" : null
			}
		},
		{
			"type" : "Feature",
			"geometry" : {
				"type" : "Point",
				"coordinates" : [ 520132.0469970703, 5446407.375793457 ]
			},
			"properties" : {
				"STATIONID" : "901",
				"ADDRESS" : null,
				"FACILITYID" : "1001127535",
				"LEGACYID" : null,
				"NODE_NO" : "1799009249",
				"STATUS" : "In Service",
				"OWNER" : "Metro Vancouver",
				"LOCATION" : "17988 93A ST",
				"COMMENTS" : "3.0 m N of S P/L",
				"GIS_ENTRY_STAGE" : "Initial AB",
				"WARRANTYDATE" : null,
				"CONDITION" : null,
				"CONDITIONDATE" : null,
				"YTD_COST" : null,
				"LIFECYCLE_COST" : null,
				"CRE_DATE" : "20090708",
				"MOD_DATE" : "20140509",
				"YR" : null,
				"PROJECT_NO" : null
			}
		},
		{
			"type" : "Feature",
			"geometry" : {
				"type" : "Point",
				"coordinates" : [ 516546.96643066406, 5445974.354797363 ]
			},
			"properties" : {
				"STATIONID" : "920",
				"ADDRESS" : null,
				"FACILITYID" : "1001127537",
				"LEGACYID" : null,
				"NODE_NO" : "1620809033",
				"STATUS" : "In Service",
				"OWNER" : "Metro Vancouver",
				"LOCATION" : "16222 90 AVE",
				"COMMENTS" : "1.7 m N of Hyd #0332",
				"GIS_ENTRY_STAGE" : "Initial AB",
				"WARRANTYDATE" : null,
				"CONDITION" : null,
				"CONDITIONDATE" : null,
				"YTD_COST" : null,
				"LIFECYCLE_COST" : null,
				"CRE_DATE" : "20090708",
				"MOD_DATE" : "20140509",
				"YR" : null,
				"PROJECT_NO" : null
			}
		},
		{
			"type" : "Feature",
			"geometry" : {
				"type" : "Point",
				"coordinates" : [ 511453.7471923828, 5447407.0427856445 ]
			},
			"properties" : {
				"STATIONID" : "916",
				"ADDRESS" : null,
				"FACILITYID" : "1001127539",
				"LEGACYID" : null,
				"NODE_NO" : "1367609746",
				"STATUS" : "In Service",
				"OWNER" : "Metro Vancouver",
				"LOCATION" : "13705 97A AVE",
				"COMMENTS" : "3.2m N of S P/L, on 137 St.",
				"GIS_ENTRY_STAGE" : "EC",
				"WARRANTYDATE" : "19000101",
				"CONDITION" : null,
				"CONDITIONDATE" : "19000101",
				"YTD_COST" : null,
				"LIFECYCLE_COST" : null,
				"CRE_DATE" : "20090708",
				"MOD_DATE" : "20140509",
				"YR" : 0,
				"PROJECT_NO" : null
			}
		},
		{
			"type" : "Feature",
			"geometry" : {
				"type" : "Point",
				"coordinates" : [ 519799.8367919922, 5448467.565002441 ]
			},
			"properties" : {
				"STATIONID" : "904",
				"ADDRESS" : null,
				"FACILITYID" : "1001127532",
				"LEGACYID" : null,
				"NODE_NO" : "1782510273",
				"STATUS" : "In Service",
				"OWNER" : "Metro Vancouver",
				"LOCATION" : "17815 TRIGGS RD",
				"COMMENTS" : "143.0 m NW of Hydrant #3600 FT00021",
				"GIS_ENTRY_STAGE" : "Final AB",
				"WARRANTYDATE" : null,
				"CONDITION" : null,
				"CONDITIONDATE" : null,
				"YTD_COST" : null,
				"LIFECYCLE_COST" : null,
				"CRE_DATE" : "20090708",
				"MOD_DATE" : "20140509",
				"YR" : null,
				"PROJECT_NO" : null
			}
		},
		{
			"type" : "Feature",
			"geometry" : {
				"type" : "Point",
				"coordinates" : [ 508120.7094116211, 5444473.297241211 ]
			},
			"properties" : {
				"STATIONID" : "923",
				"ADDRESS" : null,
				"FACILITYID" : "1001127542",
				"LEGACYID" : null,
				"NODE_NO" : "1201908287",
				"STATUS" : "In Service",
				"OWNER" : "Metro Vancouver",
				"LOCATION" : "8241 120A ST",
				"COMMENTS" : "1.2 m S of N P/L",
				"GIS_ENTRY_STAGE" : "Initial AB",
				"WARRANTYDATE" : null,
				"CONDITION" : null,
				"CONDITIONDATE" : null,
				"YTD_COST" : null,
				"LIFECYCLE_COST" : null,
				"CRE_DATE" : "20090708",
				"MOD_DATE" : "20140509",
				"YR" : null,
				"PROJECT_NO" : null
			}
		},
		{
			"type" : "Feature",
			"geometry" : {
				"type" : "Point",
				"coordinates" : [ 522188.7443847656, 5445443.711608887 ]
			},
			"properties" : {
				"STATIONID" : "902",
				"ADDRESS" : null,
				"FACILITYID" : "1001127540",
				"LEGACYID" : null,
				"NODE_NO" : "1901208770",
				"STATUS" : "In Service",
				"OWNER" : "Metro Vancouver",
				"LOCATION" : "18995 87A AVE",
				"COMMENTS" : "8.0 m E of E P/L",
				"GIS_ENTRY_STAGE" : "Initial AB",
				"WARRANTYDATE" : null,
				"CONDITION" : null,
				"CONDITIONDATE" : null,
				"YTD_COST" : null,
				"LIFECYCLE_COST" : null,
				"CRE_DATE" : "20090708",
				"MOD_DATE" : "20140509",
				"YR" : null,
				"PROJECT_NO" : null
			}
		},
		{
			"type" : "Feature",
			"geometry" : {
				"type" : "Point",
				"coordinates" : [ 510474.70123291016, 5448940.811828613 ]
			},
			"properties" : {
				"STATIONID" : "914",
				"ADDRESS" : null,
				"FACILITYID" : "1001127524",
				"LEGACYID" : null,
				"NODE_NO" : "1318910508",
				"STATUS" : "In Service",
				"OWNER" : "Metro Vancouver",
				"LOCATION" : "10478 132 ST",
				"COMMENTS" : "3.1m E of W P/L",
				"GIS_ENTRY_STAGE" : "Initial AB",
				"WARRANTYDATE" : null,
				"CONDITION" : null,
				"CONDITIONDATE" : null,
				"YTD_COST" : null,
				"LIFECYCLE_COST" : null,
				"CRE_DATE" : "20090708",
				"MOD_DATE" : "20140509",
				"YR" : null,
				"PROJECT_NO" : null
			}
		},
		{
			"type" : "Feature",
			"geometry" : {
				"type" : "Point",
				"coordinates" : [ 513353.5894165039, 5450977.862792969 ]
			},
			"properties" : {
				"STATIONID" : "909",
				"ADDRESS" : null,
				"FACILITYID" : "1001127530",
				"LEGACYID" : null,
				"NODE_NO" : "1462011521",
				"STATUS" : "In Service",
				"OWNER" : "Metro Vancouver",
				"LOCATION" : "14674 ST ANDREWS DR",
				"COMMENTS" : "As Per Ops 8-02-12 - ADH, on Wellington Dr. 6.5m E of W P/L",
				"GIS_ENTRY_STAGE" : "Initial AB",
				"WARRANTYDATE" : null,
				"CONDITION" : null,
				"CONDITIONDATE" : null,
				"YTD_COST" : null,
				"LIFECYCLE_COST" : null,
				"CRE_DATE" : "20090708",
				"MOD_DATE" : "20140509",
				"YR" : null,
				"PROJECT_NO" : null
			}
		},
		{
			"type" : "Feature",
			"geometry" : {
				"type" : "Point",
				"coordinates" : [ 507339.4724121094, 5449156.666809082 ]
			},
			"properties" : {
				"STATIONID" : "912",
				"ADDRESS" : null,
				"FACILITYID" : "1001127536",
				"LEGACYID" : null,
				"NODE_NO" : "1163110615",
				"STATUS" : "In Service",
				"OWNER" : "Metro Vancouver",
				"LOCATION" : "10619 TIMBERLAND RD",
				"COMMENTS" : "2m NE of Hyd #8249",
				"GIS_ENTRY_STAGE" : "Initial AB",
				"WARRANTYDATE" : null,
				"CONDITION" : null,
				"CONDITIONDATE" : null,
				"YTD_COST" : null,
				"LIFECYCLE_COST" : null,
				"CRE_DATE" : "20090708",
				"MOD_DATE" : "20140509",
				"YR" : null,
				"PROJECT_NO" : null
			}
		},
		{
			"type" : "Feature",
			"geometry" : {
				"type" : "Point",
				"coordinates" : [ 511629.67498779297, 5442713.754638672 ]
			},
			"properties" : {
				"STATIONID" : "924",
				"ADDRESS" : null,
				"FACILITYID" : "1001127527",
				"LEGACYID" : null,
				"NODE_NO" : "1376307413",
				"STATUS" : "In Service",
				"OWNER" : "Metro Vancouver",
				"LOCATION" : "13782 74 AVE",
				"COMMENTS" : "125m W of E P/L, opposite 13751 74 Ave.",
				"GIS_ENTRY_STAGE" : "Initial AB",
				"WARRANTYDATE" : null,
				"CONDITION" : null,
				"CONDITIONDATE" : null,
				"YTD_COST" : null,
				"LIFECYCLE_COST" : null,
				"CRE_DATE" : "20090708",
				"MOD_DATE" : "20140509",
				"YR" : null,
				"PROJECT_NO" : null
			}
		},
		{
			"type" : "Feature",
			"geometry" : {
				"type" : "Point",
				"coordinates" : [ 509849.45318603516, 5450875.153808594 ]
			},
			"properties" : {
				"STATIONID" : "911",
				"ADDRESS" : null,
				"FACILITYID" : "1001127528",
				"LEGACYID" : null,
				"NODE_NO" : "1287811470",
				"STATUS" : "In Service",
				"OWNER" : "Metro Vancouver",
				"LOCATION" : "12893 114A AVE",
				"COMMENTS" : "0.5m W of E P/L",
				"GIS_ENTRY_STAGE" : "Initial AB",
				"WARRANTYDATE" : null,
				"CONDITION" : null,
				"CONDITIONDATE" : null,
				"YTD_COST" : null,
				"LIFECYCLE_COST" : null,
				"CRE_DATE" : "20090708",
				"MOD_DATE" : "20140509",
				"YR" : null,
				"PROJECT_NO" : null
			}
		},
		{
			"type" : "Feature",
			"geometry" : {
				"type" : "Point",
				"coordinates" : [ 507744.5036010742, 5447659.528198242 ]
			},
			"properties" : {
				"STATIONID" : "913",
				"ADDRESS" : null,
				"FACILITYID" : "1001127534",
				"LEGACYID" : null,
				"NODE_NO" : "1183209871",
				"STATUS" : "In Service",
				"OWNER" : "Metro Vancouver",
				"LOCATION" : "11878 98A AVE",
				"COMMENTS" : "4.0 m W of E P/L",
				"GIS_ENTRY_STAGE" : "Initial AB",
				"WARRANTYDATE" : null,
				"CONDITION" : null,
				"CONDITIONDATE" : null,
				"YTD_COST" : null,
				"LIFECYCLE_COST" : null,
				"CRE_DATE" : "20090708",
				"MOD_DATE" : "20140509",
				"YR" : null,
				"PROJECT_NO" : null
			}
		},
		{
			"type" : "Feature",
			"geometry" : {
				"type" : "Point",
				"coordinates" : [ 511530.458984375, 5445740.973022461 ]
			},
			"properties" : {
				"STATIONID" : "918",
				"ADDRESS" : null,
				"FACILITYID" : "1001127543",
				"LEGACYID" : null,
				"NODE_NO" : "1371408917",
				"STATUS" : "In Service",
				"OWNER" : "Metro Vancouver",
				"LOCATION" : "13738 GLEN PL",
				"COMMENTS" : "2.3 m W of E P/L",
				"GIS_ENTRY_STAGE" : "Initial AB",
				"WARRANTYDATE" : null,
				"CONDITION" : null,
				"CONDITIONDATE" : null,
				"YTD_COST" : null,
				"LIFECYCLE_COST" : null,
				"CRE_DATE" : "20090708",
				"MOD_DATE" : "20140509",
				"YR" : null,
				"PROJECT_NO" : null
			}
		},
		{
			"type" : "Feature",
			"geometry" : {
				"type" : "Point",
				"coordinates" : [ 522543.61920166016, 5441563.420593262 ]
			},
			"properties" : {
				"STATIONID" : "947",
				"ADDRESS" : null,
				"FACILITYID" : "1001127552",
				"LEGACYID" : null,
				"NODE_NO" : "1918906841",
				"STATUS" : "In Service",
				"OWNER" : "Surrey",
				"LOCATION" : "6803 192 ST",
				"COMMENTS" : "6.5 m E of Gate Valve",
				"GIS_ENTRY_STAGE" : "Initial AB",
				"WARRANTYDATE" : null,
				"CONDITION" : null,
				"CONDITIONDATE" : null,
				"YTD_COST" : null,
				"LIFECYCLE_COST" : null,
				"CRE_DATE" : "20090708",
				"MOD_DATE" : "20120504",
				"YR" : null,
				"PROJECT_NO" : null
			}
		},
		{
			"type" : "Feature",
			"geometry" : {
				"type" : "Point",
				"coordinates" : [ 518573.31243896484, 5433971.640991211 ]
			},
			"properties" : {
				"STATIONID" : "938",
				"ADDRESS" : null,
				"FACILITYID" : "1001127559",
				"LEGACYID" : null,
				"NODE_NO" : "1721503067",
				"STATUS" : "In Service",
				"OWNER" : "Surrey",
				"LOCATION" : "17214 31 AVE",
				"COMMENTS" : "7.5 m E of W P/L",
				"GIS_ENTRY_STAGE" : "Initial AB",
				"WARRANTYDATE" : null,
				"CONDITION" : null,
				"CONDITIONDATE" : null,
				"YTD_COST" : null,
				"LIFECYCLE_COST" : null,
				"CRE_DATE" : "20090708",
				"MOD_DATE" : "20120504",
				"YR" : null,
				"PROJECT_NO" : null
			}
		},
		{
			"type" : "Feature",
			"geometry" : {
				"type" : "Point",
				"coordinates" : [ 523153.46923828125, 5438893.077636719 ]
			},
			"properties" : {
				"STATIONID" : "945",
				"ADDRESS" : null,
				"FACILITYID" : "1001127550",
				"LEGACYID" : null,
				"NODE_NO" : "1949205513",
				"STATUS" : "In Service",
				"OWNER" : "Surrey",
				"LOCATION" : "5517 PRODUCTION BLVD",
				"COMMENTS" : "2.8 m E of Air Valve",
				"GIS_ENTRY_STAGE" : "Initial AB",
				"WARRANTYDATE" : null,
				"CONDITION" : null,
				"CONDITIONDATE" : null,
				"YTD_COST" : null,
				"LIFECYCLE_COST" : null,
				"CRE_DATE" : "20090708",
				"MOD_DATE" : "20120504",
				"YR" : null,
				"PROJECT_NO" : null
			}
		},
		{
			"type" : "Feature",
			"geometry" : {
				"type" : "Point",
				"coordinates" : [ 515319.38201904297, 5435480.94921875 ]
			},
			"properties" : {
				"STATIONID" : "939",
				"ADDRESS" : null,
				"FACILITYID" : "1001127546",
				"LEGACYID" : null,
				"NODE_NO" : "1559703817",
				"STATUS" : "In Service",
				"OWNER" : "Surrey",
				"LOCATION" : "3831 156 ST",
				"COMMENTS" : "3.5 m S of Gate Valve",
				"GIS_ENTRY_STAGE" : "Initial AB",
				"WARRANTYDATE" : null,
				"CONDITION" : null,
				"CONDITIONDATE" : null,
				"YTD_COST" : null,
				"LIFECYCLE_COST" : null,
				"CRE_DATE" : "20090708",
				"MOD_DATE" : "20120504",
				"YR" : null,
				"PROJECT_NO" : null
			}
		},
		{
			"type" : "Feature",
			"geometry" : {
				"type" : "Point",
				"coordinates" : [ 523314.0530395508, 5440624.336608887 ]
			},
			"properties" : {
				"STATIONID" : "946",
				"ADDRESS" : null,
				"FACILITYID" : "1001127554",
				"LEGACYID" : null,
				"NODE_NO" : "1957206374",
				"STATUS" : "In Service",
				"OWNER" : "Surrey",
				"LOCATION" : "6332 195B ST",
				"COMMENTS" : "2.3 m S of N P/L",
				"GIS_ENTRY_STAGE" : "Initial AB",
				"WARRANTYDATE" : null,
				"CONDITION" : null,
				"CONDITIONDATE" : null,
				"YTD_COST" : null,
				"LIFECYCLE_COST" : null,
				"CRE_DATE" : "20090708",
				"MOD_DATE" : "20120504",
				"YR" : null,
				"PROJECT_NO" : null
			}
		},
		{
			"type" : "Feature",
			"geometry" : {
				"type" : "Point",
				"coordinates" : [ 513345.62603759766, 5431044.702209473 ]
			},
			"properties" : {
				"STATIONID" : "934",
				"ADDRESS" : null,
				"FACILITYID" : "1001127566",
				"LEGACYID" : null,
				"NODE_NO" : "1461601612",
				"STATUS" : "In Service",
				"OWNER" : "Surrey",
				"LOCATION" : "1662 146 ST",
				"COMMENTS" : "SW corner of property.",
				"GIS_ENTRY_STAGE" : "Initial AB",
				"WARRANTYDATE" : null,
				"CONDITION" : null,
				"CONDITIONDATE" : null,
				"YTD_COST" : null,
				"LIFECYCLE_COST" : null,
				"CRE_DATE" : "20090708",
				"MOD_DATE" : "20120504",
				"YR" : null,
				"PROJECT_NO" : null
			}
		},
		{
			"type" : "Feature",
			"geometry" : {
				"type" : "Point",
				"coordinates" : [ 519293.5856323242, 5439785.237792969 ]
			},
			"properties" : {
				"STATIONID" : "942",
				"ADDRESS" : null,
				"FACILITYID" : "1001127567",
				"LEGACYID" : null,
				"NODE_NO" : "1757305957",
				"STATUS" : "In Service",
				"OWNER" : "Surrey",
				"LOCATION" : "5963 176 ST",
				"COMMENTS" : "0.8 m S of S P/L",
				"GIS_ENTRY_STAGE" : "Initial AB",
				"WARRANTYDATE" : null,
				"CONDITION" : null,
				"CONDITIONDATE" : null,
				"YTD_COST" : null,
				"LIFECYCLE_COST" : null,
				"CRE_DATE" : "20090708",
				"MOD_DATE" : "20120504",
				"YR" : null,
				"PROJECT_NO" : null
			}
		},
		{
			"type" : "Feature",
			"geometry" : {
				"type" : "Point",
				"coordinates" : [ 510785.7125854492, 5430868.817810059 ]
			},
			"properties" : {
				"STATIONID" : "933",
				"ADDRESS" : null,
				"FACILITYID" : "1001127549",
				"LEGACYID" : null,
				"NODE_NO" : "1334401524",
				"STATUS" : "In Service",
				"OWNER" : "Surrey",
				"LOCATION" : "1547 133B ST",
				"COMMENTS" : "3.9 m E of W P/L",
				"GIS_ENTRY_STAGE" : "Initial AB",
				"WARRANTYDATE" : null,
				"CONDITION" : null,
				"CONDITIONDATE" : null,
				"YTD_COST" : null,
				"LIFECYCLE_COST" : null,
				"CRE_DATE" : "20090708",
				"MOD_DATE" : "20120504",
				"YR" : null,
				"PROJECT_NO" : null
			}
		},
		{
			"type" : "Feature",
			"geometry" : {
				"type" : "Point",
				"coordinates" : [ 511860.5054321289, 5433797.754394531 ]
			},
			"properties" : {
				"STATIONID" : "930",
				"ADDRESS" : null,
				"FACILITYID" : "1001127568",
				"LEGACYID" : null,
				"NODE_NO" : "1387802980",
				"STATUS" : "In Service",
				"OWNER" : "Surrey",
				"LOCATION" : "3031 139 ST",
				"COMMENTS" : "6.0 m S of Gate Valve",
				"GIS_ENTRY_STAGE" : "Initial AB",
				"WARRANTYDATE" : null,
				"CONDITION" : null,
				"CONDITIONDATE" : null,
				"YTD_COST" : null,
				"LIFECYCLE_COST" : null,
				"CRE_DATE" : "20090708",
				"MOD_DATE" : "20120504",
				"YR" : null,
				"PROJECT_NO" : null
			}
		},
		{
			"type" : "Feature",
			"geometry" : {
				"type" : "Point",
				"coordinates" : [ 522563.7518310547, 5432002.978637695 ]
			},
			"properties" : {
				"STATIONID" : "951",
				"ADDRESS" : null,
				"FACILITYID" : "1001127561",
				"LEGACYID" : null,
				"NODE_NO" : "1919902088",
				"STATUS" : "In Service",
				"OWNER" : "Surrey",
				"LOCATION" : "2150 192 ST",
				"COMMENTS" : "18.5 m N of S P/L",
				"GIS_ENTRY_STAGE" : "Initial AB",
				"WARRANTYDATE" : null,
				"CONDITION" : null,
				"CONDITIONDATE" : null,
				"YTD_COST" : null,
				"LIFECYCLE_COST" : null,
				"CRE_DATE" : "20090708",
				"MOD_DATE" : "20120504",
				"YR" : null,
				"PROJECT_NO" : null
			}
		},
		{
			"type" : "Feature",
			"geometry" : {
				"type" : "Point",
				"coordinates" : [ 514806.6207885742, 5439333.962585449 ]
			},
			"properties" : {
				"STATIONID" : "928",
				"ADDRESS" : null,
				"FACILITYID" : "1001127560",
				"LEGACYID" : null,
				"NODE_NO" : "1534305732",
				"STATUS" : "In Service",
				"OWNER" : "Surrey",
				"LOCATION" : "15335 57 AVE",
				"COMMENTS" : "2.2 m W of E P/L",
				"GIS_ENTRY_STAGE" : "Initial AB",
				"WARRANTYDATE" : null,
				"CONDITION" : null,
				"CONDITIONDATE" : null,
				"YTD_COST" : null,
				"LIFECYCLE_COST" : null,
				"CRE_DATE" : "20090708",
				"MOD_DATE" : "20120504",
				"YR" : null,
				"PROJECT_NO" : null
			}
		},
		{
			"type" : "Feature",
			"geometry" : {
				"type" : "Point",
				"coordinates" : [ 520151.9537963867, 5432075.752197266 ]
			},
			"properties" : {
				"STATIONID" : "937",
				"ADDRESS" : null,
				"FACILITYID" : "1001127557",
				"LEGACYID" : null,
				"NODE_NO" : "1800002124",
				"STATUS" : "In Service",
				"OWNER" : "Surrey",
				"LOCATION" : "2158 180 ST",
				"COMMENTS" : "4m N of S P/L, off 180 St main.",
				"GIS_ENTRY_STAGE" : "Initial AB",
				"WARRANTYDATE" : null,
				"CONDITION" : null,
				"CONDITIONDATE" : null,
				"YTD_COST" : null,
				"LIFECYCLE_COST" : null,
				"CRE_DATE" : "20090708",
				"MOD_DATE" : "20120508",
				"YR" : null,
				"PROJECT_NO" : null
			}
		},
		{
			"type" : "Feature",
			"geometry" : {
				"type" : "Point",
				"coordinates" : [ 518526.55938720703, 5441125.077209473 ]
			},
			"properties" : {
				"STATIONID" : "948",
				"ADDRESS" : null,
				"FACILITYID" : "1001127551",
				"LEGACYID" : null,
				"NODE_NO" : "1719206623",
				"STATUS" : "In Service",
				"OWNER" : "Surrey",
				"LOCATION" : "66 AVE & 172 ST",
				"COMMENTS" : "NW corner of intersection, 1.9m E of gate valve, just W of hyd 0740",
				"GIS_ENTRY_STAGE" : "Initial AB",
				"WARRANTYDATE" : null,
				"CONDITION" : null,
				"CONDITIONDATE" : null,
				"YTD_COST" : null,
				"LIFECYCLE_COST" : null,
				"CRE_DATE" : "20090708",
				"MOD_DATE" : "20120508",
				"YR" : null,
				"PROJECT_NO" : null
			}
		},
		{
			"type" : "Feature",
			"geometry" : {
				"type" : "Point",
				"coordinates" : [ 517348.0208129883, 5439464.661804199 ]
			},
			"properties" : {
				"STATIONID" : "941",
				"ADDRESS" : null,
				"FACILITYID" : "1001127548",
				"LEGACYID" : null,
				"NODE_NO" : "1660605797",
				"STATUS" : "In Service",
				"OWNER" : "Surrey",
				"LOCATION" : "BELL RD & OLD MCLELLAND RD",
				"COMMENTS" : "SE corner",
				"GIS_ENTRY_STAGE" : "Initial AB",
				"WARRANTYDATE" : null,
				"CONDITION" : null,
				"CONDITIONDATE" : null,
				"YTD_COST" : null,
				"LIFECYCLE_COST" : null,
				"CRE_DATE" : "20090708",
				"MOD_DATE" : "20120418",
				"YR" : null,
				"PROJECT_NO" : null
			}
		},
		{
			"type" : "Feature",
			"geometry" : {
				"type" : "Point",
				"coordinates" : [ 522152.2872314453, 5433361.219787598 ]
			},
			"properties" : {
				"STATIONID" : "952",
				"ADDRESS" : null,
				"FACILITYID" : "1001127570",
				"LEGACYID" : null,
				"NODE_NO" : "1899402763",
				"STATUS" : "In Service",
				"OWNER" : "Surrey",
				"LOCATION" : "19026 28 AVE",
				"COMMENTS" : "On W P/L",
				"GIS_ENTRY_STAGE" : "Initial AB",
				"WARRANTYDATE" : null,
				"CONDITION" : null,
				"CONDITIONDATE" : null,
				"YTD_COST" : null,
				"LIFECYCLE_COST" : null,
				"CRE_DATE" : "20090708",
				"MOD_DATE" : "20120418",
				"YR" : null,
				"PROJECT_NO" : null
			}
		},
		{
			"type" : "Feature",
			"geometry" : {
				"type" : "Point",
				"coordinates" : [ 516937.84619140625, 5430001.879211426 ]
			},
			"properties" : {
				"STATIONID" : "935",
				"ADDRESS" : null,
				"FACILITYID" : "1001127555",
				"LEGACYID" : null,
				"NODE_NO" : "1640201094",
				"STATUS" : "In Service",
				"OWNER" : "Surrey",
				"LOCATION" : "16391 11 AVE",
				"COMMENTS" : "At SE corner of property.",
				"GIS_ENTRY_STAGE" : "Initial AB",
				"WARRANTYDATE" : null,
				"CONDITION" : null,
				"CONDITIONDATE" : null,
				"YTD_COST" : null,
				"LIFECYCLE_COST" : null,
				"CRE_DATE" : "20090708",
				"MOD_DATE" : "20120508",
				"YR" : null,
				"PROJECT_NO" : null
			}
		},
		{
			"type" : "Feature",
			"geometry" : {
				"type" : "Point",
				"coordinates" : [ 515886.51501464844, 5432611.073791504 ]
			},
			"properties" : {
				"STATIONID" : "940",
				"ADDRESS" : null,
				"FACILITYID" : "1001127571",
				"LEGACYID" : null,
				"NODE_NO" : "1587902391",
				"STATUS" : "In Service",
				"OWNER" : "Surrey",
				"LOCATION" : "CROYDON DR & 24 AVE",
				"COMMENTS" : "50m N of S P/L, on Croydon Dr.",
				"GIS_ENTRY_STAGE" : "Initial AB",
				"WARRANTYDATE" : null,
				"CONDITION" : null,
				"CONDITIONDATE" : null,
				"YTD_COST" : null,
				"LIFECYCLE_COST" : null,
				"CRE_DATE" : "20090708",
				"MOD_DATE" : "20120508",
				"YR" : null,
				"PROJECT_NO" : null
			}
		}
	]
}