[
{
"json_featuretype":"Web_Analytics_Page_Views"
,"Day Index":"2018-01-01"
,"Page Views":94
,"Day":"Monday"
}
,{
"json_featuretype":"Web_Analytics_Page_Views"
,"Day Index":"2018-01-02"
,"Page Views":316
,"Day":"Tuesday"
}
,{
"json_featuretype":"Web_Analytics_Page_Views"
,"Day Index":"2018-01-03"
,"Page Views":643
,"Day":"Wednesday"
}
,{
"json_featuretype":"Web_Analytics_Page_Views"
,"Day Index":"2018-01-04"
,"Page Views":256
,"Day":"Thursday"
}
,{
"json_featuretype":"Web_Analytics_Page_Views"
,"Day Index":"2018-01-05"
,"Page Views":618
,"Day":"Friday"
}
,{
"json_featuretype":"Web_Analytics_Page_Views"
,"Day Index":"2018-01-06"
,"Page Views":142
,"Day":"Saturday"
}
,{
"json_featuretype":"Web_Analytics_Page_Views"
,"Day Index":"2018-01-07"
,"Page Views":119
,"Day":"Sunday"
}
,{
"json_featuretype":"Web_Analytics_Page_Views"
,"Day Index":"2018-01-08"
,"Page Views":451
,"Day":"Monday"
}
,{
"json_featuretype":"Web_Analytics_Page_Views"
,"Day Index":"2018-01-09"
,"Page Views":428
,"Day":"Tuesday"
}
,{
"json_featuretype":"Web_Analytics_Page_Views"
,"Day Index":"2018-01-10"
,"Page Views":488
,"Day":"Wednesday"
}
,{
"json_featuretype":"Web_Analytics_Page_Views"
,"Day Index":"2018-01-11"
,"Page Views":527
,"Day":"Thursday"
}
,{
"json_featuretype":"Web_Analytics_Page_Views"
,"Day Index":"2018-01-12"
,"Page Views":652
,"Day":"Friday"
}
,{
"json_featuretype":"Web_Analytics_Page_Views"
,"Day Index":"2018-01-13"
,"Page Views":187
,"Day":"Saturday"
}
,{
"json_featuretype":"Web_Analytics_Page_Views"
,"Day Index":"2018-01-14"
,"Page Views":239
,"Day":"Sunday"
}
,{
"json_featuretype":"Web_Analytics_Page_Views"
,"Day Index":"2018-01-15"
,"Page Views":458
,"Day":"Monday"
}
,{
"json_featuretype":"Web_Analytics_Page_Views"
,"Day Index":"2018-01-16"
,"Page Views":488
,"Day":"Tuesday"
}
,{
"json_featuretype":"Web_Analytics_Page_Views"
,"Day Index":"2018-01-17"
,"Page Views":463
,"Day":"Wednesday"
}
,{
"json_featuretype":"Web_Analytics_Page_Views"
,"Day Index":"2018-01-18"
,"Page Views":329
,"Day":"Thursday"
}
,{
"json_featuretype":"Web_Analytics_Page_Views"
,"Day Index":"2018-01-19"
,"Page Views":376
,"Day":"Friday"
}
,{
"json_featuretype":"Web_Analytics_Page_Views"
,"Day Index":"2018-01-20"
,"Page Views":430
,"Day":"Saturday"
}
,{
"json_featuretype":"Web_Analytics_Page_Views"
,"Day Index":"2018-01-21"
,"Page Views":271
,"Day":"Sunday"
}
,{
"json_featuretype":"Web_Analytics_Page_Views"
,"Day Index":"2018-01-22"
,"Page Views":757
,"Day":"Monday"
}
,{
"json_featuretype":"Web_Analytics_Page_Views"
,"Day Index":"2018-01-23"
,"Page Views":756
,"Day":"Tuesday"
}
,{
"json_featuretype":"Web_Analytics_Page_Views"
,"Day Index":"2018-01-24"
,"Page Views":920
,"Day":"Wednesday"
}
,{
"json_featuretype":"Web_Analytics_Page_Views"
,"Day Index":"2018-01-25"
,"Page Views":709
,"Day":"Thursday"
}
,{
"json_featuretype":"Web_Analytics_Page_Views"
,"Day Index":"2018-01-26"
,"Page Views":447
,"Day":"Friday"
}
,{
"json_featuretype":"Web_Analytics_Page_Views"
,"Day Index":"2018-01-27"
,"Page Views":274
,"Day":"Saturday"
}
,{
"json_featuretype":"Web_Analytics_Page_Views"
,"Day Index":"2018-01-28"
,"Page Views":198
,"Day":"Sunday"
}
,{
"json_featuretype":"Web_Analytics_Page_Views"
,"Day Index":"2018-01-29"
,"Page Views":493
,"Day":"Monday"
}
,{
"json_featuretype":"Web_Analytics_Page_Views"
,"Day Index":"2018-01-30"
,"Page Views":491
,"Day":"Tuesday"
}
,{
"json_featuretype":"Web_Analytics_Page_Views"
,"Day Index":"2018-01-31"
,"Page Views":670
,"Day":"Wednesday"
}
,{
"json_featuretype":"Web_Analytics_Page_Views"
,"Day Index":"2018-02-01"
,"Page Views":603
,"Day":"Thursday"
}
,{
"json_featuretype":"Web_Analytics_Page_Views"
,"Day Index":"2018-02-02"
,"Page Views":565
,"Day":"Friday"
}
,{
"json_featuretype":"Web_Analytics_Page_Views"
,"Day Index":"2018-02-03"
,"Page Views":126
,"Day":"Saturday"
}
,{
"json_featuretype":"Web_Analytics_Page_Views"
,"Day Index":"2018-02-04"
,"Page Views":301
,"Day":"Sunday"
}
,{
"json_featuretype":"Web_Analytics_Page_Views"
,"Day Index":"2018-02-05"
,"Page Views":669
,"Day":"Monday"
}
,{
"json_featuretype":"Web_Analytics_Page_Views"
,"Day Index":"2018-02-06"
,"Page Views":525
,"Day":"Tuesday"
}
,{
"json_featuretype":"Web_Analytics_Page_Views"
,"Day Index":"2018-02-07"
,"Page Views":803
,"Day":"Wednesday"
}
,{
"json_featuretype":"Web_Analytics_Page_Views"
,"Day Index":"2018-02-08"
,"Page Views":669
,"Day":"Thursday"
}
,{
"json_featuretype":"Web_Analytics_Page_Views"
,"Day Index":"2018-02-09"
,"Page Views":535
,"Day":"Friday"
}
,{
"json_featuretype":"Web_Analytics_Page_Views"
,"Day Index":"2018-02-10"
,"Page Views":261
,"Day":"Saturday"
}
,{
"json_featuretype":"Web_Analytics_Page_Views"
,"Day Index":"2018-02-11"
,"Page Views":176
,"Day":"Sunday"
}
,{
"json_featuretype":"Web_Analytics_Page_Views"
,"Day Index":"2018-02-12"
,"Page Views":268
,"Day":"Monday"
}
,{
"json_featuretype":"Web_Analytics_Page_Views"
,"Day Index":"2018-02-13"
,"Page Views":391
,"Day":"Tuesday"
}
,{
"json_featuretype":"Web_Analytics_Page_Views"
,"Day Index":"2018-02-14"
,"Page Views":649
,"Day":"Wednesday"
}
,{
"json_featuretype":"Web_Analytics_Page_Views"
,"Day Index":"2018-02-15"
,"Page Views":527
,"Day":"Thursday"
}
,{
"json_featuretype":"Web_Analytics_Page_Views"
,"Day Index":"2018-02-16"
,"Page Views":401
,"Day":"Friday"
}
,{
"json_featuretype":"Web_Analytics_Page_Views"
,"Day Index":"2018-02-17"
,"Page Views":195
,"Day":"Saturday"
}
,{
"json_featuretype":"Web_Analytics_Page_Views"
,"Day Index":"2018-02-18"
,"Page Views":207
,"Day":"Sunday"
}
,{
"json_featuretype":"Web_Analytics_Page_Views"
,"Day Index":"2018-02-19"
,"Page Views":595
,"Day":"Monday"
}
,{
"json_featuretype":"Web_Analytics_Page_Views"
,"Day Index":"2018-02-20"
,"Page Views":575
,"Day":"Tuesday"
}
,{
"json_featuretype":"Web_Analytics_Page_Views"
,"Day Index":"2018-02-21"
,"Page Views":810
,"Day":"Wednesday"
}
,{
"json_featuretype":"Web_Analytics_Page_Views"
,"Day Index":"2018-02-22"
,"Page Views":565
,"Day":"Thursday"
}
,{
"json_featuretype":"Web_Analytics_Page_Views"
,"Day Index":"2018-02-23"
,"Page Views":473
,"Day":"Friday"
}
,{
"json_featuretype":"Web_Analytics_Page_Views"
,"Day Index":"2018-02-24"
,"Page Views":139
,"Day":"Saturday"
}
,{
"json_featuretype":"Web_Analytics_Page_Views"
,"Day Index":"2018-02-25"
,"Page Views":120
,"Day":"Sunday"
}
,{
"json_featuretype":"Web_Analytics_Page_Views"
,"Day Index":"2018-02-26"
,"Page Views":534
,"Day":"Monday"
}
,{
"json_featuretype":"Web_Analytics_Page_Views"
,"Day Index":"2018-02-27"
,"Page Views":308
,"Day":"Tuesday"
}
,{
"json_featuretype":"Web_Analytics_Page_Views"
,"Day Index":"2018-02-28"
,"Page Views":714
,"Day":"Wednesday"
}
,{
"json_featuretype":"Web_Analytics_Page_Views"
,"Day Index":"2018-03-01"
,"Page Views":413
,"Day":"Thursday"
}
,{
"json_featuretype":"Web_Analytics_Page_Views"
,"Day Index":"2018-03-02"
,"Page Views":635
,"Day":"Friday"
}
,{
"json_featuretype":"Web_Analytics_Page_Views"
,"Day Index":"2018-03-03"
,"Page Views":283
,"Day":"Saturday"
}
,{
"json_featuretype":"Web_Analytics_Page_Views"
,"Day Index":"2018-03-04"
,"Page Views":127
,"Day":"Sunday"
}
,{
"json_featuretype":"Web_Analytics_Page_Views"
,"Day Index":"2018-03-05"
,"Page Views":524
,"Day":"Monday"
}
,{
"json_featuretype":"Web_Analytics_Page_Views"
,"Day Index":"2018-03-06"
,"Page Views":427
,"Day":"Tuesday"
}
,{
"json_featuretype":"Web_Analytics_Page_Views"
,"Day Index":"2018-03-07"
,"Page Views":481
,"Day":"Wednesday"
}
,{
"json_featuretype":"Web_Analytics_Page_Views"
,"Day Index":"2018-03-08"
,"Page Views":366
,"Day":"Thursday"
}
,{
"json_featuretype":"Web_Analytics_Page_Views"
,"Day Index":"2018-03-09"
,"Page Views":395
,"Day":"Friday"
}
,{
"json_featuretype":"Web_Analytics_Page_Views"
,"Day Index":"2018-03-10"
,"Page Views":299
,"Day":"Saturday"
}
,{
"json_featuretype":"Web_Analytics_Page_Views"
,"Day Index":"2018-03-11"
,"Page Views":461
,"Day":"Sunday"
}
,{
"json_featuretype":"Web_Analytics_Page_Views"
,"Day Index":"2018-03-12"
,"Page Views":633
,"Day":"Monday"
}
,{
"json_featuretype":"Web_Analytics_Page_Views"
,"Day Index":"2018-03-13"
,"Page Views":530
,"Day":"Tuesday"
}
,{
"json_featuretype":"Web_Analytics_Page_Views"
,"Day Index":"2018-03-14"
,"Page Views":472
,"Day":"Wednesday"
}
,{
"json_featuretype":"Web_Analytics_Page_Views"
,"Day Index":"2018-03-15"
,"Page Views":703
,"Day":"Thursday"
}
,{
"json_featuretype":"Web_Analytics_Page_Views"
,"Day Index":"2018-03-16"
,"Page Views":572
,"Day":"Friday"
}
,{
"json_featuretype":"Web_Analytics_Page_Views"
,"Day Index":"2018-03-17"
,"Page Views":278
,"Day":"Saturday"
}
,{
"json_featuretype":"Web_Analytics_Page_Views"
,"Day Index":"2018-03-18"
,"Page Views":230
,"Day":"Sunday"
}
,{
"json_featuretype":"Web_Analytics_Page_Views"
,"Day Index":"2018-03-19"
,"Page Views":750
,"Day":"Monday"
}
,{
"json_featuretype":"Web_Analytics_Page_Views"
,"Day Index":"2018-03-20"
,"Page Views":358
,"Day":"Tuesday"
}
,{
"json_featuretype":"Web_Analytics_Page_Views"
,"Day Index":"2018-03-21"
,"Page Views":470
,"Day":"Wednesday"
}
,{
"json_featuretype":"Web_Analytics_Page_Views"
,"Day Index":"2018-03-22"
,"Page Views":558
,"Day":"Thursday"
}
,{
"json_featuretype":"Web_Analytics_Page_Views"
,"Day Index":"2018-03-23"
,"Page Views":433
,"Day":"Friday"
}
,{
"json_featuretype":"Web_Analytics_Page_Views"
,"Day Index":"2018-03-24"
,"Page Views":144
,"Day":"Saturday"
}
,{
"json_featuretype":"Web_Analytics_Page_Views"
,"Day Index":"2018-03-25"
,"Page Views":184
,"Day":"Sunday"
}
,{
"json_featuretype":"Web_Analytics_Page_Views"
,"Day Index":"2018-03-26"
,"Page Views":751
,"Day":"Monday"
}
,{
"json_featuretype":"Web_Analytics_Page_Views"
,"Day Index":"2018-03-27"
,"Page Views":740
,"Day":"Tuesday"
}
,{
"json_featuretype":"Web_Analytics_Page_Views"
,"Day Index":"2018-03-28"
,"Page Views":624
,"Day":"Wednesday"
}
,{
"json_featuretype":"Web_Analytics_Page_Views"
,"Day Index":"2018-03-29"
,"Page Views":722
,"Day":"Thursday"
}
,{
"json_featuretype":"Web_Analytics_Page_Views"
,"Day Index":"2018-03-30"
,"Page Views":88
,"Day":"Friday"
}
,{
"json_featuretype":"Web_Analytics_Page_Views"
,"Day Index":"2018-03-31"
,"Page Views":74
,"Day":"Saturday"
}
,{
"json_featuretype":"Web_Analytics_Page_Views"
,"Day Index":""
,"Page Views":40119
,"Day":""
}
]