{
	"name" : "drainage_monitoring_stations",
	"type" : "FeatureCollection",
	"crs" : {
		"type" : "name",
		"properties" : {
			"name" : "EPSG:26910"
		}
	},
	"features" : [
		{
			"type" : "Feature",
			"geometry" : {
				"type" : "Point",
				"coordinates" : [ 522562.2189843748, 5447864.301015625 ]
			},
			"properties" : {
				"MONITORING_STATION_TYPE" : 0,
				"MONITORING_STATION_TYPE2" : "Depth Meter",
				"MEASUREMENT_METHOD" : null,
				"FACILITYID" : "1001598162",
				"STATUS" : "In Service",
				"OPERATING_STATUS" : "Open",
				"YR" : 2013,
				"OWNER" : "Surrey",
				"MAINTAINED_BY" : "Surrey",
				"PROJECT_NO" : null,
				"WEBLINK" : null,
				"NAME" : "192 STREET MONITORING STATION",
				"LOCATION" : "9900 192 ST",
				"COMMENTS" : "Placed as per Operations",
				"GIS_ENTRY_STAGE" : null,
				"WARRANTYDATE" : null,
				"CONDITION" : null,
				"CONDITIONDATE" : null,
				"YTD_COST" : null,
				"LIFECYCLE_COST" : null,
				"CRE_DATE" : "20130530",
				"MOD_DATE" : "20170413",
				"LEGACYID" : null
			}
		},
		{
			"type" : "Feature",
			"geometry" : {
				"type" : "Point",
				"coordinates" : [ 510196.2940624999, 5448814.010078125 ]
			},
			"properties" : {
				"MONITORING_STATION_TYPE" : 2,
				"MONITORING_STATION_TYPE2" : "Rain Gauge",
				"MEASUREMENT_METHOD" : null,
				"FACILITYID" : "1000863998",
				"STATUS" : "In Service",
				"OPERATING_STATUS" : "Open",
				"YR" : null,
				"OWNER" : "Surrey",
				"MAINTAINED_BY" : "Private",
				"PROJECT_NO" : null,
				"WEBLINK" : "http://www.flowworks.com/network/hmiscreens/surrey/surreyrain.aspx",
				"NAME" : "KWANTLEN PARK RAIN GAUGE",
				"LOCATION" : "104 AVE & OLD YALE RD",
				"COMMENTS" : null,
				"GIS_ENTRY_STAGE" : "Final AB",
				"WARRANTYDATE" : null,
				"CONDITION" : null,
				"CONDITIONDATE" : null,
				"YTD_COST" : null,
				"LIFECYCLE_COST" : null,
				"CRE_DATE" : "20081120",
				"MOD_DATE" : "20170413",
				"LEGACYID" : null
			}
		},
		{
			"type" : "Feature",
			"geometry" : {
				"type" : "Point",
				"coordinates" : [ 513214.18015624955, 5437175.262109375 ]
			},
			"properties" : {
				"MONITORING_STATION_TYPE" : 0,
				"MONITORING_STATION_TYPE2" : "Depth Meter",
				"MEASUREMENT_METHOD" : null,
				"FACILITYID" : "1000960308",
				"STATUS" : "In Service",
				"OPERATING_STATUS" : "Open",
				"YR" : null,
				"OWNER" : "Surrey",
				"MAINTAINED_BY" : "Surrey",
				"PROJECT_NO" : null,
				"WEBLINK" : null,
				"NAME" : "SERPENTINE MONITORING STATION",
				"LOCATION" : "4600 KING GEORGE HWY",
				"COMMENTS" : null,
				"GIS_ENTRY_STAGE" : "Final AB",
				"WARRANTYDATE" : null,
				"CONDITION" : null,
				"CONDITIONDATE" : null,
				"YTD_COST" : null,
				"LIFECYCLE_COST" : null,
				"CRE_DATE" : "20081208",
				"MOD_DATE" : "20170412",
				"LEGACYID" : null
			}
		},
		{
			"type" : "Feature",
			"geometry" : {
				"type" : "Point",
				"coordinates" : [ 522147.8026562501, 5447622.88296875 ]
			},
			"properties" : {
				"MONITORING_STATION_TYPE" : 2,
				"MONITORING_STATION_TYPE2" : "Rain Gauge",
				"MEASUREMENT_METHOD" : null,
				"FACILITYID" : "1000863999",
				"STATUS" : "In Service",
				"OPERATING_STATUS" : "Open",
				"YR" : null,
				"OWNER" : "Surrey",
				"MAINTAINED_BY" : "Private",
				"PROJECT_NO" : null,
				"WEBLINK" : "http://www.flowworks.com/network/hmiscreens/surrey/surreyrain.aspx",
				"NAME" : "PORT KELLS RAIN GAUGE",
				"LOCATION" : "PORT KELLS SANITARY STATION",
				"COMMENTS" : null,
				"GIS_ENTRY_STAGE" : "Final AB",
				"WARRANTYDATE" : null,
				"CONDITION" : null,
				"CONDITIONDATE" : null,
				"YTD_COST" : null,
				"LIFECYCLE_COST" : null,
				"CRE_DATE" : "20081120",
				"MOD_DATE" : "20170413",
				"LEGACYID" : null
			}
		},
		{
			"type" : "Feature",
			"geometry" : {
				"type" : "Point",
				"coordinates" : [ 521332.87820312474, 5430254.2173437495 ]
			},
			"properties" : {
				"MONITORING_STATION_TYPE" : 2,
				"MONITORING_STATION_TYPE2" : "Rain Gauge",
				"MEASUREMENT_METHOD" : null,
				"FACILITYID" : "1000864001",
				"STATUS" : "In Service",
				"OPERATING_STATUS" : "Open",
				"YR" : null,
				"OWNER" : "Surrey",
				"MAINTAINED_BY" : "Private",
				"PROJECT_NO" : null,
				"WEBLINK" : "http://www.flowworks.com/network/hmiscreens/surrey/surreyrain.aspx",
				"NAME" : "SEMIAHMOO FISH & GAME CLUB RAIN GAUGE",
				"LOCATION" : "1284 184 ST",
				"COMMENTS" : null,
				"GIS_ENTRY_STAGE" : "Final AB",
				"WARRANTYDATE" : null,
				"CONDITION" : null,
				"CONDITIONDATE" : null,
				"YTD_COST" : null,
				"LIFECYCLE_COST" : null,
				"CRE_DATE" : "20081120",
				"MOD_DATE" : "20170413",
				"LEGACYID" : null
			}
		},
		{
			"type" : "Feature",
			"geometry" : {
				"type" : "Point",
				"coordinates" : [ 512567.42710937466, 5439245.190703126 ]
			},
			"properties" : {
				"MONITORING_STATION_TYPE" : 2,
				"MONITORING_STATION_TYPE2" : "Rain Gauge",
				"MEASUREMENT_METHOD" : null,
				"FACILITYID" : "1000864000",
				"STATUS" : "In Service",
				"OPERATING_STATUS" : "Open",
				"YR" : null,
				"OWNER" : "Surrey",
				"MAINTAINED_BY" : "Private",
				"PROJECT_NO" : null,
				"WEBLINK" : "http://www.flowworks.com/network/hmiscreens/surrey/surreyrain.aspx",
				"NAME" : "MUNICIPAL HALL RAIN GAUGE",
				"LOCATION" : "57 AVE & 142 ST",
				"COMMENTS" : null,
				"GIS_ENTRY_STAGE" : "Final AB",
				"WARRANTYDATE" : null,
				"CONDITION" : null,
				"CONDITIONDATE" : null,
				"YTD_COST" : null,
				"LIFECYCLE_COST" : null,
				"CRE_DATE" : "20081120",
				"MOD_DATE" : "20170413",
				"LEGACYID" : null
			}
		},
		{
			"type" : "Feature",
			"geometry" : {
				"type" : "Point",
				"coordinates" : [ 511449.0567187499, 5432844.291874999 ]
			},
			"properties" : {
				"MONITORING_STATION_TYPE" : 2,
				"MONITORING_STATION_TYPE2" : "Rain Gauge",
				"MEASUREMENT_METHOD" : null,
				"FACILITYID" : "1000864002",
				"STATUS" : "In Service",
				"OPERATING_STATUS" : "Open",
				"YR" : null,
				"OWNER" : "Surrey",
				"MAINTAINED_BY" : "Private",
				"PROJECT_NO" : null,
				"WEBLINK" : "http://www.flowworks.com/network/hmiscreens/surrey/surreyrain.aspx",
				"NAME" : "CHANTRELL CREEK ELEMENTARY RAIN GAUGE",
				"LOCATION" : "2575 137 ST",
				"COMMENTS" : null,
				"GIS_ENTRY_STAGE" : "Final AB",
				"WARRANTYDATE" : null,
				"CONDITION" : null,
				"CONDITIONDATE" : null,
				"YTD_COST" : null,
				"LIFECYCLE_COST" : null,
				"CRE_DATE" : "20081120",
				"MOD_DATE" : "20170413",
				"LEGACYID" : null
			}
		},
		{
			"type" : "Feature",
			"geometry" : {
				"type" : "Point",
				"coordinates" : [ 522562.70632812474, 5447862.96640625 ]
			},
			"properties" : {
				"MONITORING_STATION_TYPE" : 0,
				"MONITORING_STATION_TYPE2" : "Depth Meter",
				"MEASUREMENT_METHOD" : null,
				"FACILITYID" : "1000960305",
				"STATUS" : "Abandoned",
				"OPERATING_STATUS" : "Closed",
				"YR" : null,
				"OWNER" : "Surrey",
				"MAINTAINED_BY" : "Surrey",
				"PROJECT_NO" : null,
				"WEBLINK" : null,
				"NAME" : "Old 192 STREET MONITORING STATION",
				"LOCATION" : "9900 192 ST",
				"COMMENTS" : null,
				"GIS_ENTRY_STAGE" : "Final AB",
				"WARRANTYDATE" : null,
				"CONDITION" : null,
				"CONDITIONDATE" : null,
				"YTD_COST" : null,
				"LIFECYCLE_COST" : null,
				"CRE_DATE" : "20081208",
				"MOD_DATE" : "20130530",
				"LEGACYID" : null
			}
		},
		{
			"type" : "Feature",
			"geometry" : {
				"type" : "Point",
				"coordinates" : [ 515794.55257812515, 5429488.660390625 ]
			},
			"properties" : {
				"MONITORING_STATION_TYPE" : 2,
				"MONITORING_STATION_TYPE2" : "Rain Gauge",
				"MEASUREMENT_METHOD" : null,
				"FACILITYID" : "1000863997",
				"STATUS" : "In Service",
				"OPERATING_STATUS" : "Open",
				"YR" : null,
				"OWNER" : "Surrey",
				"MAINTAINED_BY" : "Private",
				"PROJECT_NO" : null,
				"WEBLINK" : "http://www.flowworks.com/network/hmiscreens/surrey/surreyrain.aspx",
				"NAME" : "WHITE ROCK RAIN GAUGE",
				"LOCATION" : "8 AVE & 160 ST",
				"COMMENTS" : null,
				"GIS_ENTRY_STAGE" : "Final AB",
				"WARRANTYDATE" : null,
				"CONDITION" : null,
				"CONDITIONDATE" : null,
				"YTD_COST" : null,
				"LIFECYCLE_COST" : null,
				"CRE_DATE" : "20081120",
				"MOD_DATE" : "20170413",
				"LEGACYID" : null
			}
		},
		{
			"type" : "Feature",
			"geometry" : {
				"type" : "Point",
				"coordinates" : [ 512787.76953125, 5435225.093515625 ]
			},
			"properties" : {
				"MONITORING_STATION_TYPE" : 0,
				"MONITORING_STATION_TYPE2" : "Depth Meter",
				"MEASUREMENT_METHOD" : null,
				"FACILITYID" : "1000960312",
				"STATUS" : "In Service",
				"OPERATING_STATUS" : "Open",
				"YR" : null,
				"OWNER" : "Surrey",
				"MAINTAINED_BY" : "Surrey",
				"PROJECT_NO" : null,
				"WEBLINK" : null,
				"NAME" : "NICOMEKL MONITORING STATION",
				"LOCATION" : "3652 Elgin Rd",
				"COMMENTS" : null,
				"GIS_ENTRY_STAGE" : "Final AB",
				"WARRANTYDATE" : null,
				"CONDITION" : null,
				"CONDITIONDATE" : null,
				"YTD_COST" : null,
				"LIFECYCLE_COST" : null,
				"CRE_DATE" : "20081208",
				"MOD_DATE" : "20170412",
				"LEGACYID" : null
			}
		}
	]
}