[
{
"json_featuretype":"CSV"
,"Registration Date":"2010 01 04"
,"Name of Lobbyist":"Lori Richards"
,"Company":"H. Y. Engineering Ltd."
,"Phone Number":"604-583-1616"
,"Nature of Lobbying":"Planning and Civil Eng. Consultants"
,"Client":"Property Owner"
,"Project No. ":"7909-0256-00"
}
,{
"json_featuretype":"CSV"
,"Registration Date":"2010 01 06"
,"Name of Lobbyist":"Avnash Banwait"
,"Company":"Mainland Engineering (2007) Corp."
,"Phone Number":"604-543-8044"
,"Nature of Lobbying":"Engineering Consultant"
,"Client":"Property Owner"
,"Project No. ":"7909-0262-00"
}
,{
"json_featuretype":"CSV"
,"Registration Date":"2010 01 06"
,"Name of Lobbyist":"Avnash Banwait"
,"Company":"Mainland Engineering (2007) Corp."
,"Phone Number":"604-543-8044"
,"Nature of Lobbying":"Engineering Consultant"
,"Client":"Property Owner"
,"Project No. ":"7909-0261-00"
}
,{
"json_featuretype":"CSV"
,"Registration Date":"2010 01 06"
,"Name of Lobbyist":"Clarence Arychuk"
,"Company":"Hunter Laird Engineering"
,"Phone Number":"604-525-4651"
,"Nature of Lobbying":"Planning and Civil Eng. Consultants"
,"Client":"Ocean Park Developments Ltd. "
,"Project No. ":"7909-0258-00"
}
,{
"json_featuretype":"CSV"
,"Registration Date":"2010 01 06"
,"Name of Lobbyist":"Clarence Arychuk"
,"Company":"Hunter Laird Engineering"
,"Phone Number":"604-525-4651"
,"Nature of Lobbying":"Planning and Civil Eng. Consultants"
,"Client":"Property Owner"
,"Project No. ":"7909-0263-00"
}
,{
"json_featuretype":"CSV"
,"Registration Date":"2010 01 08"
,"Name of Lobbyist":"L. Melnechenko"
,"Company":"LNM  Consulting Engineering Ltd. "
,"Phone Number":"250-228-0363"
,"Nature of Lobbying":"Engineering Consultant"
,"Client":"Property Owner"
,"Project No. ":"Not Provided"
}
,{
"json_featuretype":"CSV"
,"Registration Date":"2010 01 08"
,"Name of Lobbyist":"Maggie Koka"
,"Company":"Aplin & Martin Consultants Ltd."
,"Phone Number":"604-597-9058"
,"Nature of Lobbying":"Engineering Consultant"
,"Client":"Peace Arch RV Park"
,"Project No. ":"7909-0260-00"
}
,{
"json_featuretype":"CSV"
,"Registration Date":"2010 01 18"
,"Name of Lobbyist":"Michael Helle"
,"Company":"Coastland Engineering & Surveying"
,"Phone Number":"604-532-9700"
,"Nature of Lobbying":"Planning and Civil Eng. Consultants"
,"Client":"Property Owner"
,"Project No. ":"7910-0005-00"
}
,{
"json_featuretype":"CSV"
,"Registration Date":"2010 01 19"
,"Name of Lobbyist":"Clarence Arychuk"
,"Company":"Hunter Laird Engineering"
,"Phone Number":"604-525-4651"
,"Nature of Lobbying":"Planning and Civil Eng. Consultants"
,"Client":"Property Owner"
,"Project No. ":"7910-0008-00"
}
,{
"json_featuretype":"CSV"
,"Registration Date":"2010 01 25"
,"Name of Lobbyist":"Michael Helle"
,"Company":"Coastland Engineering & Surveying"
,"Phone Number":"604-532-9700"
,"Nature of Lobbying":"Planning and Civil Eng. Consultants"
,"Client":"Property Owner"
,"Project No. ":"7910-0009-00"
}
,{
"json_featuretype":"CSV"
,"Registration Date":"2010 02 03"
,"Name of Lobbyist":"Colin A. Hogan"
,"Company":"Focus Architecture Inc"
,"Phone Number":"604-853-5222"
,"Nature of Lobbying":"Architectural Consultant"
,"Client":"Barber Creek Properties Ltd."
,"Project No. ":"7910-0014-00"
}
,{
"json_featuretype":"CSV"
,"Registration Date":"2010 02 03"
,"Name of Lobbyist":"Art Phillips"
,"Company":"Art Phillips & Associates"
,"Phone Number":"604-925-8218"
,"Nature of Lobbying":"Real Estate Investment & Development"
,"Client":"Larco Investments Ltd."
,"Project No. ":"7910-0016-00"
}
,{
"json_featuretype":"CSV"
,"Registration Date":"2010 02 04"
,"Name of Lobbyist":"Clarence Arychuk"
,"Company":"Hunter Laird Engineering"
,"Phone Number":"604-525-4651"
,"Nature of Lobbying":"Planning and Civil Eng. Consultants"
,"Client":"Property Owner"
,"Project No. ":"7910-0015-00"
}
,{
"json_featuretype":"CSV"
,"Registration Date":"2010 02 05"
,"Name of Lobbyist":"Clarence Arychuk"
,"Company":"Hunter Laird Engineering"
,"Phone Number":"604-525-4651"
,"Nature of Lobbying":"Planning and Civil Eng. Consultants"
,"Client":"Qualico Developments (Vancouver) Inc."
,"Project No. ":"7910-0020-00"
}
,{
"json_featuretype":"CSV"
,"Registration Date":"2010 02 11"
,"Name of Lobbyist":"John E. Kristianson"
,"Company":"CTA Design Group"
,"Phone Number":"604-736-2554"
,"Nature of Lobbying":"Architectural Consultant"
,"Client":"Kal Tire and F.B. Stewart & Co. "
,"Project No. ":"7910-0023-00"
}
,{
"json_featuretype":"CSV"
,"Registration Date":"2010 02 12"
,"Name of Lobbyist":"John E. Kristianson"
,"Company":"CTA Design Group"
,"Phone Number":"604-736-2554"
,"Nature of Lobbying":"Architectural Consultant"
,"Client":"Bomar Development"
,"Project No. ":"7910-0028-00"
}
,{
"json_featuretype":"CSV"
,"Registration Date":"2010 02 24"
,"Name of Lobbyist":"Oleg Verbenkov"
,"Company":"Pacific Land Group"
,"Phone Number":"604-501-1624"
,"Nature of Lobbying":"Consultant"
,"Client":"Gulfland Management Inc."
,"Project No. ":"7909-0161-00"
}
,{
"json_featuretype":"CSV"
,"Registration Date":"2010 02 24"
,"Name of Lobbyist":"Oleg Verbenkov"
,"Company":"Pacific Land Group"
,"Phone Number":"604-501-1624"
,"Nature of Lobbying":"Development Consultant"
,"Client":"City of Surrey"
,"Project No. ":"7910-0036-00"
}
,{
"json_featuretype":"CSV"
,"Registration Date":"2010 03 08"
,"Name of Lobbyist":"Clarence Arychuk"
,"Company":"Hunter Laird Engineering"
,"Phone Number":"604-525-4651"
,"Nature of Lobbying":"Engineering Consultant"
,"Client":"Property Owner"
,"Project No. ":"7910-0048-00"
}
,{
"json_featuretype":"CSV"
,"Registration Date":"2010 03 09"
,"Name of Lobbyist":"Roger Jawanda"
,"Company":"Citiwest Consulting Ltd."
,"Phone Number":"604-591-2213"
,"Nature of Lobbying":"Engineering Consultant"
,"Client":"Property Owner"
,"Project No. ":"7910-0051-00"
}
,{
"json_featuretype":"CSV"
,"Registration Date":"2010 03 09"
,"Name of Lobbyist":"Clarence Arychuk"
,"Company":"Hunter Laird Engineering"
,"Phone Number":"604-525-4651"
,"Nature of Lobbying":"Engineering Consultant"
,"Client":"0776687 BC Ltd."
,"Project No. ":"7910-0052-00"
}
,{
"json_featuretype":"CSV"
,"Registration Date":"2010 03 10"
,"Name of Lobbyist":"Fariba Gharaei"
,"Company":"Urban Design Group Architects"
,"Phone Number":"604-762-8964"
,"Nature of Lobbying":"Architectural Consultant"
,"Client":"Property Owner"
,"Project No. ":"7910-0055-00"
}
,{
"json_featuretype":"CSV"
,"Registration Date":"2010 03 17"
,"Name of Lobbyist":"Michael E. Helle"
,"Company":"Coastland Engineering & Surveing"
,"Phone Number":"604-532-9700"
,"Nature of Lobbying":"Engineering Consultant"
,"Client":"Property Owner"
,"Project No. ":"7910-0056-00"
}
,{
"json_featuretype":"CSV"
,"Registration Date":"2010 03 17"
,"Name of Lobbyist":"Brian G. Hart, MCP"
,"Company":""
,"Phone Number":"604-537-4743"
,"Nature of Lobbying":""
,"Client":"Property Owner"
,"Project No. ":"7910-0058-00"
}
,{
"json_featuretype":"CSV"
,"Registration Date":"2010 03 19"
,"Name of Lobbyist":"R.A. (Rick) Johnson"
,"Company":"R.A. (Rick) Johnson"
,"Phone Number":"604-530-6283"
,"Nature of Lobbying":"Not disclosed"
,"Client":"Kwantlen Polytechnic University"
,"Project No. ":"7910-0063-00"
}
,{
"json_featuretype":"CSV"
,"Registration Date":"2010 03 29"
,"Name of Lobbyist":"Roger Jawanda"
,"Company":"Citiwest Consulting Ltd."
,"Phone Number":"604-591-2213"
,"Nature of Lobbying":"Engineering Consultant"
,"Client":"Property Owner"
,"Project No. ":"7910-0068-00"
}
,{
"json_featuretype":"CSV"
,"Registration Date":"2010 04 01"
,"Name of Lobbyist":"Debby Gill"
,"Company":"Krahn Engineering"
,"Phone Number":"604-853-8831"
,"Nature of Lobbying":"Engineering Consultant"
,"Client":"G.D. Wolfe Holdings"
,"Project No. ":"7910-0071-00"
}
,{
"json_featuretype":"CSV"
,"Registration Date":"2010 04 14"
,"Name of Lobbyist":"Clarence Arychuk"
,"Company":"Hunter Laird Engineering"
,"Phone Number":"604-525-4651"
,"Nature of Lobbying":"Engineering Consultant"
,"Client":"Property Owner"
,"Project No. ":"7910-0079-00"
}
,{
"json_featuretype":"CSV"
,"Registration Date":"2010 04 20"
,"Name of Lobbyist":"Fariba Gharaei"
,"Company":"Urban Design Group Architects"
,"Phone Number":"604-684-2334"
,"Nature of Lobbying":"Architectural Consultant"
,"Client":"Property Owner"
,"Project No. ":"7910-0089-00"
}
,{
"json_featuretype":"CSV"
,"Registration Date":"2010 04 23"
,"Name of Lobbyist":"Art Phillips"
,"Company":""
,"Phone Number":"604-925-8218"
,"Nature of Lobbying":"Development Planning"
,"Client":"Morgan Crossin Properties"
,"Project No. ":"7910-0096-00"
}
,{
"json_featuretype":"CSV"
,"Registration Date":"2010 04 27"
,"Name of Lobbyist":"Clarence Arychuk"
,"Company":"Hunter Laird Engineering"
,"Phone Number":"604-525-4651"
,"Nature of Lobbying":"Engineering Consultant"
,"Client":"Property Owner"
,"Project No. ":"7910-0099-00"
}
,{
"json_featuretype":"CSV"
,"Registration Date":"2010 04 28"
,"Name of Lobbyist":"T. Yamamoto"
,"Company":"Yamamoto Architecture"
,"Phone Number":"604-731-1127"
,"Nature of Lobbying":"Architectural Consultant"
,"Client":"Property Owner"
,"Project No. ":"7910-0100-00"
}
,{
"json_featuretype":"CSV"
,"Registration Date":"2010 04 30"
,"Name of Lobbyist":"Cindy Burten"
,"Company":"C. Burton Enterprises"
,"Phone Number":"604-688-1149"
,"Nature of Lobbying":"Business Consulting"
,"Client":"Pilot Grove Development"
,"Project No. ":"7909-0250-00"
}
,{
"json_featuretype":"CSV"
,"Registration Date":"2010 05 04"
,"Name of Lobbyist":"Avnash Banwait"
,"Company":"Mainland Engineering"
,"Phone Number":"604-543-8044"
,"Nature of Lobbying":"Engineering Consultant"
,"Client":"Not disclosed"
,"Project No. ":"7910-0106-00"
}
,{
"json_featuretype":"CSV"
,"Registration Date":"2010 05 10"
,"Name of Lobbyist":"Addison Hubert"
,"Company":"Preferred Choice Properties"
,"Phone Number":"604-506-2215"
,"Nature of Lobbying":"Not disclosed"
,"Client":""
,"Project No. ":"7910-0108-00"
}
,{
"json_featuretype":"CSV"
,"Registration Date":"2010 05 12"
,"Name of Lobbyist":"Oleg Verbenkov"
,"Company":"Pacific Land Group"
,"Phone Number":"604-501-1624"
,"Nature of Lobbying":"Planning & Consulting"
,"Client":"B&B Contracting Ltd."
,"Project No. ":"7910-0113-00"
}
,{
"json_featuretype":"CSV"
,"Registration Date":"2010 05 13"
,"Name of Lobbyist":"Maggie Koka"
,"Company":"Aplin & Martin Consultants"
,"Phone Number":"604-597-9058"
,"Nature of Lobbying":"Engineering Consultant"
,"Client":"Property Owner"
,"Project No. ":"7910-0091-00"
}
,{
"json_featuretype":"CSV"
,"Registration Date":"2010 06 16"
,"Name of Lobbyist":"Clarence Arychuk"
,"Company":"Hunter Laird Engineering"
,"Phone Number":"604-525-4651"
,"Nature of Lobbying":"Engineering Consultant"
,"Client":"Property Owner"
,"Project No. ":"7910-0135-00"
}
,{
"json_featuretype":"CSV"
,"Registration Date":"2010 06 17"
,"Name of Lobbyist":"Dave Boswell"
,"Company":"Focus Architecture Inc"
,"Phone Number":"604-853-5222"
,"Nature of Lobbying":"Architectural Consultant"
,"Client":"New Cory Investments"
,"Project No. ":"7910-0139-00"
}
,{
"json_featuretype":"CSV"
,"Registration Date":"2010 06 23"
,"Name of Lobbyist":"Maggie Koka"
,"Company":"Aplin & Martin Consultants"
,"Phone Number":"604-597-9058"
,"Nature of Lobbying":"Engineering Consultant"
,"Client":"Property Owner"
,"Project No. ":""
}
,{
"json_featuretype":"CSV"
,"Registration Date":"2010 06 23"
,"Name of Lobbyist":"Oleg Verbenkov"
,"Company":"Pacific Land Group"
,"Phone Number":"604-501-1624"
,"Nature of Lobbying":"Planning & Consulting"
,"Client":"Property Owner"
,"Project No. ":"7910-0144-00"
}
,{
"json_featuretype":"CSV"
,"Registration Date":"2010 06 28"
,"Name of Lobbyist":"Sharif Senbel"
,"Company":"Studio Senbel Architecture"
,"Phone Number":"604-605-6995"
,"Nature of Lobbying":"Architectural Consultant"
,"Client":"Al Mustafa Academy/ CHA"
,"Project No. ":"7910-0153-00"
}
,{
"json_featuretype":"CSV"
,"Registration Date":"2010 06 28"
,"Name of Lobbyist":"Roger Jawanda"
,"Company":"Citiwest Consulting Ltd."
,"Phone Number":"604-591-2213"
,"Nature of Lobbying":"Engineering Consultant"
,"Client":"A & B Family Holdings"
,"Project No. ":"7910-0156-00"
}
,{
"json_featuretype":"CSV"
,"Registration Date":"2010 06 29"
,"Name of Lobbyist":"Oleg Verbenkov"
,"Company":"Pacific Land Group"
,"Phone Number":"604-501-1624"
,"Nature of Lobbying":"Planning & Consulting"
,"Client":"Property Owner"
,"Project No. ":"7910-0158-00"
}
,{
"json_featuretype":"CSV"
,"Registration Date":"2010 07 07"
,"Name of Lobbyist":"Wojciech Grzybowicz"
,"Company":"WG Architecture"
,"Phone Number":"604-331-2378"
,"Nature of Lobbying":"Architectural Consultant"
,"Client":"Property Owner"
,"Project No. ":"7910-0163-00"
}
,{
"json_featuretype":"CSV"
,"Registration Date":"2010 07 15"
,"Name of Lobbyist":"Roger Jawanda"
,"Company":"Citiwest Consulting Ltd."
,"Phone Number":"604-591-2213"
,"Nature of Lobbying":"Engineering Consultant"
,"Client":"Property Owner"
,"Project No. ":""
}
,{
"json_featuretype":"CSV"
,"Registration Date":"2010 07 15"
,"Name of Lobbyist":"Wendy Lee Whelen"
,"Company":""
,"Phone Number":"778-838-9052"
,"Nature of Lobbying":"Planning & Dev Consultant"
,"Client":"Grady Developments"
,"Project No. ":"7910-0173-00"
}
,{
"json_featuretype":"CSV"
,"Registration Date":"2010 07 15"
,"Name of Lobbyist":"Clarence Arychuk"
,"Company":"Hunter Laird Engineering"
,"Phone Number":"604-525-4651"
,"Nature of Lobbying":"Engineering Consultant"
,"Client":"Stronghold Capital Inc."
,"Project No. ":"7910-0175-00"
}
,{
"json_featuretype":"CSV"
,"Registration Date":"2010 07 22"
,"Name of Lobbyist":"Clarence Arychuk"
,"Company":"Hunter Laird Engineering"
,"Phone Number":"604-525-4651"
,"Nature of Lobbying":"Engineering Consultant"
,"Client":"Property Owner"
,"Project No. ":"7910-0178-00"
}
,{
"json_featuretype":"CSV"
,"Registration Date":"2010 07 26"
,"Name of Lobbyist":"Avnash Banwait"
,"Company":"Mainland Engineering"
,"Phone Number":"604-543-8044"
,"Nature of Lobbying":"Engineering Consultant"
,"Client":"0727386 BC Ltd"
,"Project No. ":"7910-0301-00"
}
,{
"json_featuretype":"CSV"
,"Registration Date":"2010 07 27"
,"Name of Lobbyist":"Wally P. Semenoff"
,"Company":"Pacific Land Group"
,"Phone Number":"604-501-1624"
,"Nature of Lobbying":"Development Planning"
,"Client":"Seaside Painters & Sandblasters"
,"Project No. ":""
}
,{
"json_featuretype":"CSV"
,"Registration Date":"2010 07 28"
,"Name of Lobbyist":"Oleg Verbenkov"
,"Company":"Pacific Land Group"
,"Phone Number":"604-501-1624"
,"Nature of Lobbying":"Land use Consultant"
,"Client":"Surrey City Development Corp."
,"Project No. ":"7910-0179-00"
}
,{
"json_featuretype":"CSV"
,"Registration Date":"2010 07 30"
,"Name of Lobbyist":"Mark Ankenman"
,"Company":"Ankenman Associates Architects"
,"Phone Number":"604-536-1600"
,"Nature of Lobbying":"Architectural Consultant"
,"Client":"Property Owner"
,"Project No. ":"7910-0184-00"
}
,{
"json_featuretype":"CSV"
,"Registration Date":"2010 08 10"
,"Name of Lobbyist":"Maggie Koka"
,"Company":"Aplin & Martin Consultants"
,"Phone Number":"604-597-9058"
,"Nature of Lobbying":"Engineering Consultant"
,"Client":"Property Owner"
,"Project No. ":"7910-0177-00"
}
,{
"json_featuretype":"CSV"
,"Registration Date":"2010 08 18"
,"Name of Lobbyist":"Oleg Verbenkov"
,"Company":"Pacific Land Group"
,"Phone Number":"604-501-1624"
,"Nature of Lobbying":"Engineering Consultant"
,"Client":"Property Owner"
,"Project No. ":"7910-0198-00"
}
,{
"json_featuretype":"CSV"
,"Registration Date":"2010 08 20"
,"Name of Lobbyist":"Wojciech Grzybowicz"
,"Company":"WG Architecture"
,"Phone Number":"604-331-2378"
,"Nature of Lobbying":"Architectural Consultant"
,"Client":"Property Owner"
,"Project No. ":"7910-0203-00"
}
,{
"json_featuretype":"CSV"
,"Registration Date":"2010 08 23"
,"Name of Lobbyist":"Lana Wu"
,"Company":"Remax Colonial Pacific Realty"
,"Phone Number":"604-541-4888"
,"Nature of Lobbying":"Real Estate Consultant"
,"Client":"Property Owner"
,"Project No. ":"7910-0204-00"
}
,{
"json_featuretype":"CSV"
,"Registration Date":"2010 08 26"
,"Name of Lobbyist":"Avnash Banwait"
,"Company":"Mainland Engineering"
,"Phone Number":"604-543-8044"
,"Nature of Lobbying":"Engineering Consultant"
,"Client":"Property Owner"
,"Project No. ":"7910-0212-00"
}
,{
"json_featuretype":"CSV"
,"Registration Date":"2010 09 08"
,"Name of Lobbyist":"Mark Ehman"
,"Company":"DA Architects & Planners"
,"Phone Number":"604-685-6312"
,"Nature of Lobbying":"Architectural Consultant"
,"Client":"School District No. 36"
,"Project No. ":"7910-0225-00"
}
,{
"json_featuretype":"CSV"
,"Registration Date":"2010 09 08"
,"Name of Lobbyist":"Charlie Seaman"
,"Company":"Atlas"
,"Phone Number":"604-856-7983"
,"Nature of Lobbying":"Sign Contractor"
,"Client":"Rio Can S. Surrey Shopping Ctr"
,"Project No. ":"7910-0224-00"
}
,{
"json_featuretype":"CSV"
,"Registration Date":"2010 09 10"
,"Name of Lobbyist":"Kiersten Enemark"
,"Company":"Standard Land Company Inc."
,"Phone Number":"604-687-1119"
,"Nature of Lobbying":"Communications"
,"Client":"Rogers Communications Inc."
,"Project No. ":"7910-0227-00"
}
,{
"json_featuretype":"CSV"
,"Registration Date":"2010 09 13"
,"Name of Lobbyist":"Lori Joyce"
,"Company":"H.Y. Engineering Ltd."
,"Phone Number":"604-583-1616"
,"Nature of Lobbying":"Engineering Consultant"
,"Client":"Interra Developments"
,"Project No. ":"7910-0230-00"
}
,{
"json_featuretype":"CSV"
,"Registration Date":"2010 09 14"
,"Name of Lobbyist":"Elsa Yip"
,"Company":"Abbarch Architecture Inc."
,"Phone Number":"604-669-4041"
,"Nature of Lobbying":"Architectural Consultant"
,"Client":"Property Owner"
,"Project No. ":"7910-0235-00"
}
,{
"json_featuretype":"CSV"
,"Registration Date":"2010 09 15"
,"Name of Lobbyist":""
,"Company":"Northstar Signs & Lighting"
,"Phone Number":"778-388-5343"
,"Nature of Lobbying":"Sign Installation Service"
,"Client":"Jim Pattison Toyota"
,"Project No. ":"7910-0223-00"
}
,{
"json_featuretype":"CSV"
,"Registration Date":"2010 09 22"
,"Name of Lobbyist":"Kiersten Enemark"
,"Company":"Standard Land Company Inc."
,"Phone Number":"604-687-1119"
,"Nature of Lobbying":"Communications"
,"Client":"Rogers Communications Inc."
,"Project No. ":"7910-0239-00"
}
,{
"json_featuretype":"CSV"
,"Registration Date":"2010 09 22"
,"Name of Lobbyist":"Kristin Cassie"
,"Company":"Radicalus Montessori Society"
,"Phone Number":"604-574-5399"
,"Nature of Lobbying":"Education - Elementary/ Secondary"
,"Client":"Radicalus Montessori Society"
,"Project No. ":"7910-0238-00"
}
,{
"json_featuretype":"CSV"
,"Registration Date":"2010 09 22"
,"Name of Lobbyist":"Clarence Arychuk"
,"Company":"Hunter Laird Engineering"
,"Phone Number":"604-525-4651"
,"Nature of Lobbying":"Engineering Consultant"
,"Client":"Aspen Developments Ltd."
,"Project No. ":"7910-0232-00"
}
,{
"json_featuretype":"CSV"
,"Registration Date":"2010 09 30"
,"Name of Lobbyist":"Lori Joyce"
,"Company":"H.Y. Engineering Ltd."
,"Phone Number":"604-583-1616"
,"Nature of Lobbying":"Engineering Consultant"
,"Client":"Property Owner"
,"Project No. ":"7910-0245-00"
}
,{
"json_featuretype":"CSV"
,"Registration Date":"2010 09 30"
,"Name of Lobbyist":"Ken Chow"
,"Company":"Pioneer Engineering "
,"Phone Number":"604-737-0333"
,"Nature of Lobbying":"Engineering Consultant"
,"Client":"PLEA Community Services"
,"Project No. ":"7910-0244-00"
}
,{
"json_featuretype":"CSV"
,"Registration Date":"2010 10 04"
,"Name of Lobbyist":"Wojciech Grzybowicz"
,"Company":"WG Architecture"
,"Phone Number":"604-331-2378"
,"Nature of Lobbying":"Architectural Consultant"
,"Client":"Property Owner"
,"Project No. ":"7910-0247-00"
}
,{
"json_featuretype":"CSV"
,"Registration Date":"2010 10 04 "
,"Name of Lobbyist":"Wojciech Grzybowicz"
,"Company":"WG Architecture"
,"Phone Number":"604-331-2378"
,"Nature of Lobbying":"Architectural Consultant"
,"Client":"Azure North Construction"
,"Project No. ":"7910-0248-00"
}
,{
"json_featuretype":"CSV"
,"Registration Date":"2010 10 06"
,"Name of Lobbyist":"Lori Joyce"
,"Company":"H.Y. Engineering Ltd."
,"Phone Number":"604-583-1616"
,"Nature of Lobbying":"Engineering Consultant"
,"Client":"Property Owner"
,"Project No. ":""
}
,{
"json_featuretype":"CSV"
,"Registration Date":"2010 10 07"
,"Name of Lobbyist":"Doug McLachlan"
,"Company":"IBI Group"
,"Phone Number":"604-683-8797"
,"Nature of Lobbying":"Architectural Consultant"
,"Client":"Fraser Health Authority"
,"Project No. ":"7910-0253-00"
}
,{
"json_featuretype":"CSV"
,"Registration Date":"2010 10 13"
,"Name of Lobbyist":"Michael E. Helle"
,"Company":"Coastland Engineering & Surveing"
,"Phone Number":"604-532-9700"
,"Nature of Lobbying":"Engineering Consultant"
,"Client":"Mayfair Realty"
,"Project No. ":"7910-0254-00"
}
,{
"json_featuretype":"CSV"
,"Registration Date":"2010 10 19"
,"Name of Lobbyist":"Sukhi Atwal"
,"Company":""
,"Phone Number":"604-726-0085"
,"Nature of Lobbying":"Agent for City Process"
,"Client":"Property Owner"
,"Project No. ":"7910-0081-00"
}
,{
"json_featuretype":"CSV"
,"Registration Date":"2010 10 19"
,"Name of Lobbyist":"Patrick Cotter"
,"Company":"Patrick Cotter Architects Inc."
,"Phone Number":"604-272-1477"
,"Nature of Lobbying":"Architectural Consultant"
,"Client":"0882160 BC Ltd."
,"Project No. ":"7910-0258-00"
}
,{
"json_featuretype":"CSV"
,"Registration Date":"2010 10 19"
,"Name of Lobbyist":"Michael McNaught"
,"Company":"CEI Architecture Planning"
,"Phone Number":"604-687-1898"
,"Nature of Lobbying":"Architectural Consultant"
,"Client":"Fraser Health Authority"
,"Project No. ":"7910-0261-00"
}
,{
"json_featuretype":"CSV"
,"Registration Date":"2010 10 19"
,"Name of Lobbyist":"Clarence Arychuk"
,"Company":"Hunter Laird Engineering"
,"Phone Number":"604-525-4651"
,"Nature of Lobbying":"Engineering Consultant"
,"Client":"0766642 BC Ltd."
,"Project No. ":"7910-0257-00"
}
,{
"json_featuretype":"CSV"
,"Registration Date":"2010 10 19"
,"Name of Lobbyist":"Fred Harris"
,"Company":""
,"Phone Number":"604-290-4452"
,"Nature of Lobbying":"Residential Builder"
,"Client":"Nanoose Harbour Holdings"
,"Project No. ":"7910-0259-00"
}
,{
"json_featuretype":"CSV"
,"Registration Date":"2010 10 21"
,"Name of Lobbyist":"Donald C. Andrew MAIBCA"
,"Company":"Creekside Architects"
,"Phone Number":"604-733-3125"
,"Nature of Lobbying":"Architectural Consultant"
,"Client":"Pioneer Designs(Monterosso)"
,"Project No. ":"7910-0263-00"
}
,{
"json_featuretype":"CSV"
,"Registration Date":"2010 10 26"
,"Name of Lobbyist":"Maggie Koka"
,"Company":"Aplin & Martin Consultants"
,"Phone Number":"604-597-9058"
,"Nature of Lobbying":"Engineering Consultant"
,"Client":"Property Owner"
,"Project No. ":"7910-0266-00"
}
,{
"json_featuretype":"CSV"
,"Registration Date":"2010 10 26"
,"Name of Lobbyist":"Thomas Woo"
,"Company":"Townline Homes"
,"Phone Number":"604-276-8823"
,"Nature of Lobbying":"Real Estate Consultant"
,"Client":"BPRT Holdings"
,"Project No. ":"7910-0265-00"
}
,{
"json_featuretype":"CSV"
,"Registration Date":"2010 10 27"
,"Name of Lobbyist":"Michael E. Helle"
,"Company":"Coastland Engineering & Surveing"
,"Phone Number":"604-532-9700"
,"Nature of Lobbying":"Engineering Consultant"
,"Client":"0898019 BC Ltd "
,"Project No. ":"7910-0267-00"
}
,{
"json_featuretype":"CSV"
,"Registration Date":"2010 10 27"
,"Name of Lobbyist":"Clarence Arychuk"
,"Company":"Hunter Laird Engineering"
,"Phone Number":"604-525-4651"
,"Nature of Lobbying":"Engineering Consultant"
,"Client":"Property Owner"
,"Project No. ":"7910-0270-00"
}
,{
"json_featuretype":"CSV"
,"Registration Date":"2010 10 29"
,"Name of Lobbyist":"Debra C. Costanzo"
,"Company":"Etruscan Design Assoc."
,"Phone Number":"604-541-8409"
,"Nature of Lobbying":"Not disclosed"
,"Client":"Derby Bar & Grill Inc."
,"Project No. ":"7910-0088"
}
,{
"json_featuretype":"CSV"
,"Registration Date":"2010 11 01"
,"Name of Lobbyist":"Milton Koop"
,"Company":"Koop Consulting Ltd."
,"Phone Number":"604-807-2970"
,"Nature of Lobbying":"Project Mgmt Consulting"
,"Client":"Clayton Heights Care Holdings"
,"Project No. ":"7910-0274-00"
}
,{
"json_featuretype":"CSV"
,"Registration Date":"2010 11 04"
,"Name of Lobbyist":"Avnash Banwait"
,"Company":"Mainland Engineering"
,"Phone Number":"604-543-8044"
,"Nature of Lobbying":"Engineering Consultant"
,"Client":"Property Owner"
,"Project No. ":"7910-0278-00"
}
,{
"json_featuretype":"CSV"
,"Registration Date":"2010 11 05"
,"Name of Lobbyist":"Victor Setton"
,"Company":"Porte Development Corp."
,"Phone Number":"604-732-7651"
,"Nature of Lobbying":"Real Estate Consultant"
,"Client":"Property Owner"
,"Project No. ":"7910-0279-00"
}
,{
"json_featuretype":"CSV"
,"Registration Date":"2010 11 09"
,"Name of Lobbyist":"David J. Ho"
,"Company":"David J. Ho Architect Inc."
,"Phone Number":"604-469-9649"
,"Nature of Lobbying":"Architectural Consultant"
,"Client":"Property Owner"
,"Project No. ":"7910-0280"
}
,{
"json_featuretype":"CSV"
,"Registration Date":"2010 11 10"
,"Name of Lobbyist":"B. Gill"
,"Company":""
,"Phone Number":"604-580-0411"
,"Nature of Lobbying":"Childcare"
,"Client":"Property Owner"
,"Project No. ":"7910-0284-00"
}
,{
"json_featuretype":"CSV"
,"Registration Date":"2010 11 10"
,"Name of Lobbyist":"Michael E. Helle"
,"Company":"Coastland Engineering & Surveing"
,"Phone Number":"604-532-9700"
,"Nature of Lobbying":"Engineering Consultant"
,"Client":"Property Owner"
,"Project No. ":"7910-0283-00"
}
,{
"json_featuretype":"CSV"
,"Registration Date":"2010 11 15"
,"Name of Lobbyist":"Roger Jawanda"
,"Company":"Citiwest Consulting Ltd."
,"Phone Number":"604-591-2213"
,"Nature of Lobbying":"Engineering Consultant"
,"Client":"Property Owner"
,"Project No. ":"7910-0288-00"
}
,{
"json_featuretype":"CSV"
,"Registration Date":"2010 11 19"
,"Name of Lobbyist":"Clarence Arychuk"
,"Company":"Hunter Laird Engineering"
,"Phone Number":"604-525-4651"
,"Nature of Lobbying":"Engineering Consultant"
,"Client":"Elkay Developments"
,"Project No. ":"7910-0292-00"
}
,{
"json_featuretype":"CSV"
,"Registration Date":"2010 11 24"
,"Name of Lobbyist":"David "
,"Company":"Galaxie Signs"
,"Phone Number":"604-291-6011"
,"Nature of Lobbying":"Signs and Awnings"
,"Client":"Property Owner"
,"Project No. ":"7910-0299-00"
}
,{
"json_featuretype":"CSV"
,"Registration Date":"2010 11 26"
,"Name of Lobbyist":"Maggie Koka"
,"Company":"Aplin & Martin Consultants"
,"Phone Number":"604-597-9058"
,"Nature of Lobbying":"Engineering Consultant"
,"Client":"Property Owner"
,"Project No. ":"7910-0298-00"
}
,{
"json_featuretype":"CSV"
,"Registration Date":"2010 12 01"
,"Name of Lobbyist":"Oleg Verbenkov"
,"Company":"Pacific Land Group"
,"Phone Number":"604-501-1624"
,"Nature of Lobbying":"Engineering Consultant"
,"Client":"City of Surrey"
,"Project No. ":"7910-0304-00"
}
,{
"json_featuretype":"CSV"
,"Registration Date":"2010 12 03"
,"Name of Lobbyist":"Lori Joyce"
,"Company":"H.Y. Engineering Ltd."
,"Phone Number":"604-583-1616"
,"Nature of Lobbying":"Engineering Consultant"
,"Client":"Property Owner"
,"Project No. ":"7910-0306-00"
}
,{
"json_featuretype":"CSV"
,"Registration Date":"2010 12 03"
,"Name of Lobbyist":"Dexter Hirabe"
,"Company":"Urban Lands Consulting"
,"Phone Number":"604-866-0230"
,"Nature of Lobbying":"Land use Consultant"
,"Client":"Property Owner"
,"Project No. ":"7910-0307-00"
}
,{
"json_featuretype":"CSV"
,"Registration Date":"2010 12 06"
,"Name of Lobbyist":"Peter Dandyk"
,"Company":"Peter J. Dandyk Architect Inc."
,"Phone Number":"604-943-1213"
,"Nature of Lobbying":"Architectural Consultant"
,"Client":"Common Exchange"
,"Project No. ":"7910-0311-00"
}
,{
"json_featuretype":"CSV"
,"Registration Date":"2010 12 07"
,"Name of Lobbyist":""
,"Company":"Dawson & Sawyer Lands Ltd."
,"Phone Number":"604-626-5040"
,"Nature of Lobbying":"Real Estate Consultant"
,"Client":"Dawson & Sawyer Lands Ltd."
,"Project No. ":"7910-0309-00"
}
,{
"json_featuretype":"CSV"
,"Registration Date":"2010 12 08"
,"Name of Lobbyist":"Simranjeet S. Dhanoa"
,"Company":"0888399 BC Ltd."
,"Phone Number":"778-322-8578"
,"Nature of Lobbying":"Not disclosed"
,"Client":"Property Owner"
,"Project No. ":"7910-0313-00"
}
,{
"json_featuretype":"CSV"
,"Registration Date":"2010 12 13"
,"Name of Lobbyist":"Zulfikar/ Zulie Visram"
,"Company":"Self-employed"
,"Phone Number":"604-572-6607"
,"Nature of Lobbying":"Not disclosed"
,"Client":"Fleetwood Paint & Decorating"
,"Project No. ":"7910-0303-00"
}
,{
"json_featuretype":"CSV"
,"Registration Date":"2010 12 21"
,"Name of Lobbyist":"Lori Joyce"
,"Company":"H.Y. Engineering Ltd."
,"Phone Number":"604-583-1616"
,"Nature of Lobbying":"Engineering Consultant"
,"Client":"Property Owner"
,"Project No. ":"7908-0053"
}
,{
"json_featuretype":"CSV"
,"Registration Date":"2010 12 22"
,"Name of Lobbyist":"Paul Dabbs"
,"Company":"Omicron Canada inc."
,"Phone Number":"604-632-4136"
,"Nature of Lobbying":"Design Consultant"
,"Client":"Loblaw Properties West inc."
,"Project No. ":"7910-0319-00 "
}
,{
"json_featuretype":"CSV"
,"Registration Date":"7910-0321-00\""
}
,{
"json_featuretype":"CSV"
,"Registration Date":"2010 12 22"
,"Name of Lobbyist":"Steven Earle Forrest"
,"Company":"Adera Development"
,"Phone Number":"778-928-2727"
,"Nature of Lobbying":"Real Estate Consultant"
,"Client":"Adera Development"
,"Project No. ":"7910-0320-00"
}
,{
"json_featuretype":"CSV"
,"Registration Date":"2010 12 23"
,"Name of Lobbyist":"Jacques Beaudreault"
,"Company":"Musson Cattell Mackey"
,"Phone Number":"604-687-2990"
,"Nature of Lobbying":"Not disclosed"
,"Client":"Guildford town Center Partnerhsip"
,"Project No. ":"7910-0323-00"
}
]