[
{
"json_featuretype":"CSV"
,"CITY OF SURREY":"OPEN DATA 2015 YEAR TO DATE DEPARTMENT FINANCIAL INFORMATION - ACTUALS"
,"col1":""
,"col2":""
,"col3":""
,"col4":""
,"col5":""
,"col6":""
,"col7":""
,"col8":""
,"col9":""
,"col10":""
,"col11":""
,"col12":""
,"col13":""
,"col14":""
,"col15":""
,"col16":""
,"col17":""
,"col18":""
,"col19":""
,"col20":""
,"col21":""
,"col22":""
,"col23":""
,"col24":""
,"col25":""
,"col26":""
,"col27":""
,"col28":""
,"col29":""
,"col30":""
,"col31":""
,"col32":""
}
,{
"json_featuretype":"CSV"
,"CITY OF SURREY":"For the Period:  201500 - 201512"
,"col1":""
,"col2":""
,"col3":""
,"col4":""
,"col5":""
,"col6":""
,"col7":""
,"col8":""
,"col9":""
,"col10":""
,"col11":""
,"col12":""
,"col13":""
,"col14":""
,"col15":""
,"col16":""
,"col17":""
,"col18":""
,"col19":""
,"col20":""
,"col21":""
,"col22":""
,"col23":""
,"col24":""
,"col25":""
,"col26":""
,"col27":""
,"col28":""
,"col29":""
,"col30":""
,"col31":""
,"col32":""
}
,{
"json_featuretype":"CSV"
,"CITY OF SURREY":"For Funds: ´100´,´103´,´105´,´106´,´107´,´200´,´300´,´305´,´400´"
,"col1":""
,"col2":""
,"col3":""
,"col4":""
,"col5":""
,"col6":""
,"col7":""
,"col8":""
,"col9":""
,"col10":""
,"col11":""
,"col12":""
,"col13":""
,"col14":""
,"col15":""
,"col16":""
,"col17":""
,"col18":""
,"col19":""
,"col20":""
,"col21":""
,"col22":""
,"col23":""
,"col24":""
,"col25":""
,"col26":""
,"col27":""
,"col28":""
,"col29":""
,"col30":""
,"col31":""
,"col32":""
}
,{
"json_featuretype":"CSV"
,"CITY OF SURREY":""
,"col1":""
,"col2":""
,"col3":"REVENUES"
,"col4":""
,"col5":""
,"col6":""
,"col7":"EXPENDITURES"
,"col8":""
,"col9":""
,"col10":""
,"col11":""
,"col12":""
,"col13":"INTERNAL TRANSFERS"
,"col14":""
,"col15":""
,"col16":""
,"col17":""
,"col18":""
,"col19":""
,"col20":""
,"col21":""
,"col22":""
,"col23":""
,"col24":""
,"col25":""
,"col26":""
,"col27":""
,"col28":""
,"col29":""
,"col30":""
,"col31":""
,"col32":""
}
,{
"json_featuretype":"CSV"
,"CITY OF SURREY":""
,"col1":""
,"col2":""
,"col3":""
,"col4":"Sales and"
,"col5":"Grants, Donations"
,"col6":""
,"col7":"Salaries &"
,"col8":"Operating"
,"col9":"Internal Serv."
,"col10":"Internal Serv."
,"col11":"External"
,"col12":""
,"col13":"Trsf from"
,"col14":"Trsf to"
,"col15":""
,"col16":"NET (SURPLUS)"
,"col17":""
,"col18":""
,"col19":""
,"col20":""
,"col21":""
,"col22":""
,"col23":""
,"col24":""
,"col25":""
,"col26":""
,"col27":""
,"col28":""
,"col29":""
,"col30":""
,"col31":""
,"col32":""
}
,{
"json_featuretype":"CSV"
,"CITY OF SURREY":"Fund"
,"col1":"Department"
,"col2":"Financial Plan Division"
,"col3":"Taxation"
,"col4":"Services"
,"col5":"and Other"
,"col6":"TOTAL"
,"col7":"Benefits"
,"col8":"Costs"
,"col9":"Used"
,"col10":"Recovered"
,"col11":"Recoveries"
,"col12":"TOTAL"
,"col13":"Own Sources"
,"col14":"Own Sources"
,"col15":"TOTAL"
,"col16":"EXPENDITURES"
,"col17":""
,"col18":""
,"col19":""
,"col20":""
,"col21":""
,"col22":""
,"col23":""
,"col24":""
,"col25":""
,"col26":""
,"col27":""
,"col28":""
,"col29":""
,"col30":""
,"col31":""
,"col32":""
}
,{
"json_featuretype":"CSV"
,"CITY OF SURREY":"General Operating"
,"col1":"Corporate"
,"col2":"Corporate"
,"col3":"-290,753,111"
,"col4":"-19,517,810"
,"col5":"-34,126,462"
,"col6":"-344,397,383"
,"col7":"9,767"
,"col8":"12,969,606"
,"col9":"82,500"
,"col10":"-10,017,000"
,"col11":"0"
,"col12":"3,044,873"
,"col13":"-43,889,181"
,"col14":"109,375,380"
,"col15":"65,486,199"
,"col16":"-275,866,311"
,"col17":""
,"col18":""
,"col19":""
,"col20":""
,"col21":""
,"col22":""
,"col23":""
,"col24":""
,"col25":""
,"col26":""
,"col27":""
,"col28":""
,"col29":""
,"col30":""
,"col31":""
,"col32":""
}
,{
"json_featuretype":"CSV"
,"CITY OF SURREY":"General Operating"
,"col1":"Grants"
,"col2":"MCG - City Grants"
,"col3":"0"
,"col4":"0"
,"col5":"0"
,"col6":"0"
,"col7":"0"
,"col8":"1,775,972"
,"col9":"0"
,"col10":"0"
,"col11":"0"
,"col12":"1,775,972"
,"col13":"-500,000"
,"col14":"221,028"
,"col15":"-278,972"
,"col16":"1,497,000"
,"col17":""
,"col18":""
,"col19":""
,"col20":""
,"col21":""
,"col22":""
,"col23":""
,"col24":""
,"col25":""
,"col26":""
,"col27":""
,"col28":""
,"col29":""
,"col30":""
,"col31":""
,"col32":""
}
,{
"json_featuretype":"CSV"
,"CITY OF SURREY":"General Operating"
,"col1":"Mayor & Council"
,"col2":"MCG - Office of the Mayor"
,"col3":"0"
,"col4":"0"
,"col5":"0"
,"col6":"0"
,"col7":"771,384"
,"col8":"146,114"
,"col9":"3,370"
,"col10":"-6,186"
,"col11":"-3,792"
,"col12":"910,890"
,"col13":"-197,000"
,"col14":"0"
,"col15":"-197,000"
,"col16":"713,890"
,"col17":""
,"col18":""
,"col19":""
,"col20":""
,"col21":""
,"col22":""
,"col23":""
,"col24":""
,"col25":""
,"col26":""
,"col27":""
,"col28":""
,"col29":""
,"col30":""
,"col31":""
,"col32":""
}
,{
"json_featuretype":"CSV"
,"CITY OF SURREY":"General Operating"
,"col1":"Mayor & Council"
,"col2":"MCG - Council"
,"col3":"0"
,"col4":"0"
,"col5":"0"
,"col6":"0"
,"col7":"591,431"
,"col8":"72,436"
,"col9":"35"
,"col10":"0"
,"col11":"-1,578"
,"col12":"662,324"
,"col13":"0"
,"col14":"0"
,"col15":"0"
,"col16":"662,324"
,"col17":""
,"col18":""
,"col19":""
,"col20":""
,"col21":""
,"col22":""
,"col23":""
,"col24":""
,"col25":""
,"col26":""
,"col27":""
,"col28":""
,"col29":""
,"col30":""
,"col31":""
,"col32":""
}
,{
"json_featuretype":"CSV"
,"CITY OF SURREY":"General Operating"
,"col1":"City Manager"
,"col2":"City Mgr - Administration"
,"col3":"0"
,"col4":"-354"
,"col5":"0"
,"col6":"-354"
,"col7":"907,552"
,"col8":"145,731"
,"col9":"38,642"
,"col10":"-203,545"
,"col11":"-2,088"
,"col12":"886,292"
,"col13":"0"
,"col14":"0"
,"col15":"0"
,"col16":"885,938"
,"col17":""
,"col18":""
,"col19":""
,"col20":""
,"col21":""
,"col22":""
,"col23":""
,"col24":""
,"col25":""
,"col26":""
,"col27":""
,"col28":""
,"col29":""
,"col30":""
,"col31":""
,"col32":""
}
,{
"json_featuretype":"CSV"
,"CITY OF SURREY":"General Operating"
,"col1":"City Manager"
,"col2":"IIR - Economic Development"
,"col3":"0"
,"col4":"0"
,"col5":"-87,350"
,"col6":"-87,350"
,"col7":"666,554"
,"col8":"268,800"
,"col9":"18,828"
,"col10":"-13,446"
,"col11":"-42,842"
,"col12":"897,894"
,"col13":"-20,000"
,"col14":"0"
,"col15":"-20,000"
,"col16":"790,544"
,"col17":""
,"col18":""
,"col19":""
,"col20":""
,"col21":""
,"col22":""
,"col23":""
,"col24":""
,"col25":""
,"col26":""
,"col27":""
,"col28":""
,"col29":""
,"col30":""
,"col31":""
,"col32":""
}
,{
"json_featuretype":"CSV"
,"CITY OF SURREY":"General Operating"
,"col1":"City Manager"
,"col2":"City Mgr - Legal Services"
,"col3":"0"
,"col4":"0"
,"col5":"0"
,"col6":"0"
,"col7":"1,824,912"
,"col8":"249,731"
,"col9":"4,301"
,"col10":"-59,720"
,"col11":"-15,085"
,"col12":"2,004,139"
,"col13":"-41,600"
,"col14":"0"
,"col15":"-41,600"
,"col16":"1,962,539"
,"col17":""
,"col18":""
,"col19":""
,"col20":""
,"col21":""
,"col22":""
,"col23":""
,"col24":""
,"col25":""
,"col26":""
,"col27":""
,"col28":""
,"col29":""
,"col30":""
,"col31":""
,"col32":""
}
,{
"json_featuretype":"CSV"
,"CITY OF SURREY":"General Operating"
,"col1":"City Manager"
,"col2":"City Mgr - Legislative Services"
,"col3":"0"
,"col4":"-4,177"
,"col5":"0"
,"col6":"-4,177"
,"col7":"1,933,713"
,"col8":"1,243,738"
,"col9":"25,506"
,"col10":"-69,812"
,"col11":"-2,800"
,"col12":"3,130,345"
,"col13":"0"
,"col14":"144,000"
,"col15":"144,000"
,"col16":"3,270,168"
,"col17":""
,"col18":""
,"col19":""
,"col20":""
,"col21":""
,"col22":""
,"col23":""
,"col24":""
,"col25":""
,"col26":""
,"col27":""
,"col28":""
,"col29":""
,"col30":""
,"col31":""
,"col32":""
}
,{
"json_featuretype":"CSV"
,"CITY OF SURREY":"General Operating"
,"col1":"City Manager"
,"col2":"City Mgr - By-law Services"
,"col3":"0"
,"col4":"-1,071,008"
,"col5":"-7,355,779"
,"col6":"-8,426,787"
,"col7":"4,277,513"
,"col8":"2,081,557"
,"col9":"657,165"
,"col10":"-221,922"
,"col11":"-316,159"
,"col12":"6,478,154"
,"col13":"0"
,"col14":"149,455"
,"col15":"149,455"
,"col16":"-1,799,178"
,"col17":""
,"col18":""
,"col19":""
,"col20":""
,"col21":""
,"col22":""
,"col23":""
,"col24":""
,"col25":""
,"col26":""
,"col27":""
,"col28":""
,"col29":""
,"col30":""
,"col31":""
,"col32":""
}
,{
"json_featuretype":"CSV"
,"CITY OF SURREY":"General Operating"
,"col1":"City Manager"
,"col2":"City Mgr - Public Safety"
,"col3":"0"
,"col4":"0"
,"col5":"-508"
,"col6":"-508"
,"col7":"220,626"
,"col8":"82,405"
,"col9":"10,179"
,"col10":"-6,184"
,"col11":"-54,610"
,"col12":"252,416"
,"col13":"-16,893"
,"col14":"20,402"
,"col15":"3,509"
,"col16":"255,417"
,"col17":""
,"col18":""
,"col19":""
,"col20":""
,"col21":""
,"col22":""
,"col23":""
,"col24":""
,"col25":""
,"col26":""
,"col27":""
,"col28":""
,"col29":""
,"col30":""
,"col31":""
,"col32":""
}
,{
"json_featuretype":"CSV"
,"CITY OF SURREY":"General Operating"
,"col1":"Human Resources"
,"col2":"HR - Administration"
,"col3":"0"
,"col4":"0"
,"col5":"0"
,"col6":"0"
,"col7":"1,017,859"
,"col8":"468,012"
,"col9":"4,579"
,"col10":"-218,157"
,"col11":"-2"
,"col12":"1,272,291"
,"col13":"-25,000"
,"col14":"25,000"
,"col15":"0"
,"col16":"1,272,291"
,"col17":""
,"col18":""
,"col19":""
,"col20":""
,"col21":""
,"col22":""
,"col23":""
,"col24":""
,"col25":""
,"col26":""
,"col27":""
,"col28":""
,"col29":""
,"col30":""
,"col31":""
,"col32":""
}
,{
"json_featuretype":"CSV"
,"CITY OF SURREY":"General Operating"
,"col1":"Human Resources"
,"col2":"HR - Employment"
,"col3":"0"
,"col4":"0"
,"col5":"0"
,"col6":"0"
,"col7":"779,460"
,"col8":"95,708"
,"col9":"1,444"
,"col10":"0"
,"col11":"-103"
,"col12":"876,509"
,"col13":"0"
,"col14":"0"
,"col15":"0"
,"col16":"876,509"
,"col17":""
,"col18":""
,"col19":""
,"col20":""
,"col21":""
,"col22":""
,"col23":""
,"col24":""
,"col25":""
,"col26":""
,"col27":""
,"col28":""
,"col29":""
,"col30":""
,"col31":""
,"col32":""
}
,{
"json_featuretype":"CSV"
,"CITY OF SURREY":"General Operating"
,"col1":"Human Resources"
,"col2":"HR - Labour Relations/Compensation"
,"col3":"0"
,"col4":"0"
,"col5":"0"
,"col6":"0"
,"col7":"780,335"
,"col8":"71,288"
,"col9":"5,028"
,"col10":"0"
,"col11":"-703"
,"col12":"855,948"
,"col13":"0"
,"col14":"0"
,"col15":"0"
,"col16":"855,948"
,"col17":""
,"col18":""
,"col19":""
,"col20":""
,"col21":""
,"col22":""
,"col23":""
,"col24":""
,"col25":""
,"col26":""
,"col27":""
,"col28":""
,"col29":""
,"col30":""
,"col31":""
,"col32":""
}
,{
"json_featuretype":"CSV"
,"CITY OF SURREY":"General Operating"
,"col1":"Human Resources"
,"col2":"HR - Occupational Safety"
,"col3":"0"
,"col4":"0"
,"col5":"0"
,"col6":"0"
,"col7":"490,488"
,"col8":"113,582"
,"col9":"1,825"
,"col10":"0"
,"col11":"-370"
,"col12":"605,525"
,"col13":"0"
,"col14":"0"
,"col15":"0"
,"col16":"605,525"
,"col17":""
,"col18":""
,"col19":""
,"col20":""
,"col21":""
,"col22":""
,"col23":""
,"col24":""
,"col25":""
,"col26":""
,"col27":""
,"col28":""
,"col29":""
,"col30":""
,"col31":""
,"col32":""
}
,{
"json_featuretype":"CSV"
,"CITY OF SURREY":"General Operating"
,"col1":"Human Resources"
,"col2":"HR - Wellness & Diversity"
,"col3":"0"
,"col4":"0"
,"col5":"-250"
,"col6":"-250"
,"col7":"14,810"
,"col8":"7,834"
,"col9":"5,152"
,"col10":"0"
,"col11":"-365"
,"col12":"27,431"
,"col13":"0"
,"col14":"0"
,"col15":"0"
,"col16":"27,181"
,"col17":""
,"col18":""
,"col19":""
,"col20":""
,"col21":""
,"col22":""
,"col23":""
,"col24":""
,"col25":""
,"col26":""
,"col27":""
,"col28":""
,"col29":""
,"col30":""
,"col31":""
,"col32":""
}
,{
"json_featuretype":"CSV"
,"CITY OF SURREY":"General Operating"
,"col1":"Finance and Technology"
,"col2":"F&T - Audit Procurement"
,"col3":"0"
,"col4":"-19,315"
,"col5":"0"
,"col6":"-19,315"
,"col7":"1,427,908"
,"col8":"129,703"
,"col9":"11,889"
,"col10":"-14,236"
,"col11":"-4,041"
,"col12":"1,551,223"
,"col13":"0"
,"col14":"0"
,"col15":"0"
,"col16":"1,531,908"
,"col17":""
,"col18":""
,"col19":""
,"col20":""
,"col21":""
,"col22":""
,"col23":""
,"col24":""
,"col25":""
,"col26":""
,"col27":""
,"col28":""
,"col29":""
,"col30":""
,"col31":""
,"col32":""
}
,{
"json_featuretype":"CSV"
,"CITY OF SURREY":"General Operating"
,"col1":"Finance and Technology"
,"col2":"F&T - Financial Services"
,"col3":"0"
,"col4":"-1,205,483"
,"col5":"-93,264"
,"col6":"-1,298,747"
,"col7":"3,273,758"
,"col8":"189,387"
,"col9":"5,768"
,"col10":"-269,736"
,"col11":"-20"
,"col12":"3,199,157"
,"col13":"0"
,"col14":"0"
,"col15":"0"
,"col16":"1,900,410"
,"col17":""
,"col18":""
,"col19":""
,"col20":""
,"col21":""
,"col22":""
,"col23":""
,"col24":""
,"col25":""
,"col26":""
,"col27":""
,"col28":""
,"col29":""
,"col30":""
,"col31":""
,"col32":""
}
,{
"json_featuretype":"CSV"
,"CITY OF SURREY":"General Operating"
,"col1":"Finance and Technology"
,"col2":"F&T - Financial Reporting"
,"col3":"0"
,"col4":"-33,020"
,"col5":"0"
,"col6":"-33,020"
,"col7":"1,428,557"
,"col8":"50,080"
,"col9":"13,144"
,"col10":"-235,570"
,"col11":"-21,354"
,"col12":"1,234,857"
,"col13":"0"
,"col14":"0"
,"col15":"0"
,"col16":"1,201,837"
,"col17":""
,"col18":""
,"col19":""
,"col20":""
,"col21":""
,"col22":""
,"col23":""
,"col24":""
,"col25":""
,"col26":""
,"col27":""
,"col28":""
,"col29":""
,"col30":""
,"col31":""
,"col32":""
}
,{
"json_featuretype":"CSV"
,"CITY OF SURREY":"General Operating"
,"col1":"Finance and Technology"
,"col2":"F&T - Information Technology"
,"col3":"0"
,"col4":"0"
,"col5":"0"
,"col6":"0"
,"col7":"8,992,017"
,"col8":"6,176,730"
,"col9":"1,014,383"
,"col10":"-1,341,427"
,"col11":"-102"
,"col12":"14,841,601"
,"col13":"-1,003,315"
,"col14":"5,144,631"
,"col15":"4,141,316"
,"col16":"18,982,917"
,"col17":""
,"col18":""
,"col19":""
,"col20":""
,"col21":""
,"col22":""
,"col23":""
,"col24":""
,"col25":""
,"col26":""
,"col27":""
,"col28":""
,"col29":""
,"col30":""
,"col31":""
,"col32":""
}
,{
"json_featuretype":"CSV"
,"CITY OF SURREY":"General Operating"
,"col1":"Finance and Technology"
,"col2":"F&T - Leadership"
,"col3":"0"
,"col4":"0"
,"col5":"0"
,"col6":"0"
,"col7":"1,478,922"
,"col8":"100,890"
,"col9":"25,166"
,"col10":"0"
,"col11":"-3,494"
,"col12":"1,601,484"
,"col13":"0"
,"col14":"0"
,"col15":"0"
,"col16":"1,601,484"
,"col17":""
,"col18":""
,"col19":""
,"col20":""
,"col21":""
,"col22":""
,"col23":""
,"col24":""
,"col25":""
,"col26":""
,"col27":""
,"col28":""
,"col29":""
,"col30":""
,"col31":""
,"col32":""
}
,{
"json_featuretype":"CSV"
,"CITY OF SURREY":"General Operating"
,"col1":"Finance and Technology"
,"col2":"F&T - Risk Management"
,"col3":"0"
,"col4":"0"
,"col5":"0"
,"col6":"0"
,"col7":"419,543"
,"col8":"4,142,458"
,"col9":"181,279"
,"col10":"-950,915"
,"col11":"-529,486"
,"col12":"3,262,879"
,"col13":"-1,590,879"
,"col14":"10,000"
,"col15":"-1,580,879"
,"col16":"1,682,000"
,"col17":""
,"col18":""
,"col19":""
,"col20":""
,"col21":""
,"col22":""
,"col23":""
,"col24":""
,"col25":""
,"col26":""
,"col27":""
,"col28":""
,"col29":""
,"col30":""
,"col31":""
,"col32":""
}
,{
"json_featuretype":"CSV"
,"CITY OF SURREY":"General Operating"
,"col1":"Planning and Development"
,"col2":"P&D - Administration"
,"col3":"0"
,"col4":"-144,660"
,"col5":"-2,952"
,"col6":"-147,612"
,"col7":"3,007,897"
,"col8":"570,203"
,"col9":"16,197"
,"col10":"-8,498"
,"col11":"-3,910"
,"col12":"3,581,889"
,"col13":"0"
,"col14":"29,952"
,"col15":"29,952"
,"col16":"3,464,229"
,"col17":""
,"col18":""
,"col19":""
,"col20":""
,"col21":""
,"col22":""
,"col23":""
,"col24":""
,"col25":""
,"col26":""
,"col27":""
,"col28":""
,"col29":""
,"col30":""
,"col31":""
,"col32":""
}
,{
"json_featuretype":"CSV"
,"CITY OF SURREY":"General Operating"
,"col1":"Planning and Development"
,"col2":"P&D - Area Planning & Development"
,"col3":"0"
,"col4":"-2,458,899"
,"col5":"-266,139"
,"col6":"-2,725,038"
,"col7":"3,493,186"
,"col8":"34,065"
,"col9":"8,662"
,"col10":"0"
,"col11":"0"
,"col12":"3,535,913"
,"col13":"0"
,"col14":"384,307"
,"col15":"384,307"
,"col16":"1,195,182"
,"col17":""
,"col18":""
,"col19":""
,"col20":""
,"col21":""
,"col22":""
,"col23":""
,"col24":""
,"col25":""
,"col26":""
,"col27":""
,"col28":""
,"col29":""
,"col30":""
,"col31":""
,"col32":""
}
,{
"json_featuretype":"CSV"
,"CITY OF SURREY":"General Operating"
,"col1":"Planning and Development"
,"col2":"P&D - Building"
,"col3":"0"
,"col4":"-368,147"
,"col5":"-17,573,624"
,"col6":"-17,941,771"
,"col7":"6,558,170"
,"col8":"482,011"
,"col9":"31,196"
,"col10":"-172,741"
,"col11":"-93,199"
,"col12":"6,805,437"
,"col13":"-65,000"
,"col14":"1,296,528"
,"col15":"1,231,528"
,"col16":"-9,904,806"
,"col17":""
,"col18":""
,"col19":""
,"col20":""
,"col21":""
,"col22":""
,"col23":""
,"col24":""
,"col25":""
,"col26":""
,"col27":""
,"col28":""
,"col29":""
,"col30":""
,"col31":""
,"col32":""
}
,{
"json_featuretype":"CSV"
,"CITY OF SURREY":"General Operating"
,"col1":"Planning and Development"
,"col2":"P&D - Community Planning"
,"col3":"0"
,"col4":"0"
,"col5":"0"
,"col6":"0"
,"col7":"1,614,397"
,"col8":"532,496"
,"col9":"10,159"
,"col10":"-3,729"
,"col11":"-457,002"
,"col12":"1,696,321"
,"col13":"0"
,"col14":"143,807"
,"col15":"143,807"
,"col16":"1,840,128"
,"col17":""
,"col18":""
,"col19":""
,"col20":""
,"col21":""
,"col22":""
,"col23":""
,"col24":""
,"col25":""
,"col26":""
,"col27":""
,"col28":""
,"col29":""
,"col30":""
,"col31":""
,"col32":""
}
,{
"json_featuretype":"CSV"
,"CITY OF SURREY":"General Operating"
,"col1":"Planning and Development"
,"col2":"P&D - Facilities"
,"col3":"0"
,"col4":"-948"
,"col5":"0"
,"col6":"-948"
,"col7":"3,864,806"
,"col8":"4,764,376"
,"col9":"2,994,846"
,"col10":"-3,309,564"
,"col11":"-37,152"
,"col12":"8,277,312"
,"col13":"-639,360"
,"col14":"360,999"
,"col15":"-278,361"
,"col16":"7,998,003"
,"col17":""
,"col18":""
,"col19":""
,"col20":""
,"col21":""
,"col22":""
,"col23":""
,"col24":""
,"col25":""
,"col26":""
,"col27":""
,"col28":""
,"col29":""
,"col30":""
,"col31":""
,"col32":""
}
,{
"json_featuretype":"CSV"
,"CITY OF SURREY":"General Operating"
,"col1":"Planning and Development"
,"col2":"P&D - Heritage Advisory Committee"
,"col3":"0"
,"col4":"0"
,"col5":"-5,000"
,"col6":"-5,000"
,"col7":"0"
,"col8":"78,238"
,"col9":"24,348"
,"col10":"0"
,"col11":"0"
,"col12":"102,586"
,"col13":"-92,042"
,"col14":"17,455"
,"col15":"-74,587"
,"col16":"22,999"
,"col17":""
,"col18":""
,"col19":""
,"col20":""
,"col21":""
,"col22":""
,"col23":""
,"col24":""
,"col25":""
,"col26":""
,"col27":""
,"col28":""
,"col29":""
,"col30":""
,"col31":""
,"col32":""
}
,{
"json_featuretype":"CSV"
,"CITY OF SURREY":"General Operating"
,"col1":"Planning and Development"
,"col2":"P&D - Sustainability"
,"col3":"0"
,"col4":"0"
,"col5":"0"
,"col6":"0"
,"col7":"293,338"
,"col8":"166,263"
,"col9":"8,585"
,"col10":"-10,000"
,"col11":"-88,422"
,"col12":"369,764"
,"col13":"-105,100"
,"col14":"0"
,"col15":"-105,100"
,"col16":"264,664"
,"col17":""
,"col18":""
,"col19":""
,"col20":""
,"col21":""
,"col22":""
,"col23":""
,"col24":""
,"col25":""
,"col26":""
,"col27":""
,"col28":""
,"col29":""
,"col30":""
,"col31":""
,"col32":""
}
,{
"json_featuretype":"CSV"
,"CITY OF SURREY":"General Operating"
,"col1":"Fire"
,"col2":"Fire - Administration"
,"col3":"0"
,"col4":"-24,534"
,"col5":"0"
,"col6":"-24,534"
,"col7":"2,052,916"
,"col8":"473,314"
,"col9":"8,910"
,"col10":"0"
,"col11":"-5,262"
,"col12":"2,529,878"
,"col13":"0"
,"col14":"0"
,"col15":"0"
,"col16":"2,505,344"
,"col17":""
,"col18":""
,"col19":""
,"col20":""
,"col21":""
,"col22":""
,"col23":""
,"col24":""
,"col25":""
,"col26":""
,"col27":""
,"col28":""
,"col29":""
,"col30":""
,"col31":""
,"col32":""
}
,{
"json_featuretype":"CSV"
,"CITY OF SURREY":"General Operating"
,"col1":"Fire"
,"col2":"Fire - Emergency Planning"
,"col3":"0"
,"col4":"0"
,"col5":"0"
,"col6":"0"
,"col7":"0"
,"col8":"42,529"
,"col9":"699"
,"col10":"0"
,"col11":"-6,164"
,"col12":"37,064"
,"col13":"0"
,"col14":"0"
,"col15":"0"
,"col16":"37,064"
,"col17":""
,"col18":""
,"col19":""
,"col20":""
,"col21":""
,"col22":""
,"col23":""
,"col24":""
,"col25":""
,"col26":""
,"col27":""
,"col28":""
,"col29":""
,"col30":""
,"col31":""
,"col32":""
}
,{
"json_featuretype":"CSV"
,"CITY OF SURREY":"General Operating"
,"col1":"Fire"
,"col2":"Fire - Operations"
,"col3":"0"
,"col4":"76"
,"col5":"0"
,"col6":"76"
,"col7":"46,154,465"
,"col8":"2,081,097"
,"col9":"138,236"
,"col10":"-8,274"
,"col11":"-399,027"
,"col12":"47,966,497"
,"col13":"0"
,"col14":"2,038,710"
,"col15":"2,038,710"
,"col16":"50,005,283"
,"col17":""
,"col18":""
,"col19":""
,"col20":""
,"col21":""
,"col22":""
,"col23":""
,"col24":""
,"col25":""
,"col26":""
,"col27":""
,"col28":""
,"col29":""
,"col30":""
,"col31":""
,"col32":""
}
,{
"json_featuretype":"CSV"
,"CITY OF SURREY":"General Operating"
,"col1":"Fire"
,"col2":"Fire - Mechanics"
,"col3":"0"
,"col4":"0"
,"col5":"0"
,"col6":"0"
,"col7":"518,473"
,"col8":"488,061"
,"col9":"259"
,"col10":"0"
,"col11":"-51,615"
,"col12":"955,178"
,"col13":"0"
,"col14":"0"
,"col15":"0"
,"col16":"955,178"
,"col17":""
,"col18":""
,"col19":""
,"col20":""
,"col21":""
,"col22":""
,"col23":""
,"col24":""
,"col25":""
,"col26":""
,"col27":""
,"col28":""
,"col29":""
,"col30":""
,"col31":""
,"col32":""
}
,{
"json_featuretype":"CSV"
,"CITY OF SURREY":"General Operating"
,"col1":"Fire"
,"col2":"Fire - Prevention"
,"col3":"0"
,"col4":"-363,282"
,"col5":"-5,964"
,"col6":"-369,246"
,"col7":"1,131,179"
,"col8":"255,375"
,"col9":"5,485"
,"col10":"0"
,"col11":"-188,125"
,"col12":"1,203,914"
,"col13":"0"
,"col14":"0"
,"col15":"0"
,"col16":"834,668"
,"col17":""
,"col18":""
,"col19":""
,"col20":""
,"col21":""
,"col22":""
,"col23":""
,"col24":""
,"col25":""
,"col26":""
,"col27":""
,"col28":""
,"col29":""
,"col30":""
,"col31":""
,"col32":""
}
,{
"json_featuretype":"CSV"
,"CITY OF SURREY":"General Operating"
,"col1":"Fire"
,"col2":"Fire - Radio & Communications"
,"col3":"0"
,"col4":"-1,408,058"
,"col5":"0"
,"col6":"-1,408,058"
,"col7":"2,544,765"
,"col8":"1,229,935"
,"col9":"324"
,"col10":"-2,100"
,"col11":"-70,185"
,"col12":"3,702,739"
,"col13":"0"
,"col14":"0"
,"col15":"0"
,"col16":"2,294,681"
,"col17":""
,"col18":""
,"col19":""
,"col20":""
,"col21":""
,"col22":""
,"col23":""
,"col24":""
,"col25":""
,"col26":""
,"col27":""
,"col28":""
,"col29":""
,"col30":""
,"col31":""
,"col32":""
}
,{
"json_featuretype":"CSV"
,"CITY OF SURREY":"General Operating"
,"col1":"Fire"
,"col2":"Fire - Training"
,"col3":"0"
,"col4":"-19,660"
,"col5":"0"
,"col6":"-19,660"
,"col7":"625,630"
,"col8":"101,842"
,"col9":"959"
,"col10":"0"
,"col11":"0"
,"col12":"728,431"
,"col13":"-34,987"
,"col14":"0"
,"col15":"-34,987"
,"col16":"673,784"
,"col17":""
,"col18":""
,"col19":""
,"col20":""
,"col21":""
,"col22":""
,"col23":""
,"col24":""
,"col25":""
,"col26":""
,"col27":""
,"col28":""
,"col29":""
,"col30":""
,"col31":""
,"col32":""
}
,{
"json_featuretype":"CSV"
,"CITY OF SURREY":"General Operating"
,"col1":"RCMP"
,"col2":"RCMP - Corporate Services"
,"col3":"0"
,"col4":"0"
,"col5":"-6,582,947"
,"col6":"-6,582,947"
,"col7":"3,422,265"
,"col8":"2,170,764"
,"col9":"129,045"
,"col10":"-7,565"
,"col11":"-681,293"
,"col12":"5,033,216"
,"col13":"0"
,"col14":"47,300"
,"col15":"47,300"
,"col16":"-1,502,431"
,"col17":""
,"col18":""
,"col19":""
,"col20":""
,"col21":""
,"col22":""
,"col23":""
,"col24":""
,"col25":""
,"col26":""
,"col27":""
,"col28":""
,"col29":""
,"col30":""
,"col31":""
,"col32":""
}
,{
"json_featuretype":"CSV"
,"CITY OF SURREY":"General Operating"
,"col1":"RCMP"
,"col2":"RCMP - Information Services &Technology"
,"col3":"0"
,"col4":"-346,555"
,"col5":"0"
,"col6":"-346,555"
,"col7":"7,670,425"
,"col8":"4,967"
,"col9":"0"
,"col10":"0"
,"col11":"-54,493"
,"col12":"7,620,899"
,"col13":"0"
,"col14":"0"
,"col15":"0"
,"col16":"7,274,344"
,"col17":""
,"col18":""
,"col19":""
,"col20":""
,"col21":""
,"col22":""
,"col23":""
,"col24":""
,"col25":""
,"col26":""
,"col27":""
,"col28":""
,"col29":""
,"col30":""
,"col31":""
,"col32":""
}
,{
"json_featuretype":"CSV"
,"CITY OF SURREY":"General Operating"
,"col1":"RCMP"
,"col2":"RCMP - Management & RCMP Finance"
,"col3":"0"
,"col4":"0"
,"col5":"-93,245"
,"col6":"-93,245"
,"col7":"1,160,327"
,"col8":"63,054"
,"col9":"186,870"
,"col10":"0"
,"col11":"0"
,"col12":"1,410,251"
,"col13":"-46,489"
,"col14":"93,245"
,"col15":"46,756"
,"col16":"1,363,762"
,"col17":""
,"col18":""
,"col19":""
,"col20":""
,"col21":""
,"col22":""
,"col23":""
,"col24":""
,"col25":""
,"col26":""
,"col27":""
,"col28":""
,"col29":""
,"col30":""
,"col31":""
,"col32":""
}
,{
"json_featuretype":"CSV"
,"CITY OF SURREY":"General Operating"
,"col1":"RCMP"
,"col2":"RCMP - Operations"
,"col3":"0"
,"col4":"-882,429"
,"col5":"-369,189"
,"col6":"-1,251,618"
,"col7":"9,109,817"
,"col8":"1,303,113"
,"col9":"107,230"
,"col10":"-13,307"
,"col11":"-164,214"
,"col12":"10,342,639"
,"col13":"0"
,"col14":"0"
,"col15":"0"
,"col16":"9,091,021"
,"col17":""
,"col18":""
,"col19":""
,"col20":""
,"col21":""
,"col22":""
,"col23":""
,"col24":""
,"col25":""
,"col26":""
,"col27":""
,"col28":""
,"col29":""
,"col30":""
,"col31":""
,"col32":""
}
,{
"json_featuretype":"CSV"
,"CITY OF SURREY":"General Operating"
,"col1":"RCMP"
,"col2":"RCMP - Contract"
,"col3":"0"
,"col4":"0"
,"col5":"0"
,"col6":"0"
,"col7":"0"
,"col8":"107,732,029"
,"col9":"0"
,"col10":"0"
,"col11":"-312,646"
,"col12":"107,419,383"
,"col13":"0"
,"col14":"650,617"
,"col15":"650,617"
,"col16":"108,070,000"
,"col17":""
,"col18":""
,"col19":""
,"col20":""
,"col21":""
,"col22":""
,"col23":""
,"col24":""
,"col25":""
,"col26":""
,"col27":""
,"col28":""
,"col29":""
,"col30":""
,"col31":""
,"col32":""
}
,{
"json_featuretype":"CSV"
,"CITY OF SURREY":"General Operating"
,"col1":"Parks, Recreation and Culture"
,"col2":"PRC - Administration"
,"col3":"0"
,"col4":"-63,495"
,"col5":"-2,000"
,"col6":"-65,495"
,"col7":"2,418,762"
,"col8":"1,287,544"
,"col9":"235,899"
,"col10":"-510,225"
,"col11":"-9,668"
,"col12":"3,422,312"
,"col13":"-194,902"
,"col14":"861,446"
,"col15":"666,544"
,"col16":"4,023,361"
,"col17":""
,"col18":""
,"col19":""
,"col20":""
,"col21":""
,"col22":""
,"col23":""
,"col24":""
,"col25":""
,"col26":""
,"col27":""
,"col28":""
,"col29":""
,"col30":""
,"col31":""
,"col32":""
}
,{
"json_featuretype":"CSV"
,"CITY OF SURREY":"General Operating"
,"col1":"Parks, Recreation and Culture"
,"col2":"PRC - Arenas"
,"col3":"0"
,"col4":"-3,859,285"
,"col5":"-4,392"
,"col6":"-3,863,677"
,"col7":"3,325,399"
,"col8":"1,414,499"
,"col9":"41,564"
,"col10":"-59,110"
,"col11":"-15,523"
,"col12":"4,706,829"
,"col13":"-36,323"
,"col14":"50,000"
,"col15":"13,677"
,"col16":"856,829"
,"col17":""
,"col18":""
,"col19":""
,"col20":""
,"col21":""
,"col22":""
,"col23":""
,"col24":""
,"col25":""
,"col26":""
,"col27":""
,"col28":""
,"col29":""
,"col30":""
,"col31":""
,"col32":""
}
,{
"json_featuretype":"CSV"
,"CITY OF SURREY":"General Operating"
,"col1":"Parks, Recreation and Culture"
,"col2":"PRC - Art Centre"
,"col3":"0"
,"col4":"-838,710"
,"col5":"-460,770"
,"col6":"-1,299,480"
,"col7":"2,606,378"
,"col8":"1,624,120"
,"col9":"42,348"
,"col10":"-10,530"
,"col11":"0"
,"col12":"4,262,316"
,"col13":"-369,869"
,"col14":"104,840"
,"col15":"-265,029"
,"col16":"2,697,807"
,"col17":""
,"col18":""
,"col19":""
,"col20":""
,"col21":""
,"col22":""
,"col23":""
,"col24":""
,"col25":""
,"col26":""
,"col27":""
,"col28":""
,"col29":""
,"col30":""
,"col31":""
,"col32":""
}
,{
"json_featuretype":"CSV"
,"CITY OF SURREY":"General Operating"
,"col1":"Parks, Recreation and Culture"
,"col2":"PRC - Community Recreation Services"
,"col3":"0"
,"col4":"-7,925,967"
,"col5":"-418,375"
,"col6":"-8,344,342"
,"col7":"12,333,562"
,"col8":"3,875,752"
,"col9":"607,692"
,"col10":"-358,056"
,"col11":"-78,969"
,"col12":"16,379,981"
,"col13":"-252,747"
,"col14":"57,000"
,"col15":"-195,747"
,"col16":"7,839,892"
,"col17":""
,"col18":""
,"col19":""
,"col20":""
,"col21":""
,"col22":""
,"col23":""
,"col24":""
,"col25":""
,"col26":""
,"col27":""
,"col28":""
,"col29":""
,"col30":""
,"col31":""
,"col32":""
}
,{
"json_featuretype":"CSV"
,"CITY OF SURREY":"General Operating"
,"col1":"Parks, Recreation and Culture"
,"col2":"PRC - Healthy Communities"
,"col3":"0"
,"col4":"-40,529"
,"col5":"-33,142"
,"col6":"-73,671"
,"col7":"1,377,530"
,"col8":"211,749"
,"col9":"104,221"
,"col10":"-79,376"
,"col11":"-39,053"
,"col12":"1,575,071"
,"col13":"0"
,"col14":"0"
,"col15":"0"
,"col16":"1,501,400"
,"col17":""
,"col18":""
,"col19":""
,"col20":""
,"col21":""
,"col22":""
,"col23":""
,"col24":""
,"col25":""
,"col26":""
,"col27":""
,"col28":""
,"col29":""
,"col30":""
,"col31":""
,"col32":""
}
,{
"json_featuretype":"CSV"
,"CITY OF SURREY":"General Operating"
,"col1":"Parks, Recreation and Culture"
,"col2":"PRC - Heritage Services"
,"col3":"0"
,"col4":"-68,357"
,"col5":"-97,585"
,"col6":"-165,942"
,"col7":"1,391,170"
,"col8":"378,788"
,"col9":"30,518"
,"col10":"-694"
,"col11":"0"
,"col12":"1,799,782"
,"col13":"0"
,"col14":"0"
,"col15":"0"
,"col16":"1,633,840"
,"col17":""
,"col18":""
,"col19":""
,"col20":""
,"col21":""
,"col22":""
,"col23":""
,"col24":""
,"col25":""
,"col26":""
,"col27":""
,"col28":""
,"col29":""
,"col30":""
,"col31":""
,"col32":""
}
,{
"json_featuretype":"CSV"
,"CITY OF SURREY":"General Operating"
,"col1":"Parks, Recreation and Culture"
,"col2":"PRC - Indoor Pools"
,"col3":"0"
,"col4":"-7,994,185"
,"col5":"-43,374"
,"col6":"-8,037,559"
,"col7":"11,256,812"
,"col8":"3,168,124"
,"col9":"287,570"
,"col10":"-162,414"
,"col11":"-80,300"
,"col12":"14,469,792"
,"col13":"-23,000"
,"col14":"0"
,"col15":"-23,000"
,"col16":"6,409,233"
,"col17":""
,"col18":""
,"col19":""
,"col20":""
,"col21":""
,"col22":""
,"col23":""
,"col24":""
,"col25":""
,"col26":""
,"col27":""
,"col28":""
,"col29":""
,"col30":""
,"col31":""
,"col32":""
}
,{
"json_featuretype":"CSV"
,"CITY OF SURREY":"General Operating"
,"col1":"Parks, Recreation and Culture"
,"col2":"PRC - Marketing"
,"col3":"0"
,"col4":"-55,345"
,"col5":"0"
,"col6":"-55,345"
,"col7":"1,226,949"
,"col8":"763,545"
,"col9":"4,222"
,"col10":"-261,545"
,"col11":"-14,341"
,"col12":"1,718,830"
,"col13":"0"
,"col14":"84,600"
,"col15":"84,600"
,"col16":"1,748,085"
,"col17":""
,"col18":""
,"col19":""
,"col20":""
,"col21":""
,"col22":""
,"col23":""
,"col24":""
,"col25":""
,"col26":""
,"col27":""
,"col28":""
,"col29":""
,"col30":""
,"col31":""
,"col32":""
}
,{
"json_featuretype":"CSV"
,"CITY OF SURREY":"General Operating"
,"col1":"Parks, Recreation and Culture"
,"col2":"PRC - Outdoor Pools"
,"col3":"0"
,"col4":"0"
,"col5":"0"
,"col6":"0"
,"col7":"0"
,"col8":"912,873"
,"col9":"6,437"
,"col10":"0"
,"col11":"0"
,"col12":"919,310"
,"col13":"0"
,"col14":"0"
,"col15":"0"
,"col16":"919,310"
,"col17":""
,"col18":""
,"col19":""
,"col20":""
,"col21":""
,"col22":""
,"col23":""
,"col24":""
,"col25":""
,"col26":""
,"col27":""
,"col28":""
,"col29":""
,"col30":""
,"col31":""
,"col32":""
}
,{
"json_featuretype":"CSV"
,"CITY OF SURREY":"General Operating"
,"col1":"Parks, Recreation and Culture"
,"col2":"PRC - Parks Division"
,"col3":"0"
,"col4":"-2,906,207"
,"col5":"-2,178,865"
,"col6":"-5,085,072"
,"col7":"12,427,317"
,"col8":"17,984,727"
,"col9":"18,028,428"
,"col10":"-17,062,155"
,"col11":"-385,070"
,"col12":"30,993,247"
,"col13":"-4,760,881"
,"col14":"1,620,469"
,"col15":"-3,140,412"
,"col16":"22,767,763"
,"col17":""
,"col18":""
,"col19":""
,"col20":""
,"col21":""
,"col22":""
,"col23":""
,"col24":""
,"col25":""
,"col26":""
,"col27":""
,"col28":""
,"col29":""
,"col30":""
,"col31":""
,"col32":""
}
,{
"json_featuretype":"CSV"
,"CITY OF SURREY":"General Operating"
,"col1":"Engineering"
,"col2":"Eng - Operations"
,"col3":"0"
,"col4":"-7,909"
,"col5":"0"
,"col6":"-7,909"
,"col7":"22,262,449"
,"col8":"5,219,010"
,"col9":"4,073,593"
,"col10":"-33,810,885"
,"col11":"-236,554"
,"col12":"-2,492,387"
,"col13":"0"
,"col14":"1,754,200"
,"col15":"1,754,200"
,"col16":"-746,096"
,"col17":""
,"col18":""
,"col19":""
,"col20":""
,"col21":""
,"col22":""
,"col23":""
,"col24":""
,"col25":""
,"col26":""
,"col27":""
,"col28":""
,"col29":""
,"col30":""
,"col31":""
,"col32":""
}
,{
"json_featuretype":"CSV"
,"CITY OF SURREY":"General Operating"
,"col1":"Engineering"
,"col2":"Eng - Professional Services"
,"col3":"0"
,"col4":"-25,207"
,"col5":"-144,523"
,"col6":"-169,730"
,"col7":"6,792,330"
,"col8":"403,801"
,"col9":"1,401,932"
,"col10":"-6,881,553"
,"col11":"-12,087"
,"col12":"1,704,423"
,"col13":"-321,308"
,"col14":"37,055"
,"col15":"-284,253"
,"col16":"1,250,440"
,"col17":""
,"col18":""
,"col19":""
,"col20":""
,"col21":""
,"col22":""
,"col23":""
,"col24":""
,"col25":""
,"col26":""
,"col27":""
,"col28":""
,"col29":""
,"col30":""
,"col31":""
,"col32":""
}
,{
"json_featuretype":"CSV"
,"CITY OF SURREY":"General Operating"
,"col1":"Engineering"
,"col2":"Eng - Land Development"
,"col3":"0"
,"col4":"-4,470,324"
,"col5":"-632,709"
,"col6":"-5,103,033"
,"col7":"3,043,734"
,"col8":"1,428,499"
,"col9":"3,183,781"
,"col10":"-251,100"
,"col11":"-2,816,735"
,"col12":"4,588,179"
,"col13":"-80,000"
,"col14":"0"
,"col15":"-80,000"
,"col16":"-594,854"
,"col17":""
,"col18":""
,"col19":""
,"col20":""
,"col21":""
,"col22":""
,"col23":""
,"col24":""
,"col25":""
,"col26":""
,"col27":""
,"col28":""
,"col29":""
,"col30":""
,"col31":""
,"col32":""
}
,{
"json_featuretype":"CSV"
,"CITY OF SURREY":"General Operating"
,"col1":"Engineering"
,"col2":"Eng - Realty Services"
,"col3":"0"
,"col4":"-43,305"
,"col5":"-1,639,998"
,"col6":"-1,683,303"
,"col7":"1,977,602"
,"col8":"1,905,599"
,"col9":"616,489"
,"col10":"-2,148,195"
,"col11":"-229,159"
,"col12":"2,122,336"
,"col13":"-139,481"
,"col14":"0"
,"col15":"-139,481"
,"col16":"299,552"
,"col17":""
,"col18":""
,"col19":""
,"col20":""
,"col21":""
,"col22":""
,"col23":""
,"col24":""
,"col25":""
,"col26":""
,"col27":""
,"col28":""
,"col29":""
,"col30":""
,"col31":""
,"col32":""
}
,{
"json_featuretype":"CSV"
,"CITY OF SURREY":"Solid Waste Operating"
,"col1":"Engineering"
,"col2":"N/A"
,"col3":"0"
,"col4":"-39,010,980"
,"col5":"-147,000"
,"col6":"-39,157,980"
,"col7":"0"
,"col8":"23,682,923"
,"col9":"5,538,408"
,"col10":"-112,102"
,"col11":"-2,214"
,"col12":"29,107,015"
,"col13":"-2,627,625"
,"col14":"12,678,590"
,"col15":"10,050,965"
,"col16":"0"
,"col17":""
,"col18":""
,"col19":""
,"col20":""
,"col21":""
,"col22":""
,"col23":""
,"col24":""
,"col25":""
,"col26":""
,"col27":""
,"col28":""
,"col29":""
,"col30":""
,"col31":""
,"col32":""
}
,{
"json_featuretype":"CSV"
,"CITY OF SURREY":"Transportation Operating"
,"col1":"Engineering"
,"col2":"N/A"
,"col3":"-19,196,514"
,"col4":"-1,727,827"
,"col5":"-2,006,920"
,"col6":"-22,931,261"
,"col7":"5,490,681"
,"col8":"29,117,390"
,"col9":"12,524,155"
,"col10":"-5,268,834"
,"col11":"-3,586,942"
,"col12":"38,276,450"
,"col13":"-61,369,835"
,"col14":"46,024,646"
,"col15":"-15,345,189"
,"col16":"0"
,"col17":""
,"col18":""
,"col19":""
,"col20":""
,"col21":""
,"col22":""
,"col23":""
,"col24":""
,"col25":""
,"col26":""
,"col27":""
,"col28":""
,"col29":""
,"col30":""
,"col31":""
,"col32":""
}
,{
"json_featuretype":"CSV"
,"CITY OF SURREY":"Parking Operating"
,"col1":"Engineering"
,"col2":"N/A"
,"col3":"0"
,"col4":"-716,723"
,"col5":"0"
,"col6":"-716,723"
,"col7":"149,688"
,"col8":"283,942"
,"col9":"259,155"
,"col10":"0"
,"col11":"0"
,"col12":"692,785"
,"col13":"-2,808,506"
,"col14":"2,832,444"
,"col15":"23,938"
,"col16":"0"
,"col17":""
,"col18":""
,"col19":""
,"col20":""
,"col21":""
,"col22":""
,"col23":""
,"col24":""
,"col25":""
,"col26":""
,"col27":""
,"col28":""
,"col29":""
,"col30":""
,"col31":""
,"col32":""
}
,{
"json_featuretype":"CSV"
,"CITY OF SURREY":"Energy Operating"
,"col1":"Engineering"
,"col2":"N/A"
,"col3":"0"
,"col4":"-165,264"
,"col5":"-151,148"
,"col6":"-316,412"
,"col7":"351,633"
,"col8":"106,774"
,"col9":"190,489"
,"col10":"-391,716"
,"col11":"0"
,"col12":"257,180"
,"col13":"-2,781,897"
,"col14":"2,841,129"
,"col15":"59,232"
,"col16":"0"
,"col17":""
,"col18":""
,"col19":""
,"col20":""
,"col21":""
,"col22":""
,"col23":""
,"col24":""
,"col25":""
,"col26":""
,"col27":""
,"col28":""
,"col29":""
,"col30":""
,"col31":""
,"col32":""
}
,{
"json_featuretype":"CSV"
,"CITY OF SURREY":"Water Operating"
,"col1":"Engineering"
,"col2":"N/A"
,"col3":"-166,425"
,"col4":"-67,517,879"
,"col5":"-1,701,897"
,"col6":"-69,386,201"
,"col7":"0"
,"col8":"49,218,956"
,"col9":"13,166,087"
,"col10":"-592,204"
,"col11":"-1,142,601"
,"col12":"60,650,238"
,"col13":"-17,996,160"
,"col14":"26,732,123"
,"col15":"8,735,963"
,"col16":"0"
,"col17":""
,"col18":""
,"col19":""
,"col20":""
,"col21":""
,"col22":""
,"col23":""
,"col24":""
,"col25":""
,"col26":""
,"col27":""
,"col28":""
,"col29":""
,"col30":""
,"col31":""
,"col32":""
}
,{
"json_featuretype":"CSV"
,"CITY OF SURREY":"Sewer Operating"
,"col1":"Engineering"
,"col2":"N/A"
,"col3":"-2,533,039"
,"col4":"-46,128,068"
,"col5":"-954,727"
,"col6":"-49,615,834"
,"col7":"0"
,"col8":"39,514,758"
,"col9":"11,548,833"
,"col10":"-7,598,496"
,"col11":"-29,142"
,"col12":"43,435,953"
,"col13":"-9,457,389"
,"col14":"15,637,270"
,"col15":"6,179,881"
,"col16":"0"
,"col17":""
,"col18":""
,"col19":""
,"col20":""
,"col21":""
,"col22":""
,"col23":""
,"col24":""
,"col25":""
,"col26":""
,"col27":""
,"col28":""
,"col29":""
,"col30":""
,"col31":""
,"col32":""
}
,{
"json_featuretype":"CSV"
,"CITY OF SURREY":"Drainage Operating"
,"col1":"Engineering"
,"col2":"N/A"
,"col3":"-32,050,433"
,"col4":"0"
,"col5":"-432,761"
,"col6":"-32,483,194"
,"col7":"0"
,"col8":"6,676,485"
,"col9":"7,898,686"
,"col10":"-170"
,"col11":"-1,056"
,"col12":"14,573,945"
,"col13":"-22,114,198"
,"col14":"40,023,447"
,"col15":"17,909,249"
,"col16":"0"
,"col17":""
,"col18":""
,"col19":""
,"col20":""
,"col21":""
,"col22":""
,"col23":""
,"col24":""
,"col25":""
,"col26":""
,"col27":""
,"col28":""
,"col29":""
,"col30":""
,"col31":""
,"col32":""
}
,{
"json_featuretype":"CSV"
,"CITY OF SURREY":"Surrey Public Library Operating"
,"col1":"Library"
,"col2":"Lib - Administration"
,"col3":"0"
,"col4":"-39,767"
,"col5":"-1,069,097"
,"col6":"-1,108,864"
,"col7":"865,388"
,"col8":"416,865"
,"col9":"32,429"
,"col10":"0"
,"col11":"-2,664"
,"col12":"1,312,018"
,"col13":"-14,706,000"
,"col14":"195,626"
,"col15":"-14,510,374"
,"col16":"-14,307,220"
,"col17":""
,"col18":""
,"col19":""
,"col20":""
,"col21":""
,"col22":""
,"col23":""
,"col24":""
,"col25":""
,"col26":""
,"col27":""
,"col28":""
,"col29":""
,"col30":""
,"col31":""
,"col32":""
}
,{
"json_featuretype":"CSV"
,"CITY OF SURREY":"Surrey Public Library Operating"
,"col1":"Library"
,"col2":"Lib - Public Services"
,"col3":"0"
,"col4":"-215,972"
,"col5":"-414,521"
,"col6":"-630,493"
,"col7":"12,104,030"
,"col8":"2,561,286"
,"col9":"282,732"
,"col10":"-6,929"
,"col11":"-3,406"
,"col12":"14,937,713"
,"col13":"0"
,"col14":"0"
,"col15":"0"
,"col16":"14,307,220"
,"col17":""
,"col18":""
,"col19":""
,"col20":""
,"col21":""
,"col22":""
,"col23":""
,"col24":""
,"col25":""
,"col26":""
,"col27":""
,"col28":""
,"col29":""
,"col30":""
,"col31":""
,"col32":""
}
,{
"json_featuretype":"CSV"
,"CITY OF SURREY":""
,"col1":""
,"col2":""
,"col3":""
,"col4":""
,"col5":""
,"col6":""
,"col7":""
,"col8":""
,"col9":""
,"col10":""
,"col11":""
,"col12":""
,"col13":""
,"col14":""
,"col15":""
,"col16":""
,"col17":""
,"col18":""
,"col19":""
,"col20":""
,"col21":""
,"col22":""
,"col23":""
,"col24":""
,"col25":""
,"col26":""
,"col27":""
,"col28":""
,"col29":""
,"col30":""
,"col31":""
,"col32":""
}
,{
"json_featuretype":"CSV"
,"CITY OF SURREY":"TOTAL"
,"col1":""
,"col2":""
,"col3":"-344,699,522"
,"col4":"-211,689,568"
,"col5":"-79,096,477"
,"col6":"-635,485,567"
,"col7":"225,930,579"
,"col8":"345,313,503"
,"col9":"85,887,861"
,"col10":"-92,729,923"
,"col11":"-12,297,187"
,"col12":"552,104,833"
,"col13":"-188,306,967"
,"col14":"271,687,701"
,"col15":"83,380,734"
,"col16":"0"
,"col17":""
,"col18":""
,"col19":""
,"col20":""
,"col21":""
,"col22":""
,"col23":""
,"col24":""
,"col25":""
,"col26":""
,"col27":""
,"col28":""
,"col29":""
,"col30":""
,"col31":""
,"col32":""
}
,{
"json_featuretype":"CSV"
,"CITY OF SURREY":""
,"col1":""
,"col2":""
,"col3":""
,"col4":""
,"col5":""
,"col6":""
,"col7":""
,"col8":""
,"col9":""
,"col10":""
,"col11":""
,"col12":""
,"col13":""
,"col14":""
,"col15":""
,"col16":""
,"col17":""
,"col18":""
,"col19":""
,"col20":""
,"col21":""
,"col22":""
,"col23":""
,"col24":""
,"col25":""
,"col26":""
,"col27":""
,"col28":""
,"col29":""
,"col30":""
,"col31":""
,"col32":""
}
,{
"json_featuretype":"CSV"
,"CITY OF SURREY":"CROSS CHECK"
,"col1":""
,"col2":""
,"col3":""
,"col4":""
,"col5":""
,"col6":""
,"col7":""
,"col8":""
,"col9":""
,"col10":""
,"col11":""
,"col12":""
,"col13":""
,"col14":""
,"col15":""
,"col16":"0"
,"col17":""
,"col18":""
,"col19":""
,"col20":""
,"col21":""
,"col22":""
,"col23":""
,"col24":""
,"col25":""
,"col26":""
,"col27":""
,"col28":""
,"col29":""
,"col30":""
,"col31":""
,"col32":""
}
,{
"json_featuretype":"CSV"
,"CITY OF SURREY":""
,"col1":""
,"col2":""
,"col3":""
,"col4":""
,"col5":""
,"col6":""
,"col7":""
,"col8":""
,"col9":""
,"col10":""
,"col11":""
,"col12":""
,"col13":""
,"col14":""
,"col15":""
,"col16":""
,"col17":""
,"col18":""
,"col19":""
,"col20":""
,"col21":""
,"col22":""
,"col23":""
,"col24":""
,"col25":""
,"col26":""
,"col27":""
,"col28":""
,"col29":""
,"col30":""
,"col31":""
,"col32":""
}
]