{
	"name" : "vehicular_bridges",
	"type" : "FeatureCollection",
	"crs" : {
		"type" : "name",
		"properties" : {
			"name" : "EPSG:26910"
		}
	},
	"features" : [
		{
			"type" : "Feature",
			"geometry" : {
				"type" : "Point",
				"coordinates" : [ 507788.41661918815, 5449270.654220441 ]
			},
			"properties" : {
				"FACILITYID" : "1001826497",
				"LEGACYID" : null,
				"SURFACE_COVER" : "Concrete",
				"CONSTRUCTION_TYPE" : "Concrete",
				"ROAD" : "Tannery Rd @ SFPR",
				"STRUCTURE_LENGTH" : null,
				"STRUCTURE_WIDTH" : null,
				"NO_LANE" : 6,
				"SIDEWALKS1_MATERIAL" : "Concrete",
				"SIDEWALKS1_WIDTH" : 2,
				"SIDEWALKS2_MATERIAL" : null,
				"SIDEWALKS2_WIDTH" : null,
				"TIRE_RAILS1_MATERIAL" : null,
				"TIRE_RAILS1_LOCATION" : null,
				"TIRE_RAILS2_MATERIAL" : null,
				"TIRE_RAILS2_LOCATION" : null,
				"ROTATION" : 220,
				"STATUS" : "In Service",
				"PROJECT_NO" : "SFPR Seg. 6",
				"YR" : 2014,
				"OWNER" : "Provincial",
				"LOCATION" : null,
				"COMMENTS" : null,
				"GIS_ENTRY_STAGE" : "Final AB",
				"WARRANTYDATE" : null,
				"CONDITION" : null,
				"CONDITIONDATE" : null,
				"YTD_COST" : null,
				"LIFECYCLE_COST" : null,
				"CRE_DATE" : "20150602",
				"MOD_DATE" : "20160324"
			}
		},
		{
			"type" : "Feature",
			"geometry" : {
				"type" : "Point",
				"coordinates" : [ 507718.5175727764, 5449326.33233472 ]
			},
			"properties" : {
				"FACILITYID" : "1001826552",
				"LEGACYID" : null,
				"SURFACE_COVER" : "Concrete",
				"CONSTRUCTION_TYPE" : "Steel",
				"ROAD" : "Tannery Rd X-ing BNSF & CN",
				"STRUCTURE_LENGTH" : null,
				"STRUCTURE_WIDTH" : null,
				"NO_LANE" : 4,
				"SIDEWALKS1_MATERIAL" : "Concrete",
				"SIDEWALKS1_WIDTH" : null,
				"SIDEWALKS2_MATERIAL" : null,
				"SIDEWALKS2_WIDTH" : null,
				"TIRE_RAILS1_MATERIAL" : null,
				"TIRE_RAILS1_LOCATION" : null,
				"TIRE_RAILS2_MATERIAL" : null,
				"TIRE_RAILS2_LOCATION" : null,
				"ROTATION" : 220,
				"STATUS" : "In Service",
				"PROJECT_NO" : "SFPR Seg. 6",
				"YR" : 2014,
				"OWNER" : "Provincial",
				"LOCATION" : null,
				"COMMENTS" : null,
				"GIS_ENTRY_STAGE" : "Final AB",
				"WARRANTYDATE" : null,
				"CONDITION" : null,
				"CONDITIONDATE" : null,
				"YTD_COST" : null,
				"LIFECYCLE_COST" : null,
				"CRE_DATE" : "20150602",
				"MOD_DATE" : "20160329"
			}
		},
		{
			"type" : "Feature",
			"geometry" : {
				"type" : "Point",
				"coordinates" : [ 522550.83049156703, 5438309.441233123 ]
			},
			"properties" : {
				"FACILITYID" : "1001818682",
				"LEGACYID" : null,
				"SURFACE_COVER" : "Asphalt",
				"CONSTRUCTION_TYPE" : "Concrete",
				"ROAD" : "192 St",
				"STRUCTURE_LENGTH" : 124000,
				"STRUCTURE_WIDTH" : 22800,
				"NO_LANE" : 4,
				"SIDEWALKS1_MATERIAL" : "Asphalt",
				"SIDEWALKS1_WIDTH" : 3,
				"SIDEWALKS2_MATERIAL" : null,
				"SIDEWALKS2_WIDTH" : null,
				"TIRE_RAILS1_MATERIAL" : null,
				"TIRE_RAILS1_LOCATION" : null,
				"TIRE_RAILS2_MATERIAL" : null,
				"TIRE_RAILS2_LOCATION" : null,
				"ROTATION" : 90,
				"STATUS" : "In Service",
				"PROJECT_NO" : "1709-3130-00",
				"YR" : 2014,
				"OWNER" : "Surrey",
				"LOCATION" : null,
				"COMMENTS" : null,
				"GIS_ENTRY_STAGE" : "Final AB",
				"WARRANTYDATE" : null,
				"CONDITION" : null,
				"CONDITIONDATE" : null,
				"YTD_COST" : null,
				"LIFECYCLE_COST" : null,
				"CRE_DATE" : "20150416",
				"MOD_DATE" : "20150416"
			}
		},
		{
			"type" : "Feature",
			"geometry" : {
				"type" : "Point",
				"coordinates" : [ 513704.3117603995, 5440883.789997933 ]
			},
			"properties" : {
				"FACILITYID" : "1001849970",
				"LEGACYID" : null,
				"SURFACE_COVER" : null,
				"CONSTRUCTION_TYPE" : "Concrete",
				"ROAD" : "148 St",
				"STRUCTURE_LENGTH" : 15500,
				"STRUCTURE_WIDTH" : 16510,
				"NO_LANE" : 2,
				"SIDEWALKS1_MATERIAL" : "Concrete",
				"SIDEWALKS1_WIDTH" : 2700,
				"SIDEWALKS2_MATERIAL" : "Concrete",
				"SIDEWALKS2_WIDTH" : 2700,
				"TIRE_RAILS1_MATERIAL" : null,
				"TIRE_RAILS1_LOCATION" : null,
				"TIRE_RAILS2_MATERIAL" : null,
				"TIRE_RAILS2_LOCATION" : null,
				"ROTATION" : 90,
				"STATUS" : "In Service",
				"PROJECT_NO" : "4809-5010-00",
				"YR" : 2014,
				"OWNER" : "Surrey",
				"LOCATION" : "148 St & Hyland Creek",
				"COMMENTS" : null,
				"GIS_ENTRY_STAGE" : "Final AB",
				"WARRANTYDATE" : null,
				"CONDITION" : null,
				"CONDITIONDATE" : null,
				"YTD_COST" : null,
				"LIFECYCLE_COST" : null,
				"CRE_DATE" : "20151209",
				"MOD_DATE" : "20151209"
			}
		},
		{
			"type" : "Feature",
			"geometry" : {
				"type" : "Point",
				"coordinates" : [ 518243.988557321, 5445958.31245655 ]
			},
			"properties" : {
				"FACILITYID" : "1001434414",
				"LEGACYID" : null,
				"SURFACE_COVER" : "Unknown",
				"CONSTRUCTION_TYPE" : "Concrete",
				"ROAD" : null,
				"STRUCTURE_LENGTH" : 12,
				"STRUCTURE_WIDTH" : 4,
				"NO_LANE" : null,
				"SIDEWALKS1_MATERIAL" : null,
				"SIDEWALKS1_WIDTH" : null,
				"SIDEWALKS2_MATERIAL" : null,
				"SIDEWALKS2_WIDTH" : null,
				"TIRE_RAILS1_MATERIAL" : null,
				"TIRE_RAILS1_LOCATION" : null,
				"TIRE_RAILS2_MATERIAL" : null,
				"TIRE_RAILS2_LOCATION" : null,
				"ROTATION" : null,
				"STATUS" : "In Service",
				"PROJECT_NO" : "Bridge",
				"YR" : 2000,
				"OWNER" : "Surrey",
				"LOCATION" : null,
				"COMMENTS" : null,
				"GIS_ENTRY_STAGE" : "Final AB",
				"WARRANTYDATE" : null,
				"CONDITION" : null,
				"CONDITIONDATE" : null,
				"YTD_COST" : null,
				"LIFECYCLE_COST" : null,
				"CRE_DATE" : "20120921",
				"MOD_DATE" : "20120921"
			}
		},
		{
			"type" : "Feature",
			"geometry" : {
				"type" : "Point",
				"coordinates" : [ 523352.7495203288, 5439608.090383818 ]
			},
			"properties" : {
				"FACILITYID" : "1001558123",
				"LEGACYID" : null,
				"SURFACE_COVER" : "Asphalt",
				"CONSTRUCTION_TYPE" : "Concrete",
				"ROAD" : "196 St",
				"STRUCTURE_LENGTH" : null,
				"STRUCTURE_WIDTH" : null,
				"NO_LANE" : 4,
				"SIDEWALKS1_MATERIAL" : "Concrete",
				"SIDEWALKS1_WIDTH" : 2,
				"SIDEWALKS2_MATERIAL" : null,
				"SIDEWALKS2_WIDTH" : null,
				"TIRE_RAILS1_MATERIAL" : null,
				"TIRE_RAILS1_LOCATION" : null,
				"TIRE_RAILS2_MATERIAL" : null,
				"TIRE_RAILS2_LOCATION" : null,
				"ROTATION" : 90,
				"STATUS" : "In Service",
				"PROJECT_NO" : "1709-3140-00",
				"YR" : 2014,
				"OWNER" : "Surrey",
				"LOCATION" : "196 St @ Hwy 10 (Bypass)",
				"COMMENTS" : "RBRC",
				"GIS_ENTRY_STAGE" : "Final AB",
				"WARRANTYDATE" : null,
				"CONDITION" : null,
				"CONDITIONDATE" : null,
				"YTD_COST" : null,
				"LIFECYCLE_COST" : null,
				"CRE_DATE" : "20121026",
				"MOD_DATE" : "20150317"
			}
		},
		{
			"type" : "Feature",
			"geometry" : {
				"type" : "Point",
				"coordinates" : [ 514517.92763524316, 5438428.355267204 ]
			},
			"properties" : {
				"FACILITYID" : "1001356697",
				"LEGACYID" : null,
				"SURFACE_COVER" : "Asphalt",
				"CONSTRUCTION_TYPE" : "Concrete",
				"ROAD" : null,
				"STRUCTURE_LENGTH" : null,
				"STRUCTURE_WIDTH" : null,
				"NO_LANE" : 4,
				"SIDEWALKS1_MATERIAL" : "Concrete",
				"SIDEWALKS1_WIDTH" : 2,
				"SIDEWALKS2_MATERIAL" : "Concrete",
				"SIDEWALKS2_WIDTH" : 2,
				"TIRE_RAILS1_MATERIAL" : null,
				"TIRE_RAILS1_LOCATION" : null,
				"TIRE_RAILS2_MATERIAL" : null,
				"TIRE_RAILS2_LOCATION" : null,
				"ROTATION" : 90,
				"STATUS" : "In Service",
				"PROJECT_NO" : "1708-3080-00",
				"YR" : 2015,
				"OWNER" : "Surrey",
				"LOCATION" : "152 St & BC Railway",
				"COMMENTS" : null,
				"GIS_ENTRY_STAGE" : "Initial AB",
				"WARRANTYDATE" : null,
				"CONDITION" : null,
				"CONDITIONDATE" : null,
				"YTD_COST" : null,
				"LIFECYCLE_COST" : null,
				"CRE_DATE" : "20120118",
				"MOD_DATE" : "20150923"
			}
		},
		{
			"type" : "Feature",
			"geometry" : {
				"type" : "Point",
				"coordinates" : [ 512946.88422426954, 5435162.134797119 ]
			},
			"properties" : {
				"FACILITYID" : "1001946128",
				"LEGACYID" : null,
				"SURFACE_COVER" : "Concrete",
				"CONSTRUCTION_TYPE" : null,
				"ROAD" : "King George Blvd",
				"STRUCTURE_LENGTH" : null,
				"STRUCTURE_WIDTH" : null,
				"NO_LANE" : null,
				"SIDEWALKS1_MATERIAL" : null,
				"SIDEWALKS1_WIDTH" : null,
				"SIDEWALKS2_MATERIAL" : null,
				"SIDEWALKS2_WIDTH" : null,
				"TIRE_RAILS1_MATERIAL" : null,
				"TIRE_RAILS1_LOCATION" : null,
				"TIRE_RAILS2_MATERIAL" : null,
				"TIRE_RAILS2_LOCATION" : null,
				"ROTATION" : 57,
				"STATUS" : "In Service",
				"PROJECT_NO" : null,
				"YR" : null,
				"OWNER" : "Surrey",
				"LOCATION" : null,
				"COMMENTS" : "Bailey Bridge",
				"GIS_ENTRY_STAGE" : null,
				"WARRANTYDATE" : null,
				"CONDITION" : null,
				"CONDITIONDATE" : null,
				"YTD_COST" : null,
				"LIFECYCLE_COST" : null,
				"CRE_DATE" : "20170901",
				"MOD_DATE" : "20180110"
			}
		},
		{
			"type" : "Feature",
			"geometry" : {
				"type" : "Point",
				"coordinates" : [ 512958.7904980825, 5435168.643560136 ]
			},
			"properties" : {
				"FACILITYID" : "1001946129",
				"LEGACYID" : "1001946128",
				"SURFACE_COVER" : null,
				"CONSTRUCTION_TYPE" : null,
				"ROAD" : "King George Blvd",
				"STRUCTURE_LENGTH" : null,
				"STRUCTURE_WIDTH" : null,
				"NO_LANE" : null,
				"SIDEWALKS1_MATERIAL" : null,
				"SIDEWALKS1_WIDTH" : null,
				"SIDEWALKS2_MATERIAL" : null,
				"SIDEWALKS2_WIDTH" : null,
				"TIRE_RAILS1_MATERIAL" : null,
				"TIRE_RAILS1_LOCATION" : null,
				"TIRE_RAILS2_MATERIAL" : null,
				"TIRE_RAILS2_LOCATION" : null,
				"ROTATION" : 57,
				"STATUS" : "In Service",
				"PROJECT_NO" : null,
				"YR" : null,
				"OWNER" : "Surrey",
				"LOCATION" : null,
				"COMMENTS" : "Timber Bridge",
				"GIS_ENTRY_STAGE" : null,
				"WARRANTYDATE" : null,
				"CONDITION" : null,
				"CONDITIONDATE" : null,
				"YTD_COST" : 0,
				"LIFECYCLE_COST" : 0,
				"CRE_DATE" : "20170901",
				"MOD_DATE" : "20180110"
			}
		},
		{
			"type" : "Feature",
			"geometry" : {
				"type" : "Point",
				"coordinates" : [ 507684.2553160386, 5450550.827193534 ]
			},
			"properties" : {
				"FACILITYID" : "1001946130",
				"LEGACYID" : null,
				"SURFACE_COVER" : "Asphalt",
				"CONSTRUCTION_TYPE" : "Steel",
				"ROAD" : "Hwy 99A",
				"STRUCTURE_LENGTH" : null,
				"STRUCTURE_WIDTH" : null,
				"NO_LANE" : null,
				"SIDEWALKS1_MATERIAL" : null,
				"SIDEWALKS1_WIDTH" : null,
				"SIDEWALKS2_MATERIAL" : null,
				"SIDEWALKS2_WIDTH" : null,
				"TIRE_RAILS1_MATERIAL" : null,
				"TIRE_RAILS1_LOCATION" : null,
				"TIRE_RAILS2_MATERIAL" : null,
				"TIRE_RAILS2_LOCATION" : null,
				"ROTATION" : 28,
				"STATUS" : "In Service",
				"PROJECT_NO" : null,
				"YR" : null,
				"OWNER" : "Surrey",
				"LOCATION" : "Pattullo Bridge",
				"COMMENTS" : null,
				"GIS_ENTRY_STAGE" : null,
				"WARRANTYDATE" : null,
				"CONDITION" : null,
				"CONDITIONDATE" : null,
				"YTD_COST" : null,
				"LIFECYCLE_COST" : null,
				"CRE_DATE" : "20170901",
				"MOD_DATE" : "20180110"
			}
		},
		{
			"type" : "Feature",
			"geometry" : {
				"type" : "Point",
				"coordinates" : [ 517259.5698445905, 5447160.844363088 ]
			},
			"properties" : {
				"FACILITYID" : "1001568137",
				"LEGACYID" : null,
				"SURFACE_COVER" : "Concrete",
				"CONSTRUCTION_TYPE" : "Concrete",
				"ROAD" : "09600",
				"STRUCTURE_LENGTH" : 27800,
				"STRUCTURE_WIDTH" : 24780,
				"NO_LANE" : 4,
				"SIDEWALKS1_MATERIAL" : "Concrete",
				"SIDEWALKS1_WIDTH" : 3,
				"SIDEWALKS2_MATERIAL" : "Concrete",
				"SIDEWALKS2_WIDTH" : 3,
				"TIRE_RAILS1_MATERIAL" : null,
				"TIRE_RAILS1_LOCATION" : null,
				"TIRE_RAILS2_MATERIAL" : null,
				"TIRE_RAILS2_LOCATION" : null,
				"ROTATION" : null,
				"STATUS" : "In Service",
				"PROJECT_NO" : "1709-3090-00",
				"YR" : 2012,
				"OWNER" : "Surrey",
				"LOCATION" : "Serpentine River @ 96 Ave",
				"COMMENTS" : null,
				"GIS_ENTRY_STAGE" : "Final AB",
				"WARRANTYDATE" : null,
				"CONDITION" : null,
				"CONDITIONDATE" : null,
				"YTD_COST" : null,
				"LIFECYCLE_COST" : null,
				"CRE_DATE" : "20130220",
				"MOD_DATE" : "20130220"
			}
		},
		{
			"type" : "Feature",
			"geometry" : {
				"type" : "Point",
				"coordinates" : [ 514210.096604771, 5434541.119322902 ]
			},
			"properties" : {
				"FACILITYID" : "1000962296",
				"LEGACYID" : null,
				"SURFACE_COVER" : "Asphalt",
				"CONSTRUCTION_TYPE" : "Steel",
				"ROAD" : "03400",
				"STRUCTURE_LENGTH" : 24,
				"STRUCTURE_WIDTH" : 13,
				"NO_LANE" : 2,
				"SIDEWALKS1_MATERIAL" : "Concrete",
				"SIDEWALKS1_WIDTH" : 2,
				"SIDEWALKS2_MATERIAL" : "Concrete",
				"SIDEWALKS2_WIDTH" : 2,
				"TIRE_RAILS1_MATERIAL" : null,
				"TIRE_RAILS1_LOCATION" : "0",
				"TIRE_RAILS2_MATERIAL" : null,
				"TIRE_RAILS2_LOCATION" : "0",
				"ROTATION" : 0,
				"STATUS" : "In Service",
				"PROJECT_NO" : "1711-8070-00",
				"YR" : 2012,
				"OWNER" : "Surrey",
				"LOCATION" : "34 Ave, east of 150 St ",
				"COMMENTS" : "Barbara Crk Bridge",
				"GIS_ENTRY_STAGE" : "Final AB",
				"WARRANTYDATE" : null,
				"CONDITION" : null,
				"CONDITIONDATE" : null,
				"YTD_COST" : null,
				"LIFECYCLE_COST" : null,
				"CRE_DATE" : null,
				"MOD_DATE" : "20140905"
			}
		},
		{
			"type" : "Feature",
			"geometry" : {
				"type" : "Point",
				"coordinates" : [ 522549.3620596826, 5438099.20291567 ]
			},
			"properties" : {
				"FACILITYID" : "1000962306",
				"LEGACYID" : null,
				"SURFACE_COVER" : "Asphalt",
				"CONSTRUCTION_TYPE" : "Concrete",
				"ROAD" : "19200",
				"STRUCTURE_LENGTH" : null,
				"STRUCTURE_WIDTH" : null,
				"NO_LANE" : 2,
				"SIDEWALKS1_MATERIAL" : null,
				"SIDEWALKS1_WIDTH" : null,
				"SIDEWALKS2_MATERIAL" : null,
				"SIDEWALKS2_WIDTH" : 0,
				"TIRE_RAILS1_MATERIAL" : null,
				"TIRE_RAILS1_LOCATION" : null,
				"TIRE_RAILS2_MATERIAL" : null,
				"TIRE_RAILS2_LOCATION" : null,
				"ROTATION" : 90,
				"STATUS" : "In Service",
				"PROJECT_NO" : "1703-3070-00",
				"YR" : 2005,
				"OWNER" : "Surrey",
				"LOCATION" : "192 St @ Nicomekl River",
				"COMMENTS" : null,
				"GIS_ENTRY_STAGE" : "Final AB",
				"WARRANTYDATE" : null,
				"CONDITION" : null,
				"CONDITIONDATE" : null,
				"YTD_COST" : null,
				"LIFECYCLE_COST" : null,
				"CRE_DATE" : null,
				"MOD_DATE" : "20121102"
			}
		},
		{
			"type" : "Feature",
			"geometry" : {
				"type" : "Point",
				"coordinates" : [ 522904.8394146953, 5438690.494050486 ]
			},
			"properties" : {
				"FACILITYID" : "1001557944",
				"LEGACYID" : null,
				"SURFACE_COVER" : "Asphalt",
				"CONSTRUCTION_TYPE" : "Concrete",
				"ROAD" : "54 Ave",
				"STRUCTURE_LENGTH" : 94,
				"STRUCTURE_WIDTH" : 15,
				"NO_LANE" : 2,
				"SIDEWALKS1_MATERIAL" : "Concrete",
				"SIDEWALKS1_WIDTH" : 3,
				"SIDEWALKS2_MATERIAL" : null,
				"SIDEWALKS2_WIDTH" : null,
				"TIRE_RAILS1_MATERIAL" : null,
				"TIRE_RAILS1_LOCATION" : null,
				"TIRE_RAILS2_MATERIAL" : null,
				"TIRE_RAILS2_LOCATION" : null,
				"ROTATION" : -135,
				"STATUS" : "In Service",
				"PROJECT_NO" : "1709-7090-00",
				"YR" : 2014,
				"OWNER" : "Surrey",
				"LOCATION" : "54 Ave & CP Railway",
				"COMMENTS" : "RBRC",
				"GIS_ENTRY_STAGE" : "Final AB",
				"WARRANTYDATE" : null,
				"CONDITION" : null,
				"CONDITIONDATE" : null,
				"YTD_COST" : null,
				"LIFECYCLE_COST" : null,
				"CRE_DATE" : "20150327",
				"MOD_DATE" : "20150327"
			}
		},
		{
			"type" : "Feature",
			"geometry" : {
				"type" : "Point",
				"coordinates" : [ 519360.3252002597, 5448114.463900091 ]
			},
			"properties" : {
				"FACILITYID" : "1001882675",
				"LEGACYID" : null,
				"SURFACE_COVER" : "Concrete",
				"CONSTRUCTION_TYPE" : "Concrete",
				"ROAD" : "Barnston Drive East",
				"STRUCTURE_LENGTH" : 35000,
				"STRUCTURE_WIDTH" : 16820,
				"NO_LANE" : 2,
				"SIDEWALKS1_MATERIAL" : "Concrete",
				"SIDEWALKS1_WIDTH" : 2,
				"SIDEWALKS2_MATERIAL" : "Concrete",
				"SIDEWALKS2_WIDTH" : 2,
				"TIRE_RAILS1_MATERIAL" : null,
				"TIRE_RAILS1_LOCATION" : null,
				"TIRE_RAILS2_MATERIAL" : null,
				"TIRE_RAILS2_LOCATION" : null,
				"ROTATION" : null,
				"STATUS" : "In Service",
				"PROJECT_NO" : "MOTH BRIDGE 5928",
				"YR" : 2014,
				"OWNER" : "Provincial",
				"LOCATION" : "Barnston Dr & 176 St - Underpass",
				"COMMENTS" : null,
				"GIS_ENTRY_STAGE" : "Final AB",
				"WARRANTYDATE" : null,
				"CONDITION" : null,
				"CONDITIONDATE" : null,
				"YTD_COST" : null,
				"LIFECYCLE_COST" : null,
				"CRE_DATE" : "20160704",
				"MOD_DATE" : "20161214"
			}
		},
		{
			"type" : "Feature",
			"geometry" : {
				"type" : "Point",
				"coordinates" : [ 519323.6485168338, 5447672.545617171 ]
			},
			"properties" : {
				"FACILITYID" : "1001899945",
				"LEGACYID" : null,
				"SURFACE_COVER" : "Asphalt",
				"CONSTRUCTION_TYPE" : "Concrete",
				"ROAD" : null,
				"STRUCTURE_LENGTH" : null,
				"STRUCTURE_WIDTH" : null,
				"NO_LANE" : 5,
				"SIDEWALKS1_MATERIAL" : "Concrete",
				"SIDEWALKS1_WIDTH" : null,
				"SIDEWALKS2_MATERIAL" : null,
				"SIDEWALKS2_WIDTH" : null,
				"TIRE_RAILS1_MATERIAL" : null,
				"TIRE_RAILS1_LOCATION" : null,
				"TIRE_RAILS2_MATERIAL" : null,
				"TIRE_RAILS2_LOCATION" : null,
				"ROTATION" : 90,
				"STATUS" : "In Service",
				"PROJECT_NO" : "MOTH BRIDGE 1651",
				"YR" : 2014,
				"OWNER" : "Provincial",
				"LOCATION" : "Hwy 1 & 176 St",
				"COMMENTS" : null,
				"GIS_ENTRY_STAGE" : "Final AB",
				"WARRANTYDATE" : null,
				"CONDITION" : null,
				"CONDITIONDATE" : null,
				"YTD_COST" : null,
				"LIFECYCLE_COST" : null,
				"CRE_DATE" : "20161214",
				"MOD_DATE" : "20161214"
			}
		},
		{
			"type" : "Feature",
			"geometry" : {
				"type" : "Point",
				"coordinates" : [ 522433.41402310506, 5446435.218039781 ]
			},
			"properties" : {
				"FACILITYID" : "1001881716",
				"LEGACYID" : null,
				"SURFACE_COVER" : "Concrete",
				"CONSTRUCTION_TYPE" : "Concrete",
				"ROAD" : "192 St",
				"STRUCTURE_LENGTH" : null,
				"STRUCTURE_WIDTH" : null,
				"NO_LANE" : 2,
				"SIDEWALKS1_MATERIAL" : "Concrete",
				"SIDEWALKS1_WIDTH" : null,
				"SIDEWALKS2_MATERIAL" : null,
				"SIDEWALKS2_WIDTH" : null,
				"TIRE_RAILS1_MATERIAL" : null,
				"TIRE_RAILS1_LOCATION" : null,
				"TIRE_RAILS2_MATERIAL" : null,
				"TIRE_RAILS2_LOCATION" : null,
				"ROTATION" : 314,
				"STATUS" : "In Service",
				"PROJECT_NO" : null,
				"YR" : null,
				"OWNER" : "Provincial",
				"LOCATION" : "192 St Overpass",
				"COMMENTS" : null,
				"GIS_ENTRY_STAGE" : "Final AB",
				"WARRANTYDATE" : null,
				"CONDITION" : null,
				"CONDITIONDATE" : null,
				"YTD_COST" : null,
				"LIFECYCLE_COST" : null,
				"CRE_DATE" : "20160624",
				"MOD_DATE" : "20161214"
			}
		},
		{
			"type" : "Feature",
			"geometry" : {
				"type" : "Point",
				"coordinates" : [ 516861.52701517567, 5430937.717098022 ]
			},
			"properties" : {
				"FACILITYID" : "1001899098",
				"LEGACYID" : null,
				"SURFACE_COVER" : "Asphalt",
				"CONSTRUCTION_TYPE" : "Concrete",
				"ROAD" : "16 Ave",
				"STRUCTURE_LENGTH" : 50,
				"STRUCTURE_WIDTH" : 31,
				"NO_LANE" : 4,
				"SIDEWALKS1_MATERIAL" : "Concrete",
				"SIDEWALKS1_WIDTH" : null,
				"SIDEWALKS2_MATERIAL" : "Concrete",
				"SIDEWALKS2_WIDTH" : null,
				"TIRE_RAILS1_MATERIAL" : null,
				"TIRE_RAILS1_LOCATION" : null,
				"TIRE_RAILS2_MATERIAL" : null,
				"TIRE_RAILS2_LOCATION" : null,
				"ROTATION" : null,
				"STATUS" : "In Service",
				"PROJECT_NO" : "MOTH 12449-2013",
				"YR" : 2013,
				"OWNER" : "Provincial",
				"LOCATION" : "16 Ave & Hwy 99",
				"COMMENTS" : null,
				"GIS_ENTRY_STAGE" : "Final AB",
				"WARRANTYDATE" : null,
				"CONDITION" : null,
				"CONDITIONDATE" : null,
				"YTD_COST" : null,
				"LIFECYCLE_COST" : null,
				"CRE_DATE" : "20161205",
				"MOD_DATE" : "20161205"
			}
		},
		{
			"type" : "Feature",
			"geometry" : {
				"type" : "Point",
				"coordinates" : [ 516129.7530177478, 5429273.383195706 ]
			},
			"properties" : {
				"FACILITYID" : "1001149452",
				"LEGACYID" : null,
				"SURFACE_COVER" : "Wooden",
				"CONSTRUCTION_TYPE" : "Wooden",
				"ROAD" : "16000",
				"STRUCTURE_LENGTH" : null,
				"STRUCTURE_WIDTH" : null,
				"NO_LANE" : 0,
				"SIDEWALKS1_MATERIAL" : null,
				"SIDEWALKS1_WIDTH" : null,
				"SIDEWALKS2_MATERIAL" : null,
				"SIDEWALKS2_WIDTH" : null,
				"TIRE_RAILS1_MATERIAL" : null,
				"TIRE_RAILS1_LOCATION" : null,
				"TIRE_RAILS2_MATERIAL" : null,
				"TIRE_RAILS2_LOCATION" : null,
				"ROTATION" : 90,
				"STATUS" : "In Service",
				"PROJECT_NO" : null,
				"YR" : 1985,
				"OWNER" : "Surrey",
				"LOCATION" : "160 St Pathway Bridge at Campbell River",
				"COMMENTS" : "Access to Semiahmoo Reserve, 160 St & 8 Ave",
				"GIS_ENTRY_STAGE" : null,
				"WARRANTYDATE" : null,
				"CONDITION" : null,
				"CONDITIONDATE" : null,
				"YTD_COST" : null,
				"LIFECYCLE_COST" : null,
				"CRE_DATE" : "20100212",
				"MOD_DATE" : "20110715"
			}
		},
		{
			"type" : "Feature",
			"geometry" : {
				"type" : "Point",
				"coordinates" : [ 515683.48517455906, 5432543.53347587 ]
			},
			"properties" : {
				"FACILITYID" : "1001217760",
				"LEGACYID" : null,
				"SURFACE_COVER" : "Asphalt",
				"CONSTRUCTION_TYPE" : "Concrete",
				"ROAD" : null,
				"STRUCTURE_LENGTH" : null,
				"STRUCTURE_WIDTH" : null,
				"NO_LANE" : 4,
				"SIDEWALKS1_MATERIAL" : "Concrete",
				"SIDEWALKS1_WIDTH" : 2,
				"SIDEWALKS2_MATERIAL" : "Concrete",
				"SIDEWALKS2_WIDTH" : 2,
				"TIRE_RAILS1_MATERIAL" : null,
				"TIRE_RAILS1_LOCATION" : null,
				"TIRE_RAILS2_MATERIAL" : null,
				"TIRE_RAILS2_LOCATION" : null,
				"ROTATION" : null,
				"STATUS" : "In Service",
				"PROJECT_NO" : null,
				"YR" : null,
				"OWNER" : "Surrey",
				"LOCATION" : "24 Ave over Hwy 99",
				"COMMENTS" : null,
				"GIS_ENTRY_STAGE" : null,
				"WARRANTYDATE" : null,
				"CONDITION" : null,
				"CONDITIONDATE" : null,
				"YTD_COST" : null,
				"LIFECYCLE_COST" : null,
				"CRE_DATE" : "20111101",
				"MOD_DATE" : "20111101"
			}
		},
		{
			"type" : "Feature",
			"geometry" : {
				"type" : "Point",
				"coordinates" : [ 519101.46463730745, 5443002.583298983 ]
			},
			"properties" : {
				"FACILITYID" : "1001149417",
				"LEGACYID" : null,
				"SURFACE_COVER" : "Concrete",
				"CONSTRUCTION_TYPE" : "Concrete",
				"ROAD" : "00101",
				"STRUCTURE_LENGTH" : null,
				"STRUCTURE_WIDTH" : null,
				"NO_LANE" : 4,
				"SIDEWALKS1_MATERIAL" : null,
				"SIDEWALKS1_WIDTH" : null,
				"SIDEWALKS2_MATERIAL" : null,
				"SIDEWALKS2_WIDTH" : null,
				"TIRE_RAILS1_MATERIAL" : null,
				"TIRE_RAILS1_LOCATION" : null,
				"TIRE_RAILS2_MATERIAL" : null,
				"TIRE_RAILS2_LOCATION" : null,
				"ROTATION" : 215,
				"STATUS" : "In Service",
				"PROJECT_NO" : null,
				"YR" : 1952,
				"OWNER" : "Surrey",
				"LOCATION" : "Fraser Hwy & Serpentine River",
				"COMMENTS" : "Year built changed from 2010 to 1952 as per Associated Engineering (BC) Ltd.",
				"GIS_ENTRY_STAGE" : null,
				"WARRANTYDATE" : null,
				"CONDITION" : null,
				"CONDITIONDATE" : null,
				"YTD_COST" : null,
				"LIFECYCLE_COST" : null,
				"CRE_DATE" : "20100211",
				"MOD_DATE" : "20161020"
			}
		},
		{
			"type" : "Feature",
			"geometry" : {
				"type" : "Point",
				"coordinates" : [ 516190.7433871208, 5448844.438062856 ]
			},
			"properties" : {
				"FACILITYID" : "1001899992",
				"LEGACYID" : null,
				"SURFACE_COVER" : "Asphalt",
				"CONSTRUCTION_TYPE" : "Concrete",
				"ROAD" : null,
				"STRUCTURE_LENGTH" : 68935,
				"STRUCTURE_WIDTH" : 26820,
				"NO_LANE" : 4,
				"SIDEWALKS1_MATERIAL" : "Concrete",
				"SIDEWALKS1_WIDTH" : 2,
				"SIDEWALKS2_MATERIAL" : "Concrete",
				"SIDEWALKS2_WIDTH" : 2,
				"TIRE_RAILS1_MATERIAL" : null,
				"TIRE_RAILS1_LOCATION" : null,
				"TIRE_RAILS2_MATERIAL" : null,
				"TIRE_RAILS2_LOCATION" : null,
				"ROTATION" : 105,
				"STATUS" : "In Service",
				"PROJECT_NO" : "MOTH BRIDGE 1652",
				"YR" : 2014,
				"OWNER" : "Surrey",
				"LOCATION" : "160 St & Hwy 1",
				"COMMENTS" : null,
				"GIS_ENTRY_STAGE" : "Final AB",
				"WARRANTYDATE" : null,
				"CONDITION" : null,
				"CONDITIONDATE" : null,
				"YTD_COST" : null,
				"LIFECYCLE_COST" : null,
				"CRE_DATE" : "20161215",
				"MOD_DATE" : "20161215"
			}
		},
		{
			"type" : "Feature",
			"geometry" : {
				"type" : "Point",
				"coordinates" : [ 513249.2283562049, 5437113.769768266 ]
			},
			"properties" : {
				"FACILITYID" : "1001184243",
				"LEGACYID" : null,
				"SURFACE_COVER" : "Concrete",
				"CONSTRUCTION_TYPE" : "Concrete",
				"ROAD" : "13601",
				"STRUCTURE_LENGTH" : 63,
				"STRUCTURE_WIDTH" : 10,
				"NO_LANE" : 2,
				"SIDEWALKS1_MATERIAL" : null,
				"SIDEWALKS1_WIDTH" : null,
				"SIDEWALKS2_MATERIAL" : null,
				"SIDEWALKS2_WIDTH" : null,
				"TIRE_RAILS1_MATERIAL" : null,
				"TIRE_RAILS1_LOCATION" : null,
				"TIRE_RAILS2_MATERIAL" : null,
				"TIRE_RAILS2_LOCATION" : null,
				"ROTATION" : 105,
				"STATUS" : "In Service",
				"PROJECT_NO" : "1708-3130-00",
				"YR" : 2010,
				"OWNER" : "Surrey",
				"LOCATION" : "King George Blvd @ Serpentine Bridge East",
				"COMMENTS" : "Original year built was 1939 as per Associated Engineering (BC) Ltd.",
				"GIS_ENTRY_STAGE" : "Final AB",
				"WARRANTYDATE" : null,
				"CONDITION" : null,
				"CONDITIONDATE" : null,
				"YTD_COST" : null,
				"LIFECYCLE_COST" : null,
				"CRE_DATE" : "20101208",
				"MOD_DATE" : "20110729"
			}
		},
		{
			"type" : "Feature",
			"geometry" : {
				"type" : "Point",
				"coordinates" : [ 513239.0377293248, 5437116.864617625 ]
			},
			"properties" : {
				"FACILITYID" : "1001149418",
				"LEGACYID" : null,
				"SURFACE_COVER" : "Concrete",
				"CONSTRUCTION_TYPE" : "Concrete",
				"ROAD" : "13601",
				"STRUCTURE_LENGTH" : 63,
				"STRUCTURE_WIDTH" : 10,
				"NO_LANE" : 2,
				"SIDEWALKS1_MATERIAL" : null,
				"SIDEWALKS1_WIDTH" : null,
				"SIDEWALKS2_MATERIAL" : null,
				"SIDEWALKS2_WIDTH" : null,
				"TIRE_RAILS1_MATERIAL" : null,
				"TIRE_RAILS1_LOCATION" : null,
				"TIRE_RAILS2_MATERIAL" : null,
				"TIRE_RAILS2_LOCATION" : null,
				"ROTATION" : 105,
				"STATUS" : "In Service",
				"PROJECT_NO" : "1708-3130-00",
				"YR" : 2010,
				"OWNER" : "Surrey",
				"LOCATION" : "King George Blvd @ Serpentine Bridge West",
				"COMMENTS" : "Original year built was 1939 as per Associated Engineering (BC) Ltd.",
				"GIS_ENTRY_STAGE" : "Final AB",
				"WARRANTYDATE" : null,
				"CONDITION" : null,
				"CONDITIONDATE" : null,
				"YTD_COST" : null,
				"LIFECYCLE_COST" : null,
				"CRE_DATE" : "20101208",
				"MOD_DATE" : "20110729"
			}
		},
		{
			"type" : "Feature",
			"geometry" : {
				"type" : "Point",
				"coordinates" : [ 520512.6516344324, 5430151.986631598 ]
			},
			"properties" : {
				"FACILITYID" : "1000962295",
				"LEGACYID" : null,
				"SURFACE_COVER" : "Asphalt",
				"CONSTRUCTION_TYPE" : "Wooden",
				"ROAD" : "01200",
				"STRUCTURE_LENGTH" : null,
				"STRUCTURE_WIDTH" : null,
				"NO_LANE" : 2,
				"SIDEWALKS1_MATERIAL" : "Wooden",
				"SIDEWALKS1_WIDTH" : 1,
				"SIDEWALKS2_MATERIAL" : "Asphalt",
				"SIDEWALKS2_WIDTH" : 1,
				"TIRE_RAILS1_MATERIAL" : "Wooden",
				"TIRE_RAILS1_LOCATION" : "1",
				"TIRE_RAILS2_MATERIAL" : "Wooden",
				"TIRE_RAILS2_LOCATION" : "2",
				"ROTATION" : 0,
				"STATUS" : "In Service",
				"PROJECT_NO" : null,
				"YR" : 1976,
				"OWNER" : "Surrey",
				"LOCATION" : "12 Ave @ Campbell River",
				"COMMENTS" : null,
				"GIS_ENTRY_STAGE" : null,
				"WARRANTYDATE" : null,
				"CONDITION" : null,
				"CONDITIONDATE" : null,
				"YTD_COST" : null,
				"LIFECYCLE_COST" : null,
				"CRE_DATE" : null,
				"MOD_DATE" : "20110729"
			}
		},
		{
			"type" : "Feature",
			"geometry" : {
				"type" : "Point",
				"coordinates" : [ 514517.10172731616, 5435275.154187281 ]
			},
			"properties" : {
				"FACILITYID" : "1000962302",
				"LEGACYID" : null,
				"SURFACE_COVER" : "Asphalt",
				"CONSTRUCTION_TYPE" : "Concrete",
				"ROAD" : "15200",
				"STRUCTURE_LENGTH" : null,
				"STRUCTURE_WIDTH" : null,
				"NO_LANE" : 2,
				"SIDEWALKS1_MATERIAL" : "Concrete",
				"SIDEWALKS1_WIDTH" : 2,
				"SIDEWALKS2_MATERIAL" : "Unknown",
				"SIDEWALKS2_WIDTH" : 0,
				"TIRE_RAILS1_MATERIAL" : "Steel",
				"TIRE_RAILS1_LOCATION" : "3",
				"TIRE_RAILS2_MATERIAL" : "Steel",
				"TIRE_RAILS2_LOCATION" : "4",
				"ROTATION" : 90,
				"STATUS" : "In Service",
				"PROJECT_NO" : null,
				"YR" : 1982,
				"OWNER" : "Surrey",
				"LOCATION" : "152 St @ Nicomekl River",
				"COMMENTS" : null,
				"GIS_ENTRY_STAGE" : null,
				"WARRANTYDATE" : null,
				"CONDITION" : null,
				"CONDITIONDATE" : null,
				"YTD_COST" : null,
				"LIFECYCLE_COST" : null,
				"CRE_DATE" : null,
				"MOD_DATE" : "20110729"
			}
		},
		{
			"type" : "Feature",
			"geometry" : {
				"type" : "Point",
				"coordinates" : [ 514720.60819767695, 5449858.766056098 ]
			},
			"properties" : {
				"FACILITYID" : "1001900056",
				"LEGACYID" : null,
				"SURFACE_COVER" : "Concrete",
				"CONSTRUCTION_TYPE" : "Concrete",
				"ROAD" : null,
				"STRUCTURE_LENGTH" : 73334,
				"STRUCTURE_WIDTH" : 23446,
				"NO_LANE" : 4,
				"SIDEWALKS1_MATERIAL" : "Concrete",
				"SIDEWALKS1_WIDTH" : 2,
				"SIDEWALKS2_MATERIAL" : null,
				"SIDEWALKS2_WIDTH" : null,
				"TIRE_RAILS1_MATERIAL" : null,
				"TIRE_RAILS1_LOCATION" : null,
				"TIRE_RAILS2_MATERIAL" : null,
				"TIRE_RAILS2_LOCATION" : null,
				"ROTATION" : 110,
				"STATUS" : "In Service",
				"PROJECT_NO" : "MOTH BRIDGE 1653",
				"YR" : 2014,
				"OWNER" : "Provincial",
				"LOCATION" : "152 St & Hwy 1",
				"COMMENTS" : null,
				"GIS_ENTRY_STAGE" : "Final AB",
				"WARRANTYDATE" : null,
				"CONDITION" : null,
				"CONDITIONDATE" : null,
				"YTD_COST" : null,
				"LIFECYCLE_COST" : null,
				"CRE_DATE" : "20161215",
				"MOD_DATE" : "20161215"
			}
		},
		{
			"type" : "Feature",
			"geometry" : {
				"type" : "Point",
				"coordinates" : [ 511320.2213390488, 5445561.013166336 ]
			},
			"properties" : {
				"FACILITYID" : "1000962311",
				"LEGACYID" : null,
				"SURFACE_COVER" : "Asphalt",
				"CONSTRUCTION_TYPE" : "Concrete",
				"ROAD" : "08800",
				"STRUCTURE_LENGTH" : null,
				"STRUCTURE_WIDTH" : null,
				"NO_LANE" : 4,
				"SIDEWALKS1_MATERIAL" : "Concrete",
				"SIDEWALKS1_WIDTH" : 1,
				"SIDEWALKS2_MATERIAL" : "Concrete",
				"SIDEWALKS2_WIDTH" : 1,
				"TIRE_RAILS1_MATERIAL" : null,
				"TIRE_RAILS1_LOCATION" : "0",
				"TIRE_RAILS2_MATERIAL" : null,
				"TIRE_RAILS2_LOCATION" : "0",
				"ROTATION" : 0,
				"STATUS" : "In Service",
				"PROJECT_NO" : null,
				"YR" : 1969,
				"OWNER" : "Surrey",
				"LOCATION" : "Quibble Crk: 88 Ave east of KGB",
				"COMMENTS" : "METAL RAILING ON S SIDE SLIGHTLY BENT/NOT A HAZARD",
				"GIS_ENTRY_STAGE" : null,
				"WARRANTYDATE" : null,
				"CONDITION" : null,
				"CONDITIONDATE" : null,
				"YTD_COST" : null,
				"LIFECYCLE_COST" : null,
				"CRE_DATE" : null,
				"MOD_DATE" : "20110729"
			}
		},
		{
			"type" : "Feature",
			"geometry" : {
				"type" : "Point",
				"coordinates" : [ 516523.04751654994, 5440699.8815419525 ]
			},
			"properties" : {
				"FACILITYID" : "1001149422",
				"LEGACYID" : null,
				"SURFACE_COVER" : "Asphalt",
				"CONSTRUCTION_TYPE" : "Concrete",
				"ROAD" : "06400",
				"STRUCTURE_LENGTH" : null,
				"STRUCTURE_WIDTH" : null,
				"NO_LANE" : 2,
				"SIDEWALKS1_MATERIAL" : null,
				"SIDEWALKS1_WIDTH" : null,
				"SIDEWALKS2_MATERIAL" : null,
				"SIDEWALKS2_WIDTH" : null,
				"TIRE_RAILS1_MATERIAL" : null,
				"TIRE_RAILS1_LOCATION" : null,
				"TIRE_RAILS2_MATERIAL" : null,
				"TIRE_RAILS2_LOCATION" : null,
				"ROTATION" : 0,
				"STATUS" : "In Service",
				"PROJECT_NO" : null,
				"YR" : 1996,
				"OWNER" : "Surrey",
				"LOCATION" : "64 Ave @ Serpentine Canal",
				"COMMENTS" : "Year built changed to 1996 as per Associated Engineering (BC) Ltd.",
				"GIS_ENTRY_STAGE" : "Final AB",
				"WARRANTYDATE" : null,
				"CONDITION" : null,
				"CONDITIONDATE" : null,
				"YTD_COST" : null,
				"LIFECYCLE_COST" : null,
				"CRE_DATE" : "20100212",
				"MOD_DATE" : "20110729"
			}
		},
		{
			"type" : "Feature",
			"geometry" : {
				"type" : "Point",
				"coordinates" : [ 515691.61603026, 5440698.375087315 ]
			},
			"properties" : {
				"FACILITYID" : "1001149423",
				"LEGACYID" : null,
				"SURFACE_COVER" : "Asphalt",
				"CONSTRUCTION_TYPE" : "Concrete",
				"ROAD" : "06400",
				"STRUCTURE_LENGTH" : null,
				"STRUCTURE_WIDTH" : null,
				"NO_LANE" : 2,
				"SIDEWALKS1_MATERIAL" : null,
				"SIDEWALKS1_WIDTH" : null,
				"SIDEWALKS2_MATERIAL" : null,
				"SIDEWALKS2_WIDTH" : null,
				"TIRE_RAILS1_MATERIAL" : null,
				"TIRE_RAILS1_LOCATION" : null,
				"TIRE_RAILS2_MATERIAL" : null,
				"TIRE_RAILS2_LOCATION" : null,
				"ROTATION" : 0,
				"STATUS" : "In Service",
				"PROJECT_NO" : null,
				"YR" : 1996,
				"OWNER" : "Surrey",
				"LOCATION" : "64 Ave Serpentine River",
				"COMMENTS" : "15800 block by Hyland Creek",
				"GIS_ENTRY_STAGE" : null,
				"WARRANTYDATE" : null,
				"CONDITION" : null,
				"CONDITIONDATE" : null,
				"YTD_COST" : null,
				"LIFECYCLE_COST" : null,
				"CRE_DATE" : "20100212",
				"MOD_DATE" : "20110729"
			}
		},
		{
			"type" : "Feature",
			"geometry" : {
				"type" : "Point",
				"coordinates" : [ 509109.9943171209, 5450357.034857759 ]
			},
			"properties" : {
				"FACILITYID" : "1001149424",
				"LEGACYID" : null,
				"SURFACE_COVER" : "Asphalt",
				"CONSTRUCTION_TYPE" : "Unknown",
				"ROAD" : "13601",
				"STRUCTURE_LENGTH" : null,
				"STRUCTURE_WIDTH" : null,
				"NO_LANE" : 2,
				"SIDEWALKS1_MATERIAL" : null,
				"SIDEWALKS1_WIDTH" : null,
				"SIDEWALKS2_MATERIAL" : null,
				"SIDEWALKS2_WIDTH" : null,
				"TIRE_RAILS1_MATERIAL" : null,
				"TIRE_RAILS1_LOCATION" : null,
				"TIRE_RAILS2_MATERIAL" : null,
				"TIRE_RAILS2_LOCATION" : null,
				"ROTATION" : 0,
				"STATUS" : "In Service",
				"PROJECT_NO" : null,
				"YR" : 1988,
				"OWNER" : "Surrey",
				"LOCATION" : "King George Eastbound Off-Ramp ",
				"COMMENTS" : "At Scott Rd",
				"GIS_ENTRY_STAGE" : null,
				"WARRANTYDATE" : null,
				"CONDITION" : null,
				"CONDITIONDATE" : null,
				"YTD_COST" : null,
				"LIFECYCLE_COST" : null,
				"CRE_DATE" : "20100212",
				"MOD_DATE" : "20110729"
			}
		},
		{
			"type" : "Feature",
			"geometry" : {
				"type" : "Point",
				"coordinates" : [ 519656.59951620083, 5443940.9824134745 ]
			},
			"properties" : {
				"FACILITYID" : "1000962309",
				"LEGACYID" : null,
				"SURFACE_COVER" : "Concrete",
				"CONSTRUCTION_TYPE" : "Concrete",
				"ROAD" : "08000",
				"STRUCTURE_LENGTH" : null,
				"STRUCTURE_WIDTH" : null,
				"NO_LANE" : 2,
				"SIDEWALKS1_MATERIAL" : "Concrete",
				"SIDEWALKS1_WIDTH" : 2,
				"SIDEWALKS2_MATERIAL" : "Unknown",
				"SIDEWALKS2_WIDTH" : 0,
				"TIRE_RAILS1_MATERIAL" : null,
				"TIRE_RAILS1_LOCATION" : "0",
				"TIRE_RAILS2_MATERIAL" : null,
				"TIRE_RAILS2_LOCATION" : "0",
				"ROTATION" : 0,
				"STATUS" : "In Service",
				"PROJECT_NO" : null,
				"YR" : 1980,
				"OWNER" : "Surrey",
				"LOCATION" : "80 Ave @Serpentine River",
				"COMMENTS" : null,
				"GIS_ENTRY_STAGE" : null,
				"WARRANTYDATE" : null,
				"CONDITION" : null,
				"CONDITIONDATE" : null,
				"YTD_COST" : null,
				"LIFECYCLE_COST" : null,
				"CRE_DATE" : null,
				"MOD_DATE" : "20110729"
			}
		},
		{
			"type" : "Feature",
			"geometry" : {
				"type" : "Point",
				"coordinates" : [ 512877.729227948, 5443665.264253417 ]
			},
			"properties" : {
				"FACILITYID" : "1000962305",
				"LEGACYID" : null,
				"SURFACE_COVER" : "Concrete",
				"CONSTRUCTION_TYPE" : "Concrete",
				"ROAD" : "14400",
				"STRUCTURE_LENGTH" : null,
				"STRUCTURE_WIDTH" : null,
				"NO_LANE" : 2,
				"SIDEWALKS1_MATERIAL" : "Concrete",
				"SIDEWALKS1_WIDTH" : 2,
				"SIDEWALKS2_MATERIAL" : "Concrete",
				"SIDEWALKS2_WIDTH" : 2,
				"TIRE_RAILS1_MATERIAL" : null,
				"TIRE_RAILS1_LOCATION" : "0",
				"TIRE_RAILS2_MATERIAL" : null,
				"TIRE_RAILS2_LOCATION" : "0",
				"ROTATION" : 90,
				"STATUS" : "In Service",
				"PROJECT_NO" : null,
				"YR" : 1980,
				"OWNER" : "Surrey",
				"LOCATION" : "Bear Crk: 144 St south of 79 Ave",
				"COMMENTS" : null,
				"GIS_ENTRY_STAGE" : null,
				"WARRANTYDATE" : null,
				"CONDITION" : null,
				"CONDITIONDATE" : null,
				"YTD_COST" : null,
				"LIFECYCLE_COST" : null,
				"CRE_DATE" : null,
				"MOD_DATE" : "20110729"
			}
		},
		{
			"type" : "Feature",
			"geometry" : {
				"type" : "Point",
				"coordinates" : [ 512063.7207901543, 5444117.205995671 ]
			},
			"properties" : {
				"FACILITYID" : "1000962304",
				"LEGACYID" : null,
				"SURFACE_COVER" : "Concrete",
				"CONSTRUCTION_TYPE" : "Wooden",
				"ROAD" : "14000",
				"STRUCTURE_LENGTH" : null,
				"STRUCTURE_WIDTH" : null,
				"NO_LANE" : 2,
				"SIDEWALKS1_MATERIAL" : "Concrete",
				"SIDEWALKS1_WIDTH" : 1,
				"SIDEWALKS2_MATERIAL" : "Concrete",
				"SIDEWALKS2_WIDTH" : 1,
				"TIRE_RAILS1_MATERIAL" : null,
				"TIRE_RAILS1_LOCATION" : "0",
				"TIRE_RAILS2_MATERIAL" : null,
				"TIRE_RAILS2_LOCATION" : "0",
				"ROTATION" : 90,
				"STATUS" : "In Service",
				"PROJECT_NO" : null,
				"YR" : 1975,
				"OWNER" : "Surrey",
				"LOCATION" : "Bear Crk: 140 St north of 80B Ave",
				"COMMENTS" : null,
				"GIS_ENTRY_STAGE" : null,
				"WARRANTYDATE" : null,
				"CONDITION" : null,
				"CONDITIONDATE" : null,
				"YTD_COST" : null,
				"LIFECYCLE_COST" : null,
				"CRE_DATE" : null,
				"MOD_DATE" : "20110729"
			}
		},
		{
			"type" : "Feature",
			"geometry" : {
				"type" : "Point",
				"coordinates" : [ 517764.92869072314, 5442179.966331946 ]
			},
			"properties" : {
				"FACILITYID" : "1000962294",
				"LEGACYID" : null,
				"SURFACE_COVER" : "Concrete",
				"CONSTRUCTION_TYPE" : "Concrete",
				"ROAD" : "16800",
				"STRUCTURE_LENGTH" : null,
				"STRUCTURE_WIDTH" : null,
				"NO_LANE" : 2,
				"SIDEWALKS1_MATERIAL" : "Unknown",
				"SIDEWALKS1_WIDTH" : 0,
				"SIDEWALKS2_MATERIAL" : "Unknown",
				"SIDEWALKS2_WIDTH" : 0,
				"TIRE_RAILS1_MATERIAL" : "Wooden",
				"TIRE_RAILS1_LOCATION" : "3",
				"TIRE_RAILS2_MATERIAL" : "Wooden",
				"TIRE_RAILS2_LOCATION" : "4",
				"ROTATION" : 90,
				"STATUS" : "In Service",
				"PROJECT_NO" : null,
				"YR" : 1975,
				"OWNER" : "Surrey",
				"LOCATION" : "168 St @ Serpentine River",
				"COMMENTS" : "6 HWY NO POSTS ON SW SIDE ARE TO KEEP VEHICLES OUT",
				"GIS_ENTRY_STAGE" : null,
				"WARRANTYDATE" : null,
				"CONDITION" : null,
				"CONDITIONDATE" : null,
				"YTD_COST" : null,
				"LIFECYCLE_COST" : null,
				"CRE_DATE" : null,
				"MOD_DATE" : "20110729"
			}
		},
		{
			"type" : "Feature",
			"geometry" : {
				"type" : "Point",
				"coordinates" : [ 519187.8094450738, 5438654.913185889 ]
			},
			"properties" : {
				"FACILITYID" : "1001153566",
				"LEGACYID" : null,
				"SURFACE_COVER" : "Concrete",
				"CONSTRUCTION_TYPE" : "Concrete",
				"ROAD" : "Hwy 15",
				"STRUCTURE_LENGTH" : null,
				"STRUCTURE_WIDTH" : null,
				"NO_LANE" : 2,
				"SIDEWALKS1_MATERIAL" : "Concrete",
				"SIDEWALKS1_WIDTH" : null,
				"SIDEWALKS2_MATERIAL" : null,
				"SIDEWALKS2_WIDTH" : null,
				"TIRE_RAILS1_MATERIAL" : "Steel",
				"TIRE_RAILS1_LOCATION" : null,
				"TIRE_RAILS2_MATERIAL" : null,
				"TIRE_RAILS2_LOCATION" : null,
				"ROTATION" : 70,
				"STATUS" : "In Service",
				"PROJECT_NO" : "MOTH 71101-2004",
				"YR" : 2006,
				"OWNER" : "Provincial",
				"LOCATION" : "Roger Pierlet Bridge",
				"COMMENTS" : null,
				"GIS_ENTRY_STAGE" : "Final AB",
				"WARRANTYDATE" : null,
				"CONDITION" : null,
				"CONDITIONDATE" : null,
				"YTD_COST" : null,
				"LIFECYCLE_COST" : null,
				"CRE_DATE" : "20100324",
				"MOD_DATE" : "20100602"
			}
		},
		{
			"type" : "Feature",
			"geometry" : {
				"type" : "Point",
				"coordinates" : [ 519207.77957021166, 5438655.764954003 ]
			},
			"properties" : {
				"FACILITYID" : "1001162872",
				"LEGACYID" : null,
				"SURFACE_COVER" : "Concrete",
				"CONSTRUCTION_TYPE" : null,
				"ROAD" : "Hwy 15",
				"STRUCTURE_LENGTH" : null,
				"STRUCTURE_WIDTH" : null,
				"NO_LANE" : 2,
				"SIDEWALKS1_MATERIAL" : null,
				"SIDEWALKS1_WIDTH" : null,
				"SIDEWALKS2_MATERIAL" : null,
				"SIDEWALKS2_WIDTH" : null,
				"TIRE_RAILS1_MATERIAL" : null,
				"TIRE_RAILS1_LOCATION" : null,
				"TIRE_RAILS2_MATERIAL" : null,
				"TIRE_RAILS2_LOCATION" : null,
				"ROTATION" : 70,
				"STATUS" : "In Service",
				"PROJECT_NO" : null,
				"YR" : 1974,
				"OWNER" : "Provincial",
				"LOCATION" : "Cloverdale Bypass S of Hwy 10",
				"COMMENTS" : null,
				"GIS_ENTRY_STAGE" : "Final AB",
				"WARRANTYDATE" : null,
				"CONDITION" : null,
				"CONDITIONDATE" : null,
				"YTD_COST" : null,
				"LIFECYCLE_COST" : null,
				"CRE_DATE" : "20100602",
				"MOD_DATE" : "20100602"
			}
		},
		{
			"type" : "Feature",
			"geometry" : {
				"type" : "Point",
				"coordinates" : [ 520724.3504914269, 5447094.281091332 ]
			},
			"properties" : {
				"FACILITYID" : "1001147786",
				"LEGACYID" : null,
				"SURFACE_COVER" : null,
				"CONSTRUCTION_TYPE" : null,
				"ROAD" : null,
				"STRUCTURE_LENGTH" : null,
				"STRUCTURE_WIDTH" : null,
				"NO_LANE" : null,
				"SIDEWALKS1_MATERIAL" : null,
				"SIDEWALKS1_WIDTH" : null,
				"SIDEWALKS2_MATERIAL" : null,
				"SIDEWALKS2_WIDTH" : null,
				"TIRE_RAILS1_MATERIAL" : null,
				"TIRE_RAILS1_LOCATION" : null,
				"TIRE_RAILS2_MATERIAL" : null,
				"TIRE_RAILS2_LOCATION" : null,
				"ROTATION" : 19,
				"STATUS" : "In Service",
				"PROJECT_NO" : null,
				"YR" : 2009,
				"OWNER" : "Translink",
				"LOCATION" : null,
				"COMMENTS" : null,
				"GIS_ENTRY_STAGE" : null,
				"WARRANTYDATE" : null,
				"CONDITION" : null,
				"CONDITIONDATE" : null,
				"YTD_COST" : null,
				"LIFECYCLE_COST" : null,
				"CRE_DATE" : "20100127",
				"MOD_DATE" : "20160624"
			}
		},
		{
			"type" : "Feature",
			"geometry" : {
				"type" : "Point",
				"coordinates" : [ 520750.48465593625, 5447125.932721034 ]
			},
			"properties" : {
				"FACILITYID" : "1001147785",
				"LEGACYID" : null,
				"SURFACE_COVER" : null,
				"CONSTRUCTION_TYPE" : null,
				"ROAD" : null,
				"STRUCTURE_LENGTH" : null,
				"STRUCTURE_WIDTH" : null,
				"NO_LANE" : null,
				"SIDEWALKS1_MATERIAL" : null,
				"SIDEWALKS1_WIDTH" : null,
				"SIDEWALKS2_MATERIAL" : null,
				"SIDEWALKS2_WIDTH" : null,
				"TIRE_RAILS1_MATERIAL" : null,
				"TIRE_RAILS1_LOCATION" : null,
				"TIRE_RAILS2_MATERIAL" : null,
				"TIRE_RAILS2_LOCATION" : null,
				"ROTATION" : 19,
				"STATUS" : "In Service",
				"PROJECT_NO" : null,
				"YR" : 2009,
				"OWNER" : "Translink",
				"LOCATION" : null,
				"COMMENTS" : null,
				"GIS_ENTRY_STAGE" : null,
				"WARRANTYDATE" : null,
				"CONDITION" : null,
				"CONDITIONDATE" : null,
				"YTD_COST" : null,
				"LIFECYCLE_COST" : null,
				"CRE_DATE" : "20100127",
				"MOD_DATE" : "20160624"
			}
		},
		{
			"type" : "Feature",
			"geometry" : {
				"type" : "Point",
				"coordinates" : [ 513470.9498256417, 5434516.70792306 ]
			},
			"properties" : {
				"FACILITYID" : "1001933459",
				"LEGACYID" : null,
				"SURFACE_COVER" : "Concrete",
				"CONSTRUCTION_TYPE" : "Concrete",
				"ROAD" : null,
				"STRUCTURE_LENGTH" : null,
				"STRUCTURE_WIDTH" : null,
				"NO_LANE" : 4,
				"SIDEWALKS1_MATERIAL" : "Concrete",
				"SIDEWALKS1_WIDTH" : 2,
				"SIDEWALKS2_MATERIAL" : "Concrete",
				"SIDEWALKS2_WIDTH" : 2,
				"TIRE_RAILS1_MATERIAL" : null,
				"TIRE_RAILS1_LOCATION" : null,
				"TIRE_RAILS2_MATERIAL" : null,
				"TIRE_RAILS2_LOCATION" : null,
				"ROTATION" : -129,
				"STATUS" : "In Service",
				"PROJECT_NO" : "1714-3080-00",
				"YR" : 2016,
				"OWNER" : "Surrey",
				"LOCATION" : "Anderson Creek @ King George Blvd.",
				"COMMENTS" : null,
				"GIS_ENTRY_STAGE" : "Initial AB",
				"WARRANTYDATE" : null,
				"CONDITION" : null,
				"CONDITIONDATE" : null,
				"YTD_COST" : null,
				"LIFECYCLE_COST" : null,
				"CRE_DATE" : "20170601",
				"MOD_DATE" : "20170601"
			}
		},
		{
			"type" : "Feature",
			"geometry" : {
				"type" : "Point",
				"coordinates" : [ 517575.83780917805, 5429344.632964486 ]
			},
			"properties" : {
				"FACILITYID" : "1001168238",
				"LEGACYID" : null,
				"SURFACE_COVER" : "Asphalt",
				"CONSTRUCTION_TYPE" : "Concrete",
				"ROAD" : "8 Ave",
				"STRUCTURE_LENGTH" : null,
				"STRUCTURE_WIDTH" : null,
				"NO_LANE" : 3,
				"SIDEWALKS1_MATERIAL" : null,
				"SIDEWALKS1_WIDTH" : null,
				"SIDEWALKS2_MATERIAL" : null,
				"SIDEWALKS2_WIDTH" : null,
				"TIRE_RAILS1_MATERIAL" : null,
				"TIRE_RAILS1_LOCATION" : null,
				"TIRE_RAILS2_MATERIAL" : null,
				"TIRE_RAILS2_LOCATION" : null,
				"ROTATION" : -10,
				"STATUS" : "In Service",
				"PROJECT_NO" : "MOTH 11257",
				"YR" : 2006,
				"OWNER" : "Provincial",
				"LOCATION" : "8 Ave @ Hwy 99 Overpass",
				"COMMENTS" : null,
				"GIS_ENTRY_STAGE" : "Final AB",
				"WARRANTYDATE" : null,
				"CONDITION" : null,
				"CONDITIONDATE" : null,
				"YTD_COST" : null,
				"LIFECYCLE_COST" : null,
				"CRE_DATE" : "20100722",
				"MOD_DATE" : "20100722"
			}
		},
		{
			"type" : "Feature",
			"geometry" : {
				"type" : "Point",
				"coordinates" : [ 516832.32559050526, 5439092.1816692855 ]
			},
			"properties" : {
				"FACILITYID" : "1001192164",
				"LEGACYID" : null,
				"SURFACE_COVER" : "Asphalt",
				"CONSTRUCTION_TYPE" : "Concrete",
				"ROAD" : null,
				"STRUCTURE_LENGTH" : null,
				"STRUCTURE_WIDTH" : null,
				"NO_LANE" : 4,
				"SIDEWALKS1_MATERIAL" : null,
				"SIDEWALKS1_WIDTH" : null,
				"SIDEWALKS2_MATERIAL" : null,
				"SIDEWALKS2_WIDTH" : null,
				"TIRE_RAILS1_MATERIAL" : null,
				"TIRE_RAILS1_LOCATION" : null,
				"TIRE_RAILS2_MATERIAL" : null,
				"TIRE_RAILS2_LOCATION" : null,
				"ROTATION" : null,
				"STATUS" : "In Service",
				"PROJECT_NO" : null,
				"YR" : 2009,
				"OWNER" : "Provincial",
				"LOCATION" : "Serpentine River & Hwy 10",
				"COMMENTS" : null,
				"GIS_ENTRY_STAGE" : "Final AB",
				"WARRANTYDATE" : null,
				"CONDITION" : null,
				"CONDITIONDATE" : null,
				"YTD_COST" : null,
				"LIFECYCLE_COST" : null,
				"CRE_DATE" : "20110318",
				"MOD_DATE" : "20110318"
			}
		},
		{
			"type" : "Feature",
			"geometry" : {
				"type" : "Point",
				"coordinates" : [ 517764.07897308376, 5437538.537313644 ]
			},
			"properties" : {
				"FACILITYID" : "1000962299",
				"LEGACYID" : null,
				"SURFACE_COVER" : "Wooden",
				"CONSTRUCTION_TYPE" : "Wooden",
				"ROAD" : "16800",
				"STRUCTURE_LENGTH" : 43,
				"STRUCTURE_WIDTH" : 10,
				"NO_LANE" : 2,
				"SIDEWALKS1_MATERIAL" : "Asphalt",
				"SIDEWALKS1_WIDTH" : 1,
				"SIDEWALKS2_MATERIAL" : null,
				"SIDEWALKS2_WIDTH" : 0,
				"TIRE_RAILS1_MATERIAL" : "Wooden",
				"TIRE_RAILS1_LOCATION" : "3",
				"TIRE_RAILS2_MATERIAL" : "Wooden",
				"TIRE_RAILS2_LOCATION" : "4",
				"ROTATION" : 90,
				"STATUS" : "In Service",
				"PROJECT_NO" : "3942",
				"YR" : 1975,
				"OWNER" : "Surrey",
				"LOCATION" : "168 St @ Nicomekl River",
				"COMMENTS" : null,
				"GIS_ENTRY_STAGE" : "Final AB",
				"WARRANTYDATE" : null,
				"CONDITION" : null,
				"CONDITIONDATE" : null,
				"YTD_COST" : null,
				"LIFECYCLE_COST" : null,
				"CRE_DATE" : null,
				"MOD_DATE" : "20110707"
			}
		},
		{
			"type" : "Feature",
			"geometry" : {
				"type" : "Point",
				"coordinates" : [ 516602.4253514381, 5448687.996550687 ]
			},
			"properties" : {
				"FACILITYID" : "1001900059",
				"LEGACYID" : null,
				"SURFACE_COVER" : "Concrete",
				"CONSTRUCTION_TYPE" : "Concrete",
				"ROAD" : null,
				"STRUCTURE_LENGTH" : 55440,
				"STRUCTURE_WIDTH" : 11738,
				"NO_LANE" : 2,
				"SIDEWALKS1_MATERIAL" : null,
				"SIDEWALKS1_WIDTH" : null,
				"SIDEWALKS2_MATERIAL" : null,
				"SIDEWALKS2_WIDTH" : null,
				"TIRE_RAILS1_MATERIAL" : null,
				"TIRE_RAILS1_LOCATION" : null,
				"TIRE_RAILS2_MATERIAL" : null,
				"TIRE_RAILS2_LOCATION" : null,
				"ROTATION" : -30,
				"STATUS" : "In Service",
				"PROJECT_NO" : "MOTH BRIDGE 2005",
				"YR" : 2013,
				"OWNER" : "Provincial",
				"LOCATION" : "160 St WB Off Ramp & Hwy 1",
				"COMMENTS" : null,
				"GIS_ENTRY_STAGE" : "Final AB",
				"WARRANTYDATE" : null,
				"CONDITION" : null,
				"CONDITIONDATE" : null,
				"YTD_COST" : null,
				"LIFECYCLE_COST" : null,
				"CRE_DATE" : "20161215",
				"MOD_DATE" : "20161215"
			}
		},
		{
			"type" : "Feature",
			"geometry" : {
				"type" : "Point",
				"coordinates" : [ 521033.51285002194, 5447533.71124891 ]
			},
			"properties" : {
				"FACILITYID" : "1001147790",
				"LEGACYID" : null,
				"SURFACE_COVER" : null,
				"CONSTRUCTION_TYPE" : null,
				"ROAD" : null,
				"STRUCTURE_LENGTH" : null,
				"STRUCTURE_WIDTH" : null,
				"NO_LANE" : null,
				"SIDEWALKS1_MATERIAL" : null,
				"SIDEWALKS1_WIDTH" : null,
				"SIDEWALKS2_MATERIAL" : null,
				"SIDEWALKS2_WIDTH" : null,
				"TIRE_RAILS1_MATERIAL" : null,
				"TIRE_RAILS1_LOCATION" : null,
				"TIRE_RAILS2_MATERIAL" : null,
				"TIRE_RAILS2_LOCATION" : null,
				"ROTATION" : 150,
				"STATUS" : "In Service",
				"PROJECT_NO" : null,
				"YR" : 2009,
				"OWNER" : "Translink",
				"LOCATION" : null,
				"COMMENTS" : null,
				"GIS_ENTRY_STAGE" : "Final AB",
				"WARRANTYDATE" : null,
				"CONDITION" : null,
				"CONDITIONDATE" : null,
				"YTD_COST" : null,
				"LIFECYCLE_COST" : null,
				"CRE_DATE" : "20100127",
				"MOD_DATE" : "20100127"
			}
		},
		{
			"type" : "Feature",
			"geometry" : {
				"type" : "Point",
				"coordinates" : [ 515316.70992129296, 5449172.280159695 ]
			},
			"properties" : {
				"FACILITYID" : "1001202864",
				"LEGACYID" : "1001130146",
				"SURFACE_COVER" : "Asphalt",
				"CONSTRUCTION_TYPE" : "Concrete",
				"ROAD" : "15600",
				"STRUCTURE_LENGTH" : null,
				"STRUCTURE_WIDTH" : null,
				"NO_LANE" : 2,
				"SIDEWALKS1_MATERIAL" : "Concrete",
				"SIDEWALKS1_WIDTH" : null,
				"SIDEWALKS2_MATERIAL" : null,
				"SIDEWALKS2_WIDTH" : null,
				"TIRE_RAILS1_MATERIAL" : null,
				"TIRE_RAILS1_LOCATION" : null,
				"TIRE_RAILS2_MATERIAL" : null,
				"TIRE_RAILS2_LOCATION" : null,
				"ROTATION" : 34,
				"STATUS" : "In Service",
				"PROJECT_NO" : "1705-3240-00",
				"YR" : 2009,
				"OWNER" : "Provincial",
				"LOCATION" : "Hwy 1 Eastbound @ 156 St Underpass",
				"COMMENTS" : "Provincial Bridge 3263",
				"GIS_ENTRY_STAGE" : "Final AB",
				"WARRANTYDATE" : null,
				"CONDITION" : null,
				"CONDITIONDATE" : null,
				"YTD_COST" : null,
				"LIFECYCLE_COST" : null,
				"CRE_DATE" : "20110628",
				"MOD_DATE" : "20161215"
			}
		},
		{
			"type" : "Feature",
			"geometry" : {
				"type" : "Point",
				"coordinates" : [ 519337.20901245065, 5445157.780330123 ]
			},
			"properties" : {
				"FACILITYID" : "1001154609",
				"LEGACYID" : null,
				"SURFACE_COVER" : "Asphalt",
				"CONSTRUCTION_TYPE" : "Concrete",
				"ROAD" : "Hwy 15",
				"STRUCTURE_LENGTH" : null,
				"STRUCTURE_WIDTH" : null,
				"NO_LANE" : 4,
				"SIDEWALKS1_MATERIAL" : null,
				"SIDEWALKS1_WIDTH" : null,
				"SIDEWALKS2_MATERIAL" : null,
				"SIDEWALKS2_WIDTH" : null,
				"TIRE_RAILS1_MATERIAL" : null,
				"TIRE_RAILS1_LOCATION" : null,
				"TIRE_RAILS2_MATERIAL" : null,
				"TIRE_RAILS2_LOCATION" : null,
				"ROTATION" : 90,
				"STATUS" : "In Service",
				"PROJECT_NO" : "MOTH 71101-2007",
				"YR" : 2008,
				"OWNER" : "Provincial",
				"LOCATION" : "176 St & Serpentine River (8600blk)",
				"COMMENTS" : null,
				"GIS_ENTRY_STAGE" : "Final AB",
				"WARRANTYDATE" : null,
				"CONDITION" : null,
				"CONDITIONDATE" : null,
				"YTD_COST" : null,
				"LIFECYCLE_COST" : null,
				"CRE_DATE" : "20100406",
				"MOD_DATE" : "20100615"
			}
		},
		{
			"type" : "Feature",
			"geometry" : {
				"type" : "Point",
				"coordinates" : [ 519328.41119202226, 5437036.735444607 ]
			},
			"properties" : {
				"FACILITYID" : "1001153576",
				"LEGACYID" : null,
				"SURFACE_COVER" : "Asphalt",
				"CONSTRUCTION_TYPE" : "Concrete",
				"ROAD" : "176 St",
				"STRUCTURE_LENGTH" : null,
				"STRUCTURE_WIDTH" : null,
				"NO_LANE" : 4,
				"SIDEWALKS1_MATERIAL" : null,
				"SIDEWALKS1_WIDTH" : null,
				"SIDEWALKS2_MATERIAL" : null,
				"SIDEWALKS2_WIDTH" : null,
				"TIRE_RAILS1_MATERIAL" : null,
				"TIRE_RAILS1_LOCATION" : null,
				"TIRE_RAILS2_MATERIAL" : null,
				"TIRE_RAILS2_LOCATION" : null,
				"ROTATION" : 90,
				"STATUS" : "In Service",
				"PROJECT_NO" : "MOTH 71101-2007",
				"YR" : 2008,
				"OWNER" : "Provincial",
				"LOCATION" : "Nicomekl River @ 4600blk",
				"COMMENTS" : null,
				"GIS_ENTRY_STAGE" : "Final AB",
				"WARRANTYDATE" : null,
				"CONDITION" : null,
				"CONDITIONDATE" : null,
				"YTD_COST" : null,
				"LIFECYCLE_COST" : null,
				"CRE_DATE" : "20100324",
				"MOD_DATE" : "20100615"
			}
		},
		{
			"type" : "Feature",
			"geometry" : {
				"type" : "Point",
				"coordinates" : [ 519344.3346532099, 5443299.4333333075 ]
			},
			"properties" : {
				"FACILITYID" : "1001154543",
				"LEGACYID" : null,
				"SURFACE_COVER" : "Asphalt",
				"CONSTRUCTION_TYPE" : "Concrete",
				"ROAD" : "Hwy 15",
				"STRUCTURE_LENGTH" : null,
				"STRUCTURE_WIDTH" : null,
				"NO_LANE" : 4,
				"SIDEWALKS1_MATERIAL" : null,
				"SIDEWALKS1_WIDTH" : null,
				"SIDEWALKS2_MATERIAL" : null,
				"SIDEWALKS2_WIDTH" : null,
				"TIRE_RAILS1_MATERIAL" : null,
				"TIRE_RAILS1_LOCATION" : null,
				"TIRE_RAILS2_MATERIAL" : null,
				"TIRE_RAILS2_LOCATION" : null,
				"ROTATION" : 90,
				"STATUS" : "In Service",
				"PROJECT_NO" : "MOTH 71101-2007",
				"YR" : 2008,
				"OWNER" : "Provincial",
				"LOCATION" : "176 St & Serpentine River (7650blk)",
				"COMMENTS" : null,
				"GIS_ENTRY_STAGE" : "Final AB",
				"WARRANTYDATE" : null,
				"CONDITION" : null,
				"CONDITIONDATE" : null,
				"YTD_COST" : null,
				"LIFECYCLE_COST" : null,
				"CRE_DATE" : "20100401",
				"MOD_DATE" : "20100615"
			}
		},
		{
			"type" : "Feature",
			"geometry" : {
				"type" : "Point",
				"coordinates" : [ 523355.722901864, 5447714.165816272 ]
			},
			"properties" : {
				"FACILITYID" : "1001149087",
				"LEGACYID" : null,
				"SURFACE_COVER" : "Asphalt",
				"CONSTRUCTION_TYPE" : "Concrete",
				"ROAD" : "Golden Ears Way",
				"STRUCTURE_LENGTH" : null,
				"STRUCTURE_WIDTH" : null,
				"NO_LANE" : 4,
				"SIDEWALKS1_MATERIAL" : null,
				"SIDEWALKS1_WIDTH" : null,
				"SIDEWALKS2_MATERIAL" : null,
				"SIDEWALKS2_WIDTH" : null,
				"TIRE_RAILS1_MATERIAL" : null,
				"TIRE_RAILS1_LOCATION" : null,
				"TIRE_RAILS2_MATERIAL" : null,
				"TIRE_RAILS2_LOCATION" : null,
				"ROTATION" : 170,
				"STATUS" : "In Service",
				"PROJECT_NO" : null,
				"YR" : 2007,
				"OWNER" : "Translink",
				"LOCATION" : null,
				"COMMENTS" : null,
				"GIS_ENTRY_STAGE" : "Final AB",
				"WARRANTYDATE" : null,
				"CONDITION" : null,
				"CONDITIONDATE" : null,
				"YTD_COST" : null,
				"LIFECYCLE_COST" : null,
				"CRE_DATE" : "20100204",
				"MOD_DATE" : "20100204"
			}
		},
		{
			"type" : "Feature",
			"geometry" : {
				"type" : "Point",
				"coordinates" : [ 515112.9821444405, 5435773.653166482 ]
			},
			"properties" : {
				"FACILITYID" : "1000962303",
				"LEGACYID" : null,
				"SURFACE_COVER" : "Asphalt",
				"CONSTRUCTION_TYPE" : "Steel",
				"ROAD" : "04000",
				"STRUCTURE_LENGTH" : null,
				"STRUCTURE_WIDTH" : null,
				"NO_LANE" : 2,
				"SIDEWALKS1_MATERIAL" : "Unknown",
				"SIDEWALKS1_WIDTH" : 0,
				"SIDEWALKS2_MATERIAL" : "Unknown",
				"SIDEWALKS2_WIDTH" : 0,
				"TIRE_RAILS1_MATERIAL" : "Steel",
				"TIRE_RAILS1_LOCATION" : "1",
				"TIRE_RAILS2_MATERIAL" : "Steel",
				"TIRE_RAILS2_LOCATION" : "2",
				"ROTATION" : 0,
				"STATUS" : "In Service",
				"PROJECT_NO" : null,
				"YR" : null,
				"OWNER" : "Surrey",
				"LOCATION" : "40 Ave @ Nicomekl River",
				"COMMENTS" : "NO WORK REQ'D. .6/20/08 EMP.#33739",
				"GIS_ENTRY_STAGE" : null,
				"WARRANTYDATE" : null,
				"CONDITION" : null,
				"CONDITIONDATE" : null,
				"YTD_COST" : null,
				"LIFECYCLE_COST" : null,
				"CRE_DATE" : null,
				"MOD_DATE" : "20110627"
			}
		},
		{
			"type" : "Feature",
			"geometry" : {
				"type" : "Point",
				"coordinates" : [ 512772.7807413889, 5435196.140099958 ]
			},
			"properties" : {
				"FACILITYID" : "1000962312",
				"LEGACYID" : null,
				"SURFACE_COVER" : "Asphalt",
				"CONSTRUCTION_TYPE" : "Concrete",
				"ROAD" : "14325",
				"STRUCTURE_LENGTH" : null,
				"STRUCTURE_WIDTH" : null,
				"NO_LANE" : 1,
				"SIDEWALKS1_MATERIAL" : "Concrete",
				"SIDEWALKS1_WIDTH" : 2,
				"SIDEWALKS2_MATERIAL" : "Concrete",
				"SIDEWALKS2_WIDTH" : 2,
				"TIRE_RAILS1_MATERIAL" : null,
				"TIRE_RAILS1_LOCATION" : "0",
				"TIRE_RAILS2_MATERIAL" : null,
				"TIRE_RAILS2_LOCATION" : "0",
				"ROTATION" : 110,
				"STATUS" : "In Service",
				"PROJECT_NO" : null,
				"YR" : null,
				"OWNER" : "Surrey",
				"LOCATION" : "Elgin Rd @ Nicomekl River",
				"COMMENTS" : null,
				"GIS_ENTRY_STAGE" : null,
				"WARRANTYDATE" : null,
				"CONDITION" : null,
				"CONDITIONDATE" : null,
				"YTD_COST" : null,
				"LIFECYCLE_COST" : null,
				"CRE_DATE" : null,
				"MOD_DATE" : "20110627"
			}
		},
		{
			"type" : "Feature",
			"geometry" : {
				"type" : "Point",
				"coordinates" : [ 520938.3011694262, 5436953.098930001 ]
			},
			"properties" : {
				"FACILITYID" : "1000962300",
				"LEGACYID" : null,
				"SURFACE_COVER" : "Asphalt",
				"CONSTRUCTION_TYPE" : "Wooden",
				"ROAD" : "18400",
				"STRUCTURE_LENGTH" : null,
				"STRUCTURE_WIDTH" : null,
				"NO_LANE" : 2,
				"SIDEWALKS1_MATERIAL" : "Wooden",
				"SIDEWALKS1_WIDTH" : 1,
				"SIDEWALKS2_MATERIAL" : "Unknown",
				"SIDEWALKS2_WIDTH" : 0,
				"TIRE_RAILS1_MATERIAL" : "Wooden",
				"TIRE_RAILS1_LOCATION" : "3",
				"TIRE_RAILS2_MATERIAL" : "Wooden",
				"TIRE_RAILS2_LOCATION" : "4",
				"ROTATION" : 0,
				"STATUS" : "In Service",
				"PROJECT_NO" : null,
				"YR" : null,
				"OWNER" : "Surrey",
				"LOCATION" : "184 St @ Nicomekl River",
				"COMMENTS" : null,
				"GIS_ENTRY_STAGE" : null,
				"WARRANTYDATE" : null,
				"CONDITION" : null,
				"CONDITIONDATE" : null,
				"YTD_COST" : null,
				"LIFECYCLE_COST" : null,
				"CRE_DATE" : null,
				"MOD_DATE" : "20110627"
			}
		},
		{
			"type" : "Feature",
			"geometry" : {
				"type" : "Point",
				"coordinates" : [ 522854.4477166189, 5430959.80168381 ]
			},
			"properties" : {
				"FACILITYID" : "1000962308",
				"LEGACYID" : null,
				"SURFACE_COVER" : "Asphalt",
				"CONSTRUCTION_TYPE" : "Concrete",
				"ROAD" : "01600",
				"STRUCTURE_LENGTH" : null,
				"STRUCTURE_WIDTH" : null,
				"NO_LANE" : 2,
				"SIDEWALKS1_MATERIAL" : "Asphalt",
				"SIDEWALKS1_WIDTH" : 12,
				"SIDEWALKS2_MATERIAL" : "Asphalt",
				"SIDEWALKS2_WIDTH" : 12,
				"TIRE_RAILS1_MATERIAL" : null,
				"TIRE_RAILS1_LOCATION" : "0",
				"TIRE_RAILS2_MATERIAL" : null,
				"TIRE_RAILS2_LOCATION" : "0",
				"ROTATION" : 0,
				"STATUS" : "In Service",
				"PROJECT_NO" : null,
				"YR" : null,
				"OWNER" : "Surrey",
				"LOCATION" : "16 Ave @ Campbell River",
				"COMMENTS" : "NO WORK REQ'D MAY 31/05",
				"GIS_ENTRY_STAGE" : null,
				"WARRANTYDATE" : null,
				"CONDITION" : null,
				"CONDITIONDATE" : null,
				"YTD_COST" : null,
				"LIFECYCLE_COST" : null,
				"CRE_DATE" : null,
				"MOD_DATE" : "20110627"
			}
		},
		{
			"type" : "Feature",
			"geometry" : {
				"type" : "Point",
				"coordinates" : [ 523037.8490276886, 5437774.491319427 ]
			},
			"properties" : {
				"FACILITYID" : "1000962298",
				"LEGACYID" : null,
				"SURFACE_COVER" : "Asphalt",
				"CONSTRUCTION_TYPE" : "Wooden",
				"ROAD" : "80303",
				"STRUCTURE_LENGTH" : null,
				"STRUCTURE_WIDTH" : null,
				"NO_LANE" : 2,
				"SIDEWALKS1_MATERIAL" : "Unknown",
				"SIDEWALKS1_WIDTH" : 0,
				"SIDEWALKS2_MATERIAL" : "Unknown",
				"SIDEWALKS2_WIDTH" : 0,
				"TIRE_RAILS1_MATERIAL" : "Wooden",
				"TIRE_RAILS1_LOCATION" : "1",
				"TIRE_RAILS2_MATERIAL" : "Wooden",
				"TIRE_RAILS2_LOCATION" : "2",
				"ROTATION" : 348,
				"STATUS" : "In Service",
				"PROJECT_NO" : null,
				"YR" : null,
				"OWNER" : "Surrey",
				"LOCATION" : "Colebrook Rd @ Anderson Crk",
				"COMMENTS" : null,
				"GIS_ENTRY_STAGE" : null,
				"WARRANTYDATE" : null,
				"CONDITION" : null,
				"CONDITIONDATE" : null,
				"YTD_COST" : null,
				"LIFECYCLE_COST" : null,
				"CRE_DATE" : null,
				"MOD_DATE" : "20110627"
			}
		},
		{
			"type" : "Feature",
			"geometry" : {
				"type" : "Point",
				"coordinates" : [ 512086.29202710744, 5441055.088438414 ]
			},
			"properties" : {
				"FACILITYID" : "1000962310",
				"LEGACYID" : null,
				"SURFACE_COVER" : "Wooden",
				"CONSTRUCTION_TYPE" : "Wooden",
				"ROAD" : "14000",
				"STRUCTURE_LENGTH" : null,
				"STRUCTURE_WIDTH" : null,
				"NO_LANE" : 1,
				"SIDEWALKS1_MATERIAL" : "Unknown",
				"SIDEWALKS1_WIDTH" : 0,
				"SIDEWALKS2_MATERIAL" : "Unknown",
				"SIDEWALKS2_WIDTH" : 0,
				"TIRE_RAILS1_MATERIAL" : "Wooden",
				"TIRE_RAILS1_LOCATION" : "3",
				"TIRE_RAILS2_MATERIAL" : "Wooden",
				"TIRE_RAILS2_LOCATION" : "4",
				"ROTATION" : 90,
				"STATUS" : "In Service",
				"PROJECT_NO" : null,
				"YR" : null,
				"OWNER" : "Surrey",
				"LOCATION" : "Hyland Crk: 140 St south of 66 Ave",
				"COMMENTS" : null,
				"GIS_ENTRY_STAGE" : null,
				"WARRANTYDATE" : null,
				"CONDITION" : null,
				"CONDITIONDATE" : null,
				"YTD_COST" : null,
				"LIFECYCLE_COST" : null,
				"CRE_DATE" : null,
				"MOD_DATE" : "20110627"
			}
		},
		{
			"type" : "Feature",
			"geometry" : {
				"type" : "Point",
				"coordinates" : [ 511465.0576741062, 5446373.642762585 ]
			},
			"properties" : {
				"FACILITYID" : "1000962307",
				"LEGACYID" : null,
				"SURFACE_COVER" : "Asphalt",
				"CONSTRUCTION_TYPE" : "Concrete",
				"ROAD" : "09200",
				"STRUCTURE_LENGTH" : null,
				"STRUCTURE_WIDTH" : null,
				"NO_LANE" : 2,
				"SIDEWALKS1_MATERIAL" : "Concrete",
				"SIDEWALKS1_WIDTH" : 2,
				"SIDEWALKS2_MATERIAL" : "Concrete",
				"SIDEWALKS2_WIDTH" : 2,
				"TIRE_RAILS1_MATERIAL" : null,
				"TIRE_RAILS1_LOCATION" : "0",
				"TIRE_RAILS2_MATERIAL" : null,
				"TIRE_RAILS2_LOCATION" : "0",
				"ROTATION" : 0,
				"STATUS" : "In Service",
				"PROJECT_NO" : null,
				"YR" : null,
				"OWNER" : "Surrey",
				"LOCATION" : "Quibble Crk: 92 Ave east of 136B St",
				"COMMENTS" : "BRIDGE DEC/RAILINGS IN GOOD SHAPE/NO WORK REQ'D",
				"GIS_ENTRY_STAGE" : null,
				"WARRANTYDATE" : null,
				"CONDITION" : null,
				"CONDITIONDATE" : null,
				"YTD_COST" : null,
				"LIFECYCLE_COST" : null,
				"CRE_DATE" : null,
				"MOD_DATE" : "20110627"
			}
		},
		{
			"type" : "Feature",
			"geometry" : {
				"type" : "Point",
				"coordinates" : [ 518395.37313570175, 5445595.346876433 ]
			},
			"properties" : {
				"FACILITYID" : "1001129757",
				"LEGACYID" : null,
				"SURFACE_COVER" : "Concrete",
				"CONSTRUCTION_TYPE" : "Concrete",
				"ROAD" : "08800",
				"STRUCTURE_LENGTH" : 69,
				"STRUCTURE_WIDTH" : 13,
				"NO_LANE" : 2,
				"SIDEWALKS1_MATERIAL" : "Concrete",
				"SIDEWALKS1_WIDTH" : 2,
				"SIDEWALKS2_MATERIAL" : null,
				"SIDEWALKS2_WIDTH" : null,
				"TIRE_RAILS1_MATERIAL" : null,
				"TIRE_RAILS1_LOCATION" : null,
				"TIRE_RAILS2_MATERIAL" : null,
				"TIRE_RAILS2_LOCATION" : null,
				"ROTATION" : 0,
				"STATUS" : "In Service",
				"PROJECT_NO" : "1704-3010-00",
				"YR" : 2005,
				"OWNER" : "Surrey",
				"LOCATION" : "88 Ave @ Serpentine Bridge",
				"COMMENTS" : null,
				"GIS_ENTRY_STAGE" : "Final AB",
				"WARRANTYDATE" : null,
				"CONDITION" : null,
				"CONDITIONDATE" : null,
				"YTD_COST" : null,
				"LIFECYCLE_COST" : null,
				"CRE_DATE" : "20090731",
				"MOD_DATE" : "20110628"
			}
		},
		{
			"type" : "Feature",
			"geometry" : {
				"type" : "Point",
				"coordinates" : [ 515316.6561853122, 5449221.672956558 ]
			},
			"properties" : {
				"FACILITYID" : "1001130146",
				"LEGACYID" : null,
				"SURFACE_COVER" : "Asphalt",
				"CONSTRUCTION_TYPE" : "Concrete",
				"ROAD" : "15600",
				"STRUCTURE_LENGTH" : null,
				"STRUCTURE_WIDTH" : null,
				"NO_LANE" : 2,
				"SIDEWALKS1_MATERIAL" : "Concrete",
				"SIDEWALKS1_WIDTH" : null,
				"SIDEWALKS2_MATERIAL" : null,
				"SIDEWALKS2_WIDTH" : null,
				"TIRE_RAILS1_MATERIAL" : null,
				"TIRE_RAILS1_LOCATION" : null,
				"TIRE_RAILS2_MATERIAL" : null,
				"TIRE_RAILS2_LOCATION" : null,
				"ROTATION" : 34,
				"STATUS" : "In Service",
				"PROJECT_NO" : "1705-3240-00",
				"YR" : 2009,
				"OWNER" : "Provincial",
				"LOCATION" : "Hwy 1 Westbound @ 156 St Underpass",
				"COMMENTS" : "Provincial Bridge 3263",
				"GIS_ENTRY_STAGE" : "Final AB",
				"WARRANTYDATE" : null,
				"CONDITION" : null,
				"CONDITIONDATE" : null,
				"YTD_COST" : null,
				"LIFECYCLE_COST" : null,
				"CRE_DATE" : "20090812",
				"MOD_DATE" : "20161215"
			}
		},
		{
			"type" : "Feature",
			"geometry" : {
				"type" : "Point",
				"coordinates" : [ 516130.12430669926, 5434317.3621493075 ]
			},
			"properties" : {
				"FACILITYID" : "1000962301",
				"LEGACYID" : null,
				"SURFACE_COVER" : "Concrete",
				"CONSTRUCTION_TYPE" : "Concrete",
				"ROAD" : "16005",
				"STRUCTURE_LENGTH" : null,
				"STRUCTURE_WIDTH" : null,
				"NO_LANE" : 2,
				"SIDEWALKS1_MATERIAL" : "Concrete",
				"SIDEWALKS1_WIDTH" : 2,
				"SIDEWALKS2_MATERIAL" : null,
				"SIDEWALKS2_WIDTH" : 0,
				"TIRE_RAILS1_MATERIAL" : null,
				"TIRE_RAILS1_LOCATION" : "0",
				"TIRE_RAILS2_MATERIAL" : null,
				"TIRE_RAILS2_LOCATION" : "0",
				"ROTATION" : 85,
				"STATUS" : "In Service",
				"PROJECT_NO" : "7892-0106-05",
				"YR" : 1995,
				"OWNER" : "Surrey",
				"LOCATION" : "Morgan Crk Way @ Canterbury Dr ",
				"COMMENTS" : "Titman Creek Bridge",
				"GIS_ENTRY_STAGE" : null,
				"WARRANTYDATE" : null,
				"CONDITION" : null,
				"CONDITIONDATE" : null,
				"YTD_COST" : null,
				"LIFECYCLE_COST" : null,
				"CRE_DATE" : null,
				"MOD_DATE" : "20110628"
			}
		},
		{
			"type" : "Feature",
			"geometry" : {
				"type" : "Point",
				"coordinates" : [ 516665.81395937875, 5448716.483237712 ]
			},
			"properties" : {
				"FACILITYID" : "1001906163",
				"LEGACYID" : null,
				"SURFACE_COVER" : "Concrete",
				"CONSTRUCTION_TYPE" : "Concrete",
				"ROAD" : null,
				"STRUCTURE_LENGTH" : null,
				"STRUCTURE_WIDTH" : null,
				"NO_LANE" : 2,
				"SIDEWALKS1_MATERIAL" : null,
				"SIDEWALKS1_WIDTH" : null,
				"SIDEWALKS2_MATERIAL" : null,
				"SIDEWALKS2_WIDTH" : null,
				"TIRE_RAILS1_MATERIAL" : null,
				"TIRE_RAILS1_LOCATION" : null,
				"TIRE_RAILS2_MATERIAL" : null,
				"TIRE_RAILS2_LOCATION" : null,
				"ROTATION" : 155,
				"STATUS" : "In Service",
				"PROJECT_NO" : "Treo Building",
				"YR" : 2013,
				"OWNER" : "Provincial",
				"LOCATION" : null,
				"COMMENTS" : null,
				"GIS_ENTRY_STAGE" : "Final AB",
				"WARRANTYDATE" : null,
				"CONDITION" : null,
				"CONDITIONDATE" : null,
				"YTD_COST" : null,
				"LIFECYCLE_COST" : null,
				"CRE_DATE" : "20170214",
				"MOD_DATE" : "20170214"
			}
		},
		{
			"type" : "Feature",
			"geometry" : {
				"type" : "Point",
				"coordinates" : [ 514502.7001802977, 5443572.779945916 ]
			},
			"properties" : {
				"FACILITYID" : "1001149421",
				"LEGACYID" : null,
				"SURFACE_COVER" : "Concrete",
				"CONSTRUCTION_TYPE" : "Concrete",
				"ROAD" : "15200",
				"STRUCTURE_LENGTH" : 22,
				"STRUCTURE_WIDTH" : 25,
				"NO_LANE" : 4,
				"SIDEWALKS1_MATERIAL" : "Concrete",
				"SIDEWALKS1_WIDTH" : 2,
				"SIDEWALKS2_MATERIAL" : "Concrete",
				"SIDEWALKS2_WIDTH" : 2,
				"TIRE_RAILS1_MATERIAL" : null,
				"TIRE_RAILS1_LOCATION" : null,
				"TIRE_RAILS2_MATERIAL" : null,
				"TIRE_RAILS2_LOCATION" : null,
				"ROTATION" : 90,
				"STATUS" : "In Service",
				"PROJECT_NO" : "1709-2280-00",
				"YR" : 2012,
				"OWNER" : "Surrey",
				"LOCATION" : "152 St @ Bear Creek",
				"COMMENTS" : null,
				"GIS_ENTRY_STAGE" : "Final AB",
				"WARRANTYDATE" : null,
				"CONDITION" : null,
				"CONDITIONDATE" : null,
				"YTD_COST" : null,
				"LIFECYCLE_COST" : null,
				"CRE_DATE" : "20120822",
				"MOD_DATE" : "20120914"
			}
		},
		{
			"type" : "Feature",
			"geometry" : {
				"type" : "Point",
				"coordinates" : [ 519108.05792417657, 5443009.239076622 ]
			},
			"properties" : {
				"FACILITYID" : "1001214333",
				"LEGACYID" : null,
				"SURFACE_COVER" : "Concrete",
				"CONSTRUCTION_TYPE" : "Concrete",
				"ROAD" : "00101",
				"STRUCTURE_LENGTH" : null,
				"STRUCTURE_WIDTH" : null,
				"NO_LANE" : 4,
				"SIDEWALKS1_MATERIAL" : null,
				"SIDEWALKS1_WIDTH" : null,
				"SIDEWALKS2_MATERIAL" : null,
				"SIDEWALKS2_WIDTH" : null,
				"TIRE_RAILS1_MATERIAL" : null,
				"TIRE_RAILS1_LOCATION" : null,
				"TIRE_RAILS2_MATERIAL" : null,
				"TIRE_RAILS2_LOCATION" : null,
				"ROTATION" : 215,
				"STATUS" : "In Service",
				"PROJECT_NO" : "1704-3310-00",
				"YR" : null,
				"OWNER" : "Surrey",
				"LOCATION" : "Fraser Hwy & Serpentine River",
				"COMMENTS" : null,
				"GIS_ENTRY_STAGE" : "EC",
				"WARRANTYDATE" : null,
				"CONDITION" : null,
				"CONDITIONDATE" : null,
				"YTD_COST" : null,
				"LIFECYCLE_COST" : null,
				"CRE_DATE" : "20110926",
				"MOD_DATE" : "20170512"
			}
		},
		{
			"type" : "Feature",
			"geometry" : {
				"type" : "Point",
				"coordinates" : [ 520775.5709123295, 5447170.428002551 ]
			},
			"properties" : {
				"FACILITYID" : "1001133882",
				"LEGACYID" : null,
				"SURFACE_COVER" : "Concrete",
				"CONSTRUCTION_TYPE" : "Concrete",
				"ROAD" : "09600",
				"STRUCTURE_LENGTH" : 45,
				"STRUCTURE_WIDTH" : 16,
				"NO_LANE" : 2,
				"SIDEWALKS1_MATERIAL" : "Concrete",
				"SIDEWALKS1_WIDTH" : 2,
				"SIDEWALKS2_MATERIAL" : null,
				"SIDEWALKS2_WIDTH" : null,
				"TIRE_RAILS1_MATERIAL" : null,
				"TIRE_RAILS1_LOCATION" : null,
				"TIRE_RAILS2_MATERIAL" : null,
				"TIRE_RAILS2_LOCATION" : null,
				"ROTATION" : 0,
				"STATUS" : "In Service",
				"PROJECT_NO" : "1S02",
				"YR" : 2009,
				"OWNER" : "Surrey",
				"LOCATION" : "Golden Ears Way Underpass @ 96 Ave",
				"COMMENTS" : "TRANS LINK  GOLDEN EARS BRIDGE PROJECT",
				"GIS_ENTRY_STAGE" : "Final AB",
				"WARRANTYDATE" : null,
				"CONDITION" : null,
				"CONDITIONDATE" : null,
				"YTD_COST" : null,
				"LIFECYCLE_COST" : null,
				"CRE_DATE" : "20091009",
				"MOD_DATE" : "20110628"
			}
		},
		{
			"type" : "Feature",
			"geometry" : {
				"type" : "Point",
				"coordinates" : [ 513269.1859716391, 5438284.777759306 ]
			},
			"properties" : {
				"FACILITYID" : "1001149416",
				"LEGACYID" : null,
				"SURFACE_COVER" : "Asphalt",
				"CONSTRUCTION_TYPE" : "Concrete",
				"ROAD" : "13601",
				"STRUCTURE_LENGTH" : null,
				"STRUCTURE_WIDTH" : null,
				"NO_LANE" : 4,
				"SIDEWALKS1_MATERIAL" : null,
				"SIDEWALKS1_WIDTH" : null,
				"SIDEWALKS2_MATERIAL" : null,
				"SIDEWALKS2_WIDTH" : null,
				"TIRE_RAILS1_MATERIAL" : null,
				"TIRE_RAILS1_LOCATION" : null,
				"TIRE_RAILS2_MATERIAL" : null,
				"TIRE_RAILS2_LOCATION" : null,
				"ROTATION" : 85,
				"STATUS" : "In Service",
				"PROJECT_NO" : null,
				"YR" : null,
				"OWNER" : "Surrey",
				"LOCATION" : "KGB @ Colebrook Rd & BC Railway",
				"COMMENTS" : null,
				"GIS_ENTRY_STAGE" : null,
				"WARRANTYDATE" : null,
				"CONDITION" : null,
				"CONDITIONDATE" : null,
				"YTD_COST" : null,
				"LIFECYCLE_COST" : null,
				"CRE_DATE" : "20100211",
				"MOD_DATE" : "20110628"
			}
		},
		{
			"type" : "Feature",
			"geometry" : {
				"type" : "Point",
				"coordinates" : [ 514328.1000478016, 5434960.00329216 ]
			},
			"properties" : {
				"FACILITYID" : "1001149462",
				"LEGACYID" : null,
				"SURFACE_COVER" : "Unknown",
				"CONSTRUCTION_TYPE" : "Unknown",
				"ROAD" : "15050",
				"STRUCTURE_LENGTH" : null,
				"STRUCTURE_WIDTH" : null,
				"NO_LANE" : 0,
				"SIDEWALKS1_MATERIAL" : null,
				"SIDEWALKS1_WIDTH" : null,
				"SIDEWALKS2_MATERIAL" : null,
				"SIDEWALKS2_WIDTH" : null,
				"TIRE_RAILS1_MATERIAL" : null,
				"TIRE_RAILS1_LOCATION" : null,
				"TIRE_RAILS2_MATERIAL" : null,
				"TIRE_RAILS2_LOCATION" : null,
				"ROTATION" : 0,
				"STATUS" : "In Service",
				"PROJECT_NO" : null,
				"YR" : null,
				"OWNER" : "Surrey",
				"LOCATION" : "Barbara Crk Pedestrian Crossing",
				"COMMENTS" : "Between 152 St & 150 A St, 36 Ave",
				"GIS_ENTRY_STAGE" : null,
				"WARRANTYDATE" : null,
				"CONDITION" : null,
				"CONDITIONDATE" : null,
				"YTD_COST" : null,
				"LIFECYCLE_COST" : null,
				"CRE_DATE" : "20100212",
				"MOD_DATE" : "20110628"
			}
		},
		{
			"type" : "Feature",
			"geometry" : {
				"type" : "Point",
				"coordinates" : [ 512501.7716841139, 5435447.909132857 ]
			},
			"properties" : {
				"FACILITYID" : "1001149463",
				"LEGACYID" : null,
				"SURFACE_COVER" : "Unknown",
				"CONSTRUCTION_TYPE" : "Unknown",
				"ROAD" : "03855",
				"STRUCTURE_LENGTH" : null,
				"STRUCTURE_WIDTH" : null,
				"NO_LANE" : 0,
				"SIDEWALKS1_MATERIAL" : null,
				"SIDEWALKS1_WIDTH" : null,
				"SIDEWALKS2_MATERIAL" : null,
				"SIDEWALKS2_WIDTH" : null,
				"TIRE_RAILS1_MATERIAL" : null,
				"TIRE_RAILS1_LOCATION" : null,
				"TIRE_RAILS2_MATERIAL" : null,
				"TIRE_RAILS2_LOCATION" : null,
				"ROTATION" : 333,
				"STATUS" : "In Service",
				"PROJECT_NO" : null,
				"YR" : null,
				"OWNER" : "Surrey",
				"LOCATION" : "Pedestrian Crossing to Dkyke at 14230 Rio Pl",
				"COMMENTS" : "On north side of Nicomekl River across from Nico Wynd Golf Course ",
				"GIS_ENTRY_STAGE" : null,
				"WARRANTYDATE" : null,
				"CONDITION" : null,
				"CONDITIONDATE" : null,
				"YTD_COST" : null,
				"LIFECYCLE_COST" : null,
				"CRE_DATE" : "20100212",
				"MOD_DATE" : "20110628"
			}
		},
		{
			"type" : "Feature",
			"geometry" : {
				"type" : "Point",
				"coordinates" : [ 514602.07502281666, 5442972.877999153 ]
			},
			"properties" : {
				"FACILITYID" : "1001149456",
				"LEGACYID" : null,
				"SURFACE_COVER" : "Unknown",
				"CONSTRUCTION_TYPE" : "Unknown",
				"ROAD" : "03600",
				"STRUCTURE_LENGTH" : null,
				"STRUCTURE_WIDTH" : null,
				"NO_LANE" : 0,
				"SIDEWALKS1_MATERIAL" : null,
				"SIDEWALKS1_WIDTH" : null,
				"SIDEWALKS2_MATERIAL" : null,
				"SIDEWALKS2_WIDTH" : null,
				"TIRE_RAILS1_MATERIAL" : null,
				"TIRE_RAILS1_LOCATION" : null,
				"TIRE_RAILS2_MATERIAL" : null,
				"TIRE_RAILS2_LOCATION" : null,
				"ROTATION" : 0,
				"STATUS" : "In Service",
				"PROJECT_NO" : null,
				"YR" : 1996,
				"OWNER" : "Surrey",
				"LOCATION" : "Sanitary Truck Main Crossing",
				"COMMENTS" : "Can't find as-built drawings",
				"GIS_ENTRY_STAGE" : null,
				"WARRANTYDATE" : null,
				"CONDITION" : null,
				"CONDITIONDATE" : null,
				"YTD_COST" : null,
				"LIFECYCLE_COST" : null,
				"CRE_DATE" : "20100212",
				"MOD_DATE" : "20110628"
			}
		},
		{
			"type" : "Feature",
			"geometry" : {
				"type" : "Point",
				"coordinates" : [ 511794.58096787985, 5447145.481821703 ]
			},
			"properties" : {
				"FACILITYID" : "1001149433",
				"LEGACYID" : null,
				"SURFACE_COVER" : "Asphalt",
				"CONSTRUCTION_TYPE" : "Concrete",
				"ROAD" : "09600",
				"STRUCTURE_LENGTH" : 5,
				"STRUCTURE_WIDTH" : 22,
				"NO_LANE" : 5,
				"SIDEWALKS1_MATERIAL" : "Asphalt",
				"SIDEWALKS1_WIDTH" : 1,
				"SIDEWALKS2_MATERIAL" : "Asphalt",
				"SIDEWALKS2_WIDTH" : 1,
				"TIRE_RAILS1_MATERIAL" : null,
				"TIRE_RAILS1_LOCATION" : null,
				"TIRE_RAILS2_MATERIAL" : null,
				"TIRE_RAILS2_LOCATION" : null,
				"ROTATION" : 0,
				"STATUS" : "In Service",
				"PROJECT_NO" : "R-583",
				"YR" : 1977,
				"OWNER" : "Surrey",
				"LOCATION" : "96 Ave @ Quibble Creek near 139 St",
				"COMMENTS" : "Timber & Concrete deck? See as-built",
				"GIS_ENTRY_STAGE" : "Final AB",
				"WARRANTYDATE" : null,
				"CONDITION" : null,
				"CONDITIONDATE" : null,
				"YTD_COST" : null,
				"LIFECYCLE_COST" : null,
				"CRE_DATE" : "20100212",
				"MOD_DATE" : "20110629"
			}
		},
		{
			"type" : "Feature",
			"geometry" : {
				"type" : "Point",
				"coordinates" : [ 507988.2695403313, 5448365.998530531 ]
			},
			"properties" : {
				"FACILITYID" : "1001149449",
				"LEGACYID" : null,
				"SURFACE_COVER" : "Asphalt",
				"CONSTRUCTION_TYPE" : "Concrete",
				"ROAD" : "12002",
				"STRUCTURE_LENGTH" : 12,
				"STRUCTURE_WIDTH" : 24,
				"NO_LANE" : 4,
				"SIDEWALKS1_MATERIAL" : "Asphalt",
				"SIDEWALKS1_WIDTH" : 0,
				"SIDEWALKS2_MATERIAL" : "Asphalt",
				"SIDEWALKS2_WIDTH" : 0,
				"TIRE_RAILS1_MATERIAL" : null,
				"TIRE_RAILS1_LOCATION" : null,
				"TIRE_RAILS2_MATERIAL" : null,
				"TIRE_RAILS2_LOCATION" : null,
				"ROTATION" : 90,
				"STATUS" : "In Service",
				"PROJECT_NO" : "1797-3160-00",
				"YR" : 2004,
				"OWNER" : "Surrey",
				"LOCATION" : "Scott Rd Overpass: 120 St & 102 Ave",
				"COMMENTS" : "For Bike Route Underpass; emergency access",
				"GIS_ENTRY_STAGE" : "Final AB",
				"WARRANTYDATE" : null,
				"CONDITION" : null,
				"CONDITIONDATE" : null,
				"YTD_COST" : null,
				"LIFECYCLE_COST" : null,
				"CRE_DATE" : "20100212",
				"MOD_DATE" : "20130111"
			}
		},
		{
			"type" : "Feature",
			"geometry" : {
				"type" : "Point",
				"coordinates" : [ 516460.4024018757, 5448622.296686498 ]
			},
			"properties" : {
				"FACILITYID" : "1001900261",
				"LEGACYID" : null,
				"SURFACE_COVER" : "Concrete",
				"CONSTRUCTION_TYPE" : "Concrete",
				"ROAD" : null,
				"STRUCTURE_LENGTH" : 27932,
				"STRUCTURE_WIDTH" : 9135,
				"NO_LANE" : 1,
				"SIDEWALKS1_MATERIAL" : null,
				"SIDEWALKS1_WIDTH" : null,
				"SIDEWALKS2_MATERIAL" : null,
				"SIDEWALKS2_WIDTH" : null,
				"TIRE_RAILS1_MATERIAL" : null,
				"TIRE_RAILS1_LOCATION" : null,
				"TIRE_RAILS2_MATERIAL" : null,
				"TIRE_RAILS2_LOCATION" : null,
				"ROTATION" : -15,
				"STATUS" : "In Service",
				"PROJECT_NO" : "MOTH BRIDGE 5927",
				"YR" : 2013,
				"OWNER" : "Provincial",
				"LOCATION" : null,
				"COMMENTS" : null,
				"GIS_ENTRY_STAGE" : "Final AB",
				"WARRANTYDATE" : null,
				"CONDITION" : null,
				"CONDITIONDATE" : null,
				"YTD_COST" : null,
				"LIFECYCLE_COST" : null,
				"CRE_DATE" : "20161219",
				"MOD_DATE" : "20161219"
			}
		},
		{
			"type" : "Feature",
			"geometry" : {
				"type" : "Point",
				"coordinates" : [ 517637.97567141056, 5450097.911658745 ]
			},
			"properties" : {
				"FACILITYID" : "1001857942",
				"LEGACYID" : null,
				"SURFACE_COVER" : "Asphalt",
				"CONSTRUCTION_TYPE" : "Concrete",
				"ROAD" : "South Fraser Perimeter Road",
				"STRUCTURE_LENGTH" : 473890,
				"STRUCTURE_WIDTH" : 10980,
				"NO_LANE" : 2,
				"SIDEWALKS1_MATERIAL" : null,
				"SIDEWALKS1_WIDTH" : null,
				"SIDEWALKS2_MATERIAL" : null,
				"SIDEWALKS2_WIDTH" : null,
				"TIRE_RAILS1_MATERIAL" : null,
				"TIRE_RAILS1_LOCATION" : null,
				"TIRE_RAILS2_MATERIAL" : null,
				"TIRE_RAILS2_LOCATION" : null,
				"ROTATION" : 219,
				"STATUS" : "In Service",
				"PROJECT_NO" : "MOTH BRIDGE 5929",
				"YR" : 2013,
				"OWNER" : "Provincial",
				"LOCATION" : "Fraser Heights Bridge",
				"COMMENTS" : null,
				"GIS_ENTRY_STAGE" : "Final AB",
				"WARRANTYDATE" : null,
				"CONDITION" : null,
				"CONDITIONDATE" : null,
				"YTD_COST" : null,
				"LIFECYCLE_COST" : null,
				"CRE_DATE" : "20160208",
				"MOD_DATE" : "20161220"
			}
		},
		{
			"type" : "Feature",
			"geometry" : {
				"type" : "Point",
				"coordinates" : [ 517628.64920558035, 5450087.454712205 ]
			},
			"properties" : {
				"FACILITYID" : "1001857943",
				"LEGACYID" : null,
				"SURFACE_COVER" : "Asphalt",
				"CONSTRUCTION_TYPE" : "Concrete",
				"ROAD" : "South Fraser Perimeter Road",
				"STRUCTURE_LENGTH" : 473890,
				"STRUCTURE_WIDTH" : 10980,
				"NO_LANE" : 2,
				"SIDEWALKS1_MATERIAL" : null,
				"SIDEWALKS1_WIDTH" : null,
				"SIDEWALKS2_MATERIAL" : null,
				"SIDEWALKS2_WIDTH" : null,
				"TIRE_RAILS1_MATERIAL" : null,
				"TIRE_RAILS1_LOCATION" : null,
				"TIRE_RAILS2_MATERIAL" : null,
				"TIRE_RAILS2_LOCATION" : null,
				"ROTATION" : 219,
				"STATUS" : "In Service",
				"PROJECT_NO" : "MOTH BRIDGE 5929",
				"YR" : 2013,
				"OWNER" : "Provincial",
				"LOCATION" : "Fraser Heights Bridge",
				"COMMENTS" : null,
				"GIS_ENTRY_STAGE" : "Final AB",
				"WARRANTYDATE" : null,
				"CONDITION" : null,
				"CONDITIONDATE" : null,
				"YTD_COST" : null,
				"LIFECYCLE_COST" : null,
				"CRE_DATE" : "20160208",
				"MOD_DATE" : "20161220"
			}
		},
		{
			"type" : "Feature",
			"geometry" : {
				"type" : "Point",
				"coordinates" : [ 514515.28823480476, 5437963.077771857 ]
			},
			"properties" : {
				"FACILITYID" : "1000962297",
				"LEGACYID" : null,
				"SURFACE_COVER" : "Asphalt",
				"CONSTRUCTION_TYPE" : "Concrete",
				"ROAD" : "15200",
				"STRUCTURE_LENGTH" : null,
				"STRUCTURE_WIDTH" : null,
				"NO_LANE" : 2,
				"SIDEWALKS1_MATERIAL" : "Concrete",
				"SIDEWALKS1_WIDTH" : 2,
				"SIDEWALKS2_MATERIAL" : "Concrete",
				"SIDEWALKS2_WIDTH" : 2,
				"TIRE_RAILS1_MATERIAL" : null,
				"TIRE_RAILS1_LOCATION" : "0",
				"TIRE_RAILS2_MATERIAL" : null,
				"TIRE_RAILS2_LOCATION" : "0",
				"ROTATION" : 273,
				"STATUS" : "In Service",
				"PROJECT_NO" : null,
				"YR" : 1990,
				"OWNER" : "Surrey",
				"LOCATION" : "152 St @ Serpentine River",
				"COMMENTS" : "NO WORK REQ'D  JUNE 01/05",
				"GIS_ENTRY_STAGE" : null,
				"WARRANTYDATE" : null,
				"CONDITION" : null,
				"CONDITIONDATE" : null,
				"YTD_COST" : null,
				"LIFECYCLE_COST" : null,
				"CRE_DATE" : null,
				"MOD_DATE" : "20150914"
			}
		},
		{
			"type" : "Feature",
			"geometry" : {
				"type" : "Point",
				"coordinates" : [ 511242.9236102989, 5445344.2560525965 ]
			},
			"properties" : {
				"FACILITYID" : "1001149420",
				"LEGACYID" : null,
				"SURFACE_COVER" : "Asphalt",
				"CONSTRUCTION_TYPE" : "Unknown",
				"ROAD" : "13601",
				"STRUCTURE_LENGTH" : null,
				"STRUCTURE_WIDTH" : null,
				"NO_LANE" : 4,
				"SIDEWALKS1_MATERIAL" : null,
				"SIDEWALKS1_WIDTH" : null,
				"SIDEWALKS2_MATERIAL" : null,
				"SIDEWALKS2_WIDTH" : null,
				"TIRE_RAILS1_MATERIAL" : null,
				"TIRE_RAILS1_LOCATION" : null,
				"TIRE_RAILS2_MATERIAL" : null,
				"TIRE_RAILS2_LOCATION" : null,
				"ROTATION" : 88,
				"STATUS" : "In Service",
				"PROJECT_NO" : null,
				"YR" : 1958,
				"OWNER" : "Surrey",
				"LOCATION" : "KGB @ Bear Creek, south of 88 Ave",
				"COMMENTS" : "Can't locate as-built - New Bridge 2018 1717-3090-00",
				"GIS_ENTRY_STAGE" : null,
				"WARRANTYDATE" : null,
				"CONDITION" : null,
				"CONDITIONDATE" : null,
				"YTD_COST" : null,
				"LIFECYCLE_COST" : null,
				"CRE_DATE" : "20100212",
				"MOD_DATE" : "20180419"
			}
		},
		{
			"type" : "Feature",
			"geometry" : {
				"type" : "Point",
				"coordinates" : [ 507050.8051736839, 5448222.752196012 ]
			},
			"properties" : {
				"FACILITYID" : "1001826422",
				"LEGACYID" : null,
				"SURFACE_COVER" : null,
				"CONSTRUCTION_TYPE" : null,
				"ROAD" : null,
				"STRUCTURE_LENGTH" : null,
				"STRUCTURE_WIDTH" : null,
				"NO_LANE" : null,
				"SIDEWALKS1_MATERIAL" : null,
				"SIDEWALKS1_WIDTH" : null,
				"SIDEWALKS2_MATERIAL" : null,
				"SIDEWALKS2_WIDTH" : null,
				"TIRE_RAILS1_MATERIAL" : null,
				"TIRE_RAILS1_LOCATION" : null,
				"TIRE_RAILS2_MATERIAL" : null,
				"TIRE_RAILS2_LOCATION" : null,
				"ROTATION" : 127,
				"STATUS" : "In Service",
				"PROJECT_NO" : "SFPR Seg. 6",
				"YR" : 2013,
				"OWNER" : "Provincial",
				"LOCATION" : null,
				"COMMENTS" : "Colliers Creek Bridge",
				"GIS_ENTRY_STAGE" : "Final AB",
				"WARRANTYDATE" : null,
				"CONDITION" : null,
				"CONDITIONDATE" : null,
				"YTD_COST" : null,
				"LIFECYCLE_COST" : null,
				"CRE_DATE" : "20150601",
				"MOD_DATE" : "20160330"
			}
		}
	]
}