[
{
"json_featuretype":"CSV"
,"Registration Date":"2012 01 04"
,"Name of Lobbyist":"Roger Jawanda"
,"Company":"Citiwest Consulting Ltd"
,"Phone Number":"604-591-2213"
,"Nature of Lobbying":"Engineering Consultant"
,"Client":"Property Owner"
,"Project No. ":"7911-0320-00"
}
,{
"json_featuretype":"CSV"
,"Registration Date":"2012 01 04"
,"Name of Lobbyist":"Clarence Arychuk"
,"Company":"Hunter Laird Engineering"
,"Phone Number":"604-525-4651"
,"Nature of Lobbying":"Engineering Consultant"
,"Client":"Property Owner"
,"Project No. ":""
}
,{
"json_featuretype":"CSV"
,"Registration Date":"2012 01 05"
,"Name of Lobbyist":"B. Cheema"
,"Company":""
,"Phone Number":"604-649-3500"
,"Nature of Lobbying":"not disclosed"
,"Client":"Property Owner"
,"Project No. ":"7911-0329-00"
}
,{
"json_featuretype":"CSV"
,"Registration Date":"2012 01 05"
,"Name of Lobbyist":"T. Dawson"
,"Company":""
,"Phone Number":"604-626-5401"
,"Nature of Lobbying":"Real Estate Development"
,"Client":"Property Owner"
,"Project No. ":"7911-0328-00"
}
,{
"json_featuretype":"CSV"
,"Registration Date":"2012 01 09"
,"Name of Lobbyist":"B. Morris"
,"Company":""
,"Phone Number":"604-885-5614"
,"Nature of Lobbying":"not disclosed"
,"Client":"Scott Road 120 Street Holdings Ltd"
,"Project No. ":"7911-0332-00"
}
,{
"json_featuretype":"CSV"
,"Registration Date":"2012 01 09"
,"Name of Lobbyist":"Larry Gibson"
,"Company":"Vanbros Investments BC Inc"
,"Phone Number":"604-533-4423"
,"Nature of Lobbying":"Waste Disposal Storage Yard for Equipment"
,"Client":"Vanbros Investments BC Inc"
,"Project No. ":"7911-0326-00"
}
,{
"json_featuretype":"CSV"
,"Registration Date":"2012 01 10"
,"Name of Lobbyist":"Donni Chanyungco"
,"Company":"Citiwest Consulting Ltd"
,"Phone Number":"604-591-2213"
,"Nature of Lobbying":"Engineering Consultant"
,"Client":"Property Owner"
,"Project No. ":""
}
,{
"json_featuretype":"CSV"
,"Registration Date":"2012 01 10"
,"Name of Lobbyist":"Lana Wu"
,"Company":"Remax Colonial Pacific Realty"
,"Phone Number":"604-541-4888"
,"Nature of Lobbying":"Real Estate Consultants"
,"Client":"Property Owner"
,"Project No. ":"7912-0001-00"
}
,{
"json_featuretype":"CSV"
,"Registration Date":"2012 01 11"
,"Name of Lobbyist":"Bradley Arthur Martin"
,"Company":""
,"Phone Number":"604-351-6599"
,"Nature of Lobbying":"not disclosed"
,"Client":"Property Owner"
,"Project No. ":"7912-0003-00"
}
,{
"json_featuretype":"CSV"
,"Registration Date":"2012 01 12"
,"Name of Lobbyist":"Maggie Koka"
,"Company":"Aplin & Martin Consulting Ltd"
,"Phone Number":"604-597-9058"
,"Nature of Lobbying":"Engineering Consultant"
,"Client":"Property Owner"
,"Project No. ":""
}
,{
"json_featuretype":"CSV"
,"Registration Date":"2012 01 12"
,"Name of Lobbyist":"Maggie Koka"
,"Company":"Aplin & Martin Consulting Ltd"
,"Phone Number":"604-597-9058"
,"Nature of Lobbying":"Engineering Consultant"
,"Client":"Property Owner"
,"Project No. ":""
}
,{
"json_featuretype":"CSV"
,"Registration Date":"2012 01 16"
,"Name of Lobbyist":"Donni Chanyungco"
,"Company":"Citiwest Consulting Ltd"
,"Phone Number":"604-591-2213"
,"Nature of Lobbying":"Engineering Consultant"
,"Client":"Property Owner"
,"Project No. ":"7912-0007-00"
}
,{
"json_featuretype":"CSV"
,"Registration Date":"2012 01 16"
,"Name of Lobbyist":"Avnash Banwait"
,"Company":"Mainland Engineering 2007 Corp"
,"Phone Number":"604-543-8044"
,"Nature of Lobbying":"Engineering Consultant"
,"Client":"Property Owner"
,"Project No. ":"7912-0008-00"
}
,{
"json_featuretype":"CSV"
,"Registration Date":"2012 01 16"
,"Name of Lobbyist":"Gerry Blonski"
,"Company":"Gerry Blonski Architect"
,"Phone Number":"604-572-3608"
,"Nature of Lobbying":"Architectural Consultant"
,"Client":"0915651 BC Ltd"
,"Project No. ":"7912-0009-00"
}
,{
"json_featuretype":"CSV"
,"Registration Date":"2012 01 20"
,"Name of Lobbyist":"Maggie Koka"
,"Company":"Aplin & Martin Consulting Ltd"
,"Phone Number":"604-597-9058"
,"Nature of Lobbying":"Engineering Consultant"
,"Client":"Legendary Developments Ltd"
,"Project No. ":"7911-0291-00"
}
,{
"json_featuretype":"CSV"
,"Registration Date":"2012 01 20"
,"Name of Lobbyist":"T. Dawson"
,"Company":""
,"Phone Number":"604-626-5401"
,"Nature of Lobbying":"not disclosed"
,"Client":"Property Owner"
,"Project No. ":"7912-0011-00"
}
,{
"json_featuretype":"CSV"
,"Registration Date":"2012 01 24"
,"Name of Lobbyist":"Lori Joyce"
,"Company":"H.Y. Engineering Ltd"
,"Phone Number":"604-583-1616"
,"Nature of Lobbying":"Engineering Consultant"
,"Client":"Property Owner"
,"Project No. ":"7912-0010-00"
}
,{
"json_featuretype":"CSV"
,"Registration Date":"2012 01 24"
,"Name of Lobbyist":"Janet Gulbransen"
,"Company":"True North Mangement"
,"Phone Number":"604-619-7066"
,"Nature of Lobbying":"Medical Clinic & Pharmacy"
,"Client":"True North Management"
,"Project No. ":"7912-0012-00"
}
,{
"json_featuretype":"CSV"
,"Registration Date":"2012 02 02"
,"Name of Lobbyist":"Trevor Massey"
,"Company":"Lark Group"
,"Phone Number":"604-308-6533"
,"Nature of Lobbying":"Construction and Development"
,"Client":"Concuay Developments"
,"Project No. ":"7912-0020-00"
}
,{
"json_featuretype":"CSV"
,"Registration Date":"2012 02 03"
,"Name of Lobbyist":"Clarence Arychuk"
,"Company":"Hunter Laird Engineering"
,"Phone Number":"604-525-4651"
,"Nature of Lobbying":"Engineering Consultant"
,"Client":"Nico River Developments Ltd"
,"Project No. ":"7912-0018-00"
}
,{
"json_featuretype":"CSV"
,"Registration Date":"2012 02 06"
,"Name of Lobbyist":"Brent Dean Tedford"
,"Company":"Pacific Land Group"
,"Phone Number":"604-501-1624"
,"Nature of Lobbying":"Engineering Consultant"
,"Client":"Property Owner"
,"Project No. ":"7910-0181-00"
}
,{
"json_featuretype":"CSV"
,"Registration Date":"2012 02 08"
,"Name of Lobbyist":"Valentino Tjia"
,"Company":"MMM Group Limited"
,"Phone Number":"604-685-9381"
,"Nature of Lobbying":"Engineering & Planning Consulting"
,"Client":"Fraser Health Authority"
,"Project No. ":"7912-0024-00"
}
,{
"json_featuretype":"CSV"
,"Registration Date":"2012 02 15"
,"Name of Lobbyist":"Maibc Wojciech Grzybowicz"
,"Company":"WG Architecture Inc"
,"Phone Number":"604-331-2378"
,"Nature of Lobbying":"Architectural Consultant"
,"Client":"Property Owner"
,"Project No. ":"7912-0028-00"
}
,{
"json_featuretype":"CSV"
,"Registration Date":"2012 02 21"
,"Name of Lobbyist":"Maciej Dembek"
,"Company":"Barnett Dembek Architects Inc"
,"Phone Number":"604-597-7100"
,"Nature of Lobbying":"Architectural Consultant"
,"Client":"Silver Ventures Inc"
,"Project No. ":"7912-0035-00"
}
,{
"json_featuretype":"CSV"
,"Registration Date":"2012 02 22"
,"Name of Lobbyist":"Roger Jawanda"
,"Company":"Citiwest Consulting Ltd"
,"Phone Number":"604-591-2213"
,"Nature of Lobbying":"Engineering Consultant"
,"Client":"Cloverdale Hill Developments Ltd"
,"Project No. ":"7912-0039-00"
}
,{
"json_featuretype":"CSV"
,"Registration Date":"2012 02 22"
,"Name of Lobbyist":"Clarence Arychuk"
,"Company":"Hunter Laird Engineering"
,"Phone Number":"604-525-4691"
,"Nature of Lobbying":"Engineering Consultant"
,"Client":"North 60 Development Inc"
,"Project No. ":"7912-0037-00"
}
,{
"json_featuretype":"CSV"
,"Registration Date":"2012 02 22"
,"Name of Lobbyist":"Linda Rutland-Petch"
,"Company":"Potter's Farm & Nursery Inc"
,"Phone Number":"604-536-1632"
,"Nature of Lobbying":"Nursery Garden Centre "
,"Client":"Potters"
,"Project No. ":"7912-0036-00"
}
,{
"json_featuretype":"CSV"
,"Registration Date":"2012 02 24"
,"Name of Lobbyist":"Andrea Scott"
,"Company":"PJ Lovick Architect Ltd"
,"Phone Number":"604-298-3700"
,"Nature of Lobbying":"Architectural Consultant"
,"Client":"L-290 Holding Ltd"
,"Project No. ":"7912-0033-00"
}
,{
"json_featuretype":"CSV"
,"Registration Date":"2012 02 27"
,"Name of Lobbyist":"Matthew Cheng"
,"Company":"Matthew Cheng Architect Inc"
,"Phone Number":"604-731-3012"
,"Nature of Lobbying":"Architectural Consultant"
,"Client":"Lomen Enterprises Co Ltd"
,"Project No. ":"7912-0038-00"
}
,{
"json_featuretype":"CSV"
,"Registration Date":"2012 03 05"
,"Name of Lobbyist":"Michael Helle"
,"Company":"Coastland Engineering & Surveyor"
,"Phone Number":"604-532-9700"
,"Nature of Lobbying":"Engineering Consultant"
,"Client":"Property Owner"
,"Project No. ":"7912-0045-00"
}
,{
"json_featuretype":"CSV"
,"Registration Date":"2012 03 05"
,"Name of Lobbyist":"Michael Helle"
,"Company":"Coastland Engineering & Surveyor"
,"Phone Number":"604-532-9700"
,"Nature of Lobbying":"Engineering Consultant"
,"Client":"Property Owner"
,"Project No. ":"7912-0045-00"
}
,{
"json_featuretype":"CSV"
,"Registration Date":"2012 03 05"
,"Name of Lobbyist":"Lori Joyce"
,"Company":"H.Y. Engineering Ltd"
,"Phone Number":"604-583-1616"
,"Nature of Lobbying":"Engineering Consultant"
,"Client":"Property Owner"
,"Project No. ":"7912-0043-00"
}
,{
"json_featuretype":"CSV"
,"Registration Date":"2012 03 05"
,"Name of Lobbyist":"Lori Joyce"
,"Company":"H.Y. Engineering Ltd"
,"Phone Number":"604-583-1616"
,"Nature of Lobbying":"Engineering Consultant"
,"Client":"Property Owner"
,"Project No. ":"7912-0042-00"
}
,{
"json_featuretype":"CSV"
,"Registration Date":"2012 03 12"
,"Name of Lobbyist":"Dawson and Sawyer Lands Ltd"
,"Company":"Dawson and Sawyer Lands Ltd"
,"Phone Number":"604-626-5040"
,"Nature of Lobbying":"not disclosed"
,"Client":"Property Owner"
,"Project No. ":"7912-0055-00"
}
,{
"json_featuretype":"CSV"
,"Registration Date":"2012 03 12"
,"Name of Lobbyist":"Dawson and Sawyer Lands Ltd"
,"Company":"Dawson and Sawyer Lands Ltd"
,"Phone Number":"604-626-5040"
,"Nature of Lobbying":"not disclosed"
,"Client":"Property Owner"
,"Project No. ":"7912-0055-00"
}
,{
"json_featuretype":"CSV"
,"Registration Date":"2012 03 13"
,"Name of Lobbyist":"Greg Mitchell"
,"Company":"McElhanney Consulting Services Ltd"
,"Phone Number":"604-596-0391"
,"Nature of Lobbying":"Engineering Consultant"
,"Client":"Property Owner"
,"Project No. ":"7911-0330-00"
}
,{
"json_featuretype":"CSV"
,"Registration Date":"2012 03 13"
,"Name of Lobbyist":"J. Ehizode"
,"Company":"not disclosed"
,"Phone Number":"604-781-4622"
,"Nature of Lobbying":"not disclosed"
,"Client":"Property Owner"
,"Project No. ":"7912-0058-00"
}
,{
"json_featuretype":"CSV"
,"Registration Date":"2012 03 15"
,"Name of Lobbyist":"T. Dawson"
,"Company":"not disclosed"
,"Phone Number":"604-626-5401"
,"Nature of Lobbying":"not disclosed"
,"Client":"Property Owner"
,"Project No. ":"7912-0061-00"
}
,{
"json_featuretype":"CSV"
,"Registration Date":"2012 03 16"
,"Name of Lobbyist":"John Kristianson"
,"Company":"CTA Design Group, Architecture & Engineering"
,"Phone Number":"604-736-2554"
,"Nature of Lobbying":"Architectural Consultant"
,"Client":"Pacific Point Seafoods Ltd"
,"Project No. ":"7912-0063-00"
}
,{
"json_featuretype":"CSV"
,"Registration Date":"2012 03 16"
,"Name of Lobbyist":"Peter Zebroff"
,"Company":"Royal Pacific Realty"
,"Phone Number":"604-202-0424"
,"Nature of Lobbying":"Real Estate Consultants"
,"Client":"Property Owner"
,"Project No. ":""
}
,{
"json_featuretype":"CSV"
,"Registration Date":"2012 03 20"
,"Name of Lobbyist":"Glenn David Froese"
,"Company":"Krahn Engineering Ltd"
,"Phone Number":"604-853-8831"
,"Nature of Lobbying":"Engineering Consultant"
,"Client":"Lehigh Inland Cement Ltd"
,"Project No. ":"7912-0065-00"
}
,{
"json_featuretype":"CSV"
,"Registration Date":"2012 03 21"
,"Name of Lobbyist":"Michael Helle"
,"Company":"Coastland Engineering & Surveyor"
,"Phone Number":"604-532-9700"
,"Nature of Lobbying":"Engineering Consultant"
,"Client":"Property Owner"
,"Project No. ":"7912-0068-00"
}
,{
"json_featuretype":"CSV"
,"Registration Date":"2012 03 21"
,"Name of Lobbyist":"Dawson and Sawyer Lands Ltd"
,"Company":"Dawson and Sawyer Lands Ltd"
,"Phone Number":"604-626-5040"
,"Nature of Lobbying":"not disclosed"
,"Client":"Property Owner"
,"Project No. ":"7912-0074-00"
}
,{
"json_featuretype":"CSV"
,"Registration Date":"2012 03 21"
,"Name of Lobbyist":"Peter Zebroff"
,"Company":"Royal Pacific Realty"
,"Phone Number":"604-202-0424"
,"Nature of Lobbying":"Realtor"
,"Client":"0759193 BC Ltd"
,"Project No. ":"7912-0070-00"
}
,{
"json_featuretype":"CSV"
,"Registration Date":"2012 03 22"
,"Name of Lobbyist":"Douglas Johnson"
,"Company":"Douglas R. Johnson Architect Ltd"
,"Phone Number":"604-926-0322"
,"Nature of Lobbying":"Architectural Consultant"
,"Client":"Property Owner"
,"Project No. ":"7912-0071-00"
}
,{
"json_featuretype":"CSV"
,"Registration Date":"2012 03 22"
,"Name of Lobbyist":"Gregory Mitchell"
,"Company":"McElhanney Consulting Services Ltd"
,"Phone Number":"604-596-0391"
,"Nature of Lobbying":"Engineering Consultant"
,"Client":"Property Owner"
,"Project No. ":"7912-0077-00"
}
,{
"json_featuretype":"CSV"
,"Registration Date":"2012 03 23"
,"Name of Lobbyist":"Dorothy Pearce"
,"Company":"Permit World Inc"
,"Phone Number":"519-585-1201"
,"Nature of Lobbying":"Project Management and Permit Consultants"
,"Client":"Pattison Sign Group for Walmart"
,"Project No. ":"7912-0075-00"
}
,{
"json_featuretype":"CSV"
,"Registration Date":"2012 03 30"
,"Name of Lobbyist":"Peter Lin"
,"Company":"United Awning & Signs"
,"Phone Number":"604-278-8638"
,"Nature of Lobbying":"Awning & Sign Manufacturing and Installation"
,"Client":"Cowley & Company Lawyers & Barristers"
,"Project No. ":"7912-0081-00"
}
,{
"json_featuretype":"CSV"
,"Registration Date":"2012 03 30"
,"Name of Lobbyist":"Peter Lin"
,"Company":"United Awning & Signs"
,"Phone Number":"604-278-8638"
,"Nature of Lobbying":"Awning & Sign Manufacturing and Installation"
,"Client":"Amari Integrated Health Care"
,"Project No. ":"7912-0081-00"
}
,{
"json_featuretype":"CSV"
,"Registration Date":"2012 04 02"
,"Name of Lobbyist":"Roger Jawanda"
,"Company":"Citiwest Consulting Ltd"
,"Phone Number":"604-591-2213"
,"Nature of Lobbying":"Engineering Consultant"
,"Client":"Property Owner"
,"Project No. ":"7912-0083-00"
}
,{
"json_featuretype":"CSV"
,"Registration Date":"2012 04 03"
,"Name of Lobbyist":"Dave Sanford"
,"Company":"Sanford Design Group"
,"Phone Number":"604-276-0114"
,"Nature of Lobbying":"Architectural Consultant"
,"Client":"Elegant Holdings Ltd"
,"Project No. ":"7912-0086-00"
}
,{
"json_featuretype":"CSV"
,"Registration Date":"2012 04 04"
,"Name of Lobbyist":"Maciej Dembek"
,"Company":"Barnett Dembek Architects Inc"
,"Phone Number":"604-597-7100"
,"Nature of Lobbying":"Architectural Consultant"
,"Client":"0924203 BC Ltd"
,"Project No. ":"7912-0091-00"
}
,{
"json_featuretype":"CSV"
,"Registration Date":"2012 04 04"
,"Name of Lobbyist":"Maciej Dembek"
,"Company":"Barnett Dembek Architects Inc"
,"Phone Number":"604-597-7100"
,"Nature of Lobbying":"Architectural Consultant"
,"Client":"Property Owner"
,"Project No. ":"7912-0091-00"
}
,{
"json_featuretype":"CSV"
,"Registration Date":"2012 04 10"
,"Name of Lobbyist":"James Pernu"
,"Company":"McElhanney Consulting Services Ltd"
,"Phone Number":"604-596-0391"
,"Nature of Lobbying":"Engineering Consultant"
,"Client":"0775846 BC Ltd"
,"Project No. ":"7912-0092-00"
}
,{
"json_featuretype":"CSV"
,"Registration Date":"2012 04 13"
,"Name of Lobbyist":"Roger Jawanda"
,"Company":"Citiwest Consulting Ltd"
,"Phone Number":"604-591-2213"
,"Nature of Lobbying":"Engineering Consultant"
,"Client":"Property Owner"
,"Project No. ":"7912-0097-00"
}
,{
"json_featuretype":"CSV"
,"Registration Date":"2012 04 13"
,"Name of Lobbyist":"Art Phillips"
,"Company":"Morgan Crossing Properties Ltd."
,"Phone Number":"604-925-8218"
,"Nature of Lobbying":"Land Development Consulting"
,"Client":"Morgan Crossing Properites Ltd"
,"Project No. ":"7912-0100-00"
}
,{
"json_featuretype":"CSV"
,"Registration Date":"2012 04 17"
,"Name of Lobbyist":"Maibc Wojciech Grzybowicz"
,"Company":"WG Architecture Inc"
,"Phone Number":"604-331-2378"
,"Nature of Lobbying":"Architectural Consultant"
,"Client":"Property Owner"
,"Project No. ":"7912-0102-00"
}
,{
"json_featuretype":"CSV"
,"Registration Date":"2012 04 17"
,"Name of Lobbyist":"Maibc Wojciech Grzybowicz"
,"Company":"WG Architecture Inc"
,"Phone Number":"604-331-2378"
,"Nature of Lobbying":"Architectural Consultant"
,"Client":"Property Owner"
,"Project No. ":"7912-0102-00"
}
,{
"json_featuretype":"CSV"
,"Registration Date":"2012 04 17"
,"Name of Lobbyist":"Maibc Wojciech Grzybowicz"
,"Company":"WG Architecture Inc"
,"Phone Number":"604-331-2378"
,"Nature of Lobbying":"Architectural Consultant"
,"Client":"Property Owner"
,"Project No. ":"7912-0102-00"
}
,{
"json_featuretype":"CSV"
,"Registration Date":"2012 04 17"
,"Name of Lobbyist":"Trevor Scott"
,"Company":"Haven Properties Ltd"
,"Phone Number":"604-828-3971"
,"Nature of Lobbying":"not disclosed"
,"Client":"Property Owner"
,"Project No. ":"7912-0096-00"
}
,{
"json_featuretype":"CSV"
,"Registration Date":"2012 04 17"
,"Name of Lobbyist":"Trevor Scott"
,"Company":"Haven Properties Ltd"
,"Phone Number":"604-828-3971"
,"Nature of Lobbying":"not disclosed"
,"Client":"Property Owner"
,"Project No. ":"7912-0096-00"
}
,{
"json_featuretype":"CSV"
,"Registration Date":"2012 04 20"
,"Name of Lobbyist":"Clarence Arychuk"
,"Company":"Hunter Laird Engineering"
,"Phone Number":"604-525-4651"
,"Nature of Lobbying":"Engineering Consultant"
,"Client":"Property Owner"
,"Project No. ":"7912-0105-00"
}
,{
"json_featuretype":"CSV"
,"Registration Date":"2012 04 20"
,"Name of Lobbyist":"Clarence Arychuk"
,"Company":"Hunter Laird Engineering"
,"Phone Number":"604-525-4651"
,"Nature of Lobbying":"Engineering Consultant"
,"Client":"Millenium Projects Ltd"
,"Project No. ":"7912-0105-00"
}
,{
"json_featuretype":"CSV"
,"Registration Date":"2012 04 23"
,"Name of Lobbyist":"Lisa Potopsingh"
,"Company":"Bing Thom Architects"
,"Phone Number":"604-682-1881"
,"Nature of Lobbying":"Architectural Consultant"
,"Client":"City of Surrey"
,"Project No. ":"7912-0106-00"
}
,{
"json_featuretype":"CSV"
,"Registration Date":"2012 04 23"
,"Name of Lobbyist":"Ralph Rubini"
,"Company":"Beedie Development Group"
,"Phone Number":"604-435-3321"
,"Nature of Lobbying":"Engineering Consultant"
,"Client":"Beedie Development Group"
,"Project No. ":"7912-0069-00"
}
,{
"json_featuretype":"CSV"
,"Registration Date":"2012 04 24"
,"Name of Lobbyist":"Lori Joyce"
,"Company":"H.Y. Engineering Ltd"
,"Phone Number":"604-583-1616"
,"Nature of Lobbying":"Engineering Consultant"
,"Client":"Property Owner"
,"Project No. ":"7912-0107-00"
}
,{
"json_featuretype":"CSV"
,"Registration Date":"2012 04 26"
,"Name of Lobbyist":"Michael Helle"
,"Company":"Coastland Engineering & Surveyor"
,"Phone Number":"604-532-9700"
,"Nature of Lobbying":"Engineering Consultant"
,"Client":"Park Ridge Properites"
,"Project No. ":"7912-0112-00"
}
,{
"json_featuretype":"CSV"
,"Registration Date":"2012 04 26"
,"Name of Lobbyist":"Lori Joyce"
,"Company":"H.Y. Engineering Ltd"
,"Phone Number":"604-583-1616"
,"Nature of Lobbying":"Engineering Consultant"
,"Client":"Property Owner"
,"Project No. ":"7912-0110-00"
}
,{
"json_featuretype":"CSV"
,"Registration Date":"2012 04 26"
,"Name of Lobbyist":"Lori Joyce"
,"Company":"H.Y. Engineering Ltd"
,"Phone Number":"604-583-1616"
,"Nature of Lobbying":"Engineering Consultant"
,"Client":"Property Owner"
,"Project No. ":"7912-0109-00"
}
,{
"json_featuretype":"CSV"
,"Registration Date":"2012 04 26"
,"Name of Lobbyist":"Lori Joyce"
,"Company":"H.Y. Engineering Ltd"
,"Phone Number":"604-583-1616"
,"Nature of Lobbying":"Engineering Consultant"
,"Client":"Property Owner"
,"Project No. ":"7912-0108-00"
}
,{
"json_featuretype":"CSV"
,"Registration Date":"2012 04 26"
,"Name of Lobbyist":"K. Vasir"
,"Company":""
,"Phone Number":"778-991-1778"
,"Nature of Lobbying":"not disclosed"
,"Client":"Property Owner"
,"Project No. ":"7912-0113-00"
}
,{
"json_featuretype":"CSV"
,"Registration Date":"2012 05 01"
,"Name of Lobbyist":"Avnash Banwait"
,"Company":"Mainland Engineering (2007) Corp"
,"Phone Number":"604-543-8044"
,"Nature of Lobbying":"Engineering Consultant"
,"Client":"Property Owner"
,"Project No. ":"7912-0120-00"
}
,{
"json_featuretype":"CSV"
,"Registration Date":"2012 05 03"
,"Name of Lobbyist":"James Pernu"
,"Company":"McElhanney Consulting Services Ltd"
,"Phone Number":"604-596-0391"
,"Nature of Lobbying":"Engineering Consultant"
,"Client":"Property Owner"
,"Project No. ":"7912-0118-00"
}
,{
"json_featuretype":"CSV"
,"Registration Date":"2012 05 03"
,"Name of Lobbyist":"Lori Joyce"
,"Company":"H.Y. Engineering Ltd"
,"Phone Number":"604-583-1616"
,"Nature of Lobbying":"Engineering Consultant"
,"Client":"Property Owner"
,"Project No. ":"7912-0124-00"
}
,{
"json_featuretype":"CSV"
,"Registration Date":"2012 05 03"
,"Name of Lobbyist":"J. S. Sidhu"
,"Company":""
,"Phone Number":""
,"Nature of Lobbying":""
,"Client":"Property Owner"
,"Project No. ":"7912-0199-00"
}
,{
"json_featuretype":"CSV"
,"Registration Date":"2012 05 03"
,"Name of Lobbyist":"Munish Katyal"
,"Company":"Santosh Holding Ltd"
,"Phone Number":"604-763-2600"
,"Nature of Lobbying":""
,"Client":"Property Owner"
,"Project No. ":"7912-0122-00"
}
,{
"json_featuretype":"CSV"
,"Registration Date":"2012 05 08"
,"Name of Lobbyist":"Peter J. Lovick"
,"Company":"PJ Lovick Architect Ltd"
,"Phone Number":"604-298-3700"
,"Nature of Lobbying":"Architectural Consultant"
,"Client":"Property Owner"
,"Project No. ":"7912-0130-00"
}
,{
"json_featuretype":"CSV"
,"Registration Date":"2012 05 08"
,"Name of Lobbyist":"Christina Baudi"
,"Company":"International Neon"
,"Phone Number":"514-937-0044"
,"Nature of Lobbying":"Manufacturing and installation of signage"
,"Client":"Loblaw Properties West Inc"
,"Project No. ":"7912-0128-00"
}
,{
"json_featuretype":"CSV"
,"Registration Date":"2012 05 09"
,"Name of Lobbyist":"Avnash Banwait"
,"Company":"Mainland Engineering (2007) Corp"
,"Phone Number":"604-543-8044"
,"Nature of Lobbying":"Engineering Consultant"
,"Client":"Property Owner"
,"Project No. ":"7912-0131-00"
}
,{
"json_featuretype":"CSV"
,"Registration Date":"2012 05 11"
,"Name of Lobbyist":"Michael E. Helle"
,"Company":"Coastland Engineering & Surveying Ltd"
,"Phone Number":"604-532-9700"
,"Nature of Lobbying":"Engineering Consultant"
,"Client":"Property Owner"
,"Project No. ":"7912-0135-00"
}
,{
"json_featuretype":"CSV"
,"Registration Date":"2012 05 11"
,"Name of Lobbyist":"Michael E. Helle"
,"Company":"Coastland Engineering & Surveying Ltd"
,"Phone Number":"604-532-9700"
,"Nature of Lobbying":"Engineering Consultant"
,"Client":"Property Owner"
,"Project No. ":"7912-0135-00"
}
,{
"json_featuretype":"CSV"
,"Registration Date":"2012 05 16"
,"Name of Lobbyist":"Gerry Blonski"
,"Company":"Gerry Blonski Architect"
,"Phone Number":"604-572-3608"
,"Nature of Lobbying":"Architectural Consultant"
,"Client":"Property Owner"
,"Project No. ":"7912-0137-00"
}
,{
"json_featuretype":"CSV"
,"Registration Date":"2012 05 16"
,"Name of Lobbyist":"Gerry Blonski"
,"Company":"Gerry Blonski Architect"
,"Phone Number":"604-572-3608"
,"Nature of Lobbying":"Architectural Consultant"
,"Client":"Property Owner"
,"Project No. ":"7912-0137-00"
}
,{
"json_featuretype":"CSV"
,"Registration Date":"2012 05 16"
,"Name of Lobbyist":"Mike Kompter"
,"Company":"Hub Engineering Inc"
,"Phone Number":"604-572-4328"
,"Nature of Lobbying":"Engineering Consultant"
,"Client":"Property Owner"
,"Project No. ":"7912-0134-00"
}
,{
"json_featuretype":"CSV"
,"Registration Date":"2012 05 23"
,"Name of Lobbyist":"Gregory George Smith"
,"Company":"Smith Construction & Associates"
,"Phone Number":"604-939-6929"
,"Nature of Lobbying":"General Construction Contractor"
,"Client":"Vancouver Axle Inc"
,"Project No. ":"7912-0145-00"
}
,{
"json_featuretype":"CSV"
,"Registration Date":"2012 05 24"
,"Name of Lobbyist":"Ian Guah"
,"Company":"Gradual Architecture Inc"
,"Phone Number":"604-721-7738"
,"Nature of Lobbying":"Architectural Consultant"
,"Client":"Property Owner"
,"Project No. ":"7912-0147-00"
}
,{
"json_featuretype":"CSV"
,"Registration Date":"2012 05 24"
,"Name of Lobbyist":"Bernard Conroy"
,"Company":"RCMP"
,"Phone Number":"604-264-2474"
,"Nature of Lobbying":""
,"Client":"Royal Canadian Mounted Police \"E\" Division"
,"Project No. ":"7912-0148-00"
}
,{
"json_featuretype":"CSV"
,"Registration Date":"2012 05 25"
,"Name of Lobbyist":"Trevor Dickson"
,"Company":"Barnett Dembek Architects Inc"
,"Phone Number":"604-597-7100"
,"Nature of Lobbying":"Architectural Consultant"
,"Client":"Property Owner"
,"Project No. ":"7912-0150-00"
}
,{
"json_featuretype":"CSV"
,"Registration Date":"2012 05 25"
,"Name of Lobbyist":"Roger Jawanda"
,"Company":"CitiWest Consulting Ltd"
,"Phone Number":"604-591-2213"
,"Nature of Lobbying":"Engineering Consultant"
,"Client":"Property Owner"
,"Project No. ":"7912-0151-00"
}
,{
"json_featuretype":"CSV"
,"Registration Date":"2012 06 04"
,"Name of Lobbyist":"Dexter Hirabe"
,"Company":"Hunter Laird Engineering Ltd"
,"Phone Number":"604-525-4651"
,"Nature of Lobbying":"Engineering Consultant"
,"Client":"Property Owner"
,"Project No. ":"7912-0152-00"
}
,{
"json_featuretype":"CSV"
,"Registration Date":"2012 06 05"
,"Name of Lobbyist":"B. Dhaliwal"
,"Company":""
,"Phone Number":"604-617-7763"
,"Nature of Lobbying":""
,"Client":"Property Owner"
,"Project No. ":"7912-0158-00"
}
,{
"json_featuretype":"CSV"
,"Registration Date":"2012 06 06"
,"Name of Lobbyist":"Clarence Arychuk"
,"Company":"Hunter Laird Engineering Ltd"
,"Phone Number":"604-525-4651"
,"Nature of Lobbying":"Engineering Consultant"
,"Client":"Property Owner"
,"Project No. ":"7912-0164-00"
}
,{
"json_featuretype":"CSV"
,"Registration Date":"2012 06 11"
,"Name of Lobbyist":"Allan B. Austin"
,"Company":"RKTG Associates Ltd"
,"Phone Number":"604-736-4344"
,"Nature of Lobbying":"Engineering Consultant"
,"Client":"Cloverdale Paint, Dave Bott"
,"Project No. ":"7912-0162-00"
}
,{
"json_featuretype":"CSV"
,"Registration Date":"2012 06 11"
,"Name of Lobbyist":"Dexter Hirabe"
,"Company":"Hunter Laird Engineering Ltd"
,"Phone Number":"604-525-4651"
,"Nature of Lobbying":"Engineering Consultant"
,"Client":"Property Owner"
,"Project No. ":"7912-0161-00"
}
,{
"json_featuretype":"CSV"
,"Registration Date":"2012 06 12"
,"Name of Lobbyist":"Lori Joyce"
,"Company":"H.Y. Engineering Ltd"
,"Phone Number":"604-583-1616"
,"Nature of Lobbying":"Engineering Consultant"
,"Client":"Property Owner"
,"Project No. ":"7912-0163-00"
}
,{
"json_featuretype":"CSV"
,"Registration Date":"2012 06 12"
,"Name of Lobbyist":"Avnash Banwait"
,"Company":"Mainland Engineering (2007) Corp"
,"Phone Number":"604-543-8044"
,"Nature of Lobbying":"Engineering Consultant"
,"Client":"Property Owner"
,"Project No. ":"7912-0165-00"
}
,{
"json_featuretype":"CSV"
,"Registration Date":"2012 06 12"
,"Name of Lobbyist":"Robert Allan Whetter"
,"Company":"Cotter Architects Inc"
,"Phone Number":"604-272-1477"
,"Nature of Lobbying":""
,"Client":"Tien Sher Management Group Inc"
,"Project No. ":"7912-0172-00"
}
,{
"json_featuretype":"CSV"
,"Registration Date":"2012 06 14"
,"Name of Lobbyist":"Mike Kompter"
,"Company":"Hub Engineering Inc"
,"Phone Number":"604-572-4328"
,"Nature of Lobbying":"Engineer Consultant"
,"Client":"Property Owner"
,"Project No. ":"7912-0173-00"
}
,{
"json_featuretype":"CSV"
,"Registration Date":"2012 06 15"
,"Name of Lobbyist":"Avnash Banwait"
,"Company":"Mainland Engineering (2007) Corp"
,"Phone Number":"604-543-8044"
,"Nature of Lobbying":"Engineering Consultant"
,"Client":"Property Owner"
,"Project No. ":"7912-0175-00"
}
,{
"json_featuretype":"CSV"
,"Registration Date":"2012 06 18"
,"Name of Lobbyist":"Mike Kompter"
,"Company":"Hub Engineering Inc"
,"Phone Number":"604-572-4328"
,"Nature of Lobbying":"Engineer Consultant"
,"Client":"Property Owner"
,"Project No. ":"7912-0179-00"
}
,{
"json_featuretype":"CSV"
,"Registration Date":"2012 06 19"
,"Name of Lobbyist":"R. Chauhan"
,"Company":""
,"Phone Number":"604-783-8609"
,"Nature of Lobbying":""
,"Client":"Property Owner"
,"Project No. ":""
}
,{
"json_featuretype":"CSV"
,"Registration Date":"2012 06 20"
,"Name of Lobbyist":"Donald C. Andrew"
,"Company":"Creekside Architects"
,"Phone Number":"604-733-3125"
,"Nature of Lobbying":"Architectural Consultant"
,"Client":"Property Owner"
,"Project No. ":"7912-0176-00"
}
,{
"json_featuretype":"CSV"
,"Registration Date":"2012 06 20"
,"Name of Lobbyist":"Jordan Desrochers"
,"Company":"Priority Permits Ltd"
,"Phone Number":"778-397-1394"
,"Nature of Lobbying":"Commercial Sign Permit Procurement"
,"Client":"Property Owner"
,"Project No. ":"7912-0171-00"
}
,{
"json_featuretype":"CSV"
,"Registration Date":"2012 06 20"
,"Name of Lobbyist":"X. Li"
,"Company":""
,"Phone Number":"778-828-5494"
,"Nature of Lobbying":"Daycare"
,"Client":"Property Owner"
,"Project No. ":"7912-0183-00"
}
,{
"json_featuretype":"CSV"
,"Registration Date":"2012 06 20"
,"Name of Lobbyist":"Dexter Hirabe / Clarence Arychuck"
,"Company":"Hunter Laird Engineering Ltd"
,"Phone Number":"604-525-4651"
,"Nature of Lobbying":"Engineering Consultant"
,"Client":"Property Owner"
,"Project No. ":"7912-0178-00"
}
,{
"json_featuretype":"CSV"
,"Registration Date":"2012 06 22"
,"Name of Lobbyist":"Mark Webster Vaughan Foster"
,"Company":"Lion Rock Developments"
,"Phone Number":"604-589-5466"
,"Nature of Lobbying":"Real Estate Development"
,"Client":"Property Owner"
,"Project No. ":"7912-0185-00"
}
,{
"json_featuretype":"CSV"
,"Registration Date":"2012 06 22"
,"Name of Lobbyist":"Clarence Arychuk"
,"Company":"Hunter Laird Engineering Ltd"
,"Phone Number":"604-525-4651"
,"Nature of Lobbying":"Engineering Consultant"
,"Client":"Property Owner"
,"Project No. ":"7912-0180-00"
}
,{
"json_featuretype":"CSV"
,"Registration Date":"2012 06 26"
,"Name of Lobbyist":"Iain Chima"
,"Company":"Ashburn Construction Ltd"
,"Phone Number":"604-809-0000"
,"Nature of Lobbying":""
,"Client":"Ashburn Construction"
,"Project No. ":"7912-0192-00"
}
,{
"json_featuretype":"CSV"
,"Registration Date":"2012 06 27"
,"Name of Lobbyist":"James Pernu"
,"Company":"McElhanney Consulting Services Ltd"
,"Phone Number":"604-596-0391"
,"Nature of Lobbying":"Engineering Consultant"
,"Client":"G. Griffiths & Associates"
,"Project No. ":"7912-0188-00"
}
,{
"json_featuretype":"CSV"
,"Registration Date":"2012 06 29"
,"Name of Lobbyist":"Mike Kompter"
,"Company":"Hub Engineering Inc"
,"Phone Number":"604-572-4328"
,"Nature of Lobbying":"Engineering Consultant"
,"Client":"Property Owner"
,"Project No. ":"7912-0189-00"
}
,{
"json_featuretype":"CSV"
,"Registration Date":"2012 06 29"
,"Name of Lobbyist":"B. Martin"
,"Company":""
,"Phone Number":"604-351-6599"
,"Nature of Lobbying":""
,"Client":"Property Owner"
,"Project No. ":"7912-0191-00"
}
,{
"json_featuretype":"CSV"
,"Registration Date":"2012 07 03"
,"Name of Lobbyist":"Clarence Arychuk/Dexter Hirobe"
,"Company":"Hunter Laird Engineering"
,"Phone Number":"604-252-4651"
,"Nature of Lobbying":"Project Consultant"
,"Client":"Property Owner"
,"Project No. ":"7912-0193-00"
}
,{
"json_featuretype":"CSV"
,"Registration Date":"2012 07 05"
,"Name of Lobbyist":"Wojciech Grzybowicz"
,"Company":"WG Architecture Inc."
,"Phone Number":"604-331-2378"
,"Nature of Lobbying":"Architectural Consultant"
,"Client":"Property Owner"
,"Project No. ":"7912-0196-00"
}
,{
"json_featuretype":"CSV"
,"Registration Date":"2012 07 05"
,"Name of Lobbyist":"L. Lyon"
,"Company":""
,"Phone Number":"604-574-3482"
,"Nature of Lobbying":""
,"Client":"Property Owner"
,"Project No. ":"7912-0195-00"
}
,{
"json_featuretype":"CSV"
,"Registration Date":"2012 07 06"
,"Name of Lobbyist":"J. Wong"
,"Company":""
,"Phone Number":"778-999-7104"
,"Nature of Lobbying":"Assisted Living Facility for Seniors"
,"Client":"Property Owner"
,"Project No. ":"7912-0200-00"
}
,{
"json_featuretype":"CSV"
,"Registration Date":"2012 07 12"
,"Name of Lobbyist":"Maciej Dembek"
,"Company":"Barnett Dembek Architect Inc."
,"Phone Number":"604-597-7100"
,"Nature of Lobbying":"Architectural Consultant"
,"Client":"Park Ridge Homes (Panorama) Ltd."
,"Project No. ":"7912-0202-00"
}
,{
"json_featuretype":"CSV"
,"Registration Date":"2012 07 13"
,"Name of Lobbyist":"Samuel M. Chan"
,"Company":"Architect"
,"Phone Number":"778-571-0615"
,"Nature of Lobbying":"Architectural Consultant"
,"Client":"Prado Holdings"
,"Project No. ":"7912-0206-00"
}
,{
"json_featuretype":"CSV"
,"Registration Date":"2012 07 13"
,"Name of Lobbyist":"Roger Jawanda"
,"Company":"CitiWest Consulting Ltd."
,"Phone Number":"604-591-2213"
,"Nature of Lobbying":"Engineering Consultant"
,"Client":"Property Owner"
,"Project No. ":"7912-0207-00"
}
,{
"json_featuretype":"CSV"
,"Registration Date":"2012 07 13"
,"Name of Lobbyist":"Kevin Dhaliwal"
,"Company":"Legendary Developments Ltd."
,"Phone Number":"778-574-0777"
,"Nature of Lobbying":"Developer"
,"Client":"Property Owner"
,"Project No. ":"7912-0204-00"
}
,{
"json_featuretype":"CSV"
,"Registration Date":"2012 07 13"
,"Name of Lobbyist":"Mike Kompter"
,"Company":"Hub Engineering Inc"
,"Phone Number":"604-572-4328"
,"Nature of Lobbying":"Engineering Consultant"
,"Client":"Property Owner"
,"Project No. ":"7912-0209-00"
}
,{
"json_featuretype":"CSV"
,"Registration Date":"2012 07 18"
,"Name of Lobbyist":"Shehzad Somji"
,"Company":"Retirement Concepts Development"
,"Phone Number":"604-514-6682"
,"Nature of Lobbying":"Developer/Builder"
,"Client":"Rosemary Heights Seniors Village "
,"Project No. ":"7912-0211-00"
}
,{
"json_featuretype":"CSV"
,"Registration Date":"2012 07 18"
,"Name of Lobbyist":"Lorne Wolinsky"
,"Company":"Bomar Investments Corp."
,"Phone Number":"604-293-2470"
,"Nature of Lobbying":"Real Estate Developer"
,"Client":"Bomar Investments Corp."
,"Project No. ":"7912-0212-00"
}
,{
"json_featuretype":"CSV"
,"Registration Date":"2012 07 24"
,"Name of Lobbyist":"Ralph Berezan"
,"Company":"Berezan Management Ltd."
,"Phone Number":"604-882-0808"
,"Nature of Lobbying":"Real Estate"
,"Client":"Berezan Mgmt. (32nd Ave) Ltd."
,"Project No. ":"7912-0217-00"
}
,{
"json_featuretype":"CSV"
,"Registration Date":"2012 07 27"
,"Name of Lobbyist":"Roger Jawanda"
,"Company":"CitiWest Consulting Ltd."
,"Phone Number":"604-591-2213"
,"Nature of Lobbying":"Engineering Consultant"
,"Client":"Property Owner"
,"Project No. ":"7912-0219-00"
}
,{
"json_featuretype":"CSV"
,"Registration Date":"2012 07 30"
,"Name of Lobbyist":"Michael E. Helle"
,"Company":"Coastland Engineering & Surveying"
,"Phone Number":"604-532-9700"
,"Nature of Lobbying":"Engineering Consultant"
,"Client":"Property Owner"
,"Project No. ":"7912-0218-00"
}
,{
"json_featuretype":"CSV"
,"Registration Date":"2012 07 31"
,"Name of Lobbyist":"Maggie Koka"
,"Company":"Aplin & Martin Consultants Ltd."
,"Phone Number":"604-597-9058"
,"Nature of Lobbying":"Engineering Consultant"
,"Client":"Property Owner"
,"Project No. ":"7912-0222-00"
}
,{
"json_featuretype":"CSV"
,"Registration Date":"2012 07 31"
,"Name of Lobbyist":"Clarence Arychuk/Dexter Hirobe"
,"Company":"Hunter Laird Engineering"
,"Phone Number":"604-525-4651"
,"Nature of Lobbying":"Engineering Consultant"
,"Client":"Property Owner"
,"Project No. ":"7912-0208-00"
}
,{
"json_featuretype":"CSV"
,"Registration Date":"2012 07 31"
,"Name of Lobbyist":"Clarence Arychuk/Dexter Hirobe"
,"Company":"Hunter Laird Engineering"
,"Phone Number":"604-525-4651"
,"Nature of Lobbying":"Engineering Consultant"
,"Client":"Property Owner"
,"Project No. ":"7912-0216-00"
}
,{
"json_featuretype":"CSV"
,"Registration Date":"2012 08 01"
,"Name of Lobbyist":"Wojciech Grzybowicz"
,"Company":"WG Architecture Inc."
,"Phone Number":"604-331-2378"
,"Nature of Lobbying":"Architectural Consultant"
,"Client":"0945799 BC Ltd."
,"Project No. ":"7912-0224-00"
}
,{
"json_featuretype":"CSV"
,"Registration Date":"2012 08 03"
,"Name of Lobbyist":"Gerry Blonski"
,"Company":"Gerry Blonski Architect"
,"Phone Number":"604-572-3608"
,"Nature of Lobbying":"Architectural Consultant"
,"Client":"0808607 BC Ltd."
,"Project No. ":"7912-0226-00"
}
,{
"json_featuretype":"CSV"
,"Registration Date":"2012 08 03"
,"Name of Lobbyist":"Jas Rai"
,"Company":"RSNRAI Enterprises"
,"Phone Number":"778-878-0876"
,"Nature of Lobbying":"Restaurant Franchise"
,"Client":"Property Owner"
,"Project No. ":"7912-0228-00"
}
,{
"json_featuretype":"CSV"
,"Registration Date":"2012 08 08"
,"Name of Lobbyist":"Brad Jones"
,"Company":"Adera Development"
,"Phone Number":"604-637-4301"
,"Nature of Lobbying":"Real Estate Development"
,"Client":"Property Owner"
,"Project No. ":"7912-0227-00"
}
,{
"json_featuretype":"CSV"
,"Registration Date":"2012 08 13"
,"Name of Lobbyist":"James Pernu"
,"Company":"McElhanney Consulting Services Ltd"
,"Phone Number":"604-596-0391"
,"Nature of Lobbying":"Engineering Consultant"
,"Client":"Property Owner"
,"Project No. ":"7912-0236-00"
}
,{
"json_featuretype":"CSV"
,"Registration Date":"2012 08 13"
,"Name of Lobbyist":"Brian G. Hart"
,"Company":"Brian G. Hart & Company"
,"Phone Number":"604-537-4743"
,"Nature of Lobbying":"Development Consultant"
,"Client":"0903345 BC Ltd."
,"Project No. ":"7912-0231-00"
}
,{
"json_featuretype":"CSV"
,"Registration Date":"2012 08 15"
,"Name of Lobbyist":"Michael D. Sanderson"
,"Company":"Sanderson Planning Ltd."
,"Phone Number":"604-801-6780"
,"Nature of Lobbying":"Land Use and Design Consultant"
,"Client":"Property Owner"
,"Project No. ":"7912-0229-00"
}
,{
"json_featuretype":"CSV"
,"Registration Date":"2012 08 21"
,"Name of Lobbyist":"Roger Jawanda"
,"Company":"CitiWest Consulting Ltd."
,"Phone Number":"604-591-2213"
,"Nature of Lobbying":"Engineering Consultant"
,"Client":"Property Owner"
,"Project No. ":"7912-0248-00"
}
,{
"json_featuretype":"CSV"
,"Registration Date":"2012 08 29"
,"Name of Lobbyist":"Laura Jones"
,"Company":"Pacific Land Group"
,"Phone Number":"604-501-1624"
,"Nature of Lobbying":"Planning Consultants"
,"Client":"B&B Contracting"
,"Project No. ":"7912-0238-00"
}
,{
"json_featuretype":"CSV"
,"Registration Date":"2012 08 30"
,"Name of Lobbyist":"Roger Jawanda"
,"Company":"CitiWest Consulting Ltd."
,"Phone Number":"604-591-2213"
,"Nature of Lobbying":"Engineering Consultant"
,"Client":"Property Owner"
,"Project No. ":"7912-0257-00"
}
,{
"json_featuretype":"CSV"
,"Registration Date":"2012 09 05"
,"Name of Lobbyist":"Theresa Rawle"
,"Company":"H.Y. Engineering Ltd."
,"Phone Number":"604-583-1616"
,"Nature of Lobbying":"Engineering Consultant"
,"Client":"Greenside Development Corp."
,"Project No. ":"7912-0261-00"
}
,{
"json_featuretype":"CSV"
,"Registration Date":"2012 09 07"
,"Name of Lobbyist":"Donald Andrew"
,"Company":"Creekside Architects"
,"Phone Number":"604-733-3125"
,"Nature of Lobbying":"Architectural Consultant"
,"Client":"Avila Developments"
,"Project No. ":"7908-0211-00"
}
,{
"json_featuretype":"CSV"
,"Registration Date":"2012 09 07"
,"Name of Lobbyist":"Hywel Jones"
,"Company":"Hywel Jones Architect Limited"
,"Phone Number":"604-733-1599"
,"Nature of Lobbying":"Architectural Consultant"
,"Client":"Qualico Developments (Van.) Inc."
,"Project No. ":"7912-0244-00"
}
,{
"json_featuretype":"CSV"
,"Registration Date":"2012 09 12"
,"Name of Lobbyist":"James Pernu"
,"Company":"McElhanney Consulting Services Ltd"
,"Phone Number":"604-596-0391"
,"Nature of Lobbying":"Engineering Consultant"
,"Client":"Property Owner"
,"Project No. ":"7912-0265-00"
}
,{
"json_featuretype":"CSV"
,"Registration Date":"2012 09 14"
,"Name of Lobbyist":"James Pernu"
,"Company":"McElhanney Consulting Services Ltd"
,"Phone Number":"604-596-0391"
,"Nature of Lobbying":"Engineering Consultant"
,"Client":"Property Owner"
,"Project No. ":"7912-0266-00"
}
,{
"json_featuretype":"CSV"
,"Registration Date":"2012 09 14"
,"Name of Lobbyist":"Avnash Banwait"
,"Company":"Mainland Engineering (2007) Corp."
,"Phone Number":"604-543-8044"
,"Nature of Lobbying":"Engineering Consultant"
,"Client":"Property Owner"
,"Project No. ":"7912-0269-00"
}
,{
"json_featuretype":"CSV"
,"Registration Date":"2012 09 18"
,"Name of Lobbyist":"Maciej Dembek"
,"Company":"Barnett Dembek Architect Inc."
,"Phone Number":"604-597-7100"
,"Nature of Lobbying":"Architectural Consultant"
,"Client":"Sivver Ventures Inc."
,"Project No. ":"7912-0267-00"
}
,{
"json_featuretype":"CSV"
,"Registration Date":"2012 09 18"
,"Name of Lobbyist":"Clarence Arychuk"
,"Company":"Hunter Laird Engineering"
,"Phone Number":"604-525-4651"
,"Nature of Lobbying":"Engineering Consultant"
,"Client":"Nico River Developments Ltd."
,"Project No. ":"7912-0260-00"
}
,{
"json_featuretype":"CSV"
,"Registration Date":"2012 09 18"
,"Name of Lobbyist":"Michael E. Helle"
,"Company":"Coastland Engineering & Surveying"
,"Phone Number":"604-532-9700"
,"Nature of Lobbying":"Engineering Consultant"
,"Client":"Property Owner"
,"Project No. ":"7912-0139-00"
}
,{
"json_featuretype":"CSV"
,"Registration Date":"2012 09 26"
,"Name of Lobbyist":"Oleg Verbenkov"
,"Company":"Pacific Land Resource Group Inc."
,"Phone Number":"604-501-1624"
,"Nature of Lobbying":"Engineering Consultant"
,"Client":"White Rock Tudor Inn Ltd."
,"Project No. ":"7912-0277-00"
}
,{
"json_featuretype":"CSV"
,"Registration Date":"2012 09 26"
,"Name of Lobbyist":"Richard Erdman"
,"Company":"HOST Consulting Ltd."
,"Phone Number":"604-498-2571"
,"Nature of Lobbying":"Hospitality Industry Consulting"
,"Client":"Clover Lanes Ltd."
,"Project No. ":"7912-0278-00"
}
,{
"json_featuretype":"CSV"
,"Registration Date":"2012 10 04"
,"Name of Lobbyist":"Mike Kompter"
,"Company":"Hub Engineering Inc"
,"Phone Number":"604-572-4328"
,"Nature of Lobbying":"Engineering Consultant"
,"Client":"Property Owner"
,"Project No. ":"7911-0317-00"
}
,{
"json_featuretype":"CSV"
,"Registration Date":"2012 10 05"
,"Name of Lobbyist":"Dawson & Sawyer Lands Ltd."
,"Company":"Dawson & Sawyer Lands Ltd."
,"Phone Number":"604-262-5040"
,"Nature of Lobbying":"Real Estate Development"
,"Client":"Property Owner"
,"Project No. ":"7912-0283-00"
}
,{
"json_featuretype":"CSV"
,"Registration Date":"2012 10 10"
,"Name of Lobbyist":"Mike Kompter"
,"Company":"Hub Engineering Inc"
,"Phone Number":"604-572-4328"
,"Nature of Lobbying":"Engineering Consultant"
,"Client":"Property Owner"
,"Project No. ":"7912-0284-00"
}
,{
"json_featuretype":"CSV"
,"Registration Date":"2012 10 10"
,"Name of Lobbyist":"Avnash Banwait"
,"Company":"Mainland Engineering (2007) Corp."
,"Phone Number":"604-543-8044"
,"Nature of Lobbying":"Engineering Consultant"
,"Client":"Property Owner"
,"Project No. ":"7912-0288-00"
}
,{
"json_featuretype":"CSV"
,"Registration Date":"2012 10 12"
,"Name of Lobbyist":"Clarence Arychuk"
,"Company":"Hunter Laird Engineering"
,"Phone Number":"604-525-4651"
,"Nature of Lobbying":"Engineering Consultant"
,"Client":"Double Dot Investment Group Ltd."
,"Project No. ":"7912-0290-00"
}
,{
"json_featuretype":"CSV"
,"Registration Date":"2012 10 15"
,"Name of Lobbyist":"Roger Jawanda"
,"Company":"CitiWest Consulting Ltd."
,"Phone Number":"604-591-2213"
,"Nature of Lobbying":"Engineering Consultant"
,"Client":"Property Owner"
,"Project No. ":"7912-0294-00"
}
,{
"json_featuretype":"CSV"
,"Registration Date":"2012 10 17"
,"Name of Lobbyist":"Gordon MacKenzie"
,"Company":"Gordon MacKenzie Architect Inc."
,"Phone Number":"604-688-3080"
,"Nature of Lobbying":"Architectural Consultant"
,"Client":"Elizabeth Fry Society"
,"Project No. ":"7912-0289-00"
}
,{
"json_featuretype":"CSV"
,"Registration Date":"2012 10 18"
,"Name of Lobbyist":"Stanley M. Paulus"
,"Company":"Stanley Paulus Architect Inc."
,"Phone Number":"604-339-3904"
,"Nature of Lobbying":"Architectural Consultant"
,"Client":"Windhill Holdings Inc."
,"Project No. ":"7912-0296-00"
}
,{
"json_featuretype":"CSV"
,"Registration Date":"2012 10 26"
,"Name of Lobbyist":"Heath Ferguson"
,"Company":"James MacIntyre"
,"Phone Number":"604-575-5470"
,"Nature of Lobbying":"Pub"
,"Client":"Dublin Crossing Irish Pub"
,"Project No. ":"7912-0295-00"
}
,{
"json_featuretype":"CSV"
,"Registration Date":"2012 10 29"
,"Name of Lobbyist":"Maggie Koka"
,"Company":"Aplin & Martin Consultants Ltd."
,"Phone Number":"604-597-9058"
,"Nature of Lobbying":"Engineering Consultant"
,"Client":"0926342 BC Ltd."
,"Project No. ":"7912-0304-00/01"
}
,{
"json_featuretype":"CSV"
,"Registration Date":"2012 10 30"
,"Name of Lobbyist":"James Bradley"
,"Company":"James Bradley Consulting Inc."
,"Phone Number":"604-781-1477"
,"Nature of Lobbying":"Design and Project Management"
,"Client":"Kevington Building Corp. Ltd."
,"Project No. ":"7912-0305-00"
}
,{
"json_featuretype":"CSV"
,"Registration Date":"2012 11 02"
,"Name of Lobbyist":"Clarence Arychuk"
,"Company":"Hunter Laird Engineering"
,"Phone Number":"604-252-4651"
,"Nature of Lobbying":"Engineering Consultant"
,"Client":"Ethical Real Estate Ventures Ltd."
,"Project No. ":"7912-0308-00"
}
,{
"json_featuretype":"CSV"
,"Registration Date":"2012 11 05"
,"Name of Lobbyist":"Paul Clarke"
,"Company":"MPB Construction Ltd."
,"Phone Number":"604-538-9622"
,"Nature of Lobbying":"Commercial/Residential Construction and Renovation"
,"Client":"Ocean Park Ford Sales Ltd."
,"Project No. ":"7912-0307-00"
}
,{
"json_featuretype":"CSV"
,"Registration Date":"2012 11 07"
,"Name of Lobbyist":"Gordon J. Klassen / Ursula T. Vicktor"
,"Company":"Site Lines Architecture Inc."
,"Phone Number":"604-881-7173"
,"Nature of Lobbying":"Architectural Consultant"
,"Client":"City of Surrey"
,"Project No. ":"7911-0327-00"
}
,{
"json_featuretype":"CSV"
,"Registration Date":"2012 11 08"
,"Name of Lobbyist":"Kim Fisher and John Tierney"
,"Company":"Lark Group"
,"Phone Number":"604-576-2935"
,"Nature of Lobbying":"Development and Construction"
,"Client":"Fraser Health"
,"Project No. ":"7912-0312-00"
}
,{
"json_featuretype":"CSV"
,"Registration Date":"2012 11 14"
,"Name of Lobbyist":"Roger Jawanda"
,"Company":"CitiWest Consulting Ltd."
,"Phone Number":"604-591-2213"
,"Nature of Lobbying":"Engineering Consultant"
,"Client":"Property Owner"
,"Project No. ":"7912-0313-00"
}
,{
"json_featuretype":"CSV"
,"Registration Date":"2012 11 15"
,"Name of Lobbyist":"Shari Boyal"
,"Company":"Not Disclosed"
,"Phone Number":"604-830-3619"
,"Nature of Lobbying":"Land Use"
,"Client":"Property Owner"
,"Project No. ":"7912-0314-00"
}
,{
"json_featuretype":"CSV"
,"Registration Date":"2012 11 19"
,"Name of Lobbyist":"John B. Davidson"
,"Company":"DTS Architecture"
,"Phone Number":"604-669-7710"
,"Nature of Lobbying":"Architectural Consultant"
,"Client":"Property Owner"
,"Project No. ":"7912-0316-00"
}
,{
"json_featuretype":"CSV"
,"Registration Date":"2012 11 19"
,"Name of Lobbyist":"Alexis Tanner"
,"Company":"Gustavson Wylie Architects Inc."
,"Phone Number":"604-687-2511"
,"Nature of Lobbying":"Architectural Consultant"
,"Client":"Starbucks Coffee Canada"
,"Project No. ":"7912-0309-00"
}
,{
"json_featuretype":"CSV"
,"Registration Date":"2012 11 20"
,"Name of Lobbyist":"Wilson  Chang"
,"Company":"Not Disclosed"
,"Phone Number":"778-885-9998"
,"Nature of Lobbying":"Land Development"
,"Client":"Property Owner"
,"Project No. ":"7912-0315-00"
}
,{
"json_featuretype":"CSV"
,"Registration Date":"2012 11 20"
,"Name of Lobbyist":"Brent Tedford"
,"Company":"Pacific Land Group"
,"Phone Number":"604-501-1624"
,"Nature of Lobbying":"Land Use Consultants"
,"Client":"Property Owner"
,"Project No. ":"7912-0319-00"
}
,{
"json_featuretype":"CSV"
,"Registration Date":"2012 11 26"
,"Name of Lobbyist":"Kevin Clark"
,"Company":"Cotter Architects"
,"Phone Number":"604-272-1477"
,"Nature of Lobbying":"Architectural Consultant"
,"Client":"Saigo Holdings Ltd."
,"Project No. ":"7912-0322-00"
}
,{
"json_featuretype":"CSV"
,"Registration Date":"2012 11 26"
,"Name of Lobbyist":"Roger Jawanda"
,"Company":"CitiWest Consulting Ltd."
,"Phone Number":"604-591-2213"
,"Nature of Lobbying":"Engineering Consultant"
,"Client":"0782717 BC Ltd."
,"Project No. ":"7912-0323-00"
}
,{
"json_featuretype":"CSV"
,"Registration Date":"2012 11 28"
,"Name of Lobbyist":"Roger Jawanda"
,"Company":"CitiWest Consulting Ltd."
,"Phone Number":"604-591-2213"
,"Nature of Lobbying":"Engineering Consultant"
,"Client":"Property Owner"
,"Project No. ":"7912-0324-00"
}
,{
"json_featuretype":"CSV"
,"Registration Date":"2012 11 29"
,"Name of Lobbyist":"Ian Guan"
,"Company":"Sardara Boyal"
,"Phone Number":"604-721-7738"
,"Nature of Lobbying":"Architectural Consultant"
,"Client":"Property Owner"
,"Project No. ":"7912-0326-00"
}
,{
"json_featuretype":"CSV"
,"Registration Date":"2012 11 29"
,"Name of Lobbyist":"Douglas L. Nelson"
,"Company":"Bingham Hill Architects"
,"Phone Number":"604-688-8254"
,"Nature of Lobbying":"Architectural Consultant"
,"Client":"King George City Centre Dev. Ltd."
,"Project No. ":"7912-0327-00"
}
,{
"json_featuretype":"CSV"
,"Registration Date":"2012 11 29"
,"Name of Lobbyist":"Richard Bernstein"
,"Company":"Chris Pifeakos Architects Inc."
,"Phone Number":"604-291-2660"
,"Nature of Lobbying":"Architectural Consultant"
,"Client":"Weststone Properties 104 Ltd."
,"Project No. ":"7912-0325-00"
}
,{
"json_featuretype":"CSV"
,"Registration Date":"2012 12 05"
,"Name of Lobbyist":"James V. Pernu"
,"Company":"McElhanney Consulting Services"
,"Phone Number":"640-424-4889"
,"Nature of Lobbying":"Engineering Consultant"
,"Client":"Property Owner"
,"Project No. ":"7912-0333-00"
}
,{
"json_featuretype":"CSV"
,"Registration Date":"2012 12 06"
,"Name of Lobbyist":"Joe Minten"
,"Company":"JM Architecture"
,"Phone Number":"604-583-2003"
,"Nature of Lobbying":"Architectural Consultant"
,"Client":"Property Owner"
,"Project No. ":"7912-0331-00"
}
,{
"json_featuretype":"CSV"
,"Registration Date":"2012 12 06"
,"Name of Lobbyist":"Greg Mitchell"
,"Company":"PCI Developments Corp"
,"Phone Number":"604-331-5238"
,"Nature of Lobbying":"Land Use Consultant"
,"Client":"532965 BC Ltd"
,"Project No. ":"7912-0332-00"
}
,{
"json_featuretype":"CSV"
,"Registration Date":"2012 12 06"
,"Name of Lobbyist":"Greg Mitchell"
,"Company":"PCI Developments Corp"
,"Phone Number":"604-331-5238"
,"Nature of Lobbying":"Land Use Consultant"
,"Client":"Jakob Kembi Construction Ltd"
,"Project No. ":"7912-0332-00"
}
,{
"json_featuretype":"CSV"
,"Registration Date":"2012 12 13"
,"Name of Lobbyist":"William Christie"
,"Company":"William H. F. Christie Architect"
,"Phone Number":"604-603-6462"
,"Nature of Lobbying":"Architectural Consultant"
,"Client":"Sagebrush Developments Ltd"
,"Project No. ":"7912-0336-00"
}
,{
"json_featuretype":"CSV"
,"Registration Date":"2012 12 13"
,"Name of Lobbyist":"Cliff Raps"
,"Company":"Taurus Commercial Real Estate Ltd"
,"Phone Number":"604-531-1685"
,"Nature of Lobbying":"Real Estate Consultant"
,"Client":"Denagar Enterprises Ltd"
,"Project No. ":"7912-0339-00"
}
,{
"json_featuretype":"CSV"
,"Registration Date":"2012 12 14"
,"Name of Lobbyist":"Jessie Arora"
,"Company":"D F Architecture Inc"
,"Phone Number":"604-284-5194"
,"Nature of Lobbying":"Architectural Consultant"
,"Client":"0933523 BC Ltd"
,"Project No. ":"7912-0344-00"
}
,{
"json_featuretype":"CSV"
,"Registration Date":"2012 12 18"
,"Name of Lobbyist":"Maciej Dembek"
,"Company":"Dembek Architects Inc"
,"Phone Number":"604-597-7100"
,"Nature of Lobbying":"Architectural Consultant"
,"Client":"H J Property Investment Ltd"
,"Project No. ":"7912-0347-00"
}
,{
"json_featuretype":"CSV"
,"Registration Date":"2012 12 18"
,"Name of Lobbyist":"Colin A. Hogan"
,"Company":"Focus Architecture Inc"
,"Phone Number":"604-853-5222"
,"Nature of Lobbying":"Architectural Consultant"
,"Client":"0763284 BC Ltd"
,"Project No. ":"7912-0343-00"
}
,{
"json_featuretype":"CSV"
,"Registration Date":"2012 12 18"
,"Name of Lobbyist":"Avnash Banwait"
,"Company":"Mainland Engineering"
,"Phone Number":"604-543-8044"
,"Nature of Lobbying":"Engineering Consultant"
,"Client":"Property Owner"
,"Project No. ":"7912-0345-00"
}
,{
"json_featuretype":"CSV"
,"Registration Date":"2012 12 18"
,"Name of Lobbyist":"Michael Helle"
,"Company":"Coastland Engineering & Survey Ltd"
,"Phone Number":"604-532-9700"
,"Nature of Lobbying":"Engineering Consultant"
,"Client":"BKG Enterprises Ltd"
,"Project No. ":"7912-0351-00"
}
,{
"json_featuretype":"CSV"
,"Registration Date":"2012 12 18"
,"Name of Lobbyist":"Roger Jawanda"
,"Company":"Citiwest Consulting Ltd"
,"Phone Number":"604-591-2213"
,"Nature of Lobbying":"Engineering Consultant"
,"Client":"Property Owner"
,"Project No. ":"7912-0350-00"
}
,{
"json_featuretype":"CSV"
,"Registration Date":"2012 12 19"
,"Name of Lobbyist":"Brent Tedford"
,"Company":"Pacific Land Resource Group Inc"
,"Phone Number":"604-501-1624"
,"Nature of Lobbying":"Land Use Consultant"
,"Client":"Wesgil Developments"
,"Project No. ":"7912-0348-00"
}
,{
"json_featuretype":"CSV"
,"Registration Date":"2012 12 24"
,"Name of Lobbyist":"Roger Jawanda"
,"Company":"Citiwest Consulting Ltd"
,"Phone Number":"604-591-2213"
,"Nature of Lobbying":"Engineering Consultant"
,"Client":"0816897 BC Ltd"
,"Project No. ":"7912-0354-00"
}
,{
"json_featuretype":"CSV"
,"Registration Date":"2012 12 24"
,"Name of Lobbyist":"Roger Jawanda"
,"Company":"Citiwest Consulting Ltd"
,"Phone Number":"604-591-2213"
,"Nature of Lobbying":"Engineering Consultant"
,"Client":"Property Owner"
,"Project No. ":"7912-0355-00"
}
,{
"json_featuretype":"CSV"
,"Registration Date":"2012 12 24"
,"Name of Lobbyist":"Clarence Arychuk"
,"Company":"Hunter Laird Engineering"
,"Phone Number":"604-525-4651"
,"Nature of Lobbying":"Engineering Consultant"
,"Client":"Property Owner"
,"Project No. ":"7912-0356-00"
}
]