[
{
"json_featuretype":"CSV"
,"CITY OF SURREY":"OPEN DATA 2016 YEAR TO DATE DEPARTMENT FINANCIAL INFORMATION - OPERATIONAL BUDGETS"
,"col1":""
,"col2":""
,"col3":""
,"col4":""
,"col5":""
,"col6":""
,"col7":""
,"col8":""
,"col9":""
,"col10":""
,"col11":""
,"col12":""
,"col13":""
,"col14":""
,"col15":""
,"col16":""
,"col17":""
,"col18":""
,"col19":""
,"col20":""
,"col21":""
,"col22":""
,"col23":""
,"col24":""
,"col25":""
,"col26":""
,"col27":""
,"col28":""
,"col29":""
,"col30":""
,"col31":""
,"col32":""
}
,{
"json_featuretype":"CSV"
,"CITY OF SURREY":"For the Period:  201600 - 201612"
,"col1":""
,"col2":""
,"col3":""
,"col4":""
,"col5":""
,"col6":""
,"col7":""
,"col8":""
,"col9":""
,"col10":""
,"col11":""
,"col12":""
,"col13":""
,"col14":""
,"col15":""
,"col16":""
,"col17":""
,"col18":""
,"col19":""
,"col20":""
,"col21":""
,"col22":""
,"col23":""
,"col24":""
,"col25":""
,"col26":""
,"col27":""
,"col28":""
,"col29":""
,"col30":""
,"col31":""
,"col32":""
}
,{
"json_featuretype":"CSV"
,"CITY OF SURREY":"For Funds: ´100´,´103´,´105´,´106´,´107´,´200´,´300´,´305´,´400´"
,"col1":""
,"col2":""
,"col3":""
,"col4":""
,"col5":""
,"col6":""
,"col7":""
,"col8":""
,"col9":""
,"col10":""
,"col11":""
,"col12":""
,"col13":""
,"col14":""
,"col15":""
,"col16":""
,"col17":""
,"col18":""
,"col19":""
,"col20":""
,"col21":""
,"col22":""
,"col23":""
,"col24":""
,"col25":""
,"col26":""
,"col27":""
,"col28":""
,"col29":""
,"col30":""
,"col31":""
,"col32":""
}
,{
"json_featuretype":"CSV"
,"CITY OF SURREY":""
,"col1":""
,"col2":""
,"col3":"REVENUES"
,"col4":""
,"col5":""
,"col6":""
,"col7":"EXPENDITURES"
,"col8":""
,"col9":""
,"col10":""
,"col11":""
,"col12":""
,"col13":""
,"col14":"INTERNAL TRANSFERS"
,"col15":""
,"col16":""
,"col17":""
,"col18":""
,"col19":""
,"col20":""
,"col21":""
,"col22":""
,"col23":""
,"col24":""
,"col25":""
,"col26":""
,"col27":""
,"col28":""
,"col29":""
,"col30":""
,"col31":""
,"col32":""
}
,{
"json_featuretype":"CSV"
,"CITY OF SURREY":""
,"col1":""
,"col2":""
,"col3":""
,"col4":"Sales and"
,"col5":"Grants, Donations"
,"col6":""
,"col7":"Salaries &"
,"col8":"Operating"
,"col9":"Internal Serv."
,"col10":"Internal Serv."
,"col11":"External"
,"col12":""
,"col13":"Targeted"
,"col14":"Trsf from"
,"col15":"Trsf to"
,"col16":""
,"col17":"NET (SURPLUS)"
,"col18":""
,"col19":""
,"col20":""
,"col21":""
,"col22":""
,"col23":""
,"col24":""
,"col25":""
,"col26":""
,"col27":""
,"col28":""
,"col29":""
,"col30":""
,"col31":""
,"col32":""
}
,{
"json_featuretype":"CSV"
,"CITY OF SURREY":"Fund"
,"col1":"Department"
,"col2":"Financial Plan Division"
,"col3":"Taxation"
,"col4":"Services"
,"col5":"and Other"
,"col6":"TOTAL"
,"col7":"Benefits"
,"col8":"Costs"
,"col9":"Used"
,"col10":"Recovered"
,"col11":"Recoveries"
,"col12":"TOTAL"
,"col13":"Dept Savings"
,"col14":"Own Sources"
,"col15":"Own Sources"
,"col16":"TOTAL"
,"col17":"EXPENDITURES"
,"col18":""
,"col19":""
,"col20":""
,"col21":""
,"col22":""
,"col23":""
,"col24":""
,"col25":""
,"col26":""
,"col27":""
,"col28":""
,"col29":""
,"col30":""
,"col31":""
,"col32":""
}
,{
"json_featuretype":"CSV"
,"CITY OF SURREY":"General Operating"
,"col1":"Corporate"
,"col2":"Corporate"
,"col3":"-309,642,000"
,"col4":"-18,692,000"
,"col5":"-31,899,000"
,"col6":"-360,233,000"
,"col7":"0"
,"col8":"13,568,000"
,"col9":"99,444"
,"col10":"0"
,"col11":"0"
,"col12":"13,667,444"
,"col13":"0"
,"col14":"-15,613,000"
,"col15":"58,011,305"
,"col16":"42,398,305"
,"col17":"-304,167,251"
,"col18":""
,"col19":""
,"col20":""
,"col21":""
,"col22":""
,"col23":""
,"col24":""
,"col25":""
,"col26":""
,"col27":""
,"col28":""
,"col29":""
,"col30":""
,"col31":""
,"col32":""
}
,{
"json_featuretype":"CSV"
,"CITY OF SURREY":"General Operating"
,"col1":"Grants"
,"col2":"MCG - City Grants"
,"col3":"0"
,"col4":"0"
,"col5":"0"
,"col6":"0"
,"col7":"0"
,"col8":"1,662,000"
,"col9":"0"
,"col10":"0"
,"col11":"0"
,"col12":"1,662,000"
,"col13":"0"
,"col14":"0"
,"col15":"0"
,"col16":"0"
,"col17":"1,662,000"
,"col18":""
,"col19":""
,"col20":""
,"col21":""
,"col22":""
,"col23":""
,"col24":""
,"col25":""
,"col26":""
,"col27":""
,"col28":""
,"col29":""
,"col30":""
,"col31":""
,"col32":""
}
,{
"json_featuretype":"CSV"
,"CITY OF SURREY":"General Operating"
,"col1":"Mayor & Council"
,"col2":"MCG - Office of the Mayor"
,"col3":"0"
,"col4":"0"
,"col5":"0"
,"col6":"0"
,"col7":"607,000"
,"col8":"116,000"
,"col9":"2,000"
,"col10":"0"
,"col11":"0"
,"col12":"725,000"
,"col13":"-28,000"
,"col14":"0"
,"col15":"0"
,"col16":"0"
,"col17":"697,000"
,"col18":""
,"col19":""
,"col20":""
,"col21":""
,"col22":""
,"col23":""
,"col24":""
,"col25":""
,"col26":""
,"col27":""
,"col28":""
,"col29":""
,"col30":""
,"col31":""
,"col32":""
}
,{
"json_featuretype":"CSV"
,"CITY OF SURREY":"General Operating"
,"col1":"Mayor & Council"
,"col2":"MCG - Council"
,"col3":"0"
,"col4":"0"
,"col5":"0"
,"col6":"0"
,"col7":"540,944"
,"col8":"123,056"
,"col9":"0"
,"col10":"0"
,"col11":"0"
,"col12":"664,000"
,"col13":"0"
,"col14":"0"
,"col15":"0"
,"col16":"0"
,"col17":"664,000"
,"col18":""
,"col19":""
,"col20":""
,"col21":""
,"col22":""
,"col23":""
,"col24":""
,"col25":""
,"col26":""
,"col27":""
,"col28":""
,"col29":""
,"col30":""
,"col31":""
,"col32":""
}
,{
"json_featuretype":"CSV"
,"CITY OF SURREY":"General Operating"
,"col1":"City Manager"
,"col2":"City Mgr - Administration"
,"col3":"0"
,"col4":"-2,000"
,"col5":"0"
,"col6":"-2,000"
,"col7":"660,000"
,"col8":"156,000"
,"col9":"40,000"
,"col10":"0"
,"col11":"0"
,"col12":"856,000"
,"col13":"-225,000"
,"col14":"0"
,"col15":"0"
,"col16":"0"
,"col17":"629,000"
,"col18":""
,"col19":""
,"col20":""
,"col21":""
,"col22":""
,"col23":""
,"col24":""
,"col25":""
,"col26":""
,"col27":""
,"col28":""
,"col29":""
,"col30":""
,"col31":""
,"col32":""
}
,{
"json_featuretype":"CSV"
,"CITY OF SURREY":"General Operating"
,"col1":"City Manager"
,"col2":"City Mgr - By-law Services"
,"col3":"0"
,"col4":"-8,615,000"
,"col5":"0"
,"col6":"-8,615,000"
,"col7":"4,849,000"
,"col8":"1,548,000"
,"col9":"469,000"
,"col10":"-45,000"
,"col11":"0"
,"col12":"6,821,000"
,"col13":"0"
,"col14":"0"
,"col15":"0"
,"col16":"0"
,"col17":"-1,794,000"
,"col18":""
,"col19":""
,"col20":""
,"col21":""
,"col22":""
,"col23":""
,"col24":""
,"col25":""
,"col26":""
,"col27":""
,"col28":""
,"col29":""
,"col30":""
,"col31":""
,"col32":""
}
,{
"json_featuretype":"CSV"
,"CITY OF SURREY":"General Operating"
,"col1":"City Manager"
,"col2":"City Mgr - Public Safety"
,"col3":"0"
,"col4":"0"
,"col5":"0"
,"col6":"0"
,"col7":"838,000"
,"col8":"252,000"
,"col9":"0"
,"col10":"0"
,"col11":"0"
,"col12":"1,090,000"
,"col13":"0"
,"col14":"0"
,"col15":"0"
,"col16":"0"
,"col17":"1,090,000"
,"col18":""
,"col19":""
,"col20":""
,"col21":""
,"col22":""
,"col23":""
,"col24":""
,"col25":""
,"col26":""
,"col27":""
,"col28":""
,"col29":""
,"col30":""
,"col31":""
,"col32":""
}
,{
"json_featuretype":"CSV"
,"CITY OF SURREY":"General Operating"
,"col1":"City Manager"
,"col2":"City Mgr - Legal Services"
,"col3":"0"
,"col4":"0"
,"col5":"0"
,"col6":"0"
,"col7":"1,814,000"
,"col8":"146,000"
,"col9":"0"
,"col10":"-53,000"
,"col11":"0"
,"col12":"1,907,000"
,"col13":"0"
,"col14":"0"
,"col15":"0"
,"col16":"0"
,"col17":"1,907,000"
,"col18":""
,"col19":""
,"col20":""
,"col21":""
,"col22":""
,"col23":""
,"col24":""
,"col25":""
,"col26":""
,"col27":""
,"col28":""
,"col29":""
,"col30":""
,"col31":""
,"col32":""
}
,{
"json_featuretype":"CSV"
,"CITY OF SURREY":"General Operating"
,"col1":"City Manager"
,"col2":"City Mgr - Legislative Services"
,"col3":"0"
,"col4":"-2,000"
,"col5":"0"
,"col6":"-2,000"
,"col7":"2,029,000"
,"col8":"1,115,000"
,"col9":"8,000"
,"col10":"0"
,"col11":"0"
,"col12":"3,152,000"
,"col13":"0"
,"col14":"0"
,"col15":"175,000"
,"col16":"175,000"
,"col17":"3,325,000"
,"col18":""
,"col19":""
,"col20":""
,"col21":""
,"col22":""
,"col23":""
,"col24":""
,"col25":""
,"col26":""
,"col27":""
,"col28":""
,"col29":""
,"col30":""
,"col31":""
,"col32":""
}
,{
"json_featuretype":"CSV"
,"CITY OF SURREY":"General Operating"
,"col1":"City Manager"
,"col2":"IIR - Economic Development"
,"col3":"0"
,"col4":"0"
,"col5":"0"
,"col6":"0"
,"col7":"615,000"
,"col8":"527,000"
,"col9":"0"
,"col10":"0"
,"col11":"0"
,"col12":"1,142,000"
,"col13":"0"
,"col14":"0"
,"col15":"0"
,"col16":"0"
,"col17":"1,142,000"
,"col18":""
,"col19":""
,"col20":""
,"col21":""
,"col22":""
,"col23":""
,"col24":""
,"col25":""
,"col26":""
,"col27":""
,"col28":""
,"col29":""
,"col30":""
,"col31":""
,"col32":""
}
,{
"json_featuretype":"CSV"
,"CITY OF SURREY":"General Operating"
,"col1":"Human Resources"
,"col2":"HR - Administration"
,"col3":"0"
,"col4":"0"
,"col5":"0"
,"col6":"0"
,"col7":"958,000"
,"col8":"63,000"
,"col9":"1,000"
,"col10":"0"
,"col11":"0"
,"col12":"1,022,000"
,"col13":"-35,000"
,"col14":"0"
,"col15":"0"
,"col16":"0"
,"col17":"987,000"
,"col18":""
,"col19":""
,"col20":""
,"col21":""
,"col22":""
,"col23":""
,"col24":""
,"col25":""
,"col26":""
,"col27":""
,"col28":""
,"col29":""
,"col30":""
,"col31":""
,"col32":""
}
,{
"json_featuretype":"CSV"
,"CITY OF SURREY":"General Operating"
,"col1":"Human Resources"
,"col2":"HR - Employment"
,"col3":"0"
,"col4":"0"
,"col5":"0"
,"col6":"0"
,"col7":"813,000"
,"col8":"558,000"
,"col9":"0"
,"col10":"-315,000"
,"col11":"0"
,"col12":"1,056,000"
,"col13":"0"
,"col14":"0"
,"col15":"0"
,"col16":"0"
,"col17":"1,056,000"
,"col18":""
,"col19":""
,"col20":""
,"col21":""
,"col22":""
,"col23":""
,"col24":""
,"col25":""
,"col26":""
,"col27":""
,"col28":""
,"col29":""
,"col30":""
,"col31":""
,"col32":""
}
,{
"json_featuretype":"CSV"
,"CITY OF SURREY":"General Operating"
,"col1":"Human Resources"
,"col2":"HR - Labour Relations/Compensation"
,"col3":"0"
,"col4":"0"
,"col5":"0"
,"col6":"0"
,"col7":"779,000"
,"col8":"100,400"
,"col9":"0"
,"col10":"0"
,"col11":"0"
,"col12":"879,400"
,"col13":"0"
,"col14":"0"
,"col15":"0"
,"col16":"0"
,"col17":"879,400"
,"col18":""
,"col19":""
,"col20":""
,"col21":""
,"col22":""
,"col23":""
,"col24":""
,"col25":""
,"col26":""
,"col27":""
,"col28":""
,"col29":""
,"col30":""
,"col31":""
,"col32":""
}
,{
"json_featuretype":"CSV"
,"CITY OF SURREY":"General Operating"
,"col1":"Human Resources"
,"col2":"HR - Occupational Safety"
,"col3":"0"
,"col4":"0"
,"col5":"0"
,"col6":"0"
,"col7":"661,900"
,"col8":"97,200"
,"col9":"0"
,"col10":"0"
,"col11":"0"
,"col12":"759,100"
,"col13":"0"
,"col14":"0"
,"col15":"0"
,"col16":"0"
,"col17":"759,100"
,"col18":""
,"col19":""
,"col20":""
,"col21":""
,"col22":""
,"col23":""
,"col24":""
,"col25":""
,"col26":""
,"col27":""
,"col28":""
,"col29":""
,"col30":""
,"col31":""
,"col32":""
}
,{
"json_featuretype":"CSV"
,"CITY OF SURREY":"General Operating"
,"col1":"Human Resources"
,"col2":"HR - Wellness & Diversity"
,"col3":"0"
,"col4":"0"
,"col5":"0"
,"col6":"0"
,"col7":"0"
,"col8":"30,000"
,"col9":"0"
,"col10":"0"
,"col11":"0"
,"col12":"30,000"
,"col13":"0"
,"col14":"0"
,"col15":"0"
,"col16":"0"
,"col17":"30,000"
,"col18":""
,"col19":""
,"col20":""
,"col21":""
,"col22":""
,"col23":""
,"col24":""
,"col25":""
,"col26":""
,"col27":""
,"col28":""
,"col29":""
,"col30":""
,"col31":""
,"col32":""
}
,{
"json_featuretype":"CSV"
,"CITY OF SURREY":"General Operating"
,"col1":"Finance and Technology"
,"col2":"F&T - Audit Procurement"
,"col3":"0"
,"col4":"-14,345"
,"col5":"0"
,"col6":"-14,345"
,"col7":"1,652,700"
,"col8":"196,575"
,"col9":"0"
,"col10":"0"
,"col11":"0"
,"col12":"1,849,275"
,"col13":"0"
,"col14":"0"
,"col15":"0"
,"col16":"0"
,"col17":"1,834,930"
,"col18":""
,"col19":""
,"col20":""
,"col21":""
,"col22":""
,"col23":""
,"col24":""
,"col25":""
,"col26":""
,"col27":""
,"col28":""
,"col29":""
,"col30":""
,"col31":""
,"col32":""
}
,{
"json_featuretype":"CSV"
,"CITY OF SURREY":"General Operating"
,"col1":"Finance and Technology"
,"col2":"F&T - Financial Services"
,"col3":"0"
,"col4":"-1,108,060"
,"col5":"-93,285"
,"col6":"-1,201,345"
,"col7":"3,366,400"
,"col8":"132,085"
,"col9":"0"
,"col10":"-268,000"
,"col11":"0"
,"col12":"3,230,485"
,"col13":"0"
,"col14":"0"
,"col15":"0"
,"col16":"0"
,"col17":"2,029,140"
,"col18":""
,"col19":""
,"col20":""
,"col21":""
,"col22":""
,"col23":""
,"col24":""
,"col25":""
,"col26":""
,"col27":""
,"col28":""
,"col29":""
,"col30":""
,"col31":""
,"col32":""
}
,{
"json_featuretype":"CSV"
,"CITY OF SURREY":"General Operating"
,"col1":"Finance and Technology"
,"col2":"F&T - Financial Reporting"
,"col3":"0"
,"col4":"-76,270"
,"col5":"0"
,"col6":"-76,270"
,"col7":"1,557,200"
,"col8":"347,200"
,"col9":"0"
,"col10":"-235,600"
,"col11":"-28,000"
,"col12":"1,640,800"
,"col13":"0"
,"col14":"-250,000"
,"col15":"0"
,"col16":"-250,000"
,"col17":"1,314,530"
,"col18":""
,"col19":""
,"col20":""
,"col21":""
,"col22":""
,"col23":""
,"col24":""
,"col25":""
,"col26":""
,"col27":""
,"col28":""
,"col29":""
,"col30":""
,"col31":""
,"col32":""
}
,{
"json_featuretype":"CSV"
,"CITY OF SURREY":"General Operating"
,"col1":"Finance and Technology"
,"col2":"F&T - Information Technology"
,"col3":"0"
,"col4":"0"
,"col5":"0"
,"col6":"0"
,"col7":"10,398,200"
,"col8":"6,419,424"
,"col9":"14,980"
,"col10":"-1,975,604"
,"col11":"0"
,"col12":"14,857,000"
,"col13":"0"
,"col14":"0"
,"col15":"5,742,000"
,"col16":"5,742,000"
,"col17":"20,599,000"
,"col18":""
,"col19":""
,"col20":""
,"col21":""
,"col22":""
,"col23":""
,"col24":""
,"col25":""
,"col26":""
,"col27":""
,"col28":""
,"col29":""
,"col30":""
,"col31":""
,"col32":""
}
,{
"json_featuretype":"CSV"
,"CITY OF SURREY":"General Operating"
,"col1":"Finance and Technology"
,"col2":"F&T - Leadership"
,"col3":"0"
,"col4":"0"
,"col5":"0"
,"col6":"0"
,"col7":"1,585,200"
,"col8":"435,100"
,"col9":"13,900"
,"col10":"0"
,"col11":"0"
,"col12":"2,034,200"
,"col13":"-252,000"
,"col14":"0"
,"col15":"0"
,"col16":"0"
,"col17":"1,782,200"
,"col18":""
,"col19":""
,"col20":""
,"col21":""
,"col22":""
,"col23":""
,"col24":""
,"col25":""
,"col26":""
,"col27":""
,"col28":""
,"col29":""
,"col30":""
,"col31":""
,"col32":""
}
,{
"json_featuretype":"CSV"
,"CITY OF SURREY":"General Operating"
,"col1":"Finance and Technology"
,"col2":"F&T - Risk Management"
,"col3":"0"
,"col4":"0"
,"col5":"0"
,"col6":"0"
,"col7":"410,200"
,"col8":"4,225,425"
,"col9":"10,000"
,"col10":"-971,425"
,"col11":"-100,000"
,"col12":"3,574,200"
,"col13":"0"
,"col14":"-1,892,000"
,"col15":"0"
,"col16":"-1,892,000"
,"col17":"1,682,200"
,"col18":""
,"col19":""
,"col20":""
,"col21":""
,"col22":""
,"col23":""
,"col24":""
,"col25":""
,"col26":""
,"col27":""
,"col28":""
,"col29":""
,"col30":""
,"col31":""
,"col32":""
}
,{
"json_featuretype":"CSV"
,"CITY OF SURREY":"General Operating"
,"col1":"Planning and Development"
,"col2":"P&D - Administration"
,"col3":"0"
,"col4":"-32,300"
,"col5":"0"
,"col6":"-32,300"
,"col7":"3,194,400"
,"col8":"383,900"
,"col9":"14,000"
,"col10":"0"
,"col11":"0"
,"col12":"3,592,300"
,"col13":"-416,000"
,"col14":"0"
,"col15":"0"
,"col16":"0"
,"col17":"3,144,000"
,"col18":""
,"col19":""
,"col20":""
,"col21":""
,"col22":""
,"col23":""
,"col24":""
,"col25":""
,"col26":""
,"col27":""
,"col28":""
,"col29":""
,"col30":""
,"col31":""
,"col32":""
}
,{
"json_featuretype":"CSV"
,"CITY OF SURREY":"General Operating"
,"col1":"Planning and Development"
,"col2":"P&D - Area Planning & Development"
,"col3":"0"
,"col4":"-1,967,500"
,"col5":"-144,500"
,"col6":"-2,112,000"
,"col7":"4,430,000"
,"col8":"66,000"
,"col9":"139,000"
,"col10":"0"
,"col11":"0"
,"col12":"4,635,000"
,"col13":"0"
,"col14":"0"
,"col15":"0"
,"col16":"0"
,"col17":"2,523,000"
,"col18":""
,"col19":""
,"col20":""
,"col21":""
,"col22":""
,"col23":""
,"col24":""
,"col25":""
,"col26":""
,"col27":""
,"col28":""
,"col29":""
,"col30":""
,"col31":""
,"col32":""
}
,{
"json_featuretype":"CSV"
,"CITY OF SURREY":"General Operating"
,"col1":"Planning and Development"
,"col2":"P&D - Building"
,"col3":"0"
,"col4":"-303,300"
,"col5":"-17,622,900"
,"col6":"-17,926,200"
,"col7":"8,152,100"
,"col8":"314,000"
,"col9":"0"
,"col10":"0"
,"col11":"0"
,"col12":"8,466,100"
,"col13":"0"
,"col14":"0"
,"col15":"630,100"
,"col16":"630,100"
,"col17":"-8,830,000"
,"col18":""
,"col19":""
,"col20":""
,"col21":""
,"col22":""
,"col23":""
,"col24":""
,"col25":""
,"col26":""
,"col27":""
,"col28":""
,"col29":""
,"col30":""
,"col31":""
,"col32":""
}
,{
"json_featuretype":"CSV"
,"CITY OF SURREY":"General Operating"
,"col1":"Planning and Development"
,"col2":"P&D - Community Planning"
,"col3":"0"
,"col4":"0"
,"col5":"0"
,"col6":"0"
,"col7":"1,997,000"
,"col8":"0"
,"col9":"0"
,"col10":"0"
,"col11":"0"
,"col12":"1,997,000"
,"col13":"0"
,"col14":"0"
,"col15":"0"
,"col16":"0"
,"col17":"1,997,000"
,"col18":""
,"col19":""
,"col20":""
,"col21":""
,"col22":""
,"col23":""
,"col24":""
,"col25":""
,"col26":""
,"col27":""
,"col28":""
,"col29":""
,"col30":""
,"col31":""
,"col32":""
}
,{
"json_featuretype":"CSV"
,"CITY OF SURREY":"General Operating"
,"col1":"Planning and Development"
,"col2":"P&D - Facilities"
,"col3":"0"
,"col4":"0"
,"col5":"0"
,"col6":"0"
,"col7":"4,435,900"
,"col8":"6,163,500"
,"col9":"2,559,000"
,"col10":"-2,457,400"
,"col11":"-8,000"
,"col12":"10,693,000"
,"col13":"0"
,"col14":"0"
,"col15":"0"
,"col16":"0"
,"col17":"10,693,000"
,"col18":""
,"col19":""
,"col20":""
,"col21":""
,"col22":""
,"col23":""
,"col24":""
,"col25":""
,"col26":""
,"col27":""
,"col28":""
,"col29":""
,"col30":""
,"col31":""
,"col32":""
}
,{
"json_featuretype":"CSV"
,"CITY OF SURREY":"General Operating"
,"col1":"Planning and Development"
,"col2":"P&D - Heritage Advisory Committee"
,"col3":"0"
,"col4":"0"
,"col5":"0"
,"col6":"0"
,"col7":"0"
,"col8":"23,000"
,"col9":"0"
,"col10":"0"
,"col11":"0"
,"col12":"23,000"
,"col13":"0"
,"col14":"0"
,"col15":"0"
,"col16":"0"
,"col17":"23,000"
,"col18":""
,"col19":""
,"col20":""
,"col21":""
,"col22":""
,"col23":""
,"col24":""
,"col25":""
,"col26":""
,"col27":""
,"col28":""
,"col29":""
,"col30":""
,"col31":""
,"col32":""
}
,{
"json_featuretype":"CSV"
,"CITY OF SURREY":"General Operating"
,"col1":"Planning and Development"
,"col2":"P&D - Sustainability"
,"col3":"0"
,"col4":"0"
,"col5":"0"
,"col6":"0"
,"col7":"187,600"
,"col8":"137,400"
,"col9":"0"
,"col10":"0"
,"col11":"0"
,"col12":"325,000"
,"col13":"0"
,"col14":"-75,000"
,"col15":"0"
,"col16":"-75,000"
,"col17":"250,000"
,"col18":""
,"col19":""
,"col20":""
,"col21":""
,"col22":""
,"col23":""
,"col24":""
,"col25":""
,"col26":""
,"col27":""
,"col28":""
,"col29":""
,"col30":""
,"col31":""
,"col32":""
}
,{
"json_featuretype":"CSV"
,"CITY OF SURREY":"General Operating"
,"col1":"Fire"
,"col2":"Fire - Administration"
,"col3":"0"
,"col4":"-5,403"
,"col5":"0"
,"col6":"-5,403"
,"col7":"2,414,420"
,"col8":"158,200"
,"col9":"2,800"
,"col10":"0"
,"col11":"0"
,"col12":"2,575,420"
,"col13":"-684,000"
,"col14":"0"
,"col15":"0"
,"col16":"0"
,"col17":"1,886,017"
,"col18":""
,"col19":""
,"col20":""
,"col21":""
,"col22":""
,"col23":""
,"col24":""
,"col25":""
,"col26":""
,"col27":""
,"col28":""
,"col29":""
,"col30":""
,"col31":""
,"col32":""
}
,{
"json_featuretype":"CSV"
,"CITY OF SURREY":"General Operating"
,"col1":"Fire"
,"col2":"Fire - Emergency Planning"
,"col3":"0"
,"col4":"0"
,"col5":"0"
,"col6":"0"
,"col7":"4,856"
,"col8":"47,500"
,"col9":"0"
,"col10":"-5,500"
,"col11":"-2,000"
,"col12":"44,856"
,"col13":"0"
,"col14":"0"
,"col15":"0"
,"col16":"0"
,"col17":"44,856"
,"col18":""
,"col19":""
,"col20":""
,"col21":""
,"col22":""
,"col23":""
,"col24":""
,"col25":""
,"col26":""
,"col27":""
,"col28":""
,"col29":""
,"col30":""
,"col31":""
,"col32":""
}
,{
"json_featuretype":"CSV"
,"CITY OF SURREY":"General Operating"
,"col1":"Fire"
,"col2":"Fire - Operations"
,"col3":"0"
,"col4":"0"
,"col5":"0"
,"col6":"0"
,"col7":"47,014,132"
,"col8":"1,922,853"
,"col9":"131,112"
,"col10":"0"
,"col11":"-70,000"
,"col12":"48,998,097"
,"col13":"0"
,"col14":"0"
,"col15":"1,297,000"
,"col16":"1,297,000"
,"col17":"50,295,097"
,"col18":""
,"col19":""
,"col20":""
,"col21":""
,"col22":""
,"col23":""
,"col24":""
,"col25":""
,"col26":""
,"col27":""
,"col28":""
,"col29":""
,"col30":""
,"col31":""
,"col32":""
}
,{
"json_featuretype":"CSV"
,"CITY OF SURREY":"General Operating"
,"col1":"Fire"
,"col2":"Fire - Mechanics"
,"col3":"0"
,"col4":"0"
,"col5":"0"
,"col6":"0"
,"col7":"524,975"
,"col8":"368,000"
,"col9":"1,000"
,"col10":"0"
,"col11":"0"
,"col12":"893,975"
,"col13":"0"
,"col14":"0"
,"col15":"0"
,"col16":"0"
,"col17":"893,975"
,"col18":""
,"col19":""
,"col20":""
,"col21":""
,"col22":""
,"col23":""
,"col24":""
,"col25":""
,"col26":""
,"col27":""
,"col28":""
,"col29":""
,"col30":""
,"col31":""
,"col32":""
}
,{
"json_featuretype":"CSV"
,"CITY OF SURREY":"General Operating"
,"col1":"Fire"
,"col2":"Fire - Prevention"
,"col3":"0"
,"col4":"-185,175"
,"col5":"-7,672"
,"col6":"-192,847"
,"col7":"1,228,830"
,"col8":"83,900"
,"col9":"8,998"
,"col10":"0"
,"col11":"-20,200"
,"col12":"1,301,528"
,"col13":"0"
,"col14":"0"
,"col15":"0"
,"col16":"0"
,"col17":"1,108,681"
,"col18":""
,"col19":""
,"col20":""
,"col21":""
,"col22":""
,"col23":""
,"col24":""
,"col25":""
,"col26":""
,"col27":""
,"col28":""
,"col29":""
,"col30":""
,"col31":""
,"col32":""
}
,{
"json_featuretype":"CSV"
,"CITY OF SURREY":"General Operating"
,"col1":"Fire"
,"col2":"Fire - Radio & Communications"
,"col3":"0"
,"col4":"-1,452,716"
,"col5":"0"
,"col6":"-1,452,716"
,"col7":"2,661,341"
,"col8":"1,357,870"
,"col9":"1,500"
,"col10":"0"
,"col11":"-11,800"
,"col12":"4,008,911"
,"col13":"0"
,"col14":"0"
,"col15":"0"
,"col16":"0"
,"col17":"2,556,195"
,"col18":""
,"col19":""
,"col20":""
,"col21":""
,"col22":""
,"col23":""
,"col24":""
,"col25":""
,"col26":""
,"col27":""
,"col28":""
,"col29":""
,"col30":""
,"col31":""
,"col32":""
}
,{
"json_featuretype":"CSV"
,"CITY OF SURREY":"General Operating"
,"col1":"Fire"
,"col2":"Fire - Training"
,"col3":"0"
,"col4":"-12,468"
,"col5":"0"
,"col6":"-12,468"
,"col7":"772,171"
,"col8":"96,476"
,"col9":"1,000"
,"col10":"0"
,"col11":"-12,000"
,"col12":"857,647"
,"col13":"0"
,"col14":"0"
,"col15":"0"
,"col16":"0"
,"col17":"845,179"
,"col18":""
,"col19":""
,"col20":""
,"col21":""
,"col22":""
,"col23":""
,"col24":""
,"col25":""
,"col26":""
,"col27":""
,"col28":""
,"col29":""
,"col30":""
,"col31":""
,"col32":""
}
,{
"json_featuretype":"CSV"
,"CITY OF SURREY":"General Operating"
,"col1":"RCMP"
,"col2":"RCMP - Corporate Services"
,"col3":"0"
,"col4":"-72,000"
,"col5":"-6,635,500"
,"col6":"-6,707,500"
,"col7":"3,827,600"
,"col8":"1,706,900"
,"col9":"320,800"
,"col10":"0"
,"col11":"-912,800"
,"col12":"4,942,500"
,"col13":"-1,374,000"
,"col14":"0"
,"col15":"0"
,"col16":"0"
,"col17":"-3,139,000"
,"col18":""
,"col19":""
,"col20":""
,"col21":""
,"col22":""
,"col23":""
,"col24":""
,"col25":""
,"col26":""
,"col27":""
,"col28":""
,"col29":""
,"col30":""
,"col31":""
,"col32":""
}
,{
"json_featuretype":"CSV"
,"CITY OF SURREY":"General Operating"
,"col1":"RCMP"
,"col2":"RCMP - Information Services &Technology"
,"col3":"0"
,"col4":"-248,300"
,"col5":"0"
,"col6":"-248,300"
,"col7":"8,743,200"
,"col8":"24,600"
,"col9":"0"
,"col10":"0"
,"col11":"-54,000"
,"col12":"8,713,800"
,"col13":"0"
,"col14":"0"
,"col15":"0"
,"col16":"0"
,"col17":"8,465,500"
,"col18":""
,"col19":""
,"col20":""
,"col21":""
,"col22":""
,"col23":""
,"col24":""
,"col25":""
,"col26":""
,"col27":""
,"col28":""
,"col29":""
,"col30":""
,"col31":""
,"col32":""
}
,{
"json_featuretype":"CSV"
,"CITY OF SURREY":"General Operating"
,"col1":"RCMP"
,"col2":"RCMP - Management & RCMP Finance"
,"col3":"0"
,"col4":"0"
,"col5":"0"
,"col6":"0"
,"col7":"1,553,600"
,"col8":"99,900"
,"col9":"0"
,"col10":"0"
,"col11":"0"
,"col12":"1,653,500"
,"col13":"0"
,"col14":"0"
,"col15":"0"
,"col16":"0"
,"col17":"1,653,500"
,"col18":""
,"col19":""
,"col20":""
,"col21":""
,"col22":""
,"col23":""
,"col24":""
,"col25":""
,"col26":""
,"col27":""
,"col28":""
,"col29":""
,"col30":""
,"col31":""
,"col32":""
}
,{
"json_featuretype":"CSV"
,"CITY OF SURREY":"General Operating"
,"col1":"RCMP"
,"col2":"RCMP - Operations"
,"col3":"0"
,"col4":"-774,100"
,"col5":"-351,300"
,"col6":"-1,125,400"
,"col7":"9,842,200"
,"col8":"1,564,500"
,"col9":"113,300"
,"col10":"0"
,"col11":"0"
,"col12":"11,520,000"
,"col13":"0"
,"col14":"0"
,"col15":"0"
,"col16":"0"
,"col17":"10,394,600"
,"col18":""
,"col19":""
,"col20":""
,"col21":""
,"col22":""
,"col23":""
,"col24":""
,"col25":""
,"col26":""
,"col27":""
,"col28":""
,"col29":""
,"col30":""
,"col31":""
,"col32":""
}
,{
"json_featuretype":"CSV"
,"CITY OF SURREY":"General Operating"
,"col1":"RCMP"
,"col2":"RCMP - Contract"
,"col3":"0"
,"col4":"0"
,"col5":"0"
,"col6":"0"
,"col7":"0"
,"col8":"121,394,400"
,"col9":"0"
,"col10":"0"
,"col11":"0"
,"col12":"121,394,400"
,"col13":"0"
,"col14":"0"
,"col15":"0"
,"col16":"0"
,"col17":"121,394,400"
,"col18":""
,"col19":""
,"col20":""
,"col21":""
,"col22":""
,"col23":""
,"col24":""
,"col25":""
,"col26":""
,"col27":""
,"col28":""
,"col29":""
,"col30":""
,"col31":""
,"col32":""
}
,{
"json_featuretype":"CSV"
,"CITY OF SURREY":"General Operating"
,"col1":"Parks, Recreation and Culture"
,"col2":"PRC - Administration"
,"col3":"0"
,"col4":"-7,000"
,"col5":"0"
,"col6":"-7,000"
,"col7":"2,518,000"
,"col8":"1,444,600"
,"col9":"64,700"
,"col10":"-31,600"
,"col11":"0"
,"col12":"3,995,700"
,"col13":"-37,000"
,"col14":"-60,000"
,"col15":"354,000"
,"col16":"294,000"
,"col17":"4,245,700"
,"col18":""
,"col19":""
,"col20":""
,"col21":""
,"col22":""
,"col23":""
,"col24":""
,"col25":""
,"col26":""
,"col27":""
,"col28":""
,"col29":""
,"col30":""
,"col31":""
,"col32":""
}
,{
"json_featuretype":"CSV"
,"CITY OF SURREY":"General Operating"
,"col1":"Parks, Recreation and Culture"
,"col2":"PRC - Arenas"
,"col3":"0"
,"col4":"-4,261,000"
,"col5":"1,000"
,"col6":"-4,260,000"
,"col7":"3,293,100"
,"col8":"1,779,000"
,"col9":"62,000"
,"col10":"-29,000"
,"col11":"-15,000"
,"col12":"5,090,100"
,"col13":"-47,100"
,"col14":"0"
,"col15":"65,000"
,"col16":"65,000"
,"col17":"848,000"
,"col18":""
,"col19":""
,"col20":""
,"col21":""
,"col22":""
,"col23":""
,"col24":""
,"col25":""
,"col26":""
,"col27":""
,"col28":""
,"col29":""
,"col30":""
,"col31":""
,"col32":""
}
,{
"json_featuretype":"CSV"
,"CITY OF SURREY":"General Operating"
,"col1":"Parks, Recreation and Culture"
,"col2":"PRC - Art Centre"
,"col3":"0"
,"col4":"-1,049,000"
,"col5":"-182,000"
,"col6":"-1,231,000"
,"col7":"2,908,000"
,"col8":"1,891,250"
,"col9":"17,200"
,"col10":"-14,800"
,"col11":"0"
,"col12":"4,801,650"
,"col13":"-44,500"
,"col14":"-450,000"
,"col15":"0"
,"col16":"-450,000"
,"col17":"3,076,150"
,"col18":""
,"col19":""
,"col20":""
,"col21":""
,"col22":""
,"col23":""
,"col24":""
,"col25":""
,"col26":""
,"col27":""
,"col28":""
,"col29":""
,"col30":""
,"col31":""
,"col32":""
}
,{
"json_featuretype":"CSV"
,"CITY OF SURREY":"General Operating"
,"col1":"Parks, Recreation and Culture"
,"col2":"PRC - Community Recreation Services"
,"col3":"0"
,"col4":"-9,075,000"
,"col5":"-115,000"
,"col6":"-9,190,000"
,"col7":"14,496,000"
,"col8":"3,464,000"
,"col9":"329,200"
,"col10":"0"
,"col11":"-30,900"
,"col12":"18,258,300"
,"col13":"-269,200"
,"col14":"0"
,"col15":"0"
,"col16":"0"
,"col17":"8,799,100"
,"col18":""
,"col19":""
,"col20":""
,"col21":""
,"col22":""
,"col23":""
,"col24":""
,"col25":""
,"col26":""
,"col27":""
,"col28":""
,"col29":""
,"col30":""
,"col31":""
,"col32":""
}
,{
"json_featuretype":"CSV"
,"CITY OF SURREY":"General Operating"
,"col1":"Parks, Recreation and Culture"
,"col2":"PRC - Healthy Communities"
,"col3":"0"
,"col4":"-50,000"
,"col5":"0"
,"col6":"-50,000"
,"col7":"1,521,000"
,"col8":"183,000"
,"col9":"22,000"
,"col10":"0"
,"col11":"0"
,"col12":"1,726,000"
,"col13":"-16,000"
,"col14":"0"
,"col15":"0"
,"col16":"0"
,"col17":"1,660,000"
,"col18":""
,"col19":""
,"col20":""
,"col21":""
,"col22":""
,"col23":""
,"col24":""
,"col25":""
,"col26":""
,"col27":""
,"col28":""
,"col29":""
,"col30":""
,"col31":""
,"col32":""
}
,{
"json_featuretype":"CSV"
,"CITY OF SURREY":"General Operating"
,"col1":"Parks, Recreation and Culture"
,"col2":"PRC - Heritage Services"
,"col3":"0"
,"col4":"-42,000"
,"col5":"-66,000"
,"col6":"-108,000"
,"col7":"1,519,000"
,"col8":"433,000"
,"col9":"29,000"
,"col10":"0"
,"col11":"0"
,"col12":"1,981,000"
,"col13":"-18,400"
,"col14":"0"
,"col15":"0"
,"col16":"0"
,"col17":"1,854,600"
,"col18":""
,"col19":""
,"col20":""
,"col21":""
,"col22":""
,"col23":""
,"col24":""
,"col25":""
,"col26":""
,"col27":""
,"col28":""
,"col29":""
,"col30":""
,"col31":""
,"col32":""
}
,{
"json_featuretype":"CSV"
,"CITY OF SURREY":"General Operating"
,"col1":"Parks, Recreation and Culture"
,"col2":"PRC - Indoor Pools"
,"col3":"0"
,"col4":"-13,444,000"
,"col5":"0"
,"col6":"-13,444,000"
,"col7":"15,526,000"
,"col8":"4,661,000"
,"col9":"394,000"
,"col10":"0"
,"col11":"-90,000"
,"col12":"20,491,000"
,"col13":"-90,000"
,"col14":"0"
,"col15":"0"
,"col16":"0"
,"col17":"6,957,000"
,"col18":""
,"col19":""
,"col20":""
,"col21":""
,"col22":""
,"col23":""
,"col24":""
,"col25":""
,"col26":""
,"col27":""
,"col28":""
,"col29":""
,"col30":""
,"col31":""
,"col32":""
}
,{
"json_featuretype":"CSV"
,"CITY OF SURREY":"General Operating"
,"col1":"Parks, Recreation and Culture"
,"col2":"PRC - Marketing"
,"col3":"0"
,"col4":"-62,000"
,"col5":"-8,000"
,"col6":"-70,000"
,"col7":"1,371,000"
,"col8":"777,000"
,"col9":"2,000"
,"col10":"-155,000"
,"col11":"-11,000"
,"col12":"1,984,000"
,"col13":"-18,400"
,"col14":"0"
,"col15":"25,000"
,"col16":"25,000"
,"col17":"1,920,600"
,"col18":""
,"col19":""
,"col20":""
,"col21":""
,"col22":""
,"col23":""
,"col24":""
,"col25":""
,"col26":""
,"col27":""
,"col28":""
,"col29":""
,"col30":""
,"col31":""
,"col32":""
}
,{
"json_featuretype":"CSV"
,"CITY OF SURREY":"General Operating"
,"col1":"Parks, Recreation and Culture"
,"col2":"PRC - Outdoor Pools"
,"col3":"0"
,"col4":"0"
,"col5":"0"
,"col6":"0"
,"col7":"0"
,"col8":"961,700"
,"col9":"0"
,"col10":"0"
,"col11":"-12,700"
,"col12":"949,000"
,"col13":"-8,800"
,"col14":"0"
,"col15":"0"
,"col16":"0"
,"col17":"940,200"
,"col18":""
,"col19":""
,"col20":""
,"col21":""
,"col22":""
,"col23":""
,"col24":""
,"col25":""
,"col26":""
,"col27":""
,"col28":""
,"col29":""
,"col30":""
,"col31":""
,"col32":""
}
,{
"json_featuretype":"CSV"
,"CITY OF SURREY":"General Operating"
,"col1":"Parks, Recreation and Culture"
,"col2":"PRC - Parks Division"
,"col3":"0"
,"col4":"-2,490,000"
,"col5":"-1,095,000"
,"col6":"-3,585,000"
,"col7":"13,205,000"
,"col8":"16,250,000"
,"col9":"14,058,000"
,"col10":"-13,007,000"
,"col11":"-346,000"
,"col12":"30,160,000"
,"col13":"-279,600"
,"col14":"-4,001,000"
,"col15":"1,661,000"
,"col16":"-2,340,000"
,"col17":"23,955,400"
,"col18":""
,"col19":""
,"col20":""
,"col21":""
,"col22":""
,"col23":""
,"col24":""
,"col25":""
,"col26":""
,"col27":""
,"col28":""
,"col29":""
,"col30":""
,"col31":""
,"col32":""
}
,{
"json_featuretype":"CSV"
,"CITY OF SURREY":"General Operating"
,"col1":"Engineering"
,"col2":"Eng - Operations"
,"col3":"0"
,"col4":"0"
,"col5":"0"
,"col6":"0"
,"col7":"24,258,000"
,"col8":"5,621,213"
,"col9":"3,164,308"
,"col10":"-35,570,042"
,"col11":"-153,300"
,"col12":"-2,679,821"
,"col13":"0"
,"col14":"0"
,"col15":"2,313,822"
,"col16":"2,313,822"
,"col17":"-365,999"
,"col18":""
,"col19":""
,"col20":""
,"col21":""
,"col22":""
,"col23":""
,"col24":""
,"col25":""
,"col26":""
,"col27":""
,"col28":""
,"col29":""
,"col30":""
,"col31":""
,"col32":""
}
,{
"json_featuretype":"CSV"
,"CITY OF SURREY":"General Operating"
,"col1":"Engineering"
,"col2":"Eng - Professional Services"
,"col3":"0"
,"col4":"-18,000"
,"col5":"0"
,"col6":"-18,000"
,"col7":"7,539,200"
,"col8":"373,900"
,"col9":"1,649,800"
,"col10":"-8,117,000"
,"col11":"0"
,"col12":"1,445,900"
,"col13":"-286,000"
,"col14":"0"
,"col15":"15,000"
,"col16":"15,000"
,"col17":"1,156,900"
,"col18":""
,"col19":""
,"col20":""
,"col21":""
,"col22":""
,"col23":""
,"col24":""
,"col25":""
,"col26":""
,"col27":""
,"col28":""
,"col29":""
,"col30":""
,"col31":""
,"col32":""
}
,{
"json_featuretype":"CSV"
,"CITY OF SURREY":"General Operating"
,"col1":"Engineering"
,"col2":"Eng - Land Development"
,"col3":"0"
,"col4":"-4,597,490"
,"col5":"-196,100"
,"col6":"-4,793,590"
,"col7":"3,367,200"
,"col8":"733,100"
,"col9":"2,528,500"
,"col10":"-226,000"
,"col11":"-1,735,000"
,"col12":"4,667,800"
,"col13":"0"
,"col14":"0"
,"col15":"0"
,"col16":"0"
,"col17":"-125,790"
,"col18":""
,"col19":""
,"col20":""
,"col21":""
,"col22":""
,"col23":""
,"col24":""
,"col25":""
,"col26":""
,"col27":""
,"col28":""
,"col29":""
,"col30":""
,"col31":""
,"col32":""
}
,{
"json_featuretype":"CSV"
,"CITY OF SURREY":"General Operating"
,"col1":"Engineering"
,"col2":"Eng - Realty Services"
,"col3":"0"
,"col4":"-36,365"
,"col5":"-1,374,225"
,"col6":"-1,410,590"
,"col7":"2,540,700"
,"col8":"1,576,180"
,"col9":"702,800"
,"col10":"-2,519,400"
,"col11":"0"
,"col12":"2,300,280"
,"col13":"0"
,"col14":"-118,800"
,"col15":"0"
,"col16":"-118,800"
,"col17":"770,890"
,"col18":""
,"col19":""
,"col20":""
,"col21":""
,"col22":""
,"col23":""
,"col24":""
,"col25":""
,"col26":""
,"col27":""
,"col28":""
,"col29":""
,"col30":""
,"col31":""
,"col32":""
}
,{
"json_featuretype":"CSV"
,"CITY OF SURREY":"Solid Waste Operating"
,"col1":"Engineering"
,"col2":"N/A"
,"col3":"0"
,"col4":"-40,014,000"
,"col5":"-125,000"
,"col6":"-40,139,000"
,"col7":"0"
,"col8":"27,144,800"
,"col9":"4,219,200"
,"col10":"0"
,"col11":"0"
,"col12":"31,364,000"
,"col13":"0"
,"col14":"0"
,"col15":"8,775,000"
,"col16":"8,775,000"
,"col17":"0"
,"col18":""
,"col19":""
,"col20":""
,"col21":""
,"col22":""
,"col23":""
,"col24":""
,"col25":""
,"col26":""
,"col27":""
,"col28":""
,"col29":""
,"col30":""
,"col31":""
,"col32":""
}
,{
"json_featuretype":"CSV"
,"CITY OF SURREY":"Transportation Operating"
,"col1":"Engineering"
,"col2":"N/A"
,"col3":"-22,615,000"
,"col4":"-10,000"
,"col5":"-209,000"
,"col6":"-22,834,000"
,"col7":"4,988,800"
,"col8":"22,988,877"
,"col9":"13,538,523"
,"col10":"-4,479,500"
,"col11":"-3,274,700"
,"col12":"33,762,000"
,"col13":"0"
,"col14":"-62,756,000"
,"col15":"51,828,000"
,"col16":"-10,928,000"
,"col17":"0"
,"col18":""
,"col19":""
,"col20":""
,"col21":""
,"col22":""
,"col23":""
,"col24":""
,"col25":""
,"col26":""
,"col27":""
,"col28":""
,"col29":""
,"col30":""
,"col31":""
,"col32":""
}
,{
"json_featuretype":"CSV"
,"CITY OF SURREY":"Parking Operating"
,"col1":"Engineering"
,"col2":"N/A"
,"col3":"0"
,"col4":"-2,316,000"
,"col5":"-447,000"
,"col6":"-2,763,000"
,"col7":"512,000"
,"col8":"324,000"
,"col9":"23,000"
,"col10":"0"
,"col11":"0"
,"col12":"859,000"
,"col13":"0"
,"col14":"-774,000"
,"col15":"2,678,000"
,"col16":"1,904,000"
,"col17":"0"
,"col18":""
,"col19":""
,"col20":""
,"col21":""
,"col22":""
,"col23":""
,"col24":""
,"col25":""
,"col26":""
,"col27":""
,"col28":""
,"col29":""
,"col30":""
,"col31":""
,"col32":""
}
,{
"json_featuretype":"CSV"
,"CITY OF SURREY":"Energy Operating"
,"col1":"Engineering"
,"col2":"N/A"
,"col3":"0"
,"col4":"-1,086,000"
,"col5":"0"
,"col6":"-1,086,000"
,"col7":"361,000"
,"col8":"928,000"
,"col9":"0"
,"col10":"0"
,"col11":"0"
,"col12":"1,289,000"
,"col13":"0"
,"col14":"-14,201,000"
,"col15":"13,998,000"
,"col16":"-203,000"
,"col17":"0"
,"col18":""
,"col19":""
,"col20":""
,"col21":""
,"col22":""
,"col23":""
,"col24":""
,"col25":""
,"col26":""
,"col27":""
,"col28":""
,"col29":""
,"col30":""
,"col31":""
,"col32":""
}
,{
"json_featuretype":"CSV"
,"CITY OF SURREY":"Water Operating"
,"col1":"Engineering"
,"col2":"N/A"
,"col3":"-92,000"
,"col4":"-68,415,000"
,"col5":"-1,626,000"
,"col6":"-70,133,000"
,"col7":"0"
,"col8":"51,450,006"
,"col9":"9,552,994"
,"col10":"-550,000"
,"col11":"0"
,"col12":"60,453,000"
,"col13":"0"
,"col14":"-17,873,000"
,"col15":"27,553,000"
,"col16":"9,680,000"
,"col17":"0"
,"col18":""
,"col19":""
,"col20":""
,"col21":""
,"col22":""
,"col23":""
,"col24":""
,"col25":""
,"col26":""
,"col27":""
,"col28":""
,"col29":""
,"col30":""
,"col31":""
,"col32":""
}
,{
"json_featuretype":"CSV"
,"CITY OF SURREY":"Sewer Operating"
,"col1":"Engineering"
,"col2":"N/A"
,"col3":"-1,935,000"
,"col4":"-45,894,000"
,"col5":"-768,000"
,"col6":"-48,597,000"
,"col7":"0"
,"col8":"41,552,932"
,"col9":"10,726,269"
,"col10":"-7,231,201"
,"col11":"0"
,"col12":"45,048,000"
,"col13":"0"
,"col14":"-12,973,000"
,"col15":"16,522,000"
,"col16":"3,549,000"
,"col17":"0"
,"col18":""
,"col19":""
,"col20":""
,"col21":""
,"col22":""
,"col23":""
,"col24":""
,"col25":""
,"col26":""
,"col27":""
,"col28":""
,"col29":""
,"col30":""
,"col31":""
,"col32":""
}
,{
"json_featuretype":"CSV"
,"CITY OF SURREY":"Drainage Operating"
,"col1":"Engineering"
,"col2":"N/A"
,"col3":"-33,993,000"
,"col4":"0"
,"col5":"-207,000"
,"col6":"-34,200,000"
,"col7":"0"
,"col8":"5,796,423"
,"col9":"7,379,677"
,"col10":"0"
,"col11":"0"
,"col12":"13,176,100"
,"col13":"0"
,"col14":"-13,920,100"
,"col15":"34,944,000"
,"col16":"21,023,900"
,"col17":"0"
,"col18":""
,"col19":""
,"col20":""
,"col21":""
,"col22":""
,"col23":""
,"col24":""
,"col25":""
,"col26":""
,"col27":""
,"col28":""
,"col29":""
,"col30":""
,"col31":""
,"col32":""
}
,{
"json_featuretype":"CSV"
,"CITY OF SURREY":"Surrey Public Library Operating"
,"col1":"Library"
,"col2":"Lib - Administration"
,"col3":"0"
,"col4":"-982,000"
,"col5":"0"
,"col6":"-982,000"
,"col7":"1,041,000"
,"col8":"213,000"
,"col9":"3,000"
,"col10":"0"
,"col11":"0"
,"col12":"1,257,000"
,"col13":"-153,000"
,"col14":"-14,809,000"
,"col15":"0"
,"col16":"-14,809,000"
,"col17":"-14,687,000"
,"col18":""
,"col19":""
,"col20":""
,"col21":""
,"col22":""
,"col23":""
,"col24":""
,"col25":""
,"col26":""
,"col27":""
,"col28":""
,"col29":""
,"col30":""
,"col31":""
,"col32":""
}
,{
"json_featuretype":"CSV"
,"CITY OF SURREY":"Surrey Public Library Operating"
,"col1":"Library"
,"col2":"Lib - Public Services"
,"col3":"0"
,"col4":"-166,000"
,"col5":"-365,000"
,"col6":"-531,000"
,"col7":"12,327,000"
,"col8":"2,606,000"
,"col9":"285,000"
,"col10":"0"
,"col11":"0"
,"col12":"15,218,000"
,"col13":"0"
,"col14":"0"
,"col15":"0"
,"col16":"0"
,"col17":"14,687,000"
,"col18":""
,"col19":""
,"col20":""
,"col21":""
,"col22":""
,"col23":""
,"col24":""
,"col25":""
,"col26":""
,"col27":""
,"col28":""
,"col29":""
,"col30":""
,"col31":""
,"col32":""
}
,{
"json_featuretype":"CSV"
,"CITY OF SURREY":""
,"col1":""
,"col2":""
,"col3":""
,"col4":""
,"col5":""
,"col6":""
,"col7":""
,"col8":""
,"col9":""
,"col10":""
,"col11":""
,"col12":""
,"col13":""
,"col14":""
,"col15":""
,"col16":""
,"col17":""
,"col18":""
,"col19":""
,"col20":""
,"col21":""
,"col22":""
,"col23":""
,"col24":""
,"col25":""
,"col26":""
,"col27":""
,"col28":""
,"col29":""
,"col30":""
,"col31":""
,"col32":""
}
,{
"json_featuretype":"CSV"
,"CITY OF SURREY":"TOTAL"
,"col1":""
,"col2":""
,"col3":"-368,277,000"
,"col4":"-227,577,792"
,"col5":"-63,536,482"
,"col6":"-659,391,274"
,"col7":"248,411,069"
,"col8":"360,883,345"
,"col9":"72,702,005"
,"col10":"-78,257,072"
,"col11":"-6,887,400"
,"col12":"596,851,947"
,"col13":"-4,282,000"
,"col14":"-159,765,900"
,"col15":"226,587,227"
,"col16":"66,821,327"
,"col17":"0"
,"col18":""
,"col19":""
,"col20":""
,"col21":""
,"col22":""
,"col23":""
,"col24":""
,"col25":""
,"col26":""
,"col27":""
,"col28":""
,"col29":""
,"col30":""
,"col31":""
,"col32":""
}
,{
"json_featuretype":"CSV"
,"CITY OF SURREY":""
,"col1":""
,"col2":""
,"col3":""
,"col4":""
,"col5":""
,"col6":""
,"col7":""
,"col8":""
,"col9":""
,"col10":""
,"col11":""
,"col12":""
,"col13":""
,"col14":""
,"col15":""
,"col16":""
,"col17":""
,"col18":""
,"col19":""
,"col20":""
,"col21":""
,"col22":""
,"col23":""
,"col24":""
,"col25":""
,"col26":""
,"col27":""
,"col28":""
,"col29":""
,"col30":""
,"col31":""
,"col32":""
}
,{
"json_featuretype":"CSV"
,"CITY OF SURREY":"CROSS CHECK"
,"col1":""
,"col2":""
,"col3":""
,"col4":""
,"col5":""
,"col6":""
,"col7":""
,"col8":""
,"col9":""
,"col10":""
,"col11":""
,"col12":""
,"col13":""
,"col14":""
,"col15":""
,"col16":""
,"col17":"0"
,"col18":""
,"col19":""
,"col20":""
,"col21":""
,"col22":""
,"col23":""
,"col24":""
,"col25":""
,"col26":""
,"col27":""
,"col28":""
,"col29":""
,"col30":""
,"col31":""
,"col32":""
}
,{
"json_featuretype":"CSV"
,"CITY OF SURREY":""
,"col1":""
,"col2":""
,"col3":""
,"col4":""
,"col5":""
,"col6":""
,"col7":""
,"col8":""
,"col9":""
,"col10":""
,"col11":""
,"col12":""
,"col13":""
,"col14":""
,"col15":""
,"col16":""
,"col17":""
,"col18":""
,"col19":""
,"col20":""
,"col21":""
,"col22":""
,"col23":""
,"col24":""
,"col25":""
,"col26":""
,"col27":""
,"col28":""
,"col29":""
,"col30":""
,"col31":""
,"col32":""
}
]