{
	"name" : "pay_parking_stations",
	"type" : "FeatureCollection",
	"crs" : {
		"type" : "name",
		"properties" : {
			"name" : "EPSG:26910"
		}
	},
	"features" : [
		{
			"type" : "Feature",
			"geometry" : {
				"type" : "Point",
				"coordinates" : [ 511108.47750000004, 5448666.8748 ]
			},
			"properties" : {
				"ZONE_NUMBER" : 2,
				"ZONE_NAME" : "City Parkway On-Street",
				"METER_ID" : "#010",
				"METER_STATION" : 14512,
				"METER_TYPE" : "Paystation",
				"METER_MODEL" : "SIEMENS SITRAFFIC PRISMA",
				"OPERATION_HOURS" : "8:00 AM to 8:00 PM",
				"OPERATION_DAYS" : "7 Days/Week",
				"HOURLY_RATE" : "$1.00",
				"DAILY_RATE" : null,
				"MAXIMUM_HOURS" : "2",
				"MONTHLY_UNRESERVED_RATE" : null,
				"MONTHLY_RESERVED_RATE" : null,
				"PAY_BY_PHONE" : 4302,
				"OWNER" : "Surrey",
				"ON_OFF_STREET" : "On",
				"ZONE_TYPE" : "On-Street Parking",
				"NUMBER_SPACES" : 9,
				"ADDRESS" : "10388 City Parkway",
				"PAYMENT_METHODS" : "Cash/Credit Card/PayByPhone",
				"COMMENTS" : null
			}
		},
		{
			"type" : "Feature",
			"geometry" : {
				"type" : "Point",
				"coordinates" : [ 511725.5298709264, 5442424.897987405 ]
			},
			"properties" : {
				"ZONE_NUMBER" : 7,
				"ZONE_NAME" : "Newton Town Centre",
				"METER_ID" : "#038",
				"METER_STATION" : 14764,
				"METER_TYPE" : "Paystation",
				"METER_MODEL" : "SIEMENS SITRAFFIC PRISMA",
				"OPERATION_HOURS" : "8:00 AM to 4:30 PM",
				"OPERATION_DAYS" : "Mon - Fri",
				"HOURLY_RATE" : "$1.00",
				"DAILY_RATE" : "$2.00",
				"MAXIMUM_HOURS" : "All Day",
				"MONTHLY_UNRESERVED_RATE" : null,
				"MONTHLY_RESERVED_RATE" : null,
				"PAY_BY_PHONE" : 4355,
				"OWNER" : "Surrey",
				"ON_OFF_STREET" : "On",
				"ZONE_TYPE" : "On-Street Parking",
				"NUMBER_SPACES" : 107,
				"ADDRESS" : "13791 72 Ave",
				"PAYMENT_METHODS" : "Cash/Credit Card/PayByPhone",
				"COMMENTS" : null
			}
		},
		{
			"type" : "Feature",
			"geometry" : {
				"type" : "Point",
				"coordinates" : [ 511654.25097836833, 5442451.726791063 ]
			},
			"properties" : {
				"ZONE_NUMBER" : 7,
				"ZONE_NAME" : "Newton Town Centre",
				"METER_ID" : "#037",
				"METER_STATION" : 14763,
				"METER_TYPE" : "Paystation",
				"METER_MODEL" : "SIEMENS SITRAFFIC PRISMA",
				"OPERATION_HOURS" : "8:00 AM to 4:30 PM",
				"OPERATION_DAYS" : "Mon - Fri",
				"HOURLY_RATE" : "$1.00",
				"DAILY_RATE" : "$2.00",
				"MAXIMUM_HOURS" : "All Day",
				"MONTHLY_UNRESERVED_RATE" : null,
				"MONTHLY_RESERVED_RATE" : null,
				"PAY_BY_PHONE" : 4355,
				"OWNER" : "Surrey",
				"ON_OFF_STREET" : "On",
				"ZONE_TYPE" : "On-Street Parking",
				"NUMBER_SPACES" : 107,
				"ADDRESS" : "13725 72A Ave",
				"PAYMENT_METHODS" : "Cash/Credit Card/PayByPhone",
				"COMMENTS" : null
			}
		},
		{
			"type" : "Feature",
			"geometry" : {
				"type" : "Point",
				"coordinates" : [ 511651.23472233675, 5442329.012795633 ]
			},
			"properties" : {
				"ZONE_NUMBER" : 7,
				"ZONE_NAME" : "Newton Town Centre",
				"METER_ID" : "#034",
				"METER_STATION" : 14760,
				"METER_TYPE" : "Paystation",
				"METER_MODEL" : "SIEMENS SITRAFFIC PRISMA",
				"OPERATION_HOURS" : "8:00 AM to 4:30 PM",
				"OPERATION_DAYS" : "Mon - Fri",
				"HOURLY_RATE" : "$1.00",
				"DAILY_RATE" : "$2.00",
				"MAXIMUM_HOURS" : "All Day",
				"MONTHLY_UNRESERVED_RATE" : null,
				"MONTHLY_RESERVED_RATE" : null,
				"PAY_BY_PHONE" : 4355,
				"OWNER" : "Surrey",
				"ON_OFF_STREET" : "On",
				"ZONE_TYPE" : "On-Street Parking",
				"NUMBER_SPACES" : 107,
				"ADDRESS" : "13757 72 Ave",
				"PAYMENT_METHODS" : "Cash/Credit Card/PayByPhone",
				"COMMENTS" : null
			}
		},
		{
			"type" : "Feature",
			"geometry" : {
				"type" : "Point",
				"coordinates" : [ 511571.22456231527, 5442459.346806299 ]
			},
			"properties" : {
				"ZONE_NUMBER" : 7,
				"ZONE_NAME" : "Newton Town Centre",
				"METER_ID" : "#036",
				"METER_STATION" : 14762,
				"METER_TYPE" : "Paystation",
				"METER_MODEL" : "SIEMENS SITRAFFIC PRISMA",
				"OPERATION_HOURS" : "8:00 AM to 4:30 PM",
				"OPERATION_DAYS" : "Mon - Fri",
				"HOURLY_RATE" : "$1.00",
				"DAILY_RATE" : "$2.00",
				"MAXIMUM_HOURS" : "All Day",
				"MONTHLY_UNRESERVED_RATE" : null,
				"MONTHLY_RESERVED_RATE" : null,
				"PAY_BY_PHONE" : 4355,
				"OWNER" : "Surrey",
				"ON_OFF_STREET" : "On",
				"ZONE_TYPE" : "On-Street Parking",
				"NUMBER_SPACES" : 107,
				"ADDRESS" : "13725 72A Ave",
				"PAYMENT_METHODS" : "Cash/Credit Card/PayByPhone",
				"COMMENTS" : null
			}
		},
		{
			"type" : "Feature",
			"geometry" : {
				"type" : "Point",
				"coordinates" : [ 511621.3896626467, 5442307.105251817 ]
			},
			"properties" : {
				"ZONE_NUMBER" : 7,
				"ZONE_NAME" : "Newton Town Centre",
				"METER_ID" : "#033",
				"METER_STATION" : 14759,
				"METER_TYPE" : "Paystation",
				"METER_MODEL" : "SIEMENS SITRAFFIC PRISMA",
				"OPERATION_HOURS" : "8:00 AM to 4:30 PM",
				"OPERATION_DAYS" : "Mon - Fri",
				"HOURLY_RATE" : "$1.00",
				"DAILY_RATE" : "$2.00",
				"MAXIMUM_HOURS" : "All Day",
				"MONTHLY_UNRESERVED_RATE" : null,
				"MONTHLY_RESERVED_RATE" : null,
				"PAY_BY_PHONE" : 4355,
				"OWNER" : "Surrey",
				"ON_OFF_STREET" : "On",
				"ZONE_TYPE" : "On-Street Parking",
				"NUMBER_SPACES" : 107,
				"ADDRESS" : "13764 72 Ave",
				"PAYMENT_METHODS" : "Cash/Credit Card/PayByPhone",
				"COMMENTS" : null
			}
		},
		{
			"type" : "Feature",
			"geometry" : {
				"type" : "Point",
				"coordinates" : [ 511517.7257053172, 5442452.044291696 ]
			},
			"properties" : {
				"ZONE_NUMBER" : 7,
				"ZONE_NAME" : "Newton Town Centre",
				"METER_ID" : "#035",
				"METER_STATION" : 14761,
				"METER_TYPE" : "Paystation",
				"METER_MODEL" : "SIEMENS SITRAFFIC PRISMA",
				"OPERATION_HOURS" : "8:00 AM to 4:30 PM",
				"OPERATION_DAYS" : "Mon - Fri",
				"HOURLY_RATE" : "$1.00",
				"DAILY_RATE" : "$2.00",
				"MAXIMUM_HOURS" : "All Day",
				"MONTHLY_UNRESERVED_RATE" : null,
				"MONTHLY_RESERVED_RATE" : null,
				"PAY_BY_PHONE" : 4355,
				"OWNER" : "Surrey",
				"ON_OFF_STREET" : "On",
				"ZONE_TYPE" : "On-Street Parking",
				"NUMBER_SPACES" : 107,
				"ADDRESS" : "1238 137 St",
				"PAYMENT_METHODS" : "Cash/Credit Card/PayByPhone",
				"COMMENTS" : null
			}
		},
		{
			"type" : "Feature",
			"geometry" : {
				"type" : "Point",
				"coordinates" : [ 510627.4051023768, 5448694.900968466 ]
			},
			"properties" : {
				"ZONE_NUMBER" : 23,
				"ZONE_NAME" : "133/133A Street On-Street",
				"METER_ID" : "#064",
				"METER_STATION" : 520014451698,
				"METER_TYPE" : "Paystation",
				"METER_MODEL" : "DIGITAL PAYMENT TECHNOLOGIES LUKE II",
				"OPERATION_HOURS" : "8:00 AM to 6:00 PM",
				"OPERATION_DAYS" : "Mon - Fri",
				"HOURLY_RATE" : "$1.00",
				"DAILY_RATE" : "$4.00",
				"MAXIMUM_HOURS" : "All Day",
				"MONTHLY_UNRESERVED_RATE" : null,
				"MONTHLY_RESERVED_RATE" : null,
				"PAY_BY_PHONE" : 4316,
				"OWNER" : "Surrey",
				"ON_OFF_STREET" : "On",
				"ZONE_TYPE" : "On-Street Parking",
				"NUMBER_SPACES" : 128,
				"ADDRESS" : "10388 133 St",
				"PAYMENT_METHODS" : "Credit Card/PayByPhone",
				"COMMENTS" : null
			}
		},
		{
			"type" : "Feature",
			"geometry" : {
				"type" : "Point",
				"coordinates" : [ 510957.8578325333, 5448995.608362202 ]
			},
			"properties" : {
				"ZONE_NUMBER" : 24,
				"ZONE_NAME" : "105/105A Avenue On-Street",
				"METER_ID" : "#071",
				"METER_STATION" : 520014451705,
				"METER_TYPE" : "Paystation",
				"METER_MODEL" : "DIGITAL PAYMENT TECHNOLOGIES LUKE II",
				"OPERATION_HOURS" : "8:00 AM to 6:00 PM",
				"OPERATION_DAYS" : "Mon - Fri",
				"HOURLY_RATE" : "$1.00",
				"DAILY_RATE" : "$4.00",
				"MAXIMUM_HOURS" : "All Day",
				"MONTHLY_UNRESERVED_RATE" : null,
				"MONTHLY_RESERVED_RATE" : null,
				"PAY_BY_PHONE" : 4318,
				"OWNER" : "Surrey",
				"ON_OFF_STREET" : "On",
				"ZONE_TYPE" : "On-Street Parking",
				"NUMBER_SPACES" : 111,
				"ADDRESS" : "10519 134A St",
				"PAYMENT_METHODS" : "Cash/Credit Card/PayByPhone",
				"COMMENTS" : null
			}
		},
		{
			"type" : "Feature",
			"geometry" : {
				"type" : "Point",
				"coordinates" : [ 510997.13960048556, 5448945.690253556 ]
			},
			"properties" : {
				"ZONE_NUMBER" : 24,
				"ZONE_NAME" : "105/105A Avenue On-Street",
				"METER_ID" : "#073",
				"METER_STATION" : 520014451706,
				"METER_TYPE" : "Paystation",
				"METER_MODEL" : "DIGITAL PAYMENT TECHNOLOGIES LUKE II",
				"OPERATION_HOURS" : "8:00 AM to 6:00 PM",
				"OPERATION_DAYS" : "Mon - Fri",
				"HOURLY_RATE" : "$1.00",
				"DAILY_RATE" : "$4.00",
				"MAXIMUM_HOURS" : "All Day",
				"MONTHLY_UNRESERVED_RATE" : null,
				"MONTHLY_RESERVED_RATE" : null,
				"PAY_BY_PHONE" : 4318,
				"OWNER" : "Surrey",
				"ON_OFF_STREET" : "On",
				"ZONE_TYPE" : "On-Street Parking",
				"NUMBER_SPACES" : 111,
				"ADDRESS" : "10492 134A St",
				"PAYMENT_METHODS" : "Cash/Credit Card/PayByPhone",
				"COMMENTS" : null
			}
		},
		{
			"type" : "Feature",
			"geometry" : {
				"type" : "Point",
				"coordinates" : [ 510915.7929691849, 5448929.19661301 ]
			},
			"properties" : {
				"ZONE_NUMBER" : 24,
				"ZONE_NAME" : "105/105A Avenue On-Street",
				"METER_ID" : "#074",
				"METER_STATION" : 520014451707,
				"METER_TYPE" : "Paystation",
				"METER_MODEL" : "DIGITAL PAYMENT TECHNOLOGIES LUKE II",
				"OPERATION_HOURS" : "8:00 AM to 6:00 PM",
				"OPERATION_DAYS" : "Mon - Fri",
				"HOURLY_RATE" : "$1.00",
				"DAILY_RATE" : "$4.00",
				"MAXIMUM_HOURS" : "All Day",
				"MONTHLY_UNRESERVED_RATE" : null,
				"MONTHLY_RESERVED_RATE" : null,
				"PAY_BY_PHONE" : 4318,
				"OWNER" : "Surrey",
				"ON_OFF_STREET" : "On",
				"ZONE_TYPE" : "On-Street Parking",
				"NUMBER_SPACES" : 111,
				"ADDRESS" : "13430 105 Avenue",
				"PAYMENT_METHODS" : "Cash/Credit Card/PayByPhone",
				"COMMENTS" : null
			}
		},
		{
			"type" : "Feature",
			"geometry" : {
				"type" : "Point",
				"coordinates" : [ 511073.5390000008, 5448728.687999999 ]
			},
			"properties" : {
				"ZONE_NUMBER" : 14,
				"ZONE_NAME" : "Eye Care Centre",
				"METER_ID" : "#205",
				"METER_STATION" : 600101491,
				"METER_TYPE" : "Single-Space Meter",
				"METER_MODEL" : "MACKAY SOLO SINGLE-SPACE",
				"OPERATION_HOURS" : "24 Hours",
				"OPERATION_DAYS" : "7 Days/Week",
				"HOURLY_RATE" : "$1.50",
				"DAILY_RATE" : "$7.00",
				"MAXIMUM_HOURS" : "All Day",
				"MONTHLY_UNRESERVED_RATE" : null,
				"MONTHLY_RESERVED_RATE" : null,
				"PAY_BY_PHONE" : 4287,
				"OWNER" : "Surrey",
				"ON_OFF_STREET" : "Off",
				"ZONE_TYPE" : "Surface Paved Off-Street",
				"NUMBER_SPACES" : 3,
				"ADDRESS" : "13450 104 Ave",
				"PAYMENT_METHODS" : "Credit Card/PayByPhone",
				"COMMENTS" : null
			}
		},
		{
			"type" : "Feature",
			"geometry" : {
				"type" : "Point",
				"coordinates" : [ 511077.4969999995, 5448728.687999999 ]
			},
			"properties" : {
				"ZONE_NUMBER" : 14,
				"ZONE_NAME" : "Eye Care Centre",
				"METER_ID" : "#206",
				"METER_STATION" : 600101492,
				"METER_TYPE" : "Single-Space Meter",
				"METER_MODEL" : "MACKAY SOLO SINGLE-SPACE",
				"OPERATION_HOURS" : "24 Hours",
				"OPERATION_DAYS" : "7 Days/Week",
				"HOURLY_RATE" : "$1.50",
				"DAILY_RATE" : "$7.00",
				"MAXIMUM_HOURS" : "All Day",
				"MONTHLY_UNRESERVED_RATE" : null,
				"MONTHLY_RESERVED_RATE" : null,
				"PAY_BY_PHONE" : 4287,
				"OWNER" : "Surrey",
				"ON_OFF_STREET" : "Off",
				"ZONE_TYPE" : "Surface Paved Off-Street",
				"NUMBER_SPACES" : 3,
				"ADDRESS" : "13450 104 Ave",
				"PAYMENT_METHODS" : "Credit Card/PayByPhone",
				"COMMENTS" : null
			}
		},
		{
			"type" : "Feature",
			"geometry" : {
				"type" : "Point",
				"coordinates" : [ 511081.921000001, 5448728.687999999 ]
			},
			"properties" : {
				"ZONE_NUMBER" : 14,
				"ZONE_NAME" : "Eye Care Centre",
				"METER_ID" : "#207",
				"METER_STATION" : 600101493,
				"METER_TYPE" : "Single-Space Meter",
				"METER_MODEL" : "MACKAY SOLO SINGLE-SPACE",
				"OPERATION_HOURS" : "24 Hours",
				"OPERATION_DAYS" : "7 Days/Week",
				"HOURLY_RATE" : "$1.50",
				"DAILY_RATE" : "$7.00",
				"MAXIMUM_HOURS" : "All Day",
				"MONTHLY_UNRESERVED_RATE" : null,
				"MONTHLY_RESERVED_RATE" : null,
				"PAY_BY_PHONE" : 4287,
				"OWNER" : "Surrey",
				"ON_OFF_STREET" : "Off",
				"ZONE_TYPE" : "Surface Paved Off-Street",
				"NUMBER_SPACES" : 3,
				"ADDRESS" : "13450 104 Ave",
				"PAYMENT_METHODS" : "Credit Card/PayByPhone",
				"COMMENTS" : null
			}
		},
		{
			"type" : "Feature",
			"geometry" : {
				"type" : "Point",
				"coordinates" : [ 514645.1577877281, 5448949.31937339 ]
			},
			"properties" : {
				"ZONE_NUMBER" : 26,
				"ZONE_NAME" : "Guildford Centre On-Street",
				"METER_ID" : "#032",
				"METER_STATION" : 14758,
				"METER_TYPE" : "Paystation",
				"METER_MODEL" : "SIEMENS SITRAFFIC PRISMA",
				"OPERATION_HOURS" : "24 Hours",
				"OPERATION_DAYS" : "7 Days/Week",
				"HOURLY_RATE" : "$1.75",
				"DAILY_RATE" : null,
				"MAXIMUM_HOURS" : null,
				"MONTHLY_UNRESERVED_RATE" : null,
				"MONTHLY_RESERVED_RATE" : null,
				"PAY_BY_PHONE" : 4358,
				"OWNER" : "Surrey",
				"ON_OFF_STREET" : "On",
				"ZONE_TYPE" : "On-Street Parking",
				"NUMBER_SPACES" : 61,
				"ADDRESS" : "15275 105 Avenue",
				"PAYMENT_METHODS" : "Cash/Credit Card/PayByPhone",
				"COMMENTS" : null
			}
		},
		{
			"type" : "Feature",
			"geometry" : {
				"type" : "Point",
				"coordinates" : [ 514671.40450688824, 5448972.496919746 ]
			},
			"properties" : {
				"ZONE_NUMBER" : 26,
				"ZONE_NAME" : "Guildford Centre On-Street",
				"METER_ID" : "#031",
				"METER_STATION" : 14757,
				"METER_TYPE" : "Paystation",
				"METER_MODEL" : "SIEMENS SITRAFFIC PRISMA",
				"OPERATION_HOURS" : "8:00 AM to 5:00 PM",
				"OPERATION_DAYS" : "Mon - Fri",
				"HOURLY_RATE" : "$1.75",
				"DAILY_RATE" : null,
				"MAXIMUM_HOURS" : null,
				"MONTHLY_UNRESERVED_RATE" : null,
				"MONTHLY_RESERVED_RATE" : null,
				"PAY_BY_PHONE" : 4359,
				"OWNER" : "Surrey",
				"ON_OFF_STREET" : "On",
				"ZONE_TYPE" : "On-Street Parking",
				"NUMBER_SPACES" : 61,
				"ADDRESS" : "10575 105 Avenue",
				"PAYMENT_METHODS" : "Cash/Credit Card/PayByPhone",
				"COMMENTS" : null
			}
		},
		{
			"type" : "Feature",
			"geometry" : {
				"type" : "Point",
				"coordinates" : [ 514714.478759706, 5448920.744316239 ]
			},
			"properties" : {
				"ZONE_NUMBER" : 26,
				"ZONE_NAME" : "Guildford Centre On-Street",
				"METER_ID" : "#027",
				"METER_STATION" : 14750,
				"METER_TYPE" : "Paystation",
				"METER_MODEL" : "SIEMENS SITRAFFIC PRISMA",
				"OPERATION_HOURS" : "24 Hours",
				"OPERATION_DAYS" : "7 Days/Week",
				"HOURLY_RATE" : "$1.75",
				"DAILY_RATE" : null,
				"MAXIMUM_HOURS" : null,
				"MONTHLY_UNRESERVED_RATE" : null,
				"MONTHLY_RESERVED_RATE" : null,
				"PAY_BY_PHONE" : 4358,
				"OWNER" : "Surrey",
				"ON_OFF_STREET" : "On",
				"ZONE_TYPE" : "On-Street Parking",
				"NUMBER_SPACES" : 61,
				"ADDRESS" : "10428 153 Street",
				"PAYMENT_METHODS" : "Cash/Credit Card/PayByPhone",
				"COMMENTS" : null
			}
		},
		{
			"type" : "Feature",
			"geometry" : {
				"type" : "Point",
				"coordinates" : [ 514708.86958182044, 5448811.735764887 ]
			},
			"properties" : {
				"ZONE_NUMBER" : 26,
				"ZONE_NAME" : "Guildford Centre On-Street",
				"METER_ID" : "#026",
				"METER_STATION" : 14749,
				"METER_TYPE" : "Paystation",
				"METER_MODEL" : "SIEMENS SITRAFFIC PRISMA",
				"OPERATION_HOURS" : "24 Hours",
				"OPERATION_DAYS" : "7 Days/Week",
				"HOURLY_RATE" : "$1.75",
				"DAILY_RATE" : null,
				"MAXIMUM_HOURS" : null,
				"MONTHLY_UNRESERVED_RATE" : null,
				"MONTHLY_RESERVED_RATE" : null,
				"PAY_BY_PHONE" : 4358,
				"OWNER" : "Surrey",
				"ON_OFF_STREET" : "On",
				"ZONE_TYPE" : "On-Street Parking",
				"NUMBER_SPACES" : 61,
				"ADDRESS" : "10428 153 Street",
				"PAYMENT_METHODS" : "Cash/Credit Card/PayByPhone",
				"COMMENTS" : null
			}
		},
		{
			"type" : "Feature",
			"geometry" : {
				"type" : "Point",
				"coordinates" : [ 514775.1213809913, 5448975.77775964 ]
			},
			"properties" : {
				"ZONE_NUMBER" : 26,
				"ZONE_NAME" : "Guildford Centre On-Street",
				"METER_ID" : "#030",
				"METER_STATION" : 14756,
				"METER_TYPE" : "Paystation",
				"METER_MODEL" : "SIEMENS SITRAFFIC PRISMA",
				"OPERATION_HOURS" : "8:00 AM to 5:00 PM",
				"OPERATION_DAYS" : "Mon - Fri",
				"HOURLY_RATE" : "$1.75",
				"DAILY_RATE" : null,
				"MAXIMUM_HOURS" : null,
				"MONTHLY_UNRESERVED_RATE" : null,
				"MONTHLY_RESERVED_RATE" : null,
				"PAY_BY_PHONE" : 4359,
				"OWNER" : "Surrey",
				"ON_OFF_STREET" : "On",
				"ZONE_TYPE" : "On-Street Parking",
				"NUMBER_SPACES" : 61,
				"ADDRESS" : "15353 105 Avenue",
				"PAYMENT_METHODS" : "Cash/Credit Card/PayByPhone",
				"COMMENTS" : null
			}
		},
		{
			"type" : "Feature",
			"geometry" : {
				"type" : "Point",
				"coordinates" : [ 514781.6830607811, 5448958.526891803 ]
			},
			"properties" : {
				"ZONE_NUMBER" : 26,
				"ZONE_NAME" : "Guildford Centre On-Street",
				"METER_ID" : "#028",
				"METER_STATION" : 14754,
				"METER_TYPE" : "Paystation",
				"METER_MODEL" : "SIEMENS SITRAFFIC PRISMA",
				"OPERATION_HOURS" : "24 Hours",
				"OPERATION_DAYS" : "7 Days/Week",
				"HOURLY_RATE" : "$1.75",
				"DAILY_RATE" : null,
				"MAXIMUM_HOURS" : null,
				"MONTHLY_UNRESERVED_RATE" : null,
				"MONTHLY_RESERVED_RATE" : null,
				"PAY_BY_PHONE" : 4358,
				"OWNER" : "Surrey",
				"ON_OFF_STREET" : "On",
				"ZONE_TYPE" : "On-Street Parking",
				"NUMBER_SPACES" : 61,
				"ADDRESS" : "15350 105 Avenue",
				"PAYMENT_METHODS" : "Cash/Credit Card/PayByPhone",
				"COMMENTS" : null
			}
		},
		{
			"type" : "Feature",
			"geometry" : {
				"type" : "Point",
				"coordinates" : [ 511008.104353779, 5449094.727071747 ]
			},
			"properties" : {
				"ZONE_NUMBER" : 24,
				"ZONE_NAME" : "105/105A Avenue On-Street",
				"METER_ID" : "#072",
				"METER_STATION" : 500013501590,
				"METER_TYPE" : "Paystation",
				"METER_MODEL" : "DIGITAL PAYMENT TECHNOLOGIES LUKE II",
				"OPERATION_HOURS" : "8:00 AM to 6:00 PM",
				"OPERATION_DAYS" : "Mon - Fri",
				"HOURLY_RATE" : "$1.00",
				"DAILY_RATE" : "$4.00",
				"MAXIMUM_HOURS" : "All Day",
				"MONTHLY_UNRESERVED_RATE" : null,
				"MONTHLY_RESERVED_RATE" : null,
				"PAY_BY_PHONE" : 4318,
				"OWNER" : "Surrey",
				"ON_OFF_STREET" : "On",
				"ZONE_TYPE" : "On-Street Parking",
				"NUMBER_SPACES" : 111,
				"ADDRESS" : "13461 105A Ave",
				"PAYMENT_METHODS" : "Credit Card/PayByPhone",
				"COMMENTS" : null
			}
		},
		{
			"type" : "Feature",
			"geometry" : {
				"type" : "Point",
				"coordinates" : [ 514859.3648828119, 5448977.682763446 ]
			},
			"properties" : {
				"ZONE_NUMBER" : 26,
				"ZONE_NAME" : "Guildford Centre On-Street",
				"METER_ID" : "#029",
				"METER_STATION" : 14755,
				"METER_TYPE" : "Paystation",
				"METER_MODEL" : "SIEMENS SITRAFFIC PRISMA",
				"OPERATION_HOURS" : "8:00 AM to 5:00 PM",
				"OPERATION_DAYS" : "Mon - Fri",
				"HOURLY_RATE" : "$1.75",
				"DAILY_RATE" : null,
				"MAXIMUM_HOURS" : null,
				"MONTHLY_UNRESERVED_RATE" : null,
				"MONTHLY_RESERVED_RATE" : null,
				"PAY_BY_PHONE" : 4359,
				"OWNER" : "Surrey",
				"ON_OFF_STREET" : "On",
				"ZONE_TYPE" : "On-Street Parking",
				"NUMBER_SPACES" : 61,
				"ADDRESS" : "15353 105 Avenue",
				"PAYMENT_METHODS" : "Cash/Credit Card/PayByPhone",
				"COMMENTS" : null
			}
		},
		{
			"type" : "Feature",
			"geometry" : {
				"type" : "Point",
				"coordinates" : [ 514573.5440000007, 5431131.028000003 ]
			},
			"properties" : {
				"ZONE_NUMBER" : 5,
				"ZONE_NAME" : "17 Avenue",
				"METER_ID" : "#019",
				"METER_STATION" : 14521,
				"METER_TYPE" : "Paystation",
				"METER_MODEL" : "SIEMENS SITRAFFIC PRISMA",
				"OPERATION_HOURS" : "8:00 AM to 8:00 PM",
				"OPERATION_DAYS" : "7 Days/Week",
				"HOURLY_RATE" : "$1.00",
				"DAILY_RATE" : null,
				"MAXIMUM_HOURS" : "2",
				"MONTHLY_UNRESERVED_RATE" : null,
				"MONTHLY_RESERVED_RATE" : null,
				"PAY_BY_PHONE" : 4304,
				"OWNER" : "Surrey",
				"ON_OFF_STREET" : "On",
				"ZONE_TYPE" : "On-Street Parking",
				"NUMBER_SPACES" : 12,
				"ADDRESS" : "1688 17 Ave",
				"PAYMENT_METHODS" : "Cash/Credit Card/PayByPhone",
				"COMMENTS" : null
			}
		},
		{
			"type" : "Feature",
			"geometry" : {
				"type" : "Point",
				"coordinates" : [ 511655.1040000003, 5447047.117000001 ]
			},
			"properties" : {
				"ZONE_NUMBER" : 3,
				"ZONE_NAME" : "Hospital South",
				"METER_ID" : "#049",
				"METER_STATION" : 14775,
				"METER_TYPE" : "Paystation",
				"METER_MODEL" : "SIEMENS SITRAFFIC PRISMA",
				"OPERATION_HOURS" : "8:00 AM to 11:00 PM",
				"OPERATION_DAYS" : "7 Days/Week",
				"HOURLY_RATE" : "$1.75",
				"DAILY_RATE" : null,
				"MAXIMUM_HOURS" : "2",
				"MONTHLY_UNRESERVED_RATE" : null,
				"MONTHLY_RESERVED_RATE" : null,
				"PAY_BY_PHONE" : 4296,
				"OWNER" : "Surrey",
				"ON_OFF_STREET" : "On",
				"ZONE_TYPE" : "On-Street Parking",
				"NUMBER_SPACES" : 42,
				"ADDRESS" : "13665 138 St",
				"PAYMENT_METHODS" : "Cash/Credit Card/PayByPhone",
				"COMMENTS" : null
			}
		},
		{
			"type" : "Feature",
			"geometry" : {
				"type" : "Point",
				"coordinates" : [ 511356.4497000007, 5447341.1536 ]
			},
			"properties" : {
				"ZONE_NUMBER" : 8,
				"ZONE_NAME" : "Hospital North",
				"METER_ID" : "#041",
				"METER_STATION" : 14767,
				"METER_TYPE" : "Paystation",
				"METER_MODEL" : "SIEMENS SITRAFFIC PRISMA",
				"OPERATION_HOURS" : "6:00 AM to 8:00 PM",
				"OPERATION_DAYS" : "7 Days/Week",
				"HOURLY_RATE" : "$1.25",
				"DAILY_RATE" : "$5.00",
				"MAXIMUM_HOURS" : "All Day",
				"MONTHLY_UNRESERVED_RATE" : null,
				"MONTHLY_RESERVED_RATE" : null,
				"PAY_BY_PHONE" : 4309,
				"OWNER" : "Surrey",
				"ON_OFF_STREET" : "On",
				"ZONE_TYPE" : "On-Street Parking",
				"NUMBER_SPACES" : 76,
				"ADDRESS" : "9666 King George Blvd",
				"PAYMENT_METHODS" : "Cash/Credit Card/PayByPhone",
				"COMMENTS" : null
			}
		},
		{
			"type" : "Feature",
			"geometry" : {
				"type" : "Point",
				"coordinates" : [ 511520.1171000004, 5447286.210400002 ]
			},
			"properties" : {
				"ZONE_NUMBER" : 8,
				"ZONE_NAME" : "Hospital North",
				"METER_ID" : "#046",
				"METER_STATION" : 14772,
				"METER_TYPE" : "Paystation",
				"METER_MODEL" : "SIEMENS SITRAFFIC PRISMA",
				"OPERATION_HOURS" : "6:00 AM to 8:00 PM",
				"OPERATION_DAYS" : "7 Days/Week",
				"HOURLY_RATE" : "$1.25",
				"DAILY_RATE" : "$5.00",
				"MAXIMUM_HOURS" : "All Day",
				"MONTHLY_UNRESERVED_RATE" : null,
				"MONTHLY_RESERVED_RATE" : null,
				"PAY_BY_PHONE" : 4309,
				"OWNER" : "Surrey",
				"ON_OFF_STREET" : "On",
				"ZONE_TYPE" : "On-Street Parking",
				"NUMBER_SPACES" : 76,
				"ADDRESS" : "9688 137A St",
				"PAYMENT_METHODS" : "Cash/Credit Card/PayByPhone",
				"COMMENTS" : null
			}
		},
		{
			"type" : "Feature",
			"geometry" : {
				"type" : "Point",
				"coordinates" : [ 511587.7215232132, 5447248.893670538 ]
			},
			"properties" : {
				"ZONE_NUMBER" : 8,
				"ZONE_NAME" : "Hospital North",
				"METER_ID" : "#054",
				"METER_STATION" : 14184,
				"METER_TYPE" : "Paystation",
				"METER_MODEL" : "SIEMENS SITRAFFIC PRISMA",
				"OPERATION_HOURS" : "6:00 AM to 8:00 PM",
				"OPERATION_DAYS" : "7 Days/Week",
				"HOURLY_RATE" : "$1.25",
				"DAILY_RATE" : "$5.00",
				"MAXIMUM_HOURS" : "All Day",
				"MONTHLY_UNRESERVED_RATE" : null,
				"MONTHLY_RESERVED_RATE" : null,
				"PAY_BY_PHONE" : 4309,
				"OWNER" : "Surrey",
				"ON_OFF_STREET" : "On",
				"ZONE_TYPE" : "On-Street Parking",
				"NUMBER_SPACES" : 76,
				"ADDRESS" : "9650 137A St",
				"PAYMENT_METHODS" : "Cash/Credit Card/PayByPhone",
				"COMMENTS" : null
			}
		},
		{
			"type" : "Feature",
			"geometry" : {
				"type" : "Point",
				"coordinates" : [ 511408.8854000019, 5447388.538200002 ]
			},
			"properties" : {
				"ZONE_NUMBER" : 8,
				"ZONE_NAME" : "Hospital North",
				"METER_ID" : "#040",
				"METER_STATION" : 14766,
				"METER_TYPE" : "Paystation",
				"METER_MODEL" : "SIEMENS SITRAFFIC PRISMA",
				"OPERATION_HOURS" : "6:00 AM to 8:00 PM",
				"OPERATION_DAYS" : "7 Days/Week",
				"HOURLY_RATE" : "$1.25",
				"DAILY_RATE" : "$5.00",
				"MAXIMUM_HOURS" : "All Day",
				"MONTHLY_UNRESERVED_RATE" : null,
				"MONTHLY_RESERVED_RATE" : null,
				"PAY_BY_PHONE" : 4309,
				"OWNER" : "Surrey",
				"ON_OFF_STREET" : "On",
				"ZONE_TYPE" : "On-Street Parking",
				"NUMBER_SPACES" : 76,
				"ADDRESS" : "9711 137 St",
				"PAYMENT_METHODS" : "Cash/Credit Card/PayByPhone",
				"COMMENTS" : null
			}
		},
		{
			"type" : "Feature",
			"geometry" : {
				"type" : "Point",
				"coordinates" : [ 511504.9060000004, 5447267.604 ]
			},
			"properties" : {
				"ZONE_NUMBER" : 8,
				"ZONE_NAME" : "Hospital North",
				"METER_ID" : "#052",
				"METER_STATION" : 14183,
				"METER_TYPE" : "Paystation",
				"METER_MODEL" : "SIEMENS SITRAFFIC PRISMA",
				"OPERATION_HOURS" : "6:00 AM to 8:00 PM",
				"OPERATION_DAYS" : "7 Days/Week",
				"HOURLY_RATE" : "$1.25",
				"DAILY_RATE" : "$5.00",
				"MAXIMUM_HOURS" : "All Day",
				"MONTHLY_UNRESERVED_RATE" : null,
				"MONTHLY_RESERVED_RATE" : null,
				"PAY_BY_PHONE" : 4309,
				"OWNER" : "Surrey",
				"ON_OFF_STREET" : "On",
				"ZONE_TYPE" : "On-Street Parking",
				"NUMBER_SPACES" : 76,
				"ADDRESS" : "9639 137A St",
				"PAYMENT_METHODS" : "Cash/Credit Card/PayByPhone",
				"COMMENTS" : null
			}
		},
		{
			"type" : "Feature",
			"geometry" : {
				"type" : "Point",
				"coordinates" : [ 511410.37799999956, 5447239.664000001 ]
			},
			"properties" : {
				"ZONE_NUMBER" : 8,
				"ZONE_NAME" : "Hospital North",
				"METER_ID" : "#050",
				"METER_STATION" : 14179,
				"METER_TYPE" : "Paystation",
				"METER_MODEL" : "SIEMENS SITRAFFIC PRISMA",
				"OPERATION_HOURS" : "6:00 AM to 8:00 PM",
				"OPERATION_DAYS" : "7 Days/Week",
				"HOURLY_RATE" : "$1.25",
				"DAILY_RATE" : "$5.00",
				"MAXIMUM_HOURS" : "All Day",
				"MONTHLY_UNRESERVED_RATE" : null,
				"MONTHLY_RESERVED_RATE" : null,
				"PAY_BY_PHONE" : 4309,
				"OWNER" : "Surrey",
				"ON_OFF_STREET" : "On",
				"ZONE_TYPE" : "On-Street Parking",
				"NUMBER_SPACES" : 76,
				"ADDRESS" : "9645 137 St",
				"PAYMENT_METHODS" : "Cash/Credit Card/PayByPhone",
				"COMMENTS" : null
			}
		},
		{
			"type" : "Feature",
			"geometry" : {
				"type" : "Point",
				"coordinates" : [ 511427.60699999984, 5447272.028000001 ]
			},
			"properties" : {
				"ZONE_NUMBER" : 8,
				"ZONE_NAME" : "Hospital North",
				"METER_ID" : "#051",
				"METER_STATION" : 14182,
				"METER_TYPE" : "Paystation",
				"METER_MODEL" : "SIEMENS SITRAFFIC PRISMA",
				"OPERATION_HOURS" : "6:00 AM to 8:00 PM",
				"OPERATION_DAYS" : "7 Days/Week",
				"HOURLY_RATE" : "$1.25",
				"DAILY_RATE" : "$5.00",
				"MAXIMUM_HOURS" : "All Day",
				"MONTHLY_UNRESERVED_RATE" : null,
				"MONTHLY_RESERVED_RATE" : null,
				"PAY_BY_PHONE" : 4309,
				"OWNER" : "Surrey",
				"ON_OFF_STREET" : "On",
				"ZONE_TYPE" : "On-Street Parking",
				"NUMBER_SPACES" : 76,
				"ADDRESS" : "9639 137A St",
				"PAYMENT_METHODS" : "Cash/Credit Card/PayByPhone",
				"COMMENTS" : null
			}
		},
		{
			"type" : "Feature",
			"geometry" : {
				"type" : "Point",
				"coordinates" : [ 511516.268600001, 5447227.520900002 ]
			},
			"properties" : {
				"ZONE_NUMBER" : 8,
				"ZONE_NAME" : "Hospital North",
				"METER_ID" : "#048",
				"METER_STATION" : 14774,
				"METER_TYPE" : "Paystation",
				"METER_MODEL" : "SIEMENS SITRAFFIC PRISMA",
				"OPERATION_HOURS" : "6:00 AM to 8:00 PM",
				"OPERATION_DAYS" : "7 Days/Week",
				"HOURLY_RATE" : "$1.25",
				"DAILY_RATE" : "$5.00",
				"MAXIMUM_HOURS" : "All Day",
				"MONTHLY_UNRESERVED_RATE" : null,
				"MONTHLY_RESERVED_RATE" : null,
				"PAY_BY_PHONE" : 4309,
				"OWNER" : "Surrey",
				"ON_OFF_STREET" : "On",
				"ZONE_TYPE" : "On-Street Parking",
				"NUMBER_SPACES" : 76,
				"ADDRESS" : "9650 137A St",
				"PAYMENT_METHODS" : "Cash/Credit Card/PayByPhone",
				"COMMENTS" : null
			}
		},
		{
			"type" : "Feature",
			"geometry" : {
				"type" : "Point",
				"coordinates" : [ 511277.87700000126, 5447399.8549000025 ]
			},
			"properties" : {
				"ZONE_NUMBER" : 8,
				"ZONE_NAME" : "Hospital North",
				"METER_ID" : "#039",
				"METER_STATION" : 14765,
				"METER_TYPE" : "Paystation",
				"METER_MODEL" : "SIEMENS SITRAFFIC PRISMA",
				"OPERATION_HOURS" : "6:00 AM to 8:00 PM",
				"OPERATION_DAYS" : "7 Days/Week",
				"HOURLY_RATE" : "$1.25",
				"DAILY_RATE" : "$5.00",
				"MAXIMUM_HOURS" : "All Day",
				"MONTHLY_UNRESERVED_RATE" : null,
				"MONTHLY_RESERVED_RATE" : null,
				"PAY_BY_PHONE" : 4309,
				"OWNER" : "Surrey",
				"ON_OFF_STREET" : "On",
				"ZONE_TYPE" : "On-Street Parking",
				"NUMBER_SPACES" : 76,
				"ADDRESS" : "9770 King George Blvd",
				"PAYMENT_METHODS" : "Cash/Credit Card/PayByPhone",
				"COMMENTS" : null
			}
		},
		{
			"type" : "Feature",
			"geometry" : {
				"type" : "Point",
				"coordinates" : [ 511367.87490000017, 5447294.9717000015 ]
			},
			"properties" : {
				"ZONE_NUMBER" : 8,
				"ZONE_NAME" : "Hospital North",
				"METER_ID" : "#042",
				"METER_STATION" : 14768,
				"METER_TYPE" : "Paystation",
				"METER_MODEL" : "SIEMENS SITRAFFIC PRISMA",
				"OPERATION_HOURS" : "6:00 AM to 8:00 PM",
				"OPERATION_DAYS" : "7 Days/Week",
				"HOURLY_RATE" : "$1.25",
				"DAILY_RATE" : "$5.00",
				"MAXIMUM_HOURS" : "All Day",
				"MONTHLY_UNRESERVED_RATE" : null,
				"MONTHLY_RESERVED_RATE" : null,
				"PAY_BY_PHONE" : 4309,
				"OWNER" : "Surrey",
				"ON_OFF_STREET" : "On",
				"ZONE_TYPE" : "On-Street Parking",
				"NUMBER_SPACES" : 76,
				"ADDRESS" : "9677 137 St",
				"PAYMENT_METHODS" : "Cash/Credit Card/PayByPhone",
				"COMMENTS" : null
			}
		},
		{
			"type" : "Feature",
			"geometry" : {
				"type" : "Point",
				"coordinates" : [ 511501.41400000174, 5447211.259 ]
			},
			"properties" : {
				"ZONE_NUMBER" : 8,
				"ZONE_NAME" : "Hospital North",
				"METER_ID" : "#053",
				"METER_STATION" : 14185,
				"METER_TYPE" : "Paystation",
				"METER_MODEL" : "SIEMENS SITRAFFIC PRISMA",
				"OPERATION_HOURS" : "6:00 AM to 8:00 PM",
				"OPERATION_DAYS" : "7 Days/Week",
				"HOURLY_RATE" : "$1.25",
				"DAILY_RATE" : "$5.00",
				"MAXIMUM_HOURS" : "All Day",
				"MONTHLY_UNRESERVED_RATE" : null,
				"MONTHLY_RESERVED_RATE" : null,
				"PAY_BY_PHONE" : 4309,
				"OWNER" : "Surrey",
				"ON_OFF_STREET" : "On",
				"ZONE_TYPE" : "On-Street Parking",
				"NUMBER_SPACES" : 76,
				"ADDRESS" : "13737 96 Ave",
				"PAYMENT_METHODS" : "Cash/Credit Card/PayByPhone",
				"COMMENTS" : null
			}
		},
		{
			"type" : "Feature",
			"geometry" : {
				"type" : "Point",
				"coordinates" : [ 515396.1950000003, 5429313.210999999 ]
			},
			"properties" : {
				"ZONE_NUMBER" : 6,
				"ZONE_NAME" : "Marine Drive",
				"METER_ID" : "#020",
				"METER_STATION" : 14522,
				"METER_TYPE" : "Paystation",
				"METER_MODEL" : "SIEMENS SITRAFFIC PRISMA",
				"OPERATION_HOURS" : "8:00 AM to 11:00 PM",
				"OPERATION_DAYS" : "7 Days/Week",
				"HOURLY_RATE" : "$1.50",
				"DAILY_RATE" : null,
				"MAXIMUM_HOURS" : "6",
				"MONTHLY_UNRESERVED_RATE" : null,
				"MONTHLY_RESERVED_RATE" : null,
				"PAY_BY_PHONE" : 4294,
				"OWNER" : "Surrey",
				"ON_OFF_STREET" : "On",
				"ZONE_TYPE" : "On-Street Parking",
				"NUMBER_SPACES" : 53,
				"ADDRESS" : "15638 8 Ave",
				"PAYMENT_METHODS" : "Cash/Credit Card/PayByPhone",
				"COMMENTS" : null
			}
		},
		{
			"type" : "Feature",
			"geometry" : {
				"type" : "Point",
				"coordinates" : [ 515823.66300000064, 5429313.279000001 ]
			},
			"properties" : {
				"ZONE_NUMBER" : 6,
				"ZONE_NAME" : "Marine Drive",
				"METER_ID" : "#023",
				"METER_STATION" : 14525,
				"METER_TYPE" : "Paystation",
				"METER_MODEL" : "SIEMENS SITRAFFIC PRISMA",
				"OPERATION_HOURS" : "8:00 AM to 11:00 PM",
				"OPERATION_DAYS" : "7 Days/Week",
				"HOURLY_RATE" : "$1.50",
				"DAILY_RATE" : null,
				"MAXIMUM_HOURS" : "6",
				"MONTHLY_UNRESERVED_RATE" : null,
				"MONTHLY_RESERVED_RATE" : null,
				"PAY_BY_PHONE" : 4294,
				"OWNER" : "Surrey",
				"ON_OFF_STREET" : "On",
				"ZONE_TYPE" : "On-Street Parking",
				"NUMBER_SPACES" : 53,
				"ADDRESS" : "15638 8 Ave",
				"PAYMENT_METHODS" : "Cash/Credit Card/PayByPhone",
				"COMMENTS" : null
			}
		},
		{
			"type" : "Feature",
			"geometry" : {
				"type" : "Point",
				"coordinates" : [ 515494.5540000014, 5429312.482999999 ]
			},
			"properties" : {
				"ZONE_NUMBER" : 6,
				"ZONE_NAME" : "Marine Drive",
				"METER_ID" : "#021",
				"METER_STATION" : 14523,
				"METER_TYPE" : "Paystation",
				"METER_MODEL" : "SIEMENS SITRAFFIC PRISMA",
				"OPERATION_HOURS" : "8:00 AM to 11:00 PM",
				"OPERATION_DAYS" : "7 Days/Week",
				"HOURLY_RATE" : "$1.50",
				"DAILY_RATE" : null,
				"MAXIMUM_HOURS" : "6",
				"MONTHLY_UNRESERVED_RATE" : null,
				"MONTHLY_RESERVED_RATE" : null,
				"PAY_BY_PHONE" : 4294,
				"OWNER" : "Surrey",
				"ON_OFF_STREET" : "On",
				"ZONE_TYPE" : "On-Street Parking",
				"NUMBER_SPACES" : 53,
				"ADDRESS" : "15638 8 Ave",
				"PAYMENT_METHODS" : "Cash/Credit Card/PayByPhone",
				"COMMENTS" : null
			}
		},
		{
			"type" : "Feature",
			"geometry" : {
				"type" : "Point",
				"coordinates" : [ 515578.42700000014, 5429312.680999998 ]
			},
			"properties" : {
				"ZONE_NUMBER" : 6,
				"ZONE_NAME" : "Marine Drive",
				"METER_ID" : "#022",
				"METER_STATION" : 14524,
				"METER_TYPE" : "Paystation",
				"METER_MODEL" : "SIEMENS SITRAFFIC PRISMA",
				"OPERATION_HOURS" : "8:00 AM to 11:00 PM",
				"OPERATION_DAYS" : "7 Days/Week",
				"HOURLY_RATE" : "$1.50",
				"DAILY_RATE" : null,
				"MAXIMUM_HOURS" : "6",
				"MONTHLY_UNRESERVED_RATE" : null,
				"MONTHLY_RESERVED_RATE" : null,
				"PAY_BY_PHONE" : 4294,
				"OWNER" : "Surrey",
				"ON_OFF_STREET" : "On",
				"ZONE_TYPE" : "On-Street Parking",
				"NUMBER_SPACES" : 53,
				"ADDRESS" : "15638 8 Ave",
				"PAYMENT_METHODS" : "Cash/Credit Card/PayByPhone",
				"COMMENTS" : null
			}
		},
		{
			"type" : "Feature",
			"geometry" : {
				"type" : "Point",
				"coordinates" : [ 516076.64300000016, 5429313.775000002 ]
			},
			"properties" : {
				"ZONE_NUMBER" : 6,
				"ZONE_NAME" : "Marine Drive",
				"METER_ID" : "#025",
				"METER_STATION" : 14527,
				"METER_TYPE" : "Paystation",
				"METER_MODEL" : "SIEMENS SITRAFFIC PRISMA",
				"OPERATION_HOURS" : "8:00 AM to 11:00 PM",
				"OPERATION_DAYS" : "7 Days/Week",
				"HOURLY_RATE" : "$1.50",
				"DAILY_RATE" : null,
				"MAXIMUM_HOURS" : "6",
				"MONTHLY_UNRESERVED_RATE" : null,
				"MONTHLY_RESERVED_RATE" : null,
				"PAY_BY_PHONE" : 4294,
				"OWNER" : "Surrey",
				"ON_OFF_STREET" : "On",
				"ZONE_TYPE" : "On-Street Parking",
				"NUMBER_SPACES" : 53,
				"ADDRESS" : "15638 8 Ave",
				"PAYMENT_METHODS" : "Cash/Credit Card/PayByPhone",
				"COMMENTS" : null
			}
		},
		{
			"type" : "Feature",
			"geometry" : {
				"type" : "Point",
				"coordinates" : [ 511007.2544, 5449529.8642 ]
			},
			"properties" : {
				"ZONE_NUMBER" : 4,
				"ZONE_NAME" : "Gateway South",
				"METER_ID" : "#014",
				"METER_STATION" : 14516,
				"METER_TYPE" : "Paystation",
				"METER_MODEL" : "SIEMENS SITRAFFIC PRISMA",
				"OPERATION_HOURS" : "8:00 AM to 6:00 PM",
				"OPERATION_DAYS" : "7 Days/Week",
				"HOURLY_RATE" : "$1.00",
				"DAILY_RATE" : "$4.00",
				"MAXIMUM_HOURS" : "All Day",
				"MONTHLY_UNRESERVED_RATE" : null,
				"MONTHLY_RESERVED_RATE" : null,
				"PAY_BY_PHONE" : 4303,
				"OWNER" : "Surrey",
				"ON_OFF_STREET" : "On",
				"ZONE_TYPE" : "On-Street Parking",
				"NUMBER_SPACES" : 62,
				"ADDRESS" : "13456 108 Ave",
				"PAYMENT_METHODS" : "Cash/Credit Card/PayByPhone",
				"COMMENTS" : null
			}
		},
		{
			"type" : "Feature",
			"geometry" : {
				"type" : "Point",
				"coordinates" : [ 511005.33010000177, 5449439.424699999 ]
			},
			"properties" : {
				"ZONE_NUMBER" : 4,
				"ZONE_NAME" : "Gateway South",
				"METER_ID" : "#015",
				"METER_STATION" : 14517,
				"METER_TYPE" : "Paystation",
				"METER_MODEL" : "SIEMENS SITRAFFIC PRISMA",
				"OPERATION_HOURS" : "8:00 AM to 6:00 PM",
				"OPERATION_DAYS" : "7 Days/Week",
				"HOURLY_RATE" : "$1.00",
				"DAILY_RATE" : "$4.00",
				"MAXIMUM_HOURS" : "All Day",
				"MONTHLY_UNRESERVED_RATE" : null,
				"MONTHLY_RESERVED_RATE" : null,
				"PAY_BY_PHONE" : 4303,
				"OWNER" : "Surrey",
				"ON_OFF_STREET" : "On",
				"ZONE_TYPE" : "On-Street Parking",
				"NUMBER_SPACES" : 62,
				"ADDRESS" : "13455 107A Ave",
				"PAYMENT_METHODS" : "Cash/Credit Card/PayByPhone",
				"COMMENTS" : null
			}
		},
		{
			"type" : "Feature",
			"geometry" : {
				"type" : "Point",
				"coordinates" : [ 510928.03809999954, 5449418.535000002 ]
			},
			"properties" : {
				"ZONE_NUMBER" : 4,
				"ZONE_NAME" : "Gateway South",
				"METER_ID" : "#016",
				"METER_STATION" : 14518,
				"METER_TYPE" : "Paystation",
				"METER_MODEL" : "SIEMENS SITRAFFIC PRISMA",
				"OPERATION_HOURS" : "8:00 AM to 6:00 PM",
				"OPERATION_DAYS" : "7 Days/Week",
				"HOURLY_RATE" : "$1.00",
				"DAILY_RATE" : "$4.00",
				"MAXIMUM_HOURS" : "All Day",
				"MONTHLY_UNRESERVED_RATE" : null,
				"MONTHLY_RESERVED_RATE" : null,
				"PAY_BY_PHONE" : 4303,
				"OWNER" : "Surrey",
				"ON_OFF_STREET" : "On",
				"ZONE_TYPE" : "On-Street Parking",
				"NUMBER_SPACES" : 62,
				"ADDRESS" : "13425 107A Ave",
				"PAYMENT_METHODS" : "Cash/Credit Card/PayByPhone",
				"COMMENTS" : null
			}
		},
		{
			"type" : "Feature",
			"geometry" : {
				"type" : "Point",
				"coordinates" : [ 510961.231399999, 5449402.4195000045 ]
			},
			"properties" : {
				"ZONE_NUMBER" : 4,
				"ZONE_NAME" : "Gateway South",
				"METER_ID" : "#017",
				"METER_STATION" : 14519,
				"METER_TYPE" : "Paystation",
				"METER_MODEL" : "SIEMENS SITRAFFIC PRISMA",
				"OPERATION_HOURS" : "8:00 AM to 6:00 PM",
				"OPERATION_DAYS" : "7 Days/Week",
				"HOURLY_RATE" : "$1.00",
				"DAILY_RATE" : "$4.00",
				"MAXIMUM_HOURS" : "All Day",
				"MONTHLY_UNRESERVED_RATE" : null,
				"MONTHLY_RESERVED_RATE" : null,
				"PAY_BY_PHONE" : 4303,
				"OWNER" : "Surrey",
				"ON_OFF_STREET" : "On",
				"ZONE_TYPE" : "On-Street Parking",
				"NUMBER_SPACES" : 62,
				"ADDRESS" : "13458 107A Ave",
				"PAYMENT_METHODS" : "Cash/Credit Card/PayByPhone",
				"COMMENTS" : null
			}
		},
		{
			"type" : "Feature",
			"geometry" : {
				"type" : "Point",
				"coordinates" : [ 511005.97009999957, 5449368.023600003 ]
			},
			"properties" : {
				"ZONE_NUMBER" : 4,
				"ZONE_NAME" : "Gateway South",
				"METER_ID" : "#018",
				"METER_STATION" : 14520,
				"METER_TYPE" : "Paystation",
				"METER_MODEL" : "SIEMENS SITRAFFIC PRISMA",
				"OPERATION_HOURS" : "8:00 AM to 6:00 PM",
				"OPERATION_DAYS" : "7 Days/Week",
				"HOURLY_RATE" : "$1.00",
				"DAILY_RATE" : "$4.00",
				"MAXIMUM_HOURS" : "All Day",
				"MONTHLY_UNRESERVED_RATE" : null,
				"MONTHLY_RESERVED_RATE" : null,
				"PAY_BY_PHONE" : 4303,
				"OWNER" : "Surrey",
				"ON_OFF_STREET" : "On",
				"ZONE_TYPE" : "On-Street Parking",
				"NUMBER_SPACES" : 62,
				"ADDRESS" : "13458 107A Ave",
				"PAYMENT_METHODS" : "Cash/Credit Card/PayByPhone",
				"COMMENTS" : null
			}
		},
		{
			"type" : "Feature",
			"geometry" : {
				"type" : "Point",
				"coordinates" : [ 511411.6430000011, 5446896.055 ]
			},
			"properties" : {
				"ZONE_NUMBER" : 3,
				"ZONE_NAME" : "Hospital South",
				"METER_ID" : "#012",
				"METER_STATION" : 14514,
				"METER_TYPE" : "Paystation",
				"METER_MODEL" : "SIEMENS SITRAFFIC PRISMA",
				"OPERATION_HOURS" : "8:00 AM to 11:00 PM",
				"OPERATION_DAYS" : "7 Days/Week",
				"HOURLY_RATE" : "$1.75",
				"DAILY_RATE" : null,
				"MAXIMUM_HOURS" : "2",
				"MONTHLY_UNRESERVED_RATE" : null,
				"MONTHLY_RESERVED_RATE" : null,
				"PAY_BY_PHONE" : 4296,
				"OWNER" : "Surrey",
				"ON_OFF_STREET" : "On",
				"ZONE_TYPE" : "On-Street Parking",
				"NUMBER_SPACES" : 42,
				"ADDRESS" : "13665 94A Ave",
				"PAYMENT_METHODS" : "Cash/Credit Card/PayByPhone",
				"COMMENTS" : null
			}
		},
		{
			"type" : "Feature",
			"geometry" : {
				"type" : "Point",
				"coordinates" : [ 511523.5739999991, 5446896.801000003 ]
			},
			"properties" : {
				"ZONE_NUMBER" : 3,
				"ZONE_NAME" : "Hospital South",
				"METER_ID" : "#013",
				"METER_STATION" : 14515,
				"METER_TYPE" : "Paystation",
				"METER_MODEL" : "SIEMENS SITRAFFIC PRISMA",
				"OPERATION_HOURS" : "8:00 AM to 11:00 PM",
				"OPERATION_DAYS" : "7 Days/Week",
				"HOURLY_RATE" : "$1.75",
				"DAILY_RATE" : null,
				"MAXIMUM_HOURS" : "2",
				"MONTHLY_UNRESERVED_RATE" : null,
				"MONTHLY_RESERVED_RATE" : null,
				"PAY_BY_PHONE" : 4296,
				"OWNER" : "Surrey",
				"ON_OFF_STREET" : "On",
				"ZONE_TYPE" : "On-Street Parking",
				"NUMBER_SPACES" : 42,
				"ADDRESS" : "13665 94A Ave",
				"PAYMENT_METHODS" : "Cash/Credit Card/PayByPhone",
				"COMMENTS" : null
			}
		},
		{
			"type" : "Feature",
			"geometry" : {
				"type" : "Point",
				"coordinates" : [ 511654.90500000026, 5446968.734000003 ]
			},
			"properties" : {
				"ZONE_NUMBER" : 3,
				"ZONE_NAME" : "Hospital South",
				"METER_ID" : "#011",
				"METER_STATION" : 14513,
				"METER_TYPE" : "Paystation",
				"METER_MODEL" : "SIEMENS SITRAFFIC PRISMA",
				"OPERATION_HOURS" : "8:00 AM to 11:00 PM",
				"OPERATION_DAYS" : "7 Days/Week",
				"HOURLY_RATE" : "$1.75",
				"DAILY_RATE" : null,
				"MAXIMUM_HOURS" : "2",
				"MONTHLY_UNRESERVED_RATE" : null,
				"MONTHLY_RESERVED_RATE" : null,
				"PAY_BY_PHONE" : 4296,
				"OWNER" : "Surrey",
				"ON_OFF_STREET" : "On",
				"ZONE_TYPE" : "On-Street Parking",
				"NUMBER_SPACES" : 42,
				"ADDRESS" : "13665 138 St",
				"PAYMENT_METHODS" : "Cash/Credit Card/PayByPhone",
				"COMMENTS" : null
			}
		},
		{
			"type" : "Feature",
			"geometry" : {
				"type" : "Point",
				"coordinates" : [ 511220.67931243405, 5447859.936112642 ]
			},
			"properties" : {
				"ZONE_NUMBER" : 25,
				"ZONE_NAME" : "Holland Park",
				"METER_ID" : "#224",
				"METER_STATION" : 520014451704,
				"METER_TYPE" : "Paystation",
				"METER_MODEL" : "DIGITAL PAYMENT TECHNOLOGIES LUKE II",
				"OPERATION_HOURS" : "6:00 AM to 6:00 PM",
				"OPERATION_DAYS" : "Mon - Fri",
				"HOURLY_RATE" : "$1.00",
				"DAILY_RATE" : "$5.00",
				"MAXIMUM_HOURS" : "All Day",
				"MONTHLY_UNRESERVED_RATE" : null,
				"MONTHLY_RESERVED_RATE" : null,
				"PAY_BY_PHONE" : 5016,
				"OWNER" : "Surrey",
				"ON_OFF_STREET" : "Off",
				"ZONE_TYPE" : "Surface Paved Off-Street",
				"NUMBER_SPACES" : 39,
				"ADDRESS" : "9987 King George Blvd",
				"PAYMENT_METHODS" : "Credit Card/PayByPhone",
				"COMMENTS" : null
			}
		},
		{
			"type" : "Feature",
			"geometry" : {
				"type" : "Point",
				"coordinates" : [ 509118.96900000144, 5449996.868999999 ]
			},
			"properties" : {
				"ZONE_NUMBER" : 12,
				"ZONE_NAME" : "Scott Road SkyTrain On-Street",
				"METER_ID" : "#055",
				"METER_STATION" : 500013501582,
				"METER_TYPE" : "Paystation",
				"METER_MODEL" : "DIGITAL PAYMENT TECHNOLOGIES LUKE II",
				"OPERATION_HOURS" : "8:00 AM to 6:00 PM",
				"OPERATION_DAYS" : "7 Days/Week",
				"HOURLY_RATE" : "$1.00",
				"DAILY_RATE" : "$2.00",
				"MAXIMUM_HOURS" : "All Day",
				"MONTHLY_UNRESERVED_RATE" : null,
				"MONTHLY_RESERVED_RATE" : null,
				"PAY_BY_PHONE" : 4315,
				"OWNER" : "Surrey",
				"ON_OFF_STREET" : "On",
				"ZONE_TYPE" : "On-Street Parking",
				"NUMBER_SPACES" : 59,
				"ADDRESS" : "12515 110 Ave",
				"PAYMENT_METHODS" : "Credit Card/PayByPhone",
				"COMMENTS" : null
			}
		},
		{
			"type" : "Feature",
			"geometry" : {
				"type" : "Point",
				"coordinates" : [ 509229.79500000086, 5449996.868999999 ]
			},
			"properties" : {
				"ZONE_NUMBER" : 12,
				"ZONE_NAME" : "Scott Road SkyTrain On-Street",
				"METER_ID" : "#056",
				"METER_STATION" : 500013501583,
				"METER_TYPE" : "Paystation",
				"METER_MODEL" : "DIGITAL PAYMENT TECHNOLOGIES LUKE II",
				"OPERATION_HOURS" : "8:00 AM to 6:00 PM",
				"OPERATION_DAYS" : "7 Days/Week",
				"HOURLY_RATE" : "$1.00",
				"DAILY_RATE" : "$2.00",
				"MAXIMUM_HOURS" : "All Day",
				"MONTHLY_UNRESERVED_RATE" : null,
				"MONTHLY_RESERVED_RATE" : null,
				"PAY_BY_PHONE" : 4315,
				"OWNER" : "Surrey",
				"ON_OFF_STREET" : "On",
				"ZONE_TYPE" : "On-Street Parking",
				"NUMBER_SPACES" : 59,
				"ADDRESS" : "12515 110 Ave",
				"PAYMENT_METHODS" : "Credit Card/PayByPhone",
				"COMMENTS" : null
			}
		},
		{
			"type" : "Feature",
			"geometry" : {
				"type" : "Point",
				"coordinates" : [ 510797.6160000032, 5449776.862000002 ]
			},
			"properties" : {
				"ZONE_NUMBER" : 1,
				"ZONE_NAME" : "Gateway North",
				"METER_ID" : "#058",
				"METER_STATION" : 500013501585,
				"METER_TYPE" : "Paystation",
				"METER_MODEL" : "DIGITAL PAYMENT TECHNOLOGIES LUKE II",
				"OPERATION_HOURS" : "8:00 AM to 6:00 PM",
				"OPERATION_DAYS" : "7 Days/Week",
				"HOURLY_RATE" : "$1.00",
				"DAILY_RATE" : "$4.00",
				"MAXIMUM_HOURS" : "All Day",
				"MONTHLY_UNRESERVED_RATE" : null,
				"MONTHLY_RESERVED_RATE" : null,
				"PAY_BY_PHONE" : 4317,
				"OWNER" : "Surrey",
				"ON_OFF_STREET" : "On",
				"ZONE_TYPE" : "On-Street Parking",
				"NUMBER_SPACES" : 222,
				"ADDRESS" : "13433 Gateway Dr",
				"PAYMENT_METHODS" : "Credit Card/PayByPhone",
				"COMMENTS" : null
			}
		},
		{
			"type" : "Feature",
			"geometry" : {
				"type" : "Point",
				"coordinates" : [ 510768.8969999999, 5449847.915000001 ]
			},
			"properties" : {
				"ZONE_NUMBER" : 1,
				"ZONE_NAME" : "Gateway North",
				"METER_ID" : "#060",
				"METER_STATION" : 500013501587,
				"METER_TYPE" : "Paystation",
				"METER_MODEL" : "DIGITAL PAYMENT TECHNOLOGIES LUKE II",
				"OPERATION_HOURS" : "8:00 AM to 6:00 PM",
				"OPERATION_DAYS" : "7 Days/Week",
				"HOURLY_RATE" : "$1.00",
				"DAILY_RATE" : "$4.00",
				"MAXIMUM_HOURS" : "All Day",
				"MONTHLY_UNRESERVED_RATE" : null,
				"MONTHLY_RESERVED_RATE" : null,
				"PAY_BY_PHONE" : 4317,
				"OWNER" : "Surrey",
				"ON_OFF_STREET" : "On",
				"ZONE_TYPE" : "On-Street Parking",
				"NUMBER_SPACES" : 222,
				"ADDRESS" : "13433 Gateway Dr",
				"PAYMENT_METHODS" : "Credit Card/PayByPhone",
				"COMMENTS" : null
			}
		},
		{
			"type" : "Feature",
			"geometry" : {
				"type" : "Point",
				"coordinates" : [ 510743.98500000127, 5449851.175000003 ]
			},
			"properties" : {
				"ZONE_NUMBER" : 1,
				"ZONE_NAME" : "Gateway North",
				"METER_ID" : "#059",
				"METER_STATION" : 500013501586,
				"METER_TYPE" : "Paystation",
				"METER_MODEL" : "DIGITAL PAYMENT TECHNOLOGIES LUKE II",
				"OPERATION_HOURS" : "8:00 AM to 6:00 PM",
				"OPERATION_DAYS" : "7 Days/Week",
				"HOURLY_RATE" : "$1.00",
				"DAILY_RATE" : "$4.00",
				"MAXIMUM_HOURS" : "All Day",
				"MONTHLY_UNRESERVED_RATE" : null,
				"MONTHLY_RESERVED_RATE" : null,
				"PAY_BY_PHONE" : 4317,
				"OWNER" : "Surrey",
				"ON_OFF_STREET" : "On",
				"ZONE_TYPE" : "On-Street Parking",
				"NUMBER_SPACES" : 222,
				"ADDRESS" : "10898 133A St",
				"PAYMENT_METHODS" : "Credit Card/PayByPhone",
				"COMMENTS" : null
			}
		},
		{
			"type" : "Feature",
			"geometry" : {
				"type" : "Point",
				"coordinates" : [ 510976.7990000006, 5448393.415000001 ]
			},
			"properties" : {
				"ZONE_NUMBER" : 11,
				"ZONE_NAME" : "102 Avenue",
				"METER_ID" : "#062",
				"METER_STATION" : 600101495,
				"METER_TYPE" : "Paystation",
				"METER_MODEL" : "MACKAY SOLO SINGLE-SPACE",
				"OPERATION_HOURS" : "24 Hours",
				"OPERATION_DAYS" : "7 Days/Week",
				"HOURLY_RATE" : "$1.50",
				"DAILY_RATE" : "$7.00",
				"MAXIMUM_HOURS" : "All Day",
				"MONTHLY_UNRESERVED_RATE" : null,
				"MONTHLY_RESERVED_RATE" : null,
				"PAY_BY_PHONE" : 4314,
				"OWNER" : "Surrey",
				"ON_OFF_STREET" : "On",
				"ZONE_TYPE" : "On-Street Parking",
				"NUMBER_SPACES" : 2,
				"ADDRESS" : "13450 102 Ave",
				"PAYMENT_METHODS" : "Cash/Credit Card/PayByPhone",
				"COMMENTS" : null
			}
		},
		{
			"type" : "Feature",
			"geometry" : {
				"type" : "Point",
				"coordinates" : [ 510976.7990000006, 5448393.415000001 ]
			},
			"properties" : {
				"ZONE_NUMBER" : 11,
				"ZONE_NAME" : "102 Avenue",
				"METER_ID" : "#063",
				"METER_STATION" : 600101496,
				"METER_TYPE" : "Paystation",
				"METER_MODEL" : "MACKAY SOLO SINGLE-SPACE",
				"OPERATION_HOURS" : "24 Hours",
				"OPERATION_DAYS" : "7 Days/Week",
				"HOURLY_RATE" : "$1.50",
				"DAILY_RATE" : "$7.00",
				"MAXIMUM_HOURS" : "All Day",
				"MONTHLY_UNRESERVED_RATE" : null,
				"MONTHLY_RESERVED_RATE" : null,
				"PAY_BY_PHONE" : 4314,
				"OWNER" : "Surrey",
				"ON_OFF_STREET" : "On",
				"ZONE_TYPE" : "On-Street Parking",
				"NUMBER_SPACES" : 2,
				"ADDRESS" : "13450 102 Ave",
				"PAYMENT_METHODS" : "Cash/Credit Card/PayByPhone",
				"COMMENTS" : null
			}
		},
		{
			"type" : "Feature",
			"geometry" : {
				"type" : "Point",
				"coordinates" : [ 511176.8900000006, 5448605.086000001 ]
			},
			"properties" : {
				"ZONE_NUMBER" : 9,
				"ZONE_NAME" : "103 Avenue",
				"METER_ID" : "#061",
				"METER_STATION" : 500013271024,
				"METER_TYPE" : "Paystation",
				"METER_MODEL" : "DIGITAL PAYMENT TECHNOLOGIES LUKE II",
				"OPERATION_HOURS" : "24 Hours",
				"OPERATION_DAYS" : "7 Days/Week",
				"HOURLY_RATE" : "$1.50",
				"DAILY_RATE" : "$7.00",
				"MAXIMUM_HOURS" : "All Day",
				"MONTHLY_UNRESERVED_RATE" : null,
				"MONTHLY_RESERVED_RATE" : null,
				"PAY_BY_PHONE" : 4306,
				"OWNER" : "Surrey",
				"ON_OFF_STREET" : "On",
				"ZONE_TYPE" : "On-Street Parking",
				"NUMBER_SPACES" : 7,
				"ADDRESS" : "10388 City Parkway",
				"PAYMENT_METHODS" : "Credit Card/PayByPhone",
				"COMMENTS" : null
			}
		},
		{
			"type" : "Feature",
			"geometry" : {
				"type" : "Point",
				"coordinates" : [ 510787.60500000045, 5449757.77 ]
			},
			"properties" : {
				"ZONE_NUMBER" : 1,
				"ZONE_NAME" : "Gateway North",
				"METER_ID" : "#057",
				"METER_STATION" : 500013501584,
				"METER_TYPE" : "Paystation",
				"METER_MODEL" : "DIGITAL PAYMENT TECHNOLOGIES LUKE II",
				"OPERATION_HOURS" : "8:00 AM to 6:00 PM",
				"OPERATION_DAYS" : "7 Days/Week",
				"HOURLY_RATE" : "$1.00",
				"DAILY_RATE" : "$4.00",
				"MAXIMUM_HOURS" : "All Day",
				"MONTHLY_UNRESERVED_RATE" : null,
				"MONTHLY_RESERVED_RATE" : null,
				"PAY_BY_PHONE" : 4317,
				"OWNER" : "Surrey",
				"ON_OFF_STREET" : "On",
				"ZONE_TYPE" : "On-Street Parking",
				"NUMBER_SPACES" : 222,
				"ADDRESS" : "10925 University Dr",
				"PAYMENT_METHODS" : "Credit Card/PayByPhone",
				"COMMENTS" : null
			}
		},
		{
			"type" : "Feature",
			"geometry" : {
				"type" : "Point",
				"coordinates" : [ 511552.44700000156, 5447938.264000002 ]
			},
			"properties" : {
				"ZONE_NUMBER" : 10,
				"ZONE_NAME" : "100 Avenue",
				"METER_ID" : "#044",
				"METER_STATION" : 14770,
				"METER_TYPE" : "Paystation",
				"METER_MODEL" : "SIEMENS SITRAFFIC PRISMA",
				"OPERATION_HOURS" : "8:00 AM to 6:00 PM",
				"OPERATION_DAYS" : "7 Days/Week",
				"HOURLY_RATE" : "$1.00",
				"DAILY_RATE" : "$3.00",
				"MAXIMUM_HOURS" : "All Day",
				"MONTHLY_UNRESERVED_RATE" : null,
				"MONTHLY_RESERVED_RATE" : null,
				"PAY_BY_PHONE" : 4313,
				"OWNER" : "Surrey",
				"ON_OFF_STREET" : "On",
				"ZONE_TYPE" : "On-Street Parking",
				"NUMBER_SPACES" : 24,
				"ADDRESS" : "13720 100 Ave",
				"PAYMENT_METHODS" : "Cash/Credit Card/PayByPhone",
				"COMMENTS" : null
			}
		},
		{
			"type" : "Feature",
			"geometry" : {
				"type" : "Point",
				"coordinates" : [ 511637.8160000006, 5447936.306000002 ]
			},
			"properties" : {
				"ZONE_NUMBER" : 10,
				"ZONE_NAME" : "100 Avenue",
				"METER_ID" : "#045",
				"METER_STATION" : 14771,
				"METER_TYPE" : "Paystation",
				"METER_MODEL" : "SIEMENS SITRAFFIC PRISMA",
				"OPERATION_HOURS" : "8:00 AM to 6:00 PM",
				"OPERATION_DAYS" : "7 Days/Week",
				"HOURLY_RATE" : "$1.00",
				"DAILY_RATE" : "$3.00",
				"MAXIMUM_HOURS" : "All Day",
				"MONTHLY_UNRESERVED_RATE" : null,
				"MONTHLY_RESERVED_RATE" : null,
				"PAY_BY_PHONE" : 4313,
				"OWNER" : "Surrey",
				"ON_OFF_STREET" : "On",
				"ZONE_TYPE" : "On-Street Parking",
				"NUMBER_SPACES" : 24,
				"ADDRESS" : "13778 100 Ave",
				"PAYMENT_METHODS" : "Cash/Credit Card/PayByPhone",
				"COMMENTS" : null
			}
		},
		{
			"type" : "Feature",
			"geometry" : {
				"type" : "Point",
				"coordinates" : [ 510611.760332169, 5448639.196854552 ]
			},
			"properties" : {
				"ZONE_NUMBER" : 23,
				"ZONE_NAME" : "133/133A Street On-Street",
				"METER_ID" : "#065",
				"METER_STATION" : 520014451699,
				"METER_TYPE" : "Paystation",
				"METER_MODEL" : "DIGITAL PAYMENT TECHNOLOGIES LUKE II",
				"OPERATION_HOURS" : "8:00 AM to 6:00 PM",
				"OPERATION_DAYS" : "Mon - Fri",
				"HOURLY_RATE" : "$1.00",
				"DAILY_RATE" : "$4.00",
				"MAXIMUM_HOURS" : "All Day",
				"MONTHLY_UNRESERVED_RATE" : null,
				"MONTHLY_RESERVED_RATE" : null,
				"PAY_BY_PHONE" : 4316,
				"OWNER" : "Surrey",
				"ON_OFF_STREET" : "On",
				"ZONE_TYPE" : "On-Street Parking",
				"NUMBER_SPACES" : 128,
				"ADDRESS" : "10335 133 St",
				"PAYMENT_METHODS" : "Credit Card/PayByPhone",
				"COMMENTS" : null
			}
		},
		{
			"type" : "Feature",
			"geometry" : {
				"type" : "Point",
				"coordinates" : [ 510625.20794763416, 5448545.047806252 ]
			},
			"properties" : {
				"ZONE_NUMBER" : 23,
				"ZONE_NAME" : "133/133A Street On-Street",
				"METER_ID" : "#066",
				"METER_STATION" : 520014451700,
				"METER_TYPE" : "Paystation",
				"METER_MODEL" : "DIGITAL PAYMENT TECHNOLOGIES LUKE II",
				"OPERATION_HOURS" : "8:00 AM to 6:00 PM",
				"OPERATION_DAYS" : "Mon - Fri",
				"HOURLY_RATE" : "$1.00",
				"DAILY_RATE" : "$4.00",
				"MAXIMUM_HOURS" : "All Day",
				"MONTHLY_UNRESERVED_RATE" : null,
				"MONTHLY_RESERVED_RATE" : null,
				"PAY_BY_PHONE" : 4316,
				"OWNER" : "Surrey",
				"ON_OFF_STREET" : "On",
				"ZONE_TYPE" : "On-Street Parking",
				"NUMBER_SPACES" : 128,
				"ADDRESS" : "10290 133 St",
				"PAYMENT_METHODS" : "Credit Card/PayByPhone",
				"COMMENTS" : null
			}
		},
		{
			"type" : "Feature",
			"geometry" : {
				"type" : "Point",
				"coordinates" : [ 510700.2639285326, 5448468.281968432 ]
			},
			"properties" : {
				"ZONE_NUMBER" : 23,
				"ZONE_NAME" : "133/133A Street On-Street",
				"METER_ID" : "#067",
				"METER_STATION" : 520014451701,
				"METER_TYPE" : "Paystation",
				"METER_MODEL" : "DIGITAL PAYMENT TECHNOLOGIES LUKE II",
				"OPERATION_HOURS" : "8:00 AM to 6:00 PM",
				"OPERATION_DAYS" : "Mon - Fri",
				"HOURLY_RATE" : "$1.00",
				"DAILY_RATE" : "$4.00",
				"MAXIMUM_HOURS" : "All Day",
				"MONTHLY_UNRESERVED_RATE" : null,
				"MONTHLY_RESERVED_RATE" : null,
				"PAY_BY_PHONE" : 4316,
				"OWNER" : "Surrey",
				"ON_OFF_STREET" : "On",
				"ZONE_TYPE" : "On-Street Parking",
				"NUMBER_SPACES" : 128,
				"ADDRESS" : "13321 102A Ave",
				"PAYMENT_METHODS" : "Credit Card/PayByPhone",
				"COMMENTS" : null
			}
		},
		{
			"type" : "Feature",
			"geometry" : {
				"type" : "Point",
				"coordinates" : [ 510770.8614290124, 5448512.301456222 ]
			},
			"properties" : {
				"ZONE_NUMBER" : 23,
				"ZONE_NAME" : "133/133A Street On-Street",
				"METER_ID" : "#068",
				"METER_STATION" : 520014451702,
				"METER_TYPE" : "Paystation",
				"METER_MODEL" : "DIGITAL PAYMENT TECHNOLOGIES LUKE II",
				"OPERATION_HOURS" : "8:00 AM to 6:00 PM",
				"OPERATION_DAYS" : "Mon - Fri",
				"HOURLY_RATE" : "$1.00",
				"DAILY_RATE" : "$4.00",
				"MAXIMUM_HOURS" : "All Day",
				"MONTHLY_UNRESERVED_RATE" : null,
				"MONTHLY_RESERVED_RATE" : null,
				"PAY_BY_PHONE" : 4316,
				"OWNER" : "Surrey",
				"ON_OFF_STREET" : "On",
				"ZONE_TYPE" : "On-Street Parking",
				"NUMBER_SPACES" : 128,
				"ADDRESS" : "10297 133A St",
				"PAYMENT_METHODS" : "Credit Card/PayByPhone",
				"COMMENTS" : null
			}
		},
		{
			"type" : "Feature",
			"geometry" : {
				"type" : "Point",
				"coordinates" : [ 510788.0728194099, 5448659.339403795 ]
			},
			"properties" : {
				"ZONE_NUMBER" : 23,
				"ZONE_NAME" : "133/133A Street On-Street",
				"METER_ID" : "#069",
				"METER_STATION" : 520014451703,
				"METER_TYPE" : "Paystation",
				"METER_MODEL" : "DIGITAL PAYMENT TECHNOLOGIES LUKE II",
				"OPERATION_HOURS" : "8:00 AM to 6:00 PM",
				"OPERATION_DAYS" : "Mon - Fri",
				"HOURLY_RATE" : "$1.00",
				"DAILY_RATE" : "$4.00",
				"MAXIMUM_HOURS" : "All Day",
				"MONTHLY_UNRESERVED_RATE" : null,
				"MONTHLY_RESERVED_RATE" : null,
				"PAY_BY_PHONE" : 4316,
				"OWNER" : "Surrey",
				"ON_OFF_STREET" : "On",
				"ZONE_TYPE" : "On-Street Parking",
				"NUMBER_SPACES" : 128,
				"ADDRESS" : "10364 133A St",
				"PAYMENT_METHODS" : "Credit Card/PayByPhone",
				"COMMENTS" : null
			}
		},
		{
			"type" : "Feature",
			"geometry" : {
				"type" : "Point",
				"coordinates" : [ 510853.92783309985, 5449660.802350074 ]
			},
			"properties" : {
				"ZONE_NUMBER" : 1,
				"ZONE_NAME" : "Gateway North",
				"METER_ID" : "#075",
				"METER_STATION" : 520015220780,
				"METER_TYPE" : "Paystation",
				"METER_MODEL" : "DIGITAL PAYMENT TECHNOLOGIES LUKE II",
				"OPERATION_HOURS" : null,
				"OPERATION_DAYS" : "7 Days/Week",
				"HOURLY_RATE" : "1",
				"DAILY_RATE" : "4",
				"MAXIMUM_HOURS" : "All Day",
				"MONTHLY_UNRESERVED_RATE" : null,
				"MONTHLY_RESERVED_RATE" : null,
				"PAY_BY_PHONE" : 4317,
				"OWNER" : "Surrey",
				"ON_OFF_STREET" : "On",
				"ZONE_TYPE" : "On-Street Parking",
				"NUMBER_SPACES" : 222,
				"ADDRESS" : "10899 University Dr",
				"PAYMENT_METHODS" : "Credit Card/PayByPhone",
				"COMMENTS" : null
			}
		},
		{
			"type" : "Feature",
			"geometry" : {
				"type" : "Point",
				"coordinates" : [ 510853.8355450947, 5449543.486412864 ]
			},
			"properties" : {
				"ZONE_NUMBER" : 4,
				"ZONE_NAME" : "Gateway South",
				"METER_ID" : "#077",
				"METER_STATION" : 520015220782,
				"METER_TYPE" : "Paystation",
				"METER_MODEL" : "DIGITAL PAYMENT TECHNOLOGIES LUKE II",
				"OPERATION_HOURS" : "8:00 AM to 6:00 PM",
				"OPERATION_DAYS" : "7 Days/Week",
				"HOURLY_RATE" : "$1.00",
				"DAILY_RATE" : null,
				"MAXIMUM_HOURS" : "2",
				"MONTHLY_UNRESERVED_RATE" : null,
				"MONTHLY_RESERVED_RATE" : null,
				"PAY_BY_PHONE" : 4297,
				"OWNER" : "Surrey",
				"ON_OFF_STREET" : "On",
				"ZONE_TYPE" : "On-Street Parking",
				"NUMBER_SPACES" : 50,
				"ADDRESS" : "13380 108 Ave",
				"PAYMENT_METHODS" : "Credit Card/PayByPhone",
				"COMMENTS" : null
			}
		},
		{
			"type" : "Feature",
			"geometry" : {
				"type" : "Point",
				"coordinates" : [ 510833.03925350215, 5449567.933961758 ]
			},
			"properties" : {
				"ZONE_NUMBER" : 4,
				"ZONE_NAME" : "Gateway South",
				"METER_ID" : "#076",
				"METER_STATION" : 520015220781,
				"METER_TYPE" : "Paystation",
				"METER_MODEL" : "DIGITAL PAYMENT TECHNOLOGIES LUKE II",
				"OPERATION_HOURS" : "8:00 AM to 6:00 PM",
				"OPERATION_DAYS" : "7 Days/Week",
				"HOURLY_RATE" : "$1.00",
				"DAILY_RATE" : null,
				"MAXIMUM_HOURS" : "2",
				"MONTHLY_UNRESERVED_RATE" : null,
				"MONTHLY_RESERVED_RATE" : null,
				"PAY_BY_PHONE" : 4297,
				"OWNER" : "Surrey",
				"ON_OFF_STREET" : "On",
				"ZONE_TYPE" : "On-Street Parking",
				"NUMBER_SPACES" : 50,
				"ADDRESS" : "13380 108 Ave",
				"PAYMENT_METHODS" : "Credit Card/PayByPhone",
				"COMMENTS" : null
			}
		},
		{
			"type" : "Feature",
			"geometry" : {
				"type" : "Point",
				"coordinates" : [ 512297.1570515288, 5447554.086965317 ]
			},
			"properties" : {
				"ZONE_NUMBER" : 22,
				"ZONE_NAME" : "Green Timbers - Lot 1",
				"METER_ID" : null,
				"METER_STATION" : 0,
				"METER_TYPE" : null,
				"METER_MODEL" : null,
				"OPERATION_HOURS" : "24 Hours",
				"OPERATION_DAYS" : "7 Days/Week",
				"HOURLY_RATE" : null,
				"DAILY_RATE" : null,
				"MAXIMUM_HOURS" : null,
				"MONTHLY_UNRESERVED_RATE" : "$85.00",
				"MONTHLY_RESERVED_RATE" : null,
				"PAY_BY_PHONE" : 0,
				"OWNER" : "Surrey",
				"ON_OFF_STREET" : "Off",
				"ZONE_TYPE" : "Surface Gravel Off-Street",
				"NUMBER_SPACES" : 26,
				"ADDRESS" : "9800 140 St",
				"PAYMENT_METHODS" : "Credit Card/PAP/Invoice",
				"COMMENTS" : "Monthly Parking Only"
			}
		},
		{
			"type" : "Feature",
			"geometry" : {
				"type" : "Point",
				"coordinates" : [ 512228.1535801906, 5447542.021941187 ]
			},
			"properties" : {
				"ZONE_NUMBER" : 22,
				"ZONE_NAME" : "Green Timbers - Lot 3",
				"METER_ID" : null,
				"METER_STATION" : 0,
				"METER_TYPE" : null,
				"METER_MODEL" : null,
				"OPERATION_HOURS" : "24 Hours",
				"OPERATION_DAYS" : "7 Days/Week",
				"HOURLY_RATE" : null,
				"DAILY_RATE" : null,
				"MAXIMUM_HOURS" : null,
				"MONTHLY_UNRESERVED_RATE" : "$85.00",
				"MONTHLY_RESERVED_RATE" : null,
				"PAY_BY_PHONE" : 0,
				"OWNER" : "Surrey",
				"ON_OFF_STREET" : "Off",
				"ZONE_TYPE" : "Surface Gravel Off-Street",
				"NUMBER_SPACES" : 40,
				"ADDRESS" : "9800 140 St",
				"PAYMENT_METHODS" : "Credit Card/PAP/Invoice",
				"COMMENTS" : "Monthly Parking Only"
			}
		},
		{
			"type" : "Feature",
			"geometry" : {
				"type" : "Point",
				"coordinates" : [ 510787.0105663501, 5448506.942954285 ]
			},
			"properties" : {
				"ZONE_NUMBER" : 27,
				"ZONE_NAME" : "City Centre West",
				"METER_ID" : "#202",
				"METER_STATION" : 500013271027,
				"METER_TYPE" : "Paystation",
				"METER_MODEL" : "DIGITAL PAYMENT TECHNOLOGIES LUKE II",
				"OPERATION_HOURS" : "24 Hours",
				"OPERATION_DAYS" : "7 Days/Week",
				"HOURLY_RATE" : "$0.75",
				"DAILY_RATE" : "$5.00",
				"MAXIMUM_HOURS" : "All Day",
				"MONTHLY_UNRESERVED_RATE" : null,
				"MONTHLY_RESERVED_RATE" : null,
				"PAY_BY_PHONE" : 5017,
				"OWNER" : "Surrey",
				"ON_OFF_STREET" : "Off",
				"ZONE_TYPE" : "Surface Gravel Off-Street",
				"NUMBER_SPACES" : 10,
				"ADDRESS" : "10262 133A St",
				"PAYMENT_METHODS" : "Credit Card/PayByPhone",
				"COMMENTS" : null
			}
		},
		{
			"type" : "Feature",
			"geometry" : {
				"type" : "Point",
				"coordinates" : [ 510940.75490000006, 5449881.0867 ]
			},
			"properties" : {
				"ZONE_NUMBER" : 1,
				"ZONE_NAME" : "Gateway North",
				"METER_ID" : "#047",
				"METER_STATION" : 14773,
				"METER_TYPE" : "Paystation",
				"METER_MODEL" : "SIEMENS SITRAFFIC PRISMA",
				"OPERATION_HOURS" : "8:00 AM to 6:00 PM",
				"OPERATION_DAYS" : "7 Days/Week",
				"HOURLY_RATE" : "$1.00",
				"DAILY_RATE" : "$4.00",
				"MAXIMUM_HOURS" : "All Day",
				"MONTHLY_UNRESERVED_RATE" : null,
				"MONTHLY_RESERVED_RATE" : null,
				"PAY_BY_PHONE" : 4317,
				"OWNER" : "Surrey",
				"ON_OFF_STREET" : "On",
				"ZONE_TYPE" : "On-Street Parking",
				"NUMBER_SPACES" : 222,
				"ADDRESS" : "13555 Gateway Dr",
				"PAYMENT_METHODS" : "Cash/Credit Card/PayByPhone",
				"COMMENTS" : null
			}
		},
		{
			"type" : "Feature",
			"geometry" : {
				"type" : "Point",
				"coordinates" : [ 510890.9551999988, 5449814.865900001 ]
			},
			"properties" : {
				"ZONE_NUMBER" : 1,
				"ZONE_NAME" : "Gateway North",
				"METER_ID" : "#001",
				"METER_STATION" : 14503,
				"METER_TYPE" : "Paystation",
				"METER_MODEL" : "SIEMENS SITRAFFIC PRISMA",
				"OPERATION_HOURS" : "8:00 AM to 6:00 PM",
				"OPERATION_DAYS" : "7 Days/Week",
				"HOURLY_RATE" : "$1.00",
				"DAILY_RATE" : "$4.00",
				"MAXIMUM_HOURS" : "All Day",
				"MONTHLY_UNRESERVED_RATE" : null,
				"MONTHLY_RESERVED_RATE" : null,
				"PAY_BY_PHONE" : 4317,
				"OWNER" : "Surrey",
				"ON_OFF_STREET" : "On",
				"ZONE_TYPE" : "On-Street Parking",
				"NUMBER_SPACES" : 222,
				"ADDRESS" : "13433 Gateway Dr",
				"PAYMENT_METHODS" : "Cash/Credit Card/PayByPhone",
				"COMMENTS" : null
			}
		},
		{
			"type" : "Feature",
			"geometry" : {
				"type" : "Point",
				"coordinates" : [ 510940.4393000016, 5449814.845099999 ]
			},
			"properties" : {
				"ZONE_NUMBER" : 1,
				"ZONE_NAME" : "Gateway North",
				"METER_ID" : "#002",
				"METER_STATION" : 14504,
				"METER_TYPE" : "Paystation",
				"METER_MODEL" : "SIEMENS SITRAFFIC PRISMA",
				"OPERATION_HOURS" : "8:00 AM to 6:00 PM",
				"OPERATION_DAYS" : "7 Days/Week",
				"HOURLY_RATE" : "$1.00",
				"DAILY_RATE" : "$4.00",
				"MAXIMUM_HOURS" : "All Day",
				"MONTHLY_UNRESERVED_RATE" : null,
				"MONTHLY_RESERVED_RATE" : null,
				"PAY_BY_PHONE" : 4317,
				"OWNER" : "Surrey",
				"ON_OFF_STREET" : "On",
				"ZONE_TYPE" : "On-Street Parking",
				"NUMBER_SPACES" : 222,
				"ADDRESS" : "13468 Gateway Dr",
				"PAYMENT_METHODS" : "Cash/Credit Card/PayByPhone",
				"COMMENTS" : null
			}
		},
		{
			"type" : "Feature",
			"geometry" : {
				"type" : "Point",
				"coordinates" : [ 510893.28830000106, 5449765.316600004 ]
			},
			"properties" : {
				"ZONE_NUMBER" : 1,
				"ZONE_NAME" : "Gateway North",
				"METER_ID" : "#003",
				"METER_STATION" : 14505,
				"METER_TYPE" : "Paystation",
				"METER_MODEL" : "SIEMENS SITRAFFIC PRISMA",
				"OPERATION_HOURS" : "8:00 AM to 6:00 PM",
				"OPERATION_DAYS" : "7 Days/Week",
				"HOURLY_RATE" : "$1.00",
				"DAILY_RATE" : "$4.00",
				"MAXIMUM_HOURS" : "All Day",
				"MONTHLY_UNRESERVED_RATE" : null,
				"MONTHLY_RESERVED_RATE" : null,
				"PAY_BY_PHONE" : 4317,
				"OWNER" : "Surrey",
				"ON_OFF_STREET" : "On",
				"ZONE_TYPE" : "On-Street Parking",
				"NUMBER_SPACES" : 222,
				"ADDRESS" : "13450 Gateway Dr",
				"PAYMENT_METHODS" : "Cash/Credit Card/PayByPhone",
				"COMMENTS" : null
			}
		},
		{
			"type" : "Feature",
			"geometry" : {
				"type" : "Point",
				"coordinates" : [ 510951.1017000023, 5449756.585300004 ]
			},
			"properties" : {
				"ZONE_NUMBER" : 1,
				"ZONE_NAME" : "Gateway North",
				"METER_ID" : "#004",
				"METER_STATION" : 14506,
				"METER_TYPE" : "Paystation",
				"METER_MODEL" : "SIEMENS SITRAFFIC PRISMA",
				"OPERATION_HOURS" : "8:00 AM to 6:00 PM",
				"OPERATION_DAYS" : "7 Days/Week",
				"HOURLY_RATE" : "$1.00",
				"DAILY_RATE" : "$4.00",
				"MAXIMUM_HOURS" : "All Day",
				"MONTHLY_UNRESERVED_RATE" : null,
				"MONTHLY_RESERVED_RATE" : null,
				"PAY_BY_PHONE" : 4317,
				"OWNER" : "Surrey",
				"ON_OFF_STREET" : "On",
				"ZONE_TYPE" : "On-Street Parking",
				"NUMBER_SPACES" : 222,
				"ADDRESS" : "13450 Gateway Dr",
				"PAYMENT_METHODS" : "Cash/Credit Card/PayByPhone",
				"COMMENTS" : null
			}
		},
		{
			"type" : "Feature",
			"geometry" : {
				"type" : "Point",
				"coordinates" : [ 510997.9673000006, 5449731.816400001 ]
			},
			"properties" : {
				"ZONE_NUMBER" : 1,
				"ZONE_NAME" : "Gateway North",
				"METER_ID" : "#005",
				"METER_STATION" : 14507,
				"METER_TYPE" : "Paystation",
				"METER_MODEL" : "SIEMENS SITRAFFIC PRISMA",
				"OPERATION_HOURS" : "8:00 AM to 6:00 PM",
				"OPERATION_DAYS" : "7 Days/Week",
				"HOURLY_RATE" : "$1.00",
				"DAILY_RATE" : "$4.00",
				"MAXIMUM_HOURS" : "All Day",
				"MONTHLY_UNRESERVED_RATE" : null,
				"MONTHLY_RESERVED_RATE" : null,
				"PAY_BY_PHONE" : 4317,
				"OWNER" : "Surrey",
				"ON_OFF_STREET" : "On",
				"ZONE_TYPE" : "On-Street Parking",
				"NUMBER_SPACES" : 222,
				"ADDRESS" : "10866 City Parkway",
				"PAYMENT_METHODS" : "Cash/Credit Card/PayByPhone",
				"COMMENTS" : null
			}
		},
		{
			"type" : "Feature",
			"geometry" : {
				"type" : "Point",
				"coordinates" : [ 511001.7195999995, 5449690.343100002 ]
			},
			"properties" : {
				"ZONE_NUMBER" : 1,
				"ZONE_NAME" : "Gateway North",
				"METER_ID" : "#006",
				"METER_STATION" : 14508,
				"METER_TYPE" : "Paystation",
				"METER_MODEL" : "SIEMENS SITRAFFIC PRISMA",
				"OPERATION_HOURS" : "8:00 AM to 6:00 PM",
				"OPERATION_DAYS" : "7 Days/Week",
				"HOURLY_RATE" : "$1.00",
				"DAILY_RATE" : "$4.00",
				"MAXIMUM_HOURS" : "All Day",
				"MONTHLY_UNRESERVED_RATE" : null,
				"MONTHLY_RESERVED_RATE" : null,
				"PAY_BY_PHONE" : 4317,
				"OWNER" : "Surrey",
				"ON_OFF_STREET" : "On",
				"ZONE_TYPE" : "On-Street Parking",
				"NUMBER_SPACES" : 222,
				"ADDRESS" : "13479 108 Ave",
				"PAYMENT_METHODS" : "Cash/Credit Card/PayByPhone",
				"COMMENTS" : null
			}
		},
		{
			"type" : "Feature",
			"geometry" : {
				"type" : "Point",
				"coordinates" : [ 511023.3672999991, 5449651.136600003 ]
			},
			"properties" : {
				"ZONE_NUMBER" : 1,
				"ZONE_NAME" : "Gateway North",
				"METER_ID" : "#007",
				"METER_STATION" : 14509,
				"METER_TYPE" : "Paystation",
				"METER_MODEL" : "SIEMENS SITRAFFIC PRISMA",
				"OPERATION_HOURS" : "8:00 AM to 6:00 PM",
				"OPERATION_DAYS" : "7 Days/Week",
				"HOURLY_RATE" : "$1.00",
				"DAILY_RATE" : "$4.00",
				"MAXIMUM_HOURS" : "All Day",
				"MONTHLY_UNRESERVED_RATE" : null,
				"MONTHLY_RESERVED_RATE" : null,
				"PAY_BY_PHONE" : 4317,
				"OWNER" : "Surrey",
				"ON_OFF_STREET" : "On",
				"ZONE_TYPE" : "On-Street Parking",
				"NUMBER_SPACES" : 222,
				"ADDRESS" : "10822 City Parkway",
				"PAYMENT_METHODS" : "Cash/Credit Card/PayByPhone",
				"COMMENTS" : null
			}
		},
		{
			"type" : "Feature",
			"geometry" : {
				"type" : "Point",
				"coordinates" : [ 511006.53020000085, 5449614.335400004 ]
			},
			"properties" : {
				"ZONE_NUMBER" : 1,
				"ZONE_NAME" : "Gateway North",
				"METER_ID" : "#008",
				"METER_STATION" : 14510,
				"METER_TYPE" : "Paystation",
				"METER_MODEL" : "SIEMENS SITRAFFIC PRISMA",
				"OPERATION_HOURS" : "8:00 AM to 6:00 PM",
				"OPERATION_DAYS" : "7 Days/Week",
				"HOURLY_RATE" : "$1.00",
				"DAILY_RATE" : "$4.00",
				"MAXIMUM_HOURS" : "All Day",
				"MONTHLY_UNRESERVED_RATE" : null,
				"MONTHLY_RESERVED_RATE" : null,
				"PAY_BY_PHONE" : 4317,
				"OWNER" : "Surrey",
				"ON_OFF_STREET" : "On",
				"ZONE_TYPE" : "On-Street Parking",
				"NUMBER_SPACES" : 222,
				"ADDRESS" : "13479 108 Ave",
				"PAYMENT_METHODS" : "Cash/Credit Card/PayByPhone",
				"COMMENTS" : null
			}
		},
		{
			"type" : "Feature",
			"geometry" : {
				"type" : "Point",
				"coordinates" : [ 510951.6891999999, 5449591.966100002 ]
			},
			"properties" : {
				"ZONE_NUMBER" : 1,
				"ZONE_NAME" : "Gateway North",
				"METER_ID" : "#009",
				"METER_STATION" : 14511,
				"METER_TYPE" : "Paystation",
				"METER_MODEL" : "SIEMENS SITRAFFIC PRISMA",
				"OPERATION_HOURS" : "8:00 AM to 6:00 PM",
				"OPERATION_DAYS" : "7 Days/Week",
				"HOURLY_RATE" : "$1.00",
				"DAILY_RATE" : "$4.00",
				"MAXIMUM_HOURS" : "All Day",
				"MONTHLY_UNRESERVED_RATE" : null,
				"MONTHLY_RESERVED_RATE" : null,
				"PAY_BY_PHONE" : 4317,
				"OWNER" : "Surrey",
				"ON_OFF_STREET" : "On",
				"ZONE_TYPE" : "On-Street Parking",
				"NUMBER_SPACES" : 222,
				"ADDRESS" : "13401 108 Ave",
				"PAYMENT_METHODS" : "Cash/Credit Card/PayByPhone",
				"COMMENTS" : null
			}
		},
		{
			"type" : "Feature",
			"geometry" : {
				"type" : "Point",
				"coordinates" : [ 515967.4120000005, 5429313.779000001 ]
			},
			"properties" : {
				"ZONE_NUMBER" : 6,
				"ZONE_NAME" : "Marine Drive",
				"METER_ID" : "#024",
				"METER_STATION" : 14526,
				"METER_TYPE" : "Paystation",
				"METER_MODEL" : "SIEMENS SITRAFFIC PRISMA",
				"OPERATION_HOURS" : "8:00 AM to 11:00 PM",
				"OPERATION_DAYS" : "7 Days/Week",
				"HOURLY_RATE" : "$1.50",
				"DAILY_RATE" : null,
				"MAXIMUM_HOURS" : "6",
				"MONTHLY_UNRESERVED_RATE" : null,
				"MONTHLY_RESERVED_RATE" : null,
				"PAY_BY_PHONE" : 4294,
				"OWNER" : "Surrey",
				"ON_OFF_STREET" : "On",
				"ZONE_TYPE" : "On-Street Parking",
				"NUMBER_SPACES" : 53,
				"ADDRESS" : "15638 8 Ave",
				"PAYMENT_METHODS" : "Cash/Credit Card/PayByPhone",
				"COMMENTS" : null
			}
		},
		{
			"type" : "Feature",
			"geometry" : {
				"type" : "Point",
				"coordinates" : [ 511363.26970000006, 5447200.129000001 ]
			},
			"properties" : {
				"ZONE_NUMBER" : 8,
				"ZONE_NAME" : "Hospital North (136A St)",
				"METER_ID" : "#079",
				"METER_STATION" : 520015220784,
				"METER_TYPE" : "Paystation",
				"METER_MODEL" : "DIGITAL PAYMENT TECHNOLOGIES LUKE II",
				"OPERATION_HOURS" : "8:00 AM to 6:00 PM",
				"OPERATION_DAYS" : "7 Days/Week",
				"HOURLY_RATE" : "$2.00",
				"DAILY_RATE" : "$6.00",
				"MAXIMUM_HOURS" : "All Day",
				"MONTHLY_UNRESERVED_RATE" : null,
				"MONTHLY_RESERVED_RATE" : null,
				"PAY_BY_PHONE" : 4356,
				"OWNER" : "Surrey",
				"ON_OFF_STREET" : "On",
				"ZONE_TYPE" : "On-Street Parking",
				"NUMBER_SPACES" : 9,
				"ADDRESS" : "9632 136A St",
				"PAYMENT_METHODS" : "Credit Card/PayByPhone",
				"COMMENTS" : null
			}
		},
		{
			"type" : "Feature",
			"geometry" : {
				"type" : "Point",
				"coordinates" : [ 511021.8259999994, 5448687.624 ]
			},
			"properties" : {
				"ZONE_NUMBER" : 15,
				"ZONE_NAME" : "New City Hall Parkade",
				"METER_ID" : "#215",
				"METER_STATION" : 520014230464,
				"METER_TYPE" : "Paystation",
				"METER_MODEL" : "DIGITAL PAYMENT TECHNOLOGIES LUKE II",
				"OPERATION_HOURS" : "6:00 AM to 12:00 AM",
				"OPERATION_DAYS" : "7 Days/Week",
				"HOURLY_RATE" : "$1.50",
				"DAILY_RATE" : "$7.00",
				"MAXIMUM_HOURS" : "All Day",
				"MONTHLY_UNRESERVED_RATE" : null,
				"MONTHLY_RESERVED_RATE" : "$130.00",
				"PAY_BY_PHONE" : 5009,
				"OWNER" : "Surrey",
				"ON_OFF_STREET" : "Off",
				"ZONE_TYPE" : "Below Ground Multi-Level Parkade",
				"NUMBER_SPACES" : 834,
				"ADDRESS" : "13450 104 Ave",
				"PAYMENT_METHODS" : "Cash/Credit Card/PayByPhone",
				"COMMENTS" : null
			}
		},
		{
			"type" : "Feature",
			"geometry" : {
				"type" : "Point",
				"coordinates" : [ 511021.8259999994, 5448687.624 ]
			},
			"properties" : {
				"ZONE_NUMBER" : 15,
				"ZONE_NAME" : "New City Hall Parkade",
				"METER_ID" : "#216",
				"METER_STATION" : 520014230465,
				"METER_TYPE" : "Paystation",
				"METER_MODEL" : "DIGITAL PAYMENT TECHNOLOGIES LUKE II",
				"OPERATION_HOURS" : "6:00 AM to 12:00 AM",
				"OPERATION_DAYS" : "7 Days/Week",
				"HOURLY_RATE" : "$1.50",
				"DAILY_RATE" : "$7.00",
				"MAXIMUM_HOURS" : "All Day",
				"MONTHLY_UNRESERVED_RATE" : null,
				"MONTHLY_RESERVED_RATE" : "$130.00",
				"PAY_BY_PHONE" : 5009,
				"OWNER" : "Surrey",
				"ON_OFF_STREET" : "Off",
				"ZONE_TYPE" : "Below Ground Multi-Level Parkade",
				"NUMBER_SPACES" : 834,
				"ADDRESS" : "13450 104 Ave",
				"PAYMENT_METHODS" : "Cash/Credit Card/PayByPhone",
				"COMMENTS" : null
			}
		},
		{
			"type" : "Feature",
			"geometry" : {
				"type" : "Point",
				"coordinates" : [ 512180.70795893855, 5447596.638718324 ]
			},
			"properties" : {
				"ZONE_NUMBER" : 22,
				"ZONE_NAME" : "Green Timbers - Lot 2",
				"METER_ID" : null,
				"METER_STATION" : 0,
				"METER_TYPE" : null,
				"METER_MODEL" : null,
				"OPERATION_HOURS" : "24 Hours",
				"OPERATION_DAYS" : "7 Days/Week",
				"HOURLY_RATE" : null,
				"DAILY_RATE" : null,
				"MAXIMUM_HOURS" : null,
				"MONTHLY_UNRESERVED_RATE" : "$85.00",
				"MONTHLY_RESERVED_RATE" : null,
				"PAY_BY_PHONE" : null,
				"OWNER" : "Surrey",
				"ON_OFF_STREET" : "Off",
				"ZONE_TYPE" : "Surface Gravel Off-Street",
				"NUMBER_SPACES" : 10,
				"ADDRESS" : "9800 140 St",
				"PAYMENT_METHODS" : "Credit Card/PAP/Invoice",
				"COMMENTS" : "Monthly Parking Only"
			}
		},
		{
			"type" : "Feature",
			"geometry" : {
				"type" : "Point",
				"coordinates" : [ 511021.8259999994, 5448687.624 ]
			},
			"properties" : {
				"ZONE_NUMBER" : 15,
				"ZONE_NAME" : "New City Hall Parkade",
				"METER_ID" : "#217",
				"METER_STATION" : 500013501581,
				"METER_TYPE" : "Paystation",
				"METER_MODEL" : "DIGITAL PAYMENT TECHNOLOGIES LUKE II",
				"OPERATION_HOURS" : "6:00 AM to 12:00 AM",
				"OPERATION_DAYS" : "7 Days/Week",
				"HOURLY_RATE" : "$1.50",
				"DAILY_RATE" : "$7.00",
				"MAXIMUM_HOURS" : "All Day",
				"MONTHLY_UNRESERVED_RATE" : null,
				"MONTHLY_RESERVED_RATE" : "$130.00",
				"PAY_BY_PHONE" : 5009,
				"OWNER" : "Surrey",
				"ON_OFF_STREET" : "Off",
				"ZONE_TYPE" : "Below Ground Multi-Level Parkade",
				"NUMBER_SPACES" : 834,
				"ADDRESS" : "13450 104 Ave",
				"PAYMENT_METHODS" : "Cash/Credit Card/PayByPhone",
				"COMMENTS" : null
			}
		},
		{
			"type" : "Feature",
			"geometry" : {
				"type" : "Point",
				"coordinates" : [ 511021.8259999994, 5448687.624 ]
			},
			"properties" : {
				"ZONE_NUMBER" : 15,
				"ZONE_NAME" : "New City Hall Parkade",
				"METER_ID" : "#218",
				"METER_STATION" : 500013501588,
				"METER_TYPE" : "Paystation",
				"METER_MODEL" : "DIGITAL PAYMENT TECHNOLOGIES LUKE II",
				"OPERATION_HOURS" : "6:00 AM to 12:00 AM",
				"OPERATION_DAYS" : "7 Days/Week",
				"HOURLY_RATE" : "$1.50",
				"DAILY_RATE" : "$7.00",
				"MAXIMUM_HOURS" : "All Day",
				"MONTHLY_UNRESERVED_RATE" : null,
				"MONTHLY_RESERVED_RATE" : "$130.00",
				"PAY_BY_PHONE" : 5009,
				"OWNER" : "Surrey",
				"ON_OFF_STREET" : "Off",
				"ZONE_TYPE" : "Below Ground Multi-Level Parkade",
				"NUMBER_SPACES" : 834,
				"ADDRESS" : "13450 104 Ave",
				"PAYMENT_METHODS" : "Cash/Credit Card/PayByPhone",
				"COMMENTS" : null
			}
		},
		{
			"type" : "Feature",
			"geometry" : {
				"type" : "Point",
				"coordinates" : [ 511021.8259999994, 5448687.624 ]
			},
			"properties" : {
				"ZONE_NUMBER" : 15,
				"ZONE_NAME" : "New City Hall Parkade",
				"METER_ID" : "#219",
				"METER_STATION" : 520014230466,
				"METER_TYPE" : "Paystation",
				"METER_MODEL" : "DIGITAL PAYMENT TECHNOLOGIES LUKE II",
				"OPERATION_HOURS" : "6:00 AM to 12:00 AM",
				"OPERATION_DAYS" : "7 Days/Week",
				"HOURLY_RATE" : "$1.50",
				"DAILY_RATE" : "$7.00",
				"MAXIMUM_HOURS" : "All Day",
				"MONTHLY_UNRESERVED_RATE" : null,
				"MONTHLY_RESERVED_RATE" : "$130.00",
				"PAY_BY_PHONE" : 5009,
				"OWNER" : "Surrey",
				"ON_OFF_STREET" : "Off",
				"ZONE_TYPE" : "Below Ground Multi-Level Parkade",
				"NUMBER_SPACES" : 834,
				"ADDRESS" : "13450 104 Ave",
				"PAYMENT_METHODS" : "Credit Card/PayByPhone",
				"COMMENTS" : null
			}
		},
		{
			"type" : "Feature",
			"geometry" : {
				"type" : "Point",
				"coordinates" : [ 511021.8259999994, 5448687.624 ]
			},
			"properties" : {
				"ZONE_NUMBER" : 15,
				"ZONE_NAME" : "New City Hall Parkade",
				"METER_ID" : "#214",
				"METER_STATION" : 500013501589,
				"METER_TYPE" : "Paystation",
				"METER_MODEL" : "DIGITAL PAYMENT TECHNOLOGIES LUKE II",
				"OPERATION_HOURS" : "6:00 AM to 12:00 AM",
				"OPERATION_DAYS" : "7 Days/Week",
				"HOURLY_RATE" : "$1.50",
				"DAILY_RATE" : "$7.00",
				"MAXIMUM_HOURS" : "All Day",
				"MONTHLY_UNRESERVED_RATE" : null,
				"MONTHLY_RESERVED_RATE" : "$130.00",
				"PAY_BY_PHONE" : 5009,
				"OWNER" : "Surrey",
				"ON_OFF_STREET" : "Off",
				"ZONE_TYPE" : "Below Ground Multi-Level Parkade",
				"NUMBER_SPACES" : 834,
				"ADDRESS" : "13450 104 Ave",
				"PAYMENT_METHODS" : "Cash/Credit Card/PayByPhone",
				"COMMENTS" : null
			}
		},
		{
			"type" : "Feature",
			"geometry" : {
				"type" : "Point",
				"coordinates" : [ 511021.8259999994, 5448687.624 ]
			},
			"properties" : {
				"ZONE_NUMBER" : 15,
				"ZONE_NAME" : "New City Hall Parkade",
				"METER_ID" : "#220",
				"METER_STATION" : 520014230462,
				"METER_TYPE" : "Paystation",
				"METER_MODEL" : "DIGITAL PAYMENT TECHNOLOGIES LUKE II",
				"OPERATION_HOURS" : "6:00 AM to 12:00 AM",
				"OPERATION_DAYS" : "7 Days/Week",
				"HOURLY_RATE" : "$1.50",
				"DAILY_RATE" : "$7.00",
				"MAXIMUM_HOURS" : "All Day",
				"MONTHLY_UNRESERVED_RATE" : null,
				"MONTHLY_RESERVED_RATE" : "$130.00",
				"PAY_BY_PHONE" : 5009,
				"OWNER" : "Surrey",
				"ON_OFF_STREET" : "Off",
				"ZONE_TYPE" : "Below Ground Multi-Level Parkade",
				"NUMBER_SPACES" : 834,
				"ADDRESS" : "13450 104 Ave",
				"PAYMENT_METHODS" : "Cash/Credit Card/PayByPhone",
				"COMMENTS" : null
			}
		},
		{
			"type" : "Feature",
			"geometry" : {
				"type" : "Point",
				"coordinates" : [ 511021.8259999994, 5448687.624 ]
			},
			"properties" : {
				"ZONE_NUMBER" : 15,
				"ZONE_NAME" : "New City Hall Parkade",
				"METER_ID" : "#221",
				"METER_STATION" : 520014230463,
				"METER_TYPE" : "Paystation",
				"METER_MODEL" : "DIGITAL PAYMENT TECHNOLOGIES LUKE II",
				"OPERATION_HOURS" : "6:00 AM to 12:00 AM",
				"OPERATION_DAYS" : "7 Days/Week",
				"HOURLY_RATE" : "$1.50",
				"DAILY_RATE" : "$7.00",
				"MAXIMUM_HOURS" : "All Day",
				"MONTHLY_UNRESERVED_RATE" : null,
				"MONTHLY_RESERVED_RATE" : "$130.00",
				"PAY_BY_PHONE" : 5009,
				"OWNER" : "Surrey",
				"ON_OFF_STREET" : "Off",
				"ZONE_TYPE" : "Below Ground Multi-Level Parkade",
				"NUMBER_SPACES" : 834,
				"ADDRESS" : "13450 104 Ave",
				"PAYMENT_METHODS" : "Credit Card/PayByPhone",
				"COMMENTS" : null
			}
		},
		{
			"type" : "Feature",
			"geometry" : {
				"type" : "Point",
				"coordinates" : [ 511021.8259999994, 5448687.624 ]
			},
			"properties" : {
				"ZONE_NUMBER" : 15,
				"ZONE_NAME" : "New City Hall Parkade",
				"METER_ID" : "#222",
				"METER_STATION" : 520014230461,
				"METER_TYPE" : "Paystation",
				"METER_MODEL" : "DIGITAL PAYMENT TECHNOLOGIES LUKE II",
				"OPERATION_HOURS" : "6:00 AM to 12:00 AM",
				"OPERATION_DAYS" : "7 Days/Week",
				"HOURLY_RATE" : "$1.50",
				"DAILY_RATE" : "$7.00",
				"MAXIMUM_HOURS" : "All Day",
				"MONTHLY_UNRESERVED_RATE" : null,
				"MONTHLY_RESERVED_RATE" : "$130.00",
				"PAY_BY_PHONE" : 5009,
				"OWNER" : "Surrey",
				"ON_OFF_STREET" : "Off",
				"ZONE_TYPE" : "Below Ground Multi-Level Parkade",
				"NUMBER_SPACES" : 834,
				"ADDRESS" : "13450 104 Ave",
				"PAYMENT_METHODS" : "Cash/Credit Card/PayByPhone",
				"COMMENTS" : null
			}
		},
		{
			"type" : "Feature",
			"geometry" : {
				"type" : "Point",
				"coordinates" : [ 511021.8259999994, 5448687.624 ]
			},
			"properties" : {
				"ZONE_NUMBER" : 15,
				"ZONE_NAME" : "New City Hall Parkade",
				"METER_ID" : "#223",
				"METER_STATION" : 520014230460,
				"METER_TYPE" : "Paystation",
				"METER_MODEL" : "DIGITAL PAYMENT TECHNOLOGIES LUKE II",
				"OPERATION_HOURS" : "6:00 AM to 12:00 AM",
				"OPERATION_DAYS" : "7 Days/Week",
				"HOURLY_RATE" : "$1.50",
				"DAILY_RATE" : "$7.00",
				"MAXIMUM_HOURS" : "All Day",
				"MONTHLY_UNRESERVED_RATE" : null,
				"MONTHLY_RESERVED_RATE" : "$130.00",
				"PAY_BY_PHONE" : 5009,
				"OWNER" : "Surrey",
				"ON_OFF_STREET" : "Off",
				"ZONE_TYPE" : "Below Ground Multi-Level Parkade",
				"NUMBER_SPACES" : 834,
				"ADDRESS" : "13450 104 Ave",
				"PAYMENT_METHODS" : "Credit Card/PayByPhone",
				"COMMENTS" : null
			}
		},
		{
			"type" : "Feature",
			"geometry" : {
				"type" : "Point",
				"coordinates" : [ 511066.97424460296, 5448425.9669758715 ]
			},
			"properties" : {
				"ZONE_NUMBER" : 20,
				"ZONE_NAME" : "North Surrey Recreation Centre",
				"METER_ID" : "#211",
				"METER_STATION" : 520014451708,
				"METER_TYPE" : "Paystation",
				"METER_MODEL" : "DIGITAL PAYMENT TECHNOLOGIES LUKE II",
				"OPERATION_HOURS" : "24 Hours",
				"OPERATION_DAYS" : "7 Days/Week",
				"HOURLY_RATE" : "$1.50",
				"DAILY_RATE" : "$7.00",
				"MAXIMUM_HOURS" : "All Day",
				"MONTHLY_UNRESERVED_RATE" : null,
				"MONTHLY_RESERVED_RATE" : null,
				"PAY_BY_PHONE" : 5012,
				"OWNER" : "Surrey",
				"ON_OFF_STREET" : "Off",
				"ZONE_TYPE" : "Surface Paved Off-Street",
				"NUMBER_SPACES" : 31,
				"ADDRESS" : "10225 City Parkway",
				"PAYMENT_METHODS" : "Credit Card/PayByPhone",
				"COMMENTS" : null
			}
		},
		{
			"type" : "Feature",
			"geometry" : {
				"type" : "Point",
				"coordinates" : [ 510895.517, 5448416.495000001 ]
			},
			"properties" : {
				"ZONE_NUMBER" : 19,
				"ZONE_NAME" : "SFU South",
				"METER_ID" : "#203",
				"METER_STATION" : 500013271026,
				"METER_TYPE" : "Paystation",
				"METER_MODEL" : "DIGITAL PAYMENT TECHNOLOGIES LUKE II",
				"OPERATION_HOURS" : "24 Hours",
				"OPERATION_DAYS" : "7 Days/Week",
				"HOURLY_RATE" : "$0.75",
				"DAILY_RATE" : "$5.00",
				"MAXIMUM_HOURS" : "All Day",
				"MONTHLY_UNRESERVED_RATE" : "$100.00",
				"MONTHLY_RESERVED_RATE" : null,
				"PAY_BY_PHONE" : 5015,
				"OWNER" : "Surrey",
				"ON_OFF_STREET" : "Off",
				"ZONE_TYPE" : "Surface Paved Off-Street",
				"NUMBER_SPACES" : 45,
				"ADDRESS" : "10290 University Dr\r\n10290 University Dr\r\n10290 University Drive",
				"PAYMENT_METHODS" : "Credit Card/PayByPhone",
				"COMMENTS" : null
			}
		},
		{
			"type" : "Feature",
			"geometry" : {
				"type" : "Point",
				"coordinates" : [ 512521.1311826268, 5447298.038409449 ]
			},
			"properties" : {
				"ZONE_NUMBER" : 21,
				"ZONE_NAME" : "Surrey Nature Centre",
				"METER_ID" : null,
				"METER_STATION" : null,
				"METER_TYPE" : null,
				"METER_MODEL" : null,
				"OPERATION_HOURS" : "24 Hours",
				"OPERATION_DAYS" : "7 Days/Week",
				"HOURLY_RATE" : null,
				"DAILY_RATE" : null,
				"MAXIMUM_HOURS" : null,
				"MONTHLY_UNRESERVED_RATE" : "$90.00",
				"MONTHLY_RESERVED_RATE" : null,
				"PAY_BY_PHONE" : null,
				"OWNER" : "Surrey",
				"ON_OFF_STREET" : "Off",
				"ZONE_TYPE" : "Surface Gravel Off-Street",
				"NUMBER_SPACES" : 30,
				"ADDRESS" : "14225 Green Timbers Way",
				"PAYMENT_METHODS" : "Credit Card/PAP/Invoice",
				"COMMENTS" : "Monthly Parking Only"
			}
		},
		{
			"type" : "Feature",
			"geometry" : {
				"type" : "Point",
				"coordinates" : [ 511171.56230644416, 5448817.959614221 ]
			},
			"properties" : {
				"ZONE_NUMBER" : 28,
				"ZONE_NAME" : "13583 104 Avenue",
				"METER_ID" : "#056",
				"METER_STATION" : 500013501583,
				"METER_TYPE" : "Paystation",
				"METER_MODEL" : "DIGITAL PAYMENT TECHNOLOGIES LUKE II",
				"OPERATION_HOURS" : "24 Hours",
				"OPERATION_DAYS" : "7 Days/Week",
				"HOURLY_RATE" : "$1.00",
				"DAILY_RATE" : "$10.00",
				"MAXIMUM_HOURS" : "All Day",
				"MONTHLY_UNRESERVED_RATE" : null,
				"MONTHLY_RESERVED_RATE" : null,
				"PAY_BY_PHONE" : 5018,
				"OWNER" : "Surrey",
				"ON_OFF_STREET" : "Off",
				"ZONE_TYPE" : "Surface Paved Off-Street",
				"NUMBER_SPACES" : 125,
				"ADDRESS" : "13583 104 Avenue",
				"PAYMENT_METHODS" : "Credit Card/PayByPhone",
				"COMMENTS" : null
			}
		}
	]
}