{
	"name" : "water_utility_facilities",
	"type" : "FeatureCollection",
	"crs" : {
		"type" : "name",
		"properties" : {
			"name" : "EPSG:26910"
		}
	},
	"features" : [
		{
			"type" : "Feature",
			"geometry" : {
				"type" : "Point",
				"coordinates" : [ 513333.1000366211, 5432144.716186523 ]
			},
			"properties" : {
				"ANCILLARYROLE" : 0,
				"ENABLED" : 0,
				"FACILITY_TYPE" : 3,
				"FACILITY_TYPE2" : "Tank",
				"FACILITYID" : "1000297401",
				"LEGACYID" : "15034",
				"NODE_NO" : "1461002159",
				"CAPACITY" : null,
				"CONTRACTOR_ID" : null,
				"MAX_NO_PUMPS" : null,
				"STATUS" : "Abandoned",
				"OPERATING_STATUS" : null,
				"PROJECT_NO" : null,
				"YR" : 2002,
				"OWNER" : "Surrey",
				"NAME" : "SUNNYSIDE WATER TOWER",
				"LOCATION" : "2200 148 ST",
				"COMMENTS" : "Not in Service",
				"GIS_ENTRY_STAGE" : null,
				"WARRANTYDATE" : null,
				"CONDITION" : null,
				"CONDITIONDATE" : null,
				"YTD_COST" : null,
				"LIFECYCLE_COST" : null,
				"CRE_DATE" : "20020506",
				"MOD_DATE" : "20130408"
			}
		},
		{
			"type" : "Feature",
			"geometry" : {
				"type" : "Point",
				"coordinates" : [ 508803.5700073242, 5445998.494995117 ]
			},
			"properties" : {
				"ANCILLARYROLE" : null,
				"ENABLED" : 1,
				"FACILITY_TYPE" : 0,
				"FACILITY_TYPE2" : "Filling Station",
				"FACILITYID" : "1002117901",
				"LEGACYID" : null,
				"NODE_NO" : "1235809045",
				"CAPACITY" : null,
				"CONTRACTOR_ID" : null,
				"MAX_NO_PUMPS" : null,
				"STATUS" : "In Service",
				"OPERATING_STATUS" : "Open",
				"PROJECT_NO" : null,
				"YR" : 2017,
				"OWNER" : "Surrey",
				"NAME" : "Kennedy Heights Filling Station",
				"LOCATION" : "90 Ave & 124 St",
				"COMMENTS" : "FT02660 & FT02661",
				"GIS_ENTRY_STAGE" : "Final AB",
				"WARRANTYDATE" : null,
				"CONDITION" : null,
				"CONDITIONDATE" : null,
				"YTD_COST" : null,
				"LIFECYCLE_COST" : null,
				"CRE_DATE" : "20180724",
				"MOD_DATE" : "20180724"
			}
		},
		{
			"type" : "Feature",
			"geometry" : {
				"type" : "Point",
				"coordinates" : [ 516087.33001708984, 5446645.345031738 ]
			},
			"properties" : {
				"ANCILLARYROLE" : null,
				"ENABLED" : 1,
				"FACILITY_TYPE" : 0,
				"FACILITY_TYPE2" : "Filling Station",
				"FACILITYID" : "1002117923",
				"LEGACYID" : null,
				"NODE_NO" : "1597909367",
				"CAPACITY" : null,
				"CONTRACTOR_ID" : null,
				"MAX_NO_PUMPS" : null,
				"STATUS" : "In Service",
				"OPERATING_STATUS" : "Open",
				"PROJECT_NO" : null,
				"YR" : 2017,
				"OWNER" : "Surrey",
				"NAME" : "Hemlock Filling Station",
				"LOCATION" : "9329 160 St",
				"COMMENTS" : "FT02662 & FT02663",
				"GIS_ENTRY_STAGE" : "Final AB",
				"WARRANTYDATE" : null,
				"CONDITION" : null,
				"CONDITIONDATE" : null,
				"YTD_COST" : null,
				"LIFECYCLE_COST" : null,
				"CRE_DATE" : "20180724",
				"MOD_DATE" : "20180724"
			}
		},
		{
			"type" : "Feature",
			"geometry" : {
				"type" : "Point",
				"coordinates" : [ 521306.83502197266, 5447539.130004883 ]
			},
			"properties" : {
				"ANCILLARYROLE" : null,
				"ENABLED" : 1,
				"FACILITY_TYPE" : 0,
				"FACILITY_TYPE2" : "Filling Station",
				"FACILITYID" : "1002117946",
				"LEGACYID" : null,
				"NODE_NO" : "1857409811",
				"CAPACITY" : null,
				"CONTRACTOR_ID" : null,
				"MAX_NO_PUMPS" : null,
				"STATUS" : "In Service",
				"OPERATING_STATUS" : "Open",
				"PROJECT_NO" : null,
				"YR" : 2017,
				"OWNER" : "Surrey",
				"NAME" : "Port Kells Filling Station",
				"LOCATION" : "9788 186 St",
				"COMMENTS" : "FT02664 & FT02665",
				"GIS_ENTRY_STAGE" : "Final AB",
				"WARRANTYDATE" : null,
				"CONDITION" : null,
				"CONDITIONDATE" : null,
				"YTD_COST" : null,
				"LIFECYCLE_COST" : null,
				"CRE_DATE" : "20180724",
				"MOD_DATE" : "20180724"
			}
		},
		{
			"type" : "Feature",
			"geometry" : {
				"type" : "Point",
				"coordinates" : [ 514116.9299926758, 5438942.3400268555 ]
			},
			"properties" : {
				"ANCILLARYROLE" : null,
				"ENABLED" : 1,
				"FACILITY_TYPE" : 0,
				"FACILITY_TYPE2" : "Filling Station",
				"FACILITYID" : "1002118025",
				"LEGACYID" : null,
				"NODE_NO" : "1500005538",
				"CAPACITY" : null,
				"CONTRACTOR_ID" : null,
				"MAX_NO_PUMPS" : null,
				"STATUS" : "In Service",
				"OPERATING_STATUS" : "Open",
				"PROJECT_NO" : null,
				"YR" : 2017,
				"OWNER" : "Surrey",
				"NAME" : "Panorama Filling Station",
				"LOCATION" : "5520blk Panorama Dr",
				"COMMENTS" : "FT02666 & FT02667",
				"GIS_ENTRY_STAGE" : "Final AB",
				"WARRANTYDATE" : null,
				"CONDITION" : null,
				"CONDITIONDATE" : null,
				"YTD_COST" : null,
				"LIFECYCLE_COST" : null,
				"CRE_DATE" : "20180724",
				"MOD_DATE" : "20180724"
			}
		},
		{
			"type" : "Feature",
			"geometry" : {
				"type" : "Point",
				"coordinates" : [ 521893.0050048828, 5434994.320007324 ]
			},
			"properties" : {
				"ANCILLARYROLE" : null,
				"ENABLED" : 1,
				"FACILITY_TYPE" : 0,
				"FACILITY_TYPE2" : "Filling Station",
				"FACILITYID" : "1002118048",
				"LEGACYID" : null,
				"NODE_NO" : "1886503575",
				"CAPACITY" : null,
				"CONTRACTOR_ID" : null,
				"MAX_NO_PUMPS" : null,
				"STATUS" : "In Service",
				"OPERATING_STATUS" : "Open",
				"PROJECT_NO" : null,
				"YR" : 2017,
				"OWNER" : "Surrey",
				"NAME" : "Campbell Heights Filling Station",
				"LOCATION" : "18917 36 Ave",
				"COMMENTS" : "FT02668 & FT02669",
				"GIS_ENTRY_STAGE" : "Final AB",
				"WARRANTYDATE" : null,
				"CONDITION" : null,
				"CONDITIONDATE" : null,
				"YTD_COST" : null,
				"LIFECYCLE_COST" : null,
				"CRE_DATE" : "20180724",
				"MOD_DATE" : "20180724"
			}
		},
		{
			"type" : "Feature",
			"geometry" : {
				"type" : "Point",
				"coordinates" : [ 508349.47021484375, 5446033.333190918 ]
			},
			"properties" : {
				"ANCILLARYROLE" : 0,
				"ENABLED" : 1,
				"FACILITY_TYPE" : 1,
				"FACILITY_TYPE2" : "Pump Station",
				"FACILITYID" : "1000315839",
				"LEGACYID" : "17737",
				"NODE_NO" : "1213309063",
				"CAPACITY" : null,
				"CONTRACTOR_ID" : null,
				"MAX_NO_PUMPS" : null,
				"STATUS" : "In Service",
				"OPERATING_STATUS" : "Open",
				"PROJECT_NO" : "W-940",
				"YR" : 2004,
				"OWNER" : "Surrey",
				"NAME" : "KENNEDY WS",
				"LOCATION" : "12171 90 AVE",
				"COMMENTS" : "P.S. revised by 1211-5010-00 in 2014",
				"GIS_ENTRY_STAGE" : "Final AB",
				"WARRANTYDATE" : null,
				"CONDITION" : null,
				"CONDITIONDATE" : null,
				"YTD_COST" : null,
				"LIFECYCLE_COST" : null,
				"CRE_DATE" : "20031219",
				"MOD_DATE" : "20171221"
			}
		},
		{
			"type" : "Feature",
			"geometry" : {
				"type" : "Point",
				"coordinates" : [ 510272.5354003906, 5450874.616821289 ]
			},
			"properties" : {
				"ANCILLARYROLE" : null,
				"ENABLED" : 1,
				"FACILITY_TYPE" : 0,
				"FACILITY_TYPE2" : "Filling Station",
				"FACILITYID" : "1001801294",
				"LEGACYID" : null,
				"NODE_NO" : "1308711469",
				"CAPACITY" : null,
				"CONTRACTOR_ID" : null,
				"MAX_NO_PUMPS" : null,
				"STATUS" : "In Service",
				"OPERATING_STATUS" : "Open",
				"PROJECT_NO" : null,
				"YR" : 2014,
				"OWNER" : "Surrey",
				"NAME" : "WFS-000-01",
				"LOCATION" : "11470 131 ST",
				"COMMENTS" : "WO 2177574",
				"GIS_ENTRY_STAGE" : null,
				"WARRANTYDATE" : null,
				"CONDITION" : null,
				"CONDITIONDATE" : null,
				"YTD_COST" : null,
				"LIFECYCLE_COST" : null,
				"CRE_DATE" : "20150112",
				"MOD_DATE" : "20180615"
			}
		},
		{
			"type" : "Feature",
			"geometry" : {
				"type" : "Point",
				"coordinates" : [ 513361.84423828125, 5449012.184814453 ]
			},
			"properties" : {
				"ANCILLARYROLE" : 0,
				"ENABLED" : 1,
				"FACILITY_TYPE" : 1,
				"FACILITY_TYPE2" : "Pump Station",
				"FACILITYID" : "1000315837",
				"LEGACYID" : "17332",
				"NODE_NO" : "1462410544",
				"CAPACITY" : null,
				"CONTRACTOR_ID" : null,
				"MAX_NO_PUMPS" : null,
				"STATUS" : "In Service",
				"OPERATING_STATUS" : "Open",
				"PROJECT_NO" : "W-901",
				"YR" : 2002,
				"OWNER" : "Surrey",
				"NAME" : "WHALLEY WS",
				"LOCATION" : "14620 105A AVE",
				"COMMENTS" : null,
				"GIS_ENTRY_STAGE" : "Final AB",
				"WARRANTYDATE" : null,
				"CONDITION" : null,
				"CONDITIONDATE" : null,
				"YTD_COST" : null,
				"LIFECYCLE_COST" : null,
				"CRE_DATE" : "20020429",
				"MOD_DATE" : "20170412"
			}
		},
		{
			"type" : "Feature",
			"geometry" : {
				"type" : "Point",
				"coordinates" : [ 513364.59002685547, 5449001.152038574 ]
			},
			"properties" : {
				"ANCILLARYROLE" : 0,
				"ENABLED" : 1,
				"FACILITY_TYPE" : 1,
				"FACILITY_TYPE2" : "Pump Station",
				"FACILITYID" : "1000315838",
				"LEGACYID" : "17333",
				"NODE_NO" : "1462610538",
				"CAPACITY" : null,
				"CONTRACTOR_ID" : null,
				"MAX_NO_PUMPS" : null,
				"STATUS" : "In Service",
				"OPERATING_STATUS" : "Open",
				"PROJECT_NO" : "1201-5010-00",
				"YR" : 2010,
				"OWNER" : "Surrey",
				"NAME" : "WHALLEY BOOSTER WS",
				"LOCATION" : "14620 105A AVE",
				"COMMENTS" : "WAS ORIG PUMP STATION",
				"GIS_ENTRY_STAGE" : "Final AB",
				"WARRANTYDATE" : null,
				"CONDITION" : null,
				"CONDITIONDATE" : null,
				"YTD_COST" : null,
				"LIFECYCLE_COST" : null,
				"CRE_DATE" : "20020429",
				"MOD_DATE" : "20170412"
			}
		},
		{
			"type" : "Feature",
			"geometry" : {
				"type" : "Point",
				"coordinates" : [ 514848.5422363281, 5446020.422607422 ]
			},
			"properties" : {
				"ANCILLARYROLE" : 0,
				"ENABLED" : 1,
				"FACILITY_TYPE" : 1,
				"FACILITY_TYPE2" : "Pump Station",
				"FACILITYID" : "1000315840",
				"LEGACYID" : "18867",
				"NODE_NO" : "1536309056",
				"CAPACITY" : null,
				"CONTRACTOR_ID" : null,
				"MAX_NO_PUMPS" : null,
				"STATUS" : "In Service",
				"OPERATING_STATUS" : "Open",
				"PROJECT_NO" : "1298-5100-00",
				"YR" : 2003,
				"OWNER" : "Surrey",
				"NAME" : "FLEETWOOD BOOSTER WS",
				"LOCATION" : "9008 FLEETWOOD WAY",
				"COMMENTS" : null,
				"GIS_ENTRY_STAGE" : "Final AB",
				"WARRANTYDATE" : null,
				"CONDITION" : null,
				"CONDITIONDATE" : null,
				"YTD_COST" : null,
				"LIFECYCLE_COST" : null,
				"CRE_DATE" : "20050511",
				"MOD_DATE" : "20170412"
			}
		},
		{
			"type" : "Feature",
			"geometry" : {
				"type" : "Point",
				"coordinates" : [ 509485.1982421875, 5440414.337219238 ]
			},
			"properties" : {
				"ANCILLARYROLE" : 0,
				"ENABLED" : 1,
				"FACILITY_TYPE" : 1,
				"FACILITY_TYPE2" : "Pump Station",
				"FACILITYID" : "1000315841",
				"LEGACYID" : "15012",
				"NODE_NO" : "1269706270",
				"CAPACITY" : null,
				"CONTRACTOR_ID" : null,
				"MAX_NO_PUMPS" : null,
				"STATUS" : "In Service",
				"OPERATING_STATUS" : "Open",
				"PROJECT_NO" : "1201-3060-00",
				"YR" : 2002,
				"OWNER" : "Surrey",
				"NAME" : "NEWTON WS",
				"LOCATION" : "6275 128 ST",
				"COMMENTS" : null,
				"GIS_ENTRY_STAGE" : "Final AB",
				"WARRANTYDATE" : null,
				"CONDITION" : null,
				"CONDITIONDATE" : null,
				"YTD_COST" : null,
				"LIFECYCLE_COST" : null,
				"CRE_DATE" : "20020502",
				"MOD_DATE" : "20170412"
			}
		},
		{
			"type" : "Feature",
			"geometry" : {
				"type" : "Point",
				"coordinates" : [ 514924.28900146484, 5431358.049194336 ]
			},
			"properties" : {
				"ANCILLARYROLE" : 0,
				"ENABLED" : 1,
				"FACILITY_TYPE" : 4,
				"FACILITY_TYPE2" : "Well",
				"FACILITYID" : "1000315834",
				"LEGACYID" : "15037",
				"NODE_NO" : "1540101768",
				"CAPACITY" : null,
				"CONTRACTOR_ID" : null,
				"MAX_NO_PUMPS" : null,
				"STATUS" : "In Service",
				"OPERATING_STATUS" : null,
				"PROJECT_NO" : null,
				"YR" : 2002,
				"OWNER" : "Surrey",
				"NAME" : "MCBETH WELL STATION",
				"LOCATION" : "1845 154 ST",
				"COMMENTS" : "Irrigation ONLY - Used by Parks",
				"GIS_ENTRY_STAGE" : null,
				"WARRANTYDATE" : null,
				"CONDITION" : null,
				"CONDITIONDATE" : null,
				"YTD_COST" : null,
				"LIFECYCLE_COST" : null,
				"CRE_DATE" : "20020506",
				"MOD_DATE" : "20170412"
			}
		},
		{
			"type" : "Feature",
			"geometry" : {
				"type" : "Point",
				"coordinates" : [ 513306.35443115234, 5432360.859619141 ]
			},
			"properties" : {
				"ANCILLARYROLE" : 0,
				"ENABLED" : 1,
				"FACILITY_TYPE" : 4,
				"FACILITY_TYPE2" : "Well",
				"FACILITYID" : "1000315846",
				"LEGACYID" : "15036",
				"NODE_NO" : "1459702266",
				"CAPACITY" : null,
				"CONTRACTOR_ID" : null,
				"MAX_NO_PUMPS" : null,
				"STATUS" : "In Service",
				"OPERATING_STATUS" : "Open",
				"PROJECT_NO" : "W-949",
				"YR" : 2002,
				"OWNER" : "Surrey",
				"NAME" : "SUNNYSIDE WELL II",
				"LOCATION" : "2200 148 ST",
				"COMMENTS" : "Well Pump Station",
				"GIS_ENTRY_STAGE" : "Final AB",
				"WARRANTYDATE" : null,
				"CONDITION" : null,
				"CONDITIONDATE" : null,
				"YTD_COST" : null,
				"LIFECYCLE_COST" : null,
				"CRE_DATE" : "20020506",
				"MOD_DATE" : "20170412"
			}
		},
		{
			"type" : "Feature",
			"geometry" : {
				"type" : "Point",
				"coordinates" : [ 513285.98083496094, 5432097.517028809 ]
			},
			"properties" : {
				"ANCILLARYROLE" : 0,
				"ENABLED" : 1,
				"FACILITY_TYPE" : 1,
				"FACILITY_TYPE2" : "Pump Station",
				"FACILITYID" : "1000315845",
				"LEGACYID" : "15032",
				"NODE_NO" : "1458702135",
				"CAPACITY" : null,
				"CONTRACTOR_ID" : null,
				"MAX_NO_PUMPS" : null,
				"STATUS" : "In Service",
				"OPERATING_STATUS" : "Open",
				"PROJECT_NO" : "12975120-00",
				"YR" : 2002,
				"OWNER" : "Surrey",
				"NAME" : "SUNNYSIDE I WS",
				"LOCATION" : "2200 148 ST",
				"COMMENTS" : null,
				"GIS_ENTRY_STAGE" : "Final AB",
				"WARRANTYDATE" : null,
				"CONDITION" : null,
				"CONDITIONDATE" : null,
				"YTD_COST" : null,
				"LIFECYCLE_COST" : null,
				"CRE_DATE" : "20020506",
				"MOD_DATE" : "20170412"
			}
		},
		{
			"type" : "Feature",
			"geometry" : {
				"type" : "Point",
				"coordinates" : [ 513304.3176269531, 5432238.043212891 ]
			},
			"properties" : {
				"ANCILLARYROLE" : 0,
				"ENABLED" : 1,
				"FACILITY_TYPE" : 1,
				"FACILITY_TYPE2" : "Pump Station",
				"FACILITYID" : "1000315847",
				"LEGACYID" : "18921",
				"NODE_NO" : "1459602205",
				"CAPACITY" : null,
				"CONTRACTOR_ID" : null,
				"MAX_NO_PUMPS" : null,
				"STATUS" : "In Service",
				"OPERATING_STATUS" : "Open",
				"PROJECT_NO" : "W-027",
				"YR" : 1992,
				"OWNER" : "Surrey",
				"NAME" : "SUNNYSIDE II WS",
				"LOCATION" : "2200 148 ST",
				"COMMENTS" : "SEE ALSO WD-123-042 TO 50",
				"GIS_ENTRY_STAGE" : "Final AB",
				"WARRANTYDATE" : null,
				"CONDITION" : null,
				"CONDITIONDATE" : null,
				"YTD_COST" : null,
				"LIFECYCLE_COST" : null,
				"CRE_DATE" : "20050629",
				"MOD_DATE" : "20170412"
			}
		},
		{
			"type" : "Feature",
			"geometry" : {
				"type" : "Point",
				"coordinates" : [ 522262.2269897461, 5442288.392211914 ]
			},
			"properties" : {
				"ANCILLARYROLE" : 0,
				"ENABLED" : 1,
				"FACILITY_TYPE" : 1,
				"FACILITY_TYPE2" : "Pump Station",
				"FACILITYID" : "1000315848",
				"LEGACYID" : "15009",
				"NODE_NO" : "1904907201",
				"CAPACITY" : null,
				"CONTRACTOR_ID" : null,
				"MAX_NO_PUMPS" : null,
				"STATUS" : "In Service",
				"OPERATING_STATUS" : "Open",
				"PROJECT_NO" : "W-201",
				"YR" : 2002,
				"OWNER" : "Surrey",
				"NAME" : "OLD CLAYTON WS",
				"LOCATION" : "19050 72 AVE",
				"COMMENTS" : "May be retired",
				"GIS_ENTRY_STAGE" : "Final AB",
				"WARRANTYDATE" : null,
				"CONDITION" : null,
				"CONDITIONDATE" : null,
				"YTD_COST" : null,
				"LIFECYCLE_COST" : null,
				"CRE_DATE" : "20020502",
				"MOD_DATE" : "20170412"
			}
		},
		{
			"type" : "Feature",
			"geometry" : {
				"type" : "Point",
				"coordinates" : [ 517412.64959716797, 5432518.207397461 ]
			},
			"properties" : {
				"ANCILLARYROLE" : 0,
				"ENABLED" : 1,
				"FACILITY_TYPE" : 1,
				"FACILITY_TYPE2" : "Pump Station",
				"FACILITYID" : "1000815878",
				"LEGACYID" : null,
				"NODE_NO" : "1663802344",
				"CAPACITY" : null,
				"CONTRACTOR_ID" : null,
				"MAX_NO_PUMPS" : null,
				"STATUS" : "In Service",
				"OPERATING_STATUS" : "Open",
				"PROJECT_NO" : "1204-5050-00",
				"YR" : 2006,
				"OWNER" : "Surrey",
				"NAME" : "GRANDVIEW WS",
				"LOCATION" : "16666 24 AVE",
				"COMMENTS" : "Updated by 1213-5010-00",
				"GIS_ENTRY_STAGE" : "Final AB",
				"WARRANTYDATE" : null,
				"CONDITION" : null,
				"CONDITIONDATE" : null,
				"YTD_COST" : null,
				"LIFECYCLE_COST" : null,
				"CRE_DATE" : "20070109",
				"MOD_DATE" : "20170412"
			}
		},
		{
			"type" : "Feature",
			"geometry" : {
				"type" : "Point",
				"coordinates" : [ 522190.0272216797, 5442281.956237793 ]
			},
			"properties" : {
				"ANCILLARYROLE" : 0,
				"ENABLED" : 1,
				"FACILITY_TYPE" : 1,
				"FACILITY_TYPE2" : "Pump Station",
				"FACILITYID" : "1000823025",
				"LEGACYID" : null,
				"NODE_NO" : "1901307198",
				"CAPACITY" : null,
				"CONTRACTOR_ID" : null,
				"MAX_NO_PUMPS" : null,
				"STATUS" : "In Service",
				"OPERATING_STATUS" : "Open",
				"PROJECT_NO" : "1204-5060-00",
				"YR" : 2010,
				"OWNER" : "Surrey",
				"NAME" : "CLAYTON WS",
				"LOCATION" : "71A AVE & 190 ST",
				"COMMENTS" : null,
				"GIS_ENTRY_STAGE" : "Final AB",
				"WARRANTYDATE" : null,
				"CONDITION" : null,
				"CONDITIONDATE" : null,
				"YTD_COST" : null,
				"LIFECYCLE_COST" : null,
				"CRE_DATE" : "20070424",
				"MOD_DATE" : "20170412"
			}
		},
		{
			"type" : "Feature",
			"geometry" : {
				"type" : "Point",
				"coordinates" : [ 513264.13079833984, 5432110.3068237305 ]
			},
			"properties" : {
				"ANCILLARYROLE" : 0,
				"ENABLED" : 1,
				"FACILITY_TYPE" : 2,
				"FACILITY_TYPE2" : "Reservoir",
				"FACILITYID" : "1000314975",
				"LEGACYID" : "15033",
				"NODE_NO" : "1457602141",
				"CAPACITY" : null,
				"CONTRACTOR_ID" : null,
				"MAX_NO_PUMPS" : null,
				"STATUS" : "In Service",
				"OPERATING_STATUS" : "Open",
				"PROJECT_NO" : null,
				"YR" : 2002,
				"OWNER" : "Metro Vancouver",
				"NAME" : "SUNNYSIDE RESERVOIR I - METRO",
				"LOCATION" : "2200 148 ST",
				"COMMENTS" : null,
				"GIS_ENTRY_STAGE" : null,
				"WARRANTYDATE" : null,
				"CONDITION" : null,
				"CONDITIONDATE" : null,
				"YTD_COST" : null,
				"LIFECYCLE_COST" : null,
				"CRE_DATE" : "20020506",
				"MOD_DATE" : "20170412"
			}
		},
		{
			"type" : "Feature",
			"geometry" : {
				"type" : "Point",
				"coordinates" : [ 509462.5452270508, 5440460.00402832 ]
			},
			"properties" : {
				"ANCILLARYROLE" : 0,
				"ENABLED" : 1,
				"FACILITY_TYPE" : 2,
				"FACILITY_TYPE2" : "Reservoir",
				"FACILITYID" : "1000314972",
				"LEGACYID" : "15010",
				"NODE_NO" : "1268606292",
				"CAPACITY" : null,
				"CONTRACTOR_ID" : null,
				"MAX_NO_PUMPS" : null,
				"STATUS" : "In Service",
				"OPERATING_STATUS" : "Open",
				"PROJECT_NO" : null,
				"YR" : 2002,
				"OWNER" : "Metro Vancouver",
				"NAME" : "NEWTON RESERVOIR - METRO",
				"LOCATION" : "6275 128 ST",
				"COMMENTS" : "Remove ????",
				"GIS_ENTRY_STAGE" : null,
				"WARRANTYDATE" : null,
				"CONDITION" : null,
				"CONDITIONDATE" : null,
				"YTD_COST" : null,
				"LIFECYCLE_COST" : null,
				"CRE_DATE" : "20020502",
				"MOD_DATE" : "20170412"
			}
		},
		{
			"type" : "Feature",
			"geometry" : {
				"type" : "Point",
				"coordinates" : [ 513324.80279541016, 5448949.652587891 ]
			},
			"properties" : {
				"ANCILLARYROLE" : 0,
				"ENABLED" : 1,
				"FACILITY_TYPE" : 2,
				"FACILITY_TYPE2" : "Reservoir",
				"FACILITYID" : "1000314968",
				"LEGACYID" : "15006",
				"NODE_NO" : "1460610513",
				"CAPACITY" : null,
				"CONTRACTOR_ID" : null,
				"MAX_NO_PUMPS" : null,
				"STATUS" : "In Service",
				"OPERATING_STATUS" : "Open",
				"PROJECT_NO" : "WF-1060",
				"YR" : 2002,
				"OWNER" : "Metro Vancouver",
				"NAME" : "WHALLEY RESERVOIR - METRO",
				"LOCATION" : "14620 105A AVE",
				"COMMENTS" : null,
				"GIS_ENTRY_STAGE" : "Final AB",
				"WARRANTYDATE" : null,
				"CONDITION" : null,
				"CONDITIONDATE" : null,
				"YTD_COST" : null,
				"LIFECYCLE_COST" : null,
				"CRE_DATE" : "20020429",
				"MOD_DATE" : "20170412"
			}
		},
		{
			"type" : "Feature",
			"geometry" : {
				"type" : "Point",
				"coordinates" : [ 520904.50103759766, 5432752.624389648 ]
			},
			"properties" : {
				"ANCILLARYROLE" : 0,
				"ENABLED" : 1,
				"FACILITY_TYPE" : 1,
				"FACILITY_TYPE2" : "Pump Station",
				"FACILITYID" : "1000315844",
				"LEGACYID" : "15027",
				"NODE_NO" : "1837402461",
				"CAPACITY" : null,
				"CONTRACTOR_ID" : null,
				"MAX_NO_PUMPS" : null,
				"STATUS" : "In Service",
				"OPERATING_STATUS" : "Open",
				"PROJECT_NO" : "WF-2092",
				"YR" : 2002,
				"OWNER" : "Metro Vancouver",
				"NAME" : "184 ST WS - METRO",
				"LOCATION" : "2499 184 ST",
				"COMMENTS" : null,
				"GIS_ENTRY_STAGE" : "Final AB",
				"WARRANTYDATE" : null,
				"CONDITION" : null,
				"CONDITIONDATE" : null,
				"YTD_COST" : null,
				"LIFECYCLE_COST" : null,
				"CRE_DATE" : "20020503",
				"MOD_DATE" : "20170412"
			}
		},
		{
			"type" : "Feature",
			"geometry" : {
				"type" : "Point",
				"coordinates" : [ 522283.9169921875, 5442312.842224121 ]
			},
			"properties" : {
				"ANCILLARYROLE" : 0,
				"ENABLED" : 1,
				"FACILITY_TYPE" : 2,
				"FACILITY_TYPE2" : "Reservoir",
				"FACILITYID" : "1000314977",
				"LEGACYID" : "15008",
				"NODE_NO" : "1906007213",
				"CAPACITY" : null,
				"CONTRACTOR_ID" : null,
				"MAX_NO_PUMPS" : null,
				"STATUS" : "In Service",
				"OPERATING_STATUS" : "Open",
				"PROJECT_NO" : null,
				"YR" : 2002,
				"OWNER" : "Metro Vancouver",
				"NAME" : "CLAYTON RESERVOIR - METRO",
				"LOCATION" : "71A AVE & 190 ST",
				"COMMENTS" : "Multi-cell",
				"GIS_ENTRY_STAGE" : null,
				"WARRANTYDATE" : null,
				"CONDITION" : null,
				"CONDITIONDATE" : null,
				"YTD_COST" : null,
				"LIFECYCLE_COST" : null,
				"CRE_DATE" : "20020502",
				"MOD_DATE" : "20170412"
			}
		},
		{
			"type" : "Feature",
			"geometry" : {
				"type" : "Point",
				"coordinates" : [ 509530.03161621094, 5440459.411987305 ]
			},
			"properties" : {
				"ANCILLARYROLE" : 0,
				"ENABLED" : 1,
				"FACILITY_TYPE" : 2,
				"FACILITY_TYPE2" : "Reservoir",
				"FACILITYID" : "1000314973",
				"LEGACYID" : "15011",
				"NODE_NO" : "1271906292",
				"CAPACITY" : null,
				"CONTRACTOR_ID" : null,
				"MAX_NO_PUMPS" : null,
				"STATUS" : "In Service",
				"OPERATING_STATUS" : "Open",
				"PROJECT_NO" : null,
				"YR" : 2002,
				"OWNER" : "Metro Vancouver",
				"NAME" : "NEWTON RESERVOIR - METRO",
				"LOCATION" : "6275 128 ST",
				"COMMENTS" : "Multi-cell",
				"GIS_ENTRY_STAGE" : null,
				"WARRANTYDATE" : null,
				"CONDITION" : null,
				"CONDITIONDATE" : null,
				"YTD_COST" : null,
				"LIFECYCLE_COST" : null,
				"CRE_DATE" : "20020502",
				"MOD_DATE" : "20170412"
			}
		},
		{
			"type" : "Feature",
			"geometry" : {
				"type" : "Point",
				"coordinates" : [ 520148.1083984375, 5438551.13659668 ]
			},
			"properties" : {
				"ANCILLARYROLE" : null,
				"ENABLED" : 1,
				"FACILITY_TYPE" : 0,
				"FACILITY_TYPE2" : "Filling Station",
				"FACILITYID" : "1001801295",
				"LEGACYID" : null,
				"NODE_NO" : "1799805343",
				"CAPACITY" : null,
				"CONTRACTOR_ID" : null,
				"MAX_NO_PUMPS" : null,
				"STATUS" : "In Service",
				"OPERATING_STATUS" : "Open",
				"PROJECT_NO" : null,
				"YR" : 2014,
				"OWNER" : "Surrey",
				"NAME" : "WFS-087-01",
				"LOCATION" : "5337 180 ST",
				"COMMENTS" : "WO 2177573",
				"GIS_ENTRY_STAGE" : null,
				"WARRANTYDATE" : null,
				"CONDITION" : null,
				"CONDITIONDATE" : null,
				"YTD_COST" : null,
				"LIFECYCLE_COST" : null,
				"CRE_DATE" : "20150112",
				"MOD_DATE" : "20170412"
			}
		},
		{
			"type" : "Feature",
			"geometry" : {
				"type" : "Point",
				"coordinates" : [ 509511.2407836914, 5440413.660583496 ]
			},
			"properties" : {
				"ANCILLARYROLE" : 0,
				"ENABLED" : 1,
				"FACILITY_TYPE" : 1,
				"FACILITY_TYPE2" : "Pump Station",
				"FACILITYID" : "1000315842",
				"LEGACYID" : "15013",
				"NODE_NO" : "1271006269",
				"CAPACITY" : null,
				"CONTRACTOR_ID" : null,
				"MAX_NO_PUMPS" : null,
				"STATUS" : "In Service",
				"OPERATING_STATUS" : "Open",
				"PROJECT_NO" : null,
				"YR" : 2002,
				"OWNER" : "Metro Vancouver",
				"NAME" : "NEWTON WS - METRO",
				"LOCATION" : "6275 128 ST",
				"COMMENTS" : null,
				"GIS_ENTRY_STAGE" : "Final AB",
				"WARRANTYDATE" : null,
				"CONDITION" : null,
				"CONDITIONDATE" : null,
				"YTD_COST" : null,
				"LIFECYCLE_COST" : null,
				"CRE_DATE" : "20020502",
				"MOD_DATE" : "20170412"
			}
		},
		{
			"type" : "Feature",
			"geometry" : {
				"type" : "Point",
				"coordinates" : [ 513271.4783935547, 5432026.665222168 ]
			},
			"properties" : {
				"ANCILLARYROLE" : 0,
				"ENABLED" : 1,
				"FACILITY_TYPE" : 2,
				"FACILITY_TYPE2" : "Reservoir",
				"FACILITYID" : "1000314976",
				"LEGACYID" : "15948",
				"NODE_NO" : "1457902100",
				"CAPACITY" : null,
				"CONTRACTOR_ID" : null,
				"MAX_NO_PUMPS" : null,
				"STATUS" : "In Service",
				"OPERATING_STATUS" : "Open",
				"PROJECT_NO" : null,
				"YR" : 2002,
				"OWNER" : "Metro Vancouver",
				"NAME" : "SUNNYSIDE RESERVOIR II - METRO",
				"LOCATION" : "2200 148 ST",
				"COMMENTS" : null,
				"GIS_ENTRY_STAGE" : null,
				"WARRANTYDATE" : null,
				"CONDITION" : null,
				"CONDITIONDATE" : null,
				"YTD_COST" : null,
				"LIFECYCLE_COST" : null,
				"CRE_DATE" : "20020923",
				"MOD_DATE" : "20170412"
			}
		},
		{
			"type" : "Feature",
			"geometry" : {
				"type" : "Point",
				"coordinates" : [ 508304.8201904297, 5446094.4150390625 ]
			},
			"properties" : {
				"ANCILLARYROLE" : 0,
				"ENABLED" : 1,
				"FACILITY_TYPE" : 2,
				"FACILITY_TYPE2" : "Reservoir",
				"FACILITYID" : "1000314970",
				"LEGACYID" : "17918",
				"NODE_NO" : "1211109093",
				"CAPACITY" : null,
				"CONTRACTOR_ID" : null,
				"MAX_NO_PUMPS" : null,
				"STATUS" : "In Service",
				"OPERATING_STATUS" : "Open",
				"PROJECT_NO" : "WF-1578",
				"YR" : 1980,
				"OWNER" : "Metro Vancouver",
				"NAME" : "KENNEDY RESERVOIR - METRO",
				"LOCATION" : "12171 90 AVE",
				"COMMENTS" : null,
				"GIS_ENTRY_STAGE" : "Final AB",
				"WARRANTYDATE" : null,
				"CONDITION" : null,
				"CONDITIONDATE" : null,
				"YTD_COST" : null,
				"LIFECYCLE_COST" : null,
				"CRE_DATE" : "19941212",
				"MOD_DATE" : "20170412"
			}
		},
		{
			"type" : "Feature",
			"geometry" : {
				"type" : "Point",
				"coordinates" : [ 509581.44299316406, 5440390.299194336 ]
			},
			"properties" : {
				"ANCILLARYROLE" : null,
				"ENABLED" : 1,
				"FACILITY_TYPE" : 4,
				"FACILITY_TYPE2" : "Well",
				"FACILITYID" : "1001190443",
				"LEGACYID" : null,
				"NODE_NO" : "1274506258",
				"CAPACITY" : null,
				"CONTRACTOR_ID" : null,
				"MAX_NO_PUMPS" : null,
				"STATUS" : "In Service",
				"OPERATING_STATUS" : "Open",
				"PROJECT_NO" : null,
				"YR" : null,
				"OWNER" : "Surrey",
				"NAME" : "NEWTON TEST/MONITORING WELL",
				"LOCATION" : "6275 128 ST",
				"COMMENTS" : "150m Deep",
				"GIS_ENTRY_STAGE" : null,
				"WARRANTYDATE" : null,
				"CONDITION" : null,
				"CONDITIONDATE" : null,
				"YTD_COST" : null,
				"LIFECYCLE_COST" : null,
				"CRE_DATE" : "20110304",
				"MOD_DATE" : "20170412"
			}
		},
		{
			"type" : "Feature",
			"geometry" : {
				"type" : "Point",
				"coordinates" : [ 513618.69860839844, 5432156.057983398 ]
			},
			"properties" : {
				"ANCILLARYROLE" : null,
				"ENABLED" : 1,
				"FACILITY_TYPE" : 0,
				"FACILITY_TYPE2" : "Filling Station",
				"FACILITYID" : "1001801296",
				"LEGACYID" : null,
				"NODE_NO" : "1475202164",
				"CAPACITY" : null,
				"CONTRACTOR_ID" : null,
				"MAX_NO_PUMPS" : null,
				"STATUS" : "In Service",
				"OPERATING_STATUS" : "Open",
				"PROJECT_NO" : null,
				"YR" : 2014,
				"OWNER" : "Surrey",
				"NAME" : "WFS-123-01",
				"LOCATION" : "ROTARY WAY & 148 ST",
				"COMMENTS" : "WO 2177573",
				"GIS_ENTRY_STAGE" : null,
				"WARRANTYDATE" : null,
				"CONDITION" : null,
				"CONDITIONDATE" : null,
				"YTD_COST" : null,
				"LIFECYCLE_COST" : null,
				"CRE_DATE" : "20150112",
				"MOD_DATE" : "20170412"
			}
		},
		{
			"type" : "Feature",
			"geometry" : {
				"type" : "Point",
				"coordinates" : [ 523272.15618896484, 5435020.1091918945 ]
			},
			"properties" : {
				"ANCILLARYROLE" : 0,
				"ENABLED" : 1,
				"FACILITY_TYPE" : 1,
				"FACILITY_TYPE2" : "Pump Station",
				"FACILITYID" : "1000315843",
				"LEGACYID" : "15019",
				"NODE_NO" : "1955103588",
				"CAPACITY" : null,
				"CONTRACTOR_ID" : null,
				"MAX_NO_PUMPS" : null,
				"STATUS" : "In Service",
				"OPERATING_STATUS" : "Open",
				"PROJECT_NO" : null,
				"YR" : 2002,
				"OWNER" : "Private",
				"NAME" : "SURREY NURSERY WS - PRIVATE",
				"LOCATION" : "36 AVE & 196 ST",
				"COMMENTS" : null,
				"GIS_ENTRY_STAGE" : null,
				"WARRANTYDATE" : null,
				"CONDITION" : null,
				"CONDITIONDATE" : null,
				"YTD_COST" : null,
				"LIFECYCLE_COST" : null,
				"CRE_DATE" : "20020503",
				"MOD_DATE" : "20170412"
			}
		},
		{
			"type" : "Feature",
			"geometry" : {
				"type" : "Point",
				"coordinates" : [ 517474.8491821289, 5432494.927185059 ]
			},
			"properties" : {
				"ANCILLARYROLE" : 0,
				"ENABLED" : 1,
				"FACILITY_TYPE" : 2,
				"FACILITY_TYPE2" : "Reservoir",
				"FACILITYID" : "1000314969",
				"LEGACYID" : "18270",
				"NODE_NO" : "1666902333",
				"CAPACITY" : null,
				"CONTRACTOR_ID" : null,
				"MAX_NO_PUMPS" : null,
				"STATUS" : "In Service",
				"OPERATING_STATUS" : "Open",
				"PROJECT_NO" : "WF-2556",
				"YR" : 1999,
				"OWNER" : "Metro Vancouver",
				"NAME" : "GRANDVIEW RESERVOIR - METRO",
				"LOCATION" : "16666 24 AVE",
				"COMMENTS" : null,
				"GIS_ENTRY_STAGE" : "Final AB",
				"WARRANTYDATE" : null,
				"CONDITION" : null,
				"CONDITIONDATE" : null,
				"YTD_COST" : null,
				"LIFECYCLE_COST" : null,
				"CRE_DATE" : "20040914",
				"MOD_DATE" : "20170412"
			}
		}
	]
}