[
{
"json_featuretype":"2017"
,"Registration Date":"2017 01 11"
,"Name of Lobbyist":"Andris Ivars Ozols"
,"Company":"Bird Design Build Construction"
,"Phone Number":"604-377-3440"
,"Nature of Lobbying":"Construction"
,"Client":"The Ministry of Agriculture and Lands"
,"Project No. ":"7916-0702-00"
}
,{
"json_featuretype":"2017"
,"Registration Date":"2017 01 11"
,"Name of Lobbyist":"Andris Ivars Ozols"
,"Company":"Bird Design Build Construction"
,"Phone Number":"604-377-3440"
,"Nature of Lobbying":"Construction"
,"Client":"City of Surrey"
,"Project No. ":"7916-0698-00"
}
,{
"json_featuretype":"2017"
,"Registration Date":"2017 01 11"
,"Name of Lobbyist":"Anya Paskovic"
,"Company":"Aplin Martin Consultants Ltd."
,"Phone Number":"604-639-3456"
,"Nature of Lobbying":"Planning Consulting"
,"Client":"Canadian Horizons (18th Ave) Land Corp."
,"Project No. ":"7916-0695-00"
}
,{
"json_featuretype":"2017"
,"Registration Date":"2017 01 11"
,"Name of Lobbyist":"Anya Paskovic"
,"Company":"Aplin Martin Consultants Ltd."
,"Phone Number":"604-639-3456"
,"Nature of Lobbying":"Planning Consulting"
,"Client":"1093461 BC Ltd."
,"Project No. ":"7917-0002-00"
}
,{
"json_featuretype":"2017"
,"Registration Date":"2017 01 11"
,"Name of Lobbyist":"Avnash Banwait and Rajeev Mangla"
,"Company":"Mainland Engineering Design Corporation"
,"Phone Number":"604-543-8044"
,"Nature of Lobbying":"Civil Engineering and Land Development"
,"Client":"Property Owner"
,"Project No. ":"7916-0713-00"
}
,{
"json_featuretype":"2017"
,"Registration Date":"2017 01 11"
,"Name of Lobbyist":"Avnash Banwait and Rajeev Mangla"
,"Company":"Mainland Engineering Design Corporation"
,"Phone Number":"604-543-8044"
,"Nature of Lobbying":"Civil Engineering and Land Development"
,"Client":"Property Owner"
,"Project No. ":"7916-0700-00"
}
,{
"json_featuretype":"2017"
,"Registration Date":"2017 01 11"
,"Name of Lobbyist":"Dharam Kajal"
,"Company":"Westridge Engineering & Consultants Ltd."
,"Phone Number":"604-789-9520"
,"Nature of Lobbying":"Civil Land Development and Water/Storm Management Engineering"
,"Client":"Property Owner"
,"Project No. ":"7916-0690-00"
}
,{
"json_featuretype":"2017"
,"Registration Date":"2017 01 11"
,"Name of Lobbyist":"Harj Samra"
,"Company":"RGHS Investments Inc."
,"Phone Number":"778-227-6661"
,"Nature of Lobbying":"Tenant"
,"Client":"Tanda Group Holding Inc."
,"Project No. ":"7917-0001-00"
}
,{
"json_featuretype":"2017"
,"Registration Date":"2017 01 11"
,"Name of Lobbyist":"John Kristianson"
,"Company":"CTA Design Group"
,"Phone Number":"604-736-2554"
,"Nature of Lobbying":"Architecture and Engineering"
,"Client":"Prism Construction Limited"
,"Project No. ":"7916-0692-00"
}
,{
"json_featuretype":"2017"
,"Registration Date":"2017 01 11"
,"Name of Lobbyist":"Kaz and Wais Noori"
,"Company":"Searick Developments Inc."
,"Phone Number":"778-999-9247"
,"Nature of Lobbying":"General Contractor "
,"Client":"Property Owner"
,"Project No. ":"7916-0691-00"
}
,{
"json_featuretype":"2017"
,"Registration Date":"2017 01 11"
,"Name of Lobbyist":"Maciej Dembek"
,"Company":"Barnett Dembek Architects Inc."
,"Phone Number":"604-597-7100"
,"Nature of Lobbying":"Architectural Services "
,"Client":"1014976 BC Ltd."
,"Project No. ":"7916-0711-00"
}
,{
"json_featuretype":"2017"
,"Registration Date":"2017 01 11"
,"Name of Lobbyist":"Maggie Koka"
,"Company":"Aplin Martin Consultants Ltd."
,"Phone Number":"604-639-3456"
,"Nature of Lobbying":"Planning Consulting"
,"Client":"0905401 BC Ltd."
,"Project No. ":"7916-0688-00"
}
,{
"json_featuretype":"2017"
,"Registration Date":"2017 01 11"
,"Name of Lobbyist":"Maggie Koka"
,"Company":"Aplin Martin Consultants Ltd."
,"Phone Number":"604-639-3456"
,"Nature of Lobbying":"Planning Consulting"
,"Client":"Ministry of Transportation and Infrastructure"
,"Project No. ":"7916-0709-00"
}
,{
"json_featuretype":"2017"
,"Registration Date":"2017 01 11"
,"Name of Lobbyist":"Maggie Koka"
,"Company":"Aplin Martin Consultants Ltd."
,"Phone Number":"604-639-3456"
,"Nature of Lobbying":"Planning Consulting"
,"Client":"Ministry of Transportation and Infrastructure"
,"Project No. ":"7916-0710-00"
}
,{
"json_featuretype":"2017"
,"Registration Date":"2017 01 11"
,"Name of Lobbyist":"Mandeep Johal"
,"Company":"Dreamstar"
,"Phone Number":"778-881-7255"
,"Nature of Lobbying":"Developer"
,"Client":"Dreamstar Enterprises"
,"Project No. ":"7916-0697-00"
}
,{
"json_featuretype":"2017"
,"Registration Date":"2017 01 11"
,"Name of Lobbyist":"Navid Fereidooni"
,"Company":"Krahn Engineering Ltd."
,"Phone Number":"604-204-6662"
,"Nature of Lobbying":"Engineering Firm"
,"Client":"SubZero Cold Logistics Ltd."
,"Project No. ":"7916-0717-00"
}
,{
"json_featuretype":"2017"
,"Registration Date":"2017 01 11"
,"Name of Lobbyist":"Roger Jawanda"
,"Company":"CitiWest Consulting Ltd."
,"Phone Number":"604-591-2213"
,"Nature of Lobbying":"Civil Engineering"
,"Client":"Property Owner"
,"Project No. ":"7916-0712-00"
}
,{
"json_featuretype":"2017"
,"Registration Date":"2017 01 11"
,"Name of Lobbyist":"Roger Jawanda"
,"Company":"CitiWest Consulting Ltd."
,"Phone Number":"604-591-2213"
,"Nature of Lobbying":"Civil Engineering"
,"Client":"Property Owner"
,"Project No. ":"7917-0003-00"
}
,{
"json_featuretype":"2017"
,"Registration Date":"2017 01 11"
,"Name of Lobbyist":"Samuel Chan"
,"Company":"Ionic Architecture Inc."
,"Phone Number":"778-571-0618"
,"Nature of Lobbying":"Architect"
,"Client":"Property Owner"
,"Project No. ":"7916-0718-00"
}
,{
"json_featuretype":"2017"
,"Registration Date":"2017 01 11"
,"Name of Lobbyist":"Steve Stew"
,"Company":"SCS Consulting Corporation"
,"Phone Number":"604-837-1772"
,"Nature of Lobbying":"Consulting"
,"Client":"Woodberg Development "
,"Project No. ":"7915-0399-00"
}
,{
"json_featuretype":"2017"
,"Registration Date":"2017 01 11"
,"Name of Lobbyist":"Jim Wong"
,"Company":"Studio One Architecture Inc."
,"Phone Number":"604-731-3966"
,"Client":"Property Owner"
,"Project No. ":"7916-0705-00"
}
,{
"json_featuretype":"2017"
,"Registration Date":"2017 01 11"
,"Name of Lobbyist":"Trevor Wong"
,"Company":"Kwantlen Polytechnic University"
,"Phone Number":"604-599-2283"
,"Nature of Lobbying":"University"
,"Client":"Von Harding"
,"Project No. ":"7916-0693-00"
}
,{
"json_featuretype":"2017"
,"Registration Date":"2017 01 11"
,"Name of Lobbyist":"Victor Jeon"
,"Company":"West Stone Group"
,"Phone Number":"604-725-3789"
,"Nature of Lobbying":"Development "
,"Client":"0763405 BC Ltd."
,"Project No. ":"7916-0685-00"
}
,{
"json_featuretype":"2017"
,"Registration Date":"2017 01 16"
,"Name of Lobbyist":"M. Ismail"
,"Phone Number":"778-231-5100"
,"Client":"The BC Muslim Association"
,"Project No. ":"7917-0004-00"
}
,{
"json_featuretype":"2017"
,"Registration Date":"2017 01 16"
,"Name of Lobbyist":"H. Sohi"
,"Phone Number":"604-417-9490"
,"Client":"Property Owner"
,"Project No. ":"7917-0005-00"
}
,{
"json_featuretype":"2017"
,"Registration Date":"2017 01 23"
,"Name of Lobbyist":"Shaun Creaney"
,"Company":"Priority Permits Ltd."
,"Phone Number":"289-389-8951"
,"Nature of Lobbying":"Sign Permit Approval"
,"Client":"Liquor Discounter"
,"Project No. ":"7917-0019-00"
}
,{
"json_featuretype":"2017"
,"Registration Date":"2017 01 25"
,"Name of Lobbyist":"A. Aubert"
,"Phone Number":"604-538-9611"
,"Nature of Lobbying":"Heritage Railway"
,"Client":"Property Owner"
,"Project No. ":"7917-0006-00"
}
,{
"json_featuretype":"2017"
,"Registration Date":"2017 01 25"
,"Name of Lobbyist":"John Kristianson"
,"Company":"CTA Design Group"
,"Phone Number":"604-736-2554"
,"Nature of Lobbying":"Architecture and Engineering"
,"Client":"KCH21"
,"Project No. ":"7916-0701-00"
}
,{
"json_featuretype":"2017"
,"Registration Date":"2017 01 25"
,"Name of Lobbyist":"T. Johal"
,"Phone Number":"778-926-0093"
,"Client":"Property Owner"
,"Project No. ":"7917-0012-00"
}
,{
"json_featuretype":"2017"
,"Registration Date":"2017 01 25"
,"Name of Lobbyist":"Wayne Venables"
,"Company":"Krahn Engineering Ltd."
,"Phone Number":"604-853-8831"
,"Nature of Lobbying":"Engineering Company"
,"Client":"Property Owner"
,"Project No. ":"7917-0012-00"
}
,{
"json_featuretype":"2017"
,"Registration Date":"2017 02 07"
,"Name of Lobbyist":"M. Kompter"
,"Phone Number":"604-572-4328"
,"Nature of Lobbying":"Consultant"
,"Client":"Property Owner"
,"Project No. ":"7917-0041-00"
}
,{
"json_featuretype":"2017"
,"Registration Date":"2017 02 07"
,"Name of Lobbyist":"M. Lidder"
,"Phone Number":"604-505-5226"
,"Client":"Property Owner"
,"Project No. ":"7917-0046-00"
}
,{
"json_featuretype":"2017"
,"Registration Date":"2017 02 07"
,"Name of Lobbyist":"R. Salcido"
,"Phone Number":"778-389-4904"
,"Client":"Property Owner"
,"Project No. ":"7917-0048-00"
}
,{
"json_featuretype":"2017"
,"Registration Date":"2017 02 10"
,"Name of Lobbyist":"R. Gill"
,"Phone Number":"778-836-4000"
,"Client":"Property Owner"
,"Project No. ":"7917-0072-00"
}
,{
"json_featuretype":"2017"
,"Registration Date":"2017 02 10"
,"Name of Lobbyist":"Anya Paskovic"
,"Company":"Aplin Martin Consultants Ltd."
,"Phone Number":"604-639-3456"
,"Nature of Lobbying":"Planning Engineering Consulting"
,"Client":"Logos Investment Inc."
,"Project No. ":"7917-0070-00"
}
,{
"json_featuretype":"2017"
,"Registration Date":"2017 02 10"
,"Name of Lobbyist":"Maciej Dembek"
,"Company":"Barnett Dembek Architects Inc."
,"Phone Number":"604-597-7100"
,"Nature of Lobbying":"Architect"
,"Client":"Property Owner"
,"Project No. ":"7917-0053-00"
}
,{
"json_featuretype":"2017"
,"Registration Date":"2017 02 10"
,"Name of Lobbyist":"Maciej Dembek"
,"Company":"Barnett Dembek Architects Inc."
,"Phone Number":"604-597-7100"
,"Nature of Lobbying":"Architect"
,"Client":"Hayer 156 Properties Ltd."
,"Project No. ":"7917-0008-00"
}
,{
"json_featuretype":"2017"
,"Registration Date":"2017 02 10"
,"Name of Lobbyist":"Sandra Shanoada"
,"Company":"McElhanney Consulting Services Ltd."
,"Phone Number":"604-596-0391"
,"Nature of Lobbying":"Land Development/Planning Services"
,"Client":"Surrey City Development Corporation"
,"Project No. ":"7917-0009-00"
}
,{
"json_featuretype":"2017"
,"Registration Date":"2017 02 10"
,"Name of Lobbyist":"Mark Coopestone"
,"Company":"Prime Site Solutions Inc."
,"Phone Number":"604-710-9620"
,"Nature of Lobbying":"Cellular Antenna Installation for Wireless Provider"
,"Client":"Freedom Mobile"
,"Project No. ":"7917-0015-00"
}
,{
"json_featuretype":"2017"
,"Registration Date":"2017 02 10"
,"Name of Lobbyist":"Dexter Hirabe"
,"Company":"WSP Group Canada"
,"Phone Number":"604-525-4551"
,"Client":"Land Star Projects"
,"Project No. ":"7917-0042-00"
}
,{
"json_featuretype":"2017"
,"Registration Date":"2017 02 10"
,"Name of Lobbyist":"Detxer Hirabe"
,"Company":"WSP Group Canada"
,"Phone Number":"604-525-4551"
,"Client":"Balandra Development Inc."
,"Project No. ":"7916-0706-00"
}
,{
"json_featuretype":"2017"
,"Registration Date":"2017 02 10"
,"Name of Lobbyist":"M. Kompter"
,"Phone Number":"604-572-4328"
,"Nature of Lobbying":"Consultant"
,"Client":"Property Owner"
,"Project No. ":"7917-0021-00"
}
,{
"json_featuretype":"2017"
,"Registration Date":"2017 02 10"
,"Name of Lobbyist":"Peter Ljuz"
,"Company":"CitiWest Consulting Ltd."
,"Phone Number":"604-591-2213"
,"Nature of Lobbying":"Civil Engineering and Planning"
,"Client":"Hinmat Sekhon Blueberry Growers Ltd."
,"Project No. ":"7916-0703-00"
}
,{
"json_featuretype":"2017"
,"Registration Date":"2017 02 10"
,"Name of Lobbyist":"Qi Heng Zhang"
,"Phone Number":"778-918-7595"
,"Nature of Lobbying":"Owner's Husband"
,"Client":"Property Owner"
,"Project No. ":"7917-0024-00"
}
,{
"json_featuretype":"2017"
,"Registration Date":"2017 02 10"
,"Name of Lobbyist":"Kerstin Kapitzke"
,"Company":"Omicron AEC"
,"Phone Number":"604-632-1151"
,"Nature of Lobbying":"Architecture, Engineering and Construction"
,"Client":"BC Hydro"
,"Project No. ":"7917-0038-00"
}
,{
"json_featuretype":"2017"
,"Registration Date":"2017 02 10"
,"Name of Lobbyist":"B. and A. Uppal"
,"Phone Number":"778-551-1521"
,"Client":"Property Owner"
,"Project No. ":"7917-0031-00"
}
,{
"json_featuretype":"2017"
,"Registration Date":"2017 02 10"
,"Name of Lobbyist":"Moncef Dif"
,"Company":"MSD Engineering Inc."
,"Phone Number":"778-316-7092"
,"Nature of Lobbying":"Engineering and Project Management"
,"Client":"Amol and Jas Holdings Ltd."
,"Project No. ":"7917-0027-00"
}
,{
"json_featuretype":"2017"
,"Registration Date":"2017 02 10"
,"Name of Lobbyist":"Roger Jawanda"
,"Company":"CitiWest Consulting Ltd."
,"Phone Number":"604-591-2213"
,"Nature of Lobbying":"Civil Engineering"
,"Client":"Property Owner"
,"Project No. ":"7917-0068-00"
}
,{
"json_featuretype":"2017"
,"Registration Date":"2017 02 10"
,"Name of Lobbyist":"Roger Jawanda"
,"Company":"CitiWest Consulting Ltd."
,"Phone Number":"604-591-2213"
,"Nature of Lobbying":"Civil Engineering"
,"Client":"Property Owner"
,"Project No. ":"7917-0067-00"
}
,{
"json_featuretype":"2017"
,"Registration Date":"2017 02 10"
,"Name of Lobbyist":"Phil Magistrate"
,"Company":"Dawson and Sawyer"
,"Phone Number":"604-315-0609"
,"Nature of Lobbying":"Developer"
,"Client":"Property Owner"
,"Project No. ":"7917-0066-00"
}
,{
"json_featuretype":"2017"
,"Registration Date":"2017 02 27"
,"Name of Lobbyist":"E. Mackenzie"
,"Phone Number":"604-731-9157"
,"Nature of Lobbying":"Home Owner"
,"Client":"Property Owner"
,"Project No. ":"7917-0094-00"
}
,{
"json_featuretype":"2017"
,"Registration Date":"2017 02 27"
,"Name of Lobbyist":"B. Uppal"
,"Phone Number":"604-760-2120"
,"Client":"Property Owner"
,"Project No. ":"7917-0090-00"
}
,{
"json_featuretype":"2017"
,"Registration Date":"2017 02 27"
,"Name of Lobbyist":"R. Anderson"
,"Phone Number":"604-816-6045"
,"Nature of Lobbying":"Builder"
,"Client":"Property Owner"
,"Project No. ":"7917-0093-00"
}
,{
"json_featuretype":"2017"
,"Registration Date":"2017 03 09"
,"Name of Lobbyist":"D. Hirabe / C. Arychuck"
,"Company":"WSP Group Canada"
,"Phone Number":"604-525-4651"
,"Client":"Property Owner"
,"Project No. ":"7917-0107-00"
}
,{
"json_featuretype":"2017"
,"Registration Date":"2017 03 09"
,"Name of Lobbyist":"Mark Lesack"
,"Company":"Ankenman Associates Architechts Ltd"
,"Phone Number":"604-563-1600"
,"Nature of Lobbying":"Architecture"
,"Client":"ATL Health and Wellness Enterprises Inc"
,"Project No. ":"7917-0103-00"
}
,{
"json_featuretype":"2017"
,"Registration Date":"2017 03 09"
,"Name of Lobbyist":"Lynda M Van De Putte"
,"Company":"Alpha Neon (2012)"
,"Phone Number":"604-881-2400"
,"Nature of Lobbying":"Sign Manufacturer "
,"Client":"Royal Canadian Legion BR.008"
,"Project No. ":"7917-0109-00"
}
,{
"json_featuretype":"2017"
,"Registration Date":"2017 03 24"
,"Name of Lobbyist":"Fred Adab"
,"Company":"F. Adab Architects "
,"Phone Number":"604-987-3003"
,"Nature of Lobbying":"Architect"
,"Client":"Property Owner"
,"Project No. ":"7917-0098-00"
}
,{
"json_featuretype":"2017"
,"Registration Date":"2017 03 24"
,"Name of Lobbyist":"Fred Adab"
,"Company":"F. Adab Architects "
,"Phone Number":"604-987-3003"
,"Nature of Lobbying":"Architect"
,"Client":"Property Owner"
,"Project No. ":"7917-0069-00"
}
,{
"json_featuretype":"2017"
,"Registration Date":"2017 03 24"
,"Name of Lobbyist":"Matthew Alexander"
,"Company":"Lark Enterprises Ltd."
,"Phone Number":"604-576-2935"
,"Nature of Lobbying":"Development "
,"Client":"North Harper Lands Development Ltd."
,"Project No. ":"7917-0071-00"
}
,{
"json_featuretype":"2017"
,"Registration Date":"2017 03 24"
,"Name of Lobbyist":"Clarence Arychuk and Dexter Hirabe"
,"Company":"WSP Group Canada"
,"Phone Number":"604-525-4651"
,"Nature of Lobbying":"Consulting Planners, Engineers, Surveyors"
,"Client":"Property Owner"
,"Project No. ":"7917-0085-00"
}
,{
"json_featuretype":"2017"
,"Registration Date":"2017 03 24"
,"Name of Lobbyist":"Patrick Cotter"
,"Company":"ZGF Cotter Architects Inc."
,"Phone Number":"604-558-8390"
,"Nature of Lobbying":"Architectural Services "
,"Client":"Property Owner"
,"Project No. ":"7917-0047-00"
}
,{
"json_featuretype":"2017"
,"Registration Date":"2017 03 24"
,"Name of Lobbyist":"Fariba Gharaei"
,"Company":"Urban Design Group Architects Ltd."
,"Phone Number":"604-687-2334"
,"Nature of Lobbying":"Architecture Firm"
,"Client":"10388 Scott Road Holdings Inc. - Ranjit Rai"
,"Project No. ":"7917-0097-00"
}
,{
"json_featuretype":"2017"
,"Registration Date":"2017 03 24"
,"Name of Lobbyist":"Curtis Gray"
,"Company":"Krahn Engineering Ltd."
,"Phone Number":"604-853-8831"
,"Nature of Lobbying":"Engineering Company"
,"Client":"Property Owner"
,"Project No. ":"7917-0077-00"
}
,{
"json_featuretype":"2017"
,"Registration Date":"2017 03 24"
,"Name of Lobbyist":"Wojciech Grzybowicz"
,"Company":"WG Architecture Inc."
,"Phone Number":"604-331-2378"
,"Nature of Lobbying":"Architecture "
,"Client":"Sandhu Family Holding Ltd."
,"Project No. ":"7917-0111-00"
}
,{
"json_featuretype":"2017"
,"Registration Date":"2017 03 24"
,"Name of Lobbyist":"Christian Hamm"
,"Company":"Integrated Construction"
,"Phone Number":"604-599-0706"
,"Nature of Lobbying":"General Contractor "
,"Client":"Hayer Business Center Ltd."
,"Project No. ":"7917-0108-00"
}
,{
"json_featuretype":"2017"
,"Registration Date":"2017 03 24"
,"Name of Lobbyist":"Michael Helle"
,"Company":"Coastland Engineering & Surveyors "
,"Phone Number":"604-532-9700"
,"Nature of Lobbying":"Planning and Civil Engineering Services "
,"Client":"Property Owner"
,"Project No. ":"7917-0086-00"
}
,{
"json_featuretype":"2017"
,"Registration Date":"2017 03 24"
,"Name of Lobbyist":"Roger Jawanda"
,"Company":"CitiWest Consulting Ltd."
,"Phone Number":"604-591-2213"
,"Nature of Lobbying":"Civil Engineering"
,"Client":"Property Owner"
,"Project No. ":"7917-0131-00"
}
,{
"json_featuretype":"2017"
,"Registration Date":"2017 03 24"
,"Name of Lobbyist":"Douglas Johnson"
,"Company":"Douglas R. Johnson Architect Ltd."
,"Phone Number":"604-998-3381"
,"Nature of Lobbying":"Architect "
,"Client":"Property Owner"
,"Project No. ":"7917-0079-00"
}
,{
"json_featuretype":"2017"
,"Registration Date":"2017 03 24"
,"Name of Lobbyist":"M. Kompter"
,"Phone Number":"604-572-4328"
,"Nature of Lobbying":"Consultant "
,"Client":"Property Owner"
,"Project No. ":"7917-0100-00"
}
,{
"json_featuretype":"2017"
,"Registration Date":"2017 03 24"
,"Name of Lobbyist":"John Kristianson"
,"Company":"CTA Design Group"
,"Phone Number":"604-736-2554"
,"Nature of Lobbying":"Architecture and Engineering"
,"Client":"Aman Enterprises 1989 Ltd."
,"Project No. ":"7917-0088-00"
}
,{
"json_featuretype":"2017"
,"Registration Date":"2017 03 24"
,"Name of Lobbyist":"Mark Lesack"
,"Company":"Ankenman Associates Architechts Ltd"
,"Phone Number":"604-536-1600"
,"Nature of Lobbying":"Architectural Services "
,"Client":"Property Owner"
,"Project No. ":"7917-0078-00"
}
,{
"json_featuretype":"2017"
,"Registration Date":"2017 03 24"
,"Name of Lobbyist":"Peter Morosu"
,"Company":"CitiWest Consulting Ltd."
,"Phone Number":"604-591-2213"
,"Nature of Lobbying":"Civil Engineering Consulting "
,"Client":"Jas Dhaliwal - 0743939 BC Ltd."
,"Project No. ":"7917-0115-00"
}
,{
"json_featuretype":"2017"
,"Registration Date":"2017 03 24"
,"Name of Lobbyist":"Anya Paskovic"
,"Company":"Aplin Martin Consultants Ltd."
,"Phone Number":"604-639-3456"
,"Nature of Lobbying":"Planning Consulting"
,"Client":"Marathon Homes Sunnyside Ltd."
,"Project No. ":"7917-0095-00"
}
,{
"json_featuretype":"2017"
,"Registration Date":"2017 03 24"
,"Name of Lobbyist":"Anya Paskovic"
,"Company":"Aplin Martin Consultants Ltd."
,"Phone Number":"604-639-3456"
,"Nature of Lobbying":"Planning Consulting"
,"Client":"1071662 BC Ltd. and David Schussler"
,"Project No. ":"7917-0117-00"
}
,{
"json_featuretype":"2017"
,"Registration Date":"2017 03 24"
,"Name of Lobbyist":"Oleg Verbenkov"
,"Company":"Pacific Land Resource Group"
,"Phone Number":"604-501-1624"
,"Nature of Lobbying":"Land Use Consulting"
,"Client":"Property Owner"
,"Project No. ":"7917-0092-00"
}
,{
"json_featuretype":"2017"
,"Registration Date":"2017 03 24"
,"Name of Lobbyist":"Oleg Verbenkov"
,"Company":"Pacific Land Resource Group"
,"Phone Number":"604-501-1624"
,"Nature of Lobbying":"Land Use Consulting"
,"Client":"Property Owner"
,"Project No. ":"7917-0112-00"
}
,{
"json_featuretype":"2017"
,"Registration Date":"2017 03 29"
,"Name of Lobbyist":"John Moonen"
,"Company":"John Moonen & Associates Ltd."
,"Phone Number":"604-921-6433"
,"Nature of Lobbying":"Government Relations and Lobbying"
,"Client":"Global Bridge Consulting Corp."
,"Project No. ":"Surrey LRT"
}
,{
"json_featuretype":"2017"
,"Registration Date":"2017 04 07"
,"Name of Lobbyist":"Sarah Atkinson"
,"Company":"PlanVan Developments "
,"Phone Number":"604-355-5611"
,"Nature of Lobbying":"Planning Development Consultants "
,"Client":"Property Owner"
,"Project No. ":"7917-0146-00"
}
,{
"json_featuretype":"2017"
,"Registration Date":"2017 04 07"
,"Name of Lobbyist":"Gagan Bansal"
,"Phone Number":"604-782-6877"
,"Client":"Property Owner"
,"Project No. ":"7917-0134-00"
}
,{
"json_featuretype":"2017"
,"Registration Date":"2017 04 07"
,"Name of Lobbyist":"Riaan De Beer"
,"Company":"Anthem Properties Group Ltd."
,"Phone Number":"604-488-3637"
,"Client":"Anthem Coyote Creek Developments LP"
,"Project No. ":"7917-0143-00"
}
,{
"json_featuretype":"2017"
,"Registration Date":"2017 04 07"
,"Name of Lobbyist":"Shaun Creaney"
,"Company":"Priority Permits Ltd."
,"Phone Number":"289-389-8951"
,"Nature of Lobbying":"Sign Permit Approval"
,"Client":"Starbucks"
,"Project No. ":"7917-0125-00"
}
,{
"json_featuretype":"2017"
,"Registration Date":"2017 04 07"
,"Name of Lobbyist":"John Curran"
,"Company":"John Curran Neville Graham"
,"Phone Number":"604-536-1621"
,"Nature of Lobbying":"Civil Engineering"
,"Client":"Property Owner"
,"Project No. ":"7917-0141-00"
}
,{
"json_featuretype":"2017"
,"Registration Date":"2017 04 07"
,"Name of Lobbyist":"Andrew Igel"
,"Company":"Aplin Martin Consultants Ltd."
,"Phone Number":"604-639-3456"
,"Nature of Lobbying":"Architecture, Planning and Engineering"
,"Client":"Happy Mau Enterprises Inc."
,"Project No. ":"7917-0121-00"
}
,{
"json_featuretype":"2017"
,"Registration Date":"2017 04 07"
,"Name of Lobbyist":"Douglas Johnson"
,"Company":"Douglas R. Johnson Architect Ltd."
,"Phone Number":"604-998-3381"
,"Nature of Lobbying":"Architect"
,"Client":"1093759 BC Ltd."
,"Project No. ":"7917-0122-00"
}
,{
"json_featuretype":"2017"
,"Registration Date":"2017 04 07"
,"Name of Lobbyist":"Douglas Johnson"
,"Company":"Douglas R. Johnson Architect Ltd."
,"Phone Number":"604-998-3381"
,"Nature of Lobbying":"Architect"
,"Client":"1000550 BC Ltd."
,"Project No. ":"7917-0147-00"
}
,{
"json_featuretype":"2017"
,"Registration Date":"2017 04 07"
,"Name of Lobbyist":"Douglas Johnson"
,"Company":"Douglas R. Johnson Architect Ltd."
,"Phone Number":"604-998-3381"
,"Nature of Lobbying":"Architect"
,"Client":"Property Owner"
,"Project No. ":"7917-0116-00"
}
,{
"json_featuretype":"2017"
,"Registration Date":"2017 04 07"
,"Name of Lobbyist":"Lori Joyce"
,"Company":"HY Engineering Ltd."
,"Phone Number":"604-583-1616"
,"Nature of Lobbying":"Civil Engineering Firm"
,"Client":"Property Owner"
,"Project No. ":"7917-0096-00"
}
,{
"json_featuretype":"2017"
,"Registration Date":"2017 04 07"
,"Name of Lobbyist":"Henk Kampman and Mohan Krishna"
,"Company":"Thinkspace Architecture Planning Interior Design"
,"Phone Number":"604-581-8128"
,"Nature of Lobbying":"Full Service Architectural Firm"
,"Client":"Board of Education School District #36"
,"Project No. ":"7917-0136-00"
}
,{
"json_featuretype":"2017"
,"Registration Date":"2017 04 07"
,"Name of Lobbyist":"Henk Kampman and Mohan Krishna"
,"Company":"Thinkspace Architecture Planning Interior Design"
,"Phone Number":"604-581-8128"
,"Nature of Lobbying":"Full Service Architectural Firm"
,"Client":"Board of Education School District #36"
,"Project No. ":"7917-0137-00"
}
,{
"json_featuretype":"2017"
,"Registration Date":"2017 04 07"
,"Name of Lobbyist":"Henk Kampman and Mohan Krishna"
,"Company":"Thinkspace Architecture Planning Interior Design"
,"Phone Number":"604-581-8128"
,"Nature of Lobbying":"Full Service Architectural Firm"
,"Client":"Board of Education School District #36"
,"Project No. ":"7917-0138-00"
}
,{
"json_featuretype":"2017"
,"Registration Date":"2017 04 07"
,"Name of Lobbyist":"Henk Kampman and Mohan Krishna"
,"Company":"Thinkspace Architecture Planning Interior Design"
,"Phone Number":"604-581-8128"
,"Nature of Lobbying":"Full Service Architectural Firm"
,"Client":"Board of Education School District #36"
,"Project No. ":"7917-0139-00"
}
,{
"json_featuretype":"2017"
,"Registration Date":"2017 04 07"
,"Name of Lobbyist":"Henk Kampman and Mohan Krishna"
,"Company":"Thinkspace Architecture Planning Interior Design"
,"Phone Number":"604-581-8128"
,"Nature of Lobbying":"Full Service Architectural Firm"
,"Client":"Board of Education School District #36"
,"Project No. ":"7917-0150-00"
}
,{
"json_featuretype":"2017"
,"Registration Date":"2017 04 07"
,"Name of Lobbyist":"Henk Kampman and Mohan Krishna"
,"Company":"Thinkspace Architecture Planning Interior Design"
,"Phone Number":"604-581-8128"
,"Nature of Lobbying":"Full Service Architectural Firm"
,"Client":"Board of Education School District #36"
,"Project No. ":"7917-0151-00"
}
,{
"json_featuretype":"2017"
,"Registration Date":"2017 04 07"
,"Name of Lobbyist":"Henk Kampman and Mohan Krishna"
,"Company":"Thinkspace Architecture Planning Interior Design"
,"Phone Number":"604-581-8128"
,"Nature of Lobbying":"Full Service Architectural Firm"
,"Client":"Board of Education School District #36"
,"Project No. ":"7917-0152-00"
}
,{
"json_featuretype":"2017"
,"Registration Date":"2017 04 07"
,"Name of Lobbyist":"M. Kompter"
,"Phone Number":"604-572-4328"
,"Nature of Lobbying":"Consultant"
,"Client":"Property Owner"
,"Project No. ":"7917-0133-00"
}
,{
"json_featuretype":"2017"
,"Registration Date":"2017 04 07"
,"Name of Lobbyist":"Ron Peterson"
,"Company":"Ronco Construction Ltd."
,"Phone Number":"604-538-1096"
,"Nature of Lobbying":"Building Contractor"
,"Client":"Property Owner"
,"Project No. ":"7917-0156-00"
}
,{
"json_featuretype":"2017"
,"Registration Date":"2017 04 07"
,"Name of Lobbyist":"Kuldip Randhawa"
,"Company":"Acumar Consultants Inc."
,"Phone Number":"604-808-5875"
,"Nature of Lobbying":"Consultant"
,"Client":"Property Owner"
,"Project No. ":"7917-0142-00"
}
,{
"json_featuretype":"2017"
,"Registration Date":"2017 04 07"
,"Name of Lobbyist":"Scott Romses"
,"Company":"Romses Architects"
,"Phone Number":"604-561-0875"
,"Nature of Lobbying":"Architect"
,"Client":"Amy Yuk Kuen Fong c/o Camy Properties Ltd."
,"Project No. ":"7917-0140-00"
}
,{
"json_featuretype":"2017"
,"Registration Date":"2017 04 07"
,"Name of Lobbyist":"Scott Romses"
,"Company":"Romses Architects"
,"Phone Number":"604-561-0875"
,"Nature of Lobbying":"Architect"
,"Client":"Camy Holding Ltd. c/o Camy Properties Ltd."
,"Project No. ":"7917-0140-00"
}
,{
"json_featuretype":"2017"
,"Registration Date":"2017 04 07"
,"Name of Lobbyist":"Scott Romses"
,"Company":"Romses Architects"
,"Phone Number":"604-561-0875"
,"Nature of Lobbying":"Architect"
,"Client":"Yuk Lin Loretta Lau c/o Camy Properties Ltd."
,"Project No. ":"7917-0140-00"
}
,{
"json_featuretype":"2017"
,"Registration Date":"2017 04 07"
,"Name of Lobbyist":"H. Shawkat"
,"Phone Number":"604-655-5727"
,"Client":"Property Owner"
,"Project No. ":"7917-0119-00"
}
,{
"json_featuretype":"2017"
,"Registration Date":"2017 05 01"
,"Name of Lobbyist":"Byron Wilson"
,"Company":"Azuro Concepts Inc."
,"Phone Number":"604-649-5888"
,"Nature of Lobbying":"Construction"
,"Client":"Property Owner"
,"Project No. ":"7917-0179-00"
}
,{
"json_featuretype":"2017"
,"Registration Date":"2017 05 01"
,"Name of Lobbyist":"C. Wright"
,"Phone Number":"604-649-4067"
,"Client":"Property Owner"
,"Project No. ":"7917-0171-00"
}
,{
"json_featuretype":"2017"
,"Registration Date":"2017 05 01"
,"Name of Lobbyist":"D. Sanghera"
,"Phone Number":"604-507-7594"
,"Client":"Property Owner"
,"Project No. ":"7917-0114-00"
}
,{
"json_featuretype":"2017"
,"Registration Date":"2017 05 01"
,"Name of Lobbyist":"Dharam Kajal"
,"Company":"Westridge Engineering & Consultants Ltd."
,"Phone Number":"604-789-9520"
,"Nature of Lobbying":"Civil Land Development and Water/Storm Management Engineering"
,"Client":"Property Owner"
,"Project No. ":"7917-0168-00"
}
,{
"json_featuretype":"2017"
,"Registration Date":"2017 05 01"
,"Name of Lobbyist":"Doug Nelson"
,"Company":"Shuswap Design Inc."
,"Phone Number":"250-318-7080"
,"Nature of Lobbying":"Project Managers "
,"Client":"Rob Rintouz - Great West Equipment"
,"Project No. ":"7917-0158-00"
}
,{
"json_featuretype":"2017"
,"Registration Date":"2017 05 01"
,"Name of Lobbyist":"Edna Lizotte"
,"Company":"Rising Tide Consultants"
,"Phone Number":"604-669-2928"
,"Nature of Lobbying":"Liquor Licensing Consultants"
,"Client":"Century Group (Surrey Hotel Tower GP Inc.)"
,"Project No. ":"7917-0160-00"
}
,{
"json_featuretype":"2017"
,"Registration Date":"2017 05 01"
,"Name of Lobbyist":"G. Blonski"
,"Phone Number":"604-572-3608"
,"Client":"Property Owner"
,"Project No. ":"7917-0186-00"
}
,{
"json_featuretype":"2017"
,"Registration Date":"2017 05 01"
,"Name of Lobbyist":"G. Blonski"
,"Phone Number":"604-572-3608"
,"Nature of Lobbying":"Architect"
,"Client":"Property Owner"
,"Project No. ":"7917-0154-00"
}
,{
"json_featuretype":"2017"
,"Registration Date":"2017 05 01"
,"Name of Lobbyist":"G. Blonski"
,"Phone Number":"604-572-3608"
,"Nature of Lobbying":"Architect"
,"Client":"Property Owner"
,"Project No. ":"7917-0155-00"
}
,{
"json_featuretype":"2017"
,"Registration Date":"2017 05 01"
,"Name of Lobbyist":"H. Khangura"
,"Phone Number":"604-600-9551"
,"Client":"Property Owner"
,"Project No. ":"7917-0104-00"
}
,{
"json_featuretype":"2017"
,"Registration Date":"2017 05 01"
,"Name of Lobbyist":"Henk Kampman and Mohan Krishna"
,"Company":"Thinkspace Architecture Planning Interior Design"
,"Phone Number":"604-581-8128"
,"Nature of Lobbying":"Full Service Architectural Firm"
,"Client":"Board of Education School District #36"
,"Project No. ":"7917-0153-00"
}
,{
"json_featuretype":"2017"
,"Registration Date":"2017 05 01"
,"Name of Lobbyist":"Ian Guan"
,"Company":"Gradual  Architecture Inc."
,"Phone Number":"604-721-7738"
,"Client":"Property Owner"
,"Project No. ":"7914-0078-00"
}
,{
"json_featuretype":"2017"
,"Registration Date":"2017 05 01"
,"Name of Lobbyist":"John Kristianson"
,"Company":"CTA Design Group"
,"Phone Number":"604-736-2554"
,"Nature of Lobbying":"Architecture and Engineering"
,"Client":"Campbell Heights Surrey Property Ltd."
,"Project No. ":"7917-0157-00"
}
,{
"json_featuretype":"2017"
,"Registration Date":"2017 05 01"
,"Name of Lobbyist":"Kiewit Ledcor TMEP Partnership"
,"Company":"Trans Mountain Pipeline"
,"Phone Number":"780-881-2115"
,"Nature of Lobbying":"Pipeline Construction"
,"Client":"City of Surrey"
,"Project No. ":"7917-0176-00"
}
,{
"json_featuretype":"2017"
,"Registration Date":"2017 05 01"
,"Name of Lobbyist":"M. Kumar"
,"Phone Number":"778-323-4575"
,"Client":"Property Owner"
,"Project No. ":"7917-0174-00"
}
,{
"json_featuretype":"2017"
,"Registration Date":"2017 05 01"
,"Name of Lobbyist":"Lance Barnett"
,"Company":"Barnett Dembek Architects Inc."
,"Phone Number":"604-597-7100"
,"Nature of Lobbying":"Architecture"
,"Client":"Kelson Investments Ltd."
,"Project No. ":"7917-0190-00"
}
,{
"json_featuretype":"2017"
,"Registration Date":"2017 05 01"
,"Name of Lobbyist":"Lance Barnett"
,"Company":"Barnett Dembek Architects Inc."
,"Phone Number":"604-597-7100"
,"Nature of Lobbying":"Architecture"
,"Client":"Kelson Investments Ltd."
,"Project No. ":"7917-0188-00"
}
,{
"json_featuretype":"2017"
,"Registration Date":"2017 05 01"
,"Name of Lobbyist":"Michael Helle"
,"Company":"Coastland Engineering & Surveyors "
,"Phone Number":"604-532-9700"
,"Nature of Lobbying":"Planning & Civil Engineering Services"
,"Client":"Property Owner"
,"Project No. ":"7917-0187-00"
}
,{
"json_featuretype":"2017"
,"Registration Date":"2017 05 01"
,"Name of Lobbyist":"M. Kompter"
,"Phone Number":"604-572-4328"
,"Nature of Lobbying":"Consultant"
,"Client":"Property Owner"
,"Project No. ":"7917-0183-00"
}
,{
"json_featuretype":"2017"
,"Registration Date":"2017 05 01"
,"Name of Lobbyist":"M. Kompter"
,"Phone Number":"604-572-4328"
,"Nature of Lobbying":"Consultant"
,"Client":"Property Owner"
,"Project No. ":"7917-0184-00"
}
,{
"json_featuretype":"2017"
,"Registration Date":"2017 05 01"
,"Name of Lobbyist":"M. Kompter"
,"Phone Number":"604-572-4328"
,"Nature of Lobbying":"Consultant"
,"Client":"Property Owner"
,"Project No. ":"7917-0180-00"
}
,{
"json_featuretype":"2017"
,"Registration Date":"2017 05 01"
,"Name of Lobbyist":"Robert Dominick"
,"Company":"Weststone Group"
,"Phone Number":"604-488-4886"
,"Nature of Lobbying":"Real Estate Development"
,"Client":"Property Owner"
,"Project No. ":"7917-0181-00"
}
,{
"json_featuretype":"2017"
,"Registration Date":"2017 05 01"
,"Name of Lobbyist":"Roger Jawanda"
,"Company":"CitiWest Consulting Ltd."
,"Phone Number":"604-591-2213"
,"Nature of Lobbying":"Civil Engineering"
,"Client":"Property Owner"
,"Project No. ":"7917-0178-00"
}
,{
"json_featuretype":"2017"
,"Registration Date":"2017 05 01"
,"Name of Lobbyist":"Roger Jawanda"
,"Company":"CitiWest Consulting Ltd."
,"Phone Number":"604-591-2213"
,"Nature of Lobbying":"Civil Engineering"
,"Client":"Property Owner"
,"Project No. ":"7917-0167-00"
}
,{
"json_featuretype":"2017"
,"Registration Date":"2017 05 01"
,"Name of Lobbyist":"Shauna Johnson"
,"Company":"Teck Construction LLP"
,"Phone Number":"604-534-7917"
,"Nature of Lobbying":"General Contractor "
,"Client":"Property Owner"
,"Project No. ":"7917-0192-00"
}
,{
"json_featuretype":"2017"
,"Registration Date":"2017 05 01"
,"Name of Lobbyist":"T. Chana"
,"Phone Number":"604-721-6017"
,"Client":"Property Owner"
,"Project No. ":"7917-0177-00"
}
,{
"json_featuretype":"2017"
,"Registration Date":"2017 05 01"
,"Name of Lobbyist":"Victor Jeon"
,"Company":"Weststone Group"
,"Phone Number":"604-725-3789"
,"Nature of Lobbying":"Development Company"
,"Client":"Weststone Parkway Property Inc."
,"Project No. ":"7917-0159-00"
}
,{
"json_featuretype":"2017"
,"Registration Date":"2017 05 03"
,"Name of Lobbyist":"R. Maclean"
,"Phone Number":"250-412-6951"
,"Client":"Property Owner"
,"Project No. ":"7917-0165-00"
}
,{
"json_featuretype":"2017"
,"Registration Date":"2017 05 03"
,"Name of Lobbyist":"Dexter Hirabe"
,"Company":"WSP Group Canada"
,"Nature of Lobbying":"Subdivision"
,"Client":"Property Owner"
,"Project No. ":"7917-0161-00"
}
,{
"json_featuretype":"2017"
,"Registration Date":"2017 05 19"
,"Name of Lobbyist":"Michael Helle"
,"Company":"Coastland Engineering & Surveyors "
,"Phone Number":"604-532-9700"
,"Nature of Lobbying":"Planning & Civil Engineering Services"
,"Client":"Property Owner"
,"Project No. ":"7917-0218-00"
}
,{
"json_featuretype":"2017"
,"Registration Date":"2017 06 01"
,"Name of Lobbyist":"David Mah"
,"Company":"David S. Mah Architect"
,"Phone Number":"604-437-1855"
,"Nature of Lobbying":"Architectural Consultant"
,"Client":"Property Owner"
,"Project No. ":"7917-0163-00"
}
,{
"json_featuretype":"2017"
,"Registration Date":"2017 06 01"
,"Name of Lobbyist":"Eric Reisinger"
,"Company":"Reisinger Homes Limited"
,"Phone Number":"604-308-3313"
,"Nature of Lobbying":"General Contractor "
,"Client":"Property Owner"
,"Project No. ":"7917-0240-00"
}
,{
"json_featuretype":"2017"
,"Registration Date":"2017 06 01"
,"Name of Lobbyist":"Henk Kampman and Mohan Krishna"
,"Company":"Thinkspace Architecture Planning Interior Design"
,"Phone Number":"604-581-8128"
,"Nature of Lobbying":"Full Service Architectural Firm"
,"Client":"Board of Education School District #36"
,"Project No. ":"7917-0216-00"
}
,{
"json_featuretype":"2017"
,"Registration Date":"2017 06 01"
,"Name of Lobbyist":"Henk Kampman and Mohan Krishna"
,"Company":"Thinkspace Architecture Planning Interior Design"
,"Phone Number":"604-581-8128"
,"Nature of Lobbying":"Full Service Architectural Firm"
,"Client":"Board of Education School District #36"
,"Project No. ":"7917-0213-00"
}
,{
"json_featuretype":"2017"
,"Registration Date":"2017 06 01"
,"Name of Lobbyist":"Henk Kampman and Mohan Krishna"
,"Company":"Thinkspace Architecture Planning Interior Design"
,"Phone Number":"604-581-8128"
,"Nature of Lobbying":"Full Service Architectural Firm"
,"Client":"Board of Education School District #36"
,"Project No. ":"7917-0243-00"
}
,{
"json_featuretype":"2017"
,"Registration Date":"2017 06 01"
,"Name of Lobbyist":"Henk Kampman and Mohan Krishna"
,"Company":"Thinkspace Architecture Planning Interior Design"
,"Phone Number":"604-581-8128"
,"Nature of Lobbying":"Full Service Architectural Firm"
,"Client":"Board of Education School District #36"
,"Project No. ":"7917-0246-00"
}
,{
"json_featuretype":"2017"
,"Registration Date":"2017 06 01"
,"Name of Lobbyist":"Henk Kampman and Mohan Krishna"
,"Company":"Thinkspace Architecture Planning Interior Design"
,"Phone Number":"604-581-8128"
,"Nature of Lobbying":"Full Service Architectural Firm"
,"Client":"Board of Education School District #36"
,"Project No. ":"7917-0245-00"
}
,{
"json_featuretype":"2017"
,"Registration Date":"2017 06 01"
,"Name of Lobbyist":"Henk Kampman and Mohan Krishna"
,"Company":"Thinkspace Architecture Planning Interior Design"
,"Phone Number":"604-581-8128"
,"Nature of Lobbying":"Full Service Architectural Firm"
,"Client":"Board of Education School District #36"
,"Project No. ":"7917-0244-00"
}
,{
"json_featuretype":"2017"
,"Registration Date":"2017 06 01"
,"Name of Lobbyist":"Henk Kampman and Mohan Krishna"
,"Company":"Thinkspace Architecture Planning Interior Design"
,"Phone Number":"604-581-8128"
,"Nature of Lobbying":"Full Service Architectural Firm"
,"Client":"Board of Education School District #36"
,"Project No. ":"7917-0208-00"
}
,{
"json_featuretype":"2017"
,"Registration Date":"2017 06 01"
,"Name of Lobbyist":"I. Guan"
,"Company":"Gradual  Architecture Inc."
,"Phone Number":"604-721-7738"
,"Client":"Property Owner"
,"Project No. ":"7917-0201-00"
}
,{
"json_featuretype":"2017"
,"Registration Date":"2017 06 01"
,"Name of Lobbyist":"Jessie Arora"
,"Company":"DF Architecture Inc."
,"Phone Number":"604-284-5194"
,"Nature of Lobbying":"Architectural Consultant"
,"Client":"Property Owner"
,"Project No. ":"7917-0212-00"
}
,{
"json_featuretype":"2017"
,"Registration Date":"2017 06 01"
,"Name of Lobbyist":"Jessie Arora"
,"Company":"DF Architecture Inc."
,"Phone Number":"604-284-5194"
,"Nature of Lobbying":"Architecutral Consultant"
,"Client":"689940 BC Ltd."
,"Project No. ":"7917-0242-00"
}
,{
"json_featuretype":"2017"
,"Registration Date":"2017 06 01"
,"Name of Lobbyist":"Jessie Arora"
,"Company":"DF Architecture Inc."
,"Phone Number":"604-284-5194"
,"Nature of Lobbying":"Architecutral Consultant"
,"Client":"Klair Custom Homes BC Ltd."
,"Project No. ":"7917-0211-00"
}
,{
"json_featuretype":"2017"
,"Registration Date":"2017 06 01"
,"Name of Lobbyist":"Maggie Koka"
,"Company":"Aplin Martin Consultants Ltd."
,"Phone Number":"604-639-3456"
,"Nature of Lobbying":"Planning Consulting"
,"Client":"Kent Gerard and Heather Mary Smith"
,"Project No. ":"7917-0228-00"
}
,{
"json_featuretype":"2017"
,"Registration Date":"2017 06 01"
,"Name of Lobbyist":"Maggie Koka"
,"Company":"Aplin Martin Consultants Ltd."
,"Phone Number":"604-639-3456"
,"Nature of Lobbying":"Land Development Consulting"
,"Client":"Kunal Kaushal - Satyam Enterprises Ltd."
,"Project No. ":"7917-0199-00"
}
,{
"json_featuretype":"2017"
,"Registration Date":"2017 06 01"
,"Name of Lobbyist":"M. Cheng"
,"Phone Number":"604-731-3012"
,"Client":"Kris Li - Apolla Development Ltd."
,"Project No. ":"7917-0196-00"
}
,{
"json_featuretype":"2017"
,"Registration Date":"2017 06 01"
,"Name of Lobbyist":"Michael Helle"
,"Company":"Coastland Engineering & Surveyors "
,"Phone Number":"604-532-9700"
,"Nature of Lobbying":"Planning & Civil Engineering Services"
,"Client":"Property Owner"
,"Project No. ":"7917-0236-00"
}
,{
"json_featuretype":"2017"
,"Registration Date":"2017 06 01"
,"Name of Lobbyist":"M. Kompter"
,"Phone Number":"604-572-4328"
,"Nature of Lobbying":"Consultant"
,"Client":"Marquee 5 Construction & Developments Ltd."
,"Project No. ":"7917-0232-00"
}
,{
"json_featuretype":"2017"
,"Registration Date":"2017 06 01"
,"Name of Lobbyist":"M. Kompter"
,"Phone Number":"604-572-4328"
,"Nature of Lobbying":"Consultant"
,"Client":"Property Owner"
,"Project No. ":"7917-0207-00"
}
,{
"json_featuretype":"2017"
,"Registration Date":"2017 06 01"
,"Name of Lobbyist":"Pawan Gill"
,"Company":"Terra-Nobis Consulting Inc."
,"Phone Number":"604-946-3007"
,"Nature of Lobbying":"Civil Engineering Consultants"
,"Client":"Property Owner"
,"Project No. ":"7917-0241-00"
}
,{
"json_featuretype":"2017"
,"Registration Date":"2017 06 01"
,"Name of Lobbyist":"Peter Yue"
,"Company":"CitiWest Consulting Ltd."
,"Phone Number":"604-591-2213"
,"Nature of Lobbying":"Civil Engineering & Planning"
,"Client":"Kim's Farm"
,"Project No. ":"7917-0238-00"
}
,{
"json_featuretype":"2017"
,"Registration Date":"2017 06 01"
,"Name of Lobbyist":"Roger Jawanda"
,"Company":"CitiWest Consulting Ltd."
,"Phone Number":"604-591-2213"
,"Nature of Lobbying":"Civil Engineering"
,"Client":"Property Owner"
,"Project No. ":"7917-0194-00"
}
,{
"json_featuretype":"2017"
,"Registration Date":"2017 06 01"
,"Name of Lobbyist":"Roger Jawanda"
,"Company":"CitiWest Consulting Ltd."
,"Phone Number":"604-591-2213"
,"Nature of Lobbying":"Civil Engineering"
,"Client":"Property Owner"
,"Project No. ":"7917-0229-00"
}
,{
"json_featuretype":"2017"
,"Registration Date":"2017 06 01"
,"Name of Lobbyist":"Roger Jawanda"
,"Company":"CitiWest Consulting Ltd."
,"Phone Number":"604-591-2213"
,"Nature of Lobbying":"Civil Engineering"
,"Client":"Property Owner"
,"Project No. ":"7917-0230-00"
}
,{
"json_featuretype":"2017"
,"Registration Date":"2017 06 01"
,"Name of Lobbyist":"Ryan Yapyuco"
,"Company":"Teck Construction LLP"
,"Phone Number":"604-534-7917"
,"Nature of Lobbying":"Design-Build Construction Contractors"
,"Client":"Property Owner"
,"Project No. ":"7917-0204-00"
}
,{
"json_featuretype":"2017"
,"Registration Date":"2017 06 01"
,"Name of Lobbyist":"Henk Kampman and Mohan Krishna"
,"Company":"Thinkspace Architecture Planning Interior Design"
,"Phone Number":"604-581-8128"
,"Nature of Lobbying":"Full Service Architectural Firm"
,"Client":"Board of Education School District #36"
,"Project No. ":"7917-0248-00"
}
,{
"json_featuretype":"2017"
,"Registration Date":"2017 06 01"
,"Name of Lobbyist":"Henk Kampman and Mohan Krishna"
,"Company":"Thinkspace Architecture Planning Interior Design"
,"Phone Number":"604-581-8128"
,"Nature of Lobbying":"Full Service Architectural Firm"
,"Client":"Board of Education School District #36"
,"Project No. ":"7917-0249-00"
}
,{
"json_featuretype":"2017"
,"Registration Date":"2017 06 01"
,"Name of Lobbyist":"Henk Kampman and Mohan Krishna"
,"Company":"Thinkspace Architecture Planning Interior Design"
,"Phone Number":"604-581-8128"
,"Nature of Lobbying":"Full Service Architectural Firm"
,"Client":"Board of Education School District #36"
,"Project No. ":"7917-0250-00"
}
,{
"json_featuretype":"2017"
,"Registration Date":"2017 06 01"
,"Name of Lobbyist":"Henk Kampman and Mohan Krishna"
,"Company":"Thinkspace Architecture Planning Interior Design"
,"Phone Number":"604-581-8128"
,"Nature of Lobbying":"Full Service Architectural Firm"
,"Client":"Board of Education School District #36"
,"Project No. ":"7917-0252-00"
}
,{
"json_featuretype":"2017"
,"Registration Date":"2017 06 01"
,"Name of Lobbyist":"Christopher Correia"
,"Company":"Pacific Land Resource Group"
,"Phone Number":"604-501-1624"
,"Nature of Lobbying":"Planning"
,"Client":"Property Owner"
,"Project No. ":"7917-0253-00"
}
,{
"json_featuretype":"2017"
,"Registration Date":"2017 06 06"
,"Name of Lobbyist":"J. Elsayed"
,"Phone Number":"604-538-8760"
,"Nature of Lobbying":"Structural Steel"
,"Client":"Property Owner"
,"Project No. ":"7917-0266-00"
}
,{
"json_featuretype":"2017"
,"Registration Date":"2017 06 06"
,"Name of Lobbyist":"J. Elsayed"
,"Phone Number":"604-538-8760"
,"Nature of Lobbying":"Structural Steel"
,"Client":"Property Owner"
,"Project No. ":"7917-0267-00"
}
,{
"json_featuretype":"2017"
,"Registration Date":"2017 06 13"
,"Name of Lobbyist":"Shaun Creaney"
,"Company":"Priority Permits Ltd."
,"Phone Number":"778-397-1394"
,"Nature of Lobbying":"Sign Permit Approval"
,"Client":"SDM Realty Advisors "
,"Project No. ":"7917-0273-00"
}
,{
"json_featuretype":"2017"
,"Registration Date":"2017 06 20"
,"Name of Lobbyist":"Fahad Abrahani"
,"Company":"HY Engineering Ltd."
,"Phone Number":"604-583-1616"
,"Nature of Lobbying":"Civil Engineering & Planning"
,"Client":"Stonebay Prooperties Ltd."
,"Project No. ":"7917-0293-00"
}
,{
"json_featuretype":"2017"
,"Registration Date":"2017 07 04"
,"Name of Lobbyist":"Anya Paskovic"
,"Company":"Aplin Martin Consultants Ltd."
,"Phone Number":"604-639-3456"
,"Nature of Lobbying":"Planning Consulting"
,"Client":"Logos Investment Inc."
,"Project No. ":"7917-0285-00"
}
,{
"json_featuretype":"2017"
,"Registration Date":"2017 07 04"
,"Name of Lobbyist":"Anya Paskovic"
,"Company":"Aplin Martin Consultants Ltd."
,"Phone Number":"604-639-3456"
,"Nature of Lobbying":"Planning Consulting"
,"Client":"Canadian Horizons (18th Ave) Land Corp."
,"Project No. ":"7917-0284-00"
}
,{
"json_featuretype":"2017"
,"Registration Date":"2017 07 04"
,"Name of Lobbyist":"Avnash Banwait"
,"Company":"Mainland Engineering Design Corporation"
,"Phone Number":"604-543-8044"
,"Nature of Lobbying":"Civil Engineering and Land Development"
,"Client":"Property Owner"
,"Project No. ":"7917-0300-00"
}
,{
"json_featuretype":"2017"
,"Registration Date":"2017 07 04"
,"Name of Lobbyist":"Avnash Banwait and Rajeev Mangla"
,"Company":"Mainland Engineering Design Corporation"
,"Phone Number":"604-543-8044"
,"Nature of Lobbying":"Civil Engineering and Land Development"
,"Client":"Zahid Rafique and Ayaz Mohammed Rahmat"
,"Project No. ":"7917-0290-00"
}
,{
"json_featuretype":"2017"
,"Registration Date":"2017 07 04"
,"Name of Lobbyist":"Avnash Banwait and Rajeev Mangla"
,"Company":"Mainland Engineering Design Corporation"
,"Phone Number":"604-543-8044"
,"Nature of Lobbying":"Civil Engineering and Land Development"
,"Client":"Property Owner"
,"Project No. ":"7917-0280-00"
}
,{
"json_featuretype":"2017"
,"Registration Date":"2017 07 04"
,"Name of Lobbyist":"Braden Smith"
,"Company":"Integrated Construction"
,"Phone Number":"604-599-0706"
,"Nature of Lobbying":"General Contractor "
,"Client":"Farrell Estates Ltd."
,"Project No. ":"7917-0268-00"
}
,{
"json_featuretype":"2017"
,"Registration Date":"2017 07 04"
,"Name of Lobbyist":"Fahad Abrahani"
,"Company":"HY Engineering Ltd."
,"Nature of Lobbying":"Civil Engineering Firm"
,"Client":"Property Owner"
,"Project No. ":"7917-0282-00"
}
,{
"json_featuretype":"2017"
,"Registration Date":"2017 07 04"
,"Name of Lobbyist":"Fahad Abrahani"
,"Company":"HY Engineering Ltd."
,"Nature of Lobbying":"Civil Engineering Firm"
,"Client":"Property Owner"
,"Project No. ":"7917-0309-00"
}
,{
"json_featuretype":"2017"
,"Registration Date":"2017 07 04"
,"Name of Lobbyist":"G. Brar"
,"Phone Number":"778-322-9290"
,"Client":"Property Owner"
,"Project No. ":"7917-0294-00"
}
,{
"json_featuretype":"2017"
,"Registration Date":"2017 07 04"
,"Name of Lobbyist":"Henk Kampman and Mohan Krishna"
,"Company":"Thinkspace Architecture Planning Interior Design"
,"Phone Number":"604-581-8128"
,"Nature of Lobbying":"Full Service Architectural Firm"
,"Client":"Board of Education School District #36"
,"Project No. ":"7917-0277-00"
}
,{
"json_featuretype":"2017"
,"Registration Date":"2017 07 04"
,"Name of Lobbyist":"Lori Joyce"
,"Company":"HY Engineering Ltd."
,"Phone Number":"604-583-1616"
,"Nature of Lobbying":"Civil Engineering Firm"
,"Client":"Property Owner"
,"Project No. ":"7917-0310-00"
}
,{
"json_featuretype":"2017"
,"Registration Date":"2017 07 04"
,"Name of Lobbyist":"Michael Helle"
,"Company":"Coastland Engineering & Surveyors "
,"Phone Number":"604-532-9700"
,"Nature of Lobbying":"Planning & Civil Engineering Services"
,"Client":"Property Owner"
,"Project No. ":"7917-0206-00"
}
,{
"json_featuretype":"2017"
,"Registration Date":"2017 07 04"
,"Name of Lobbyist":"Michael Helle"
,"Company":"Coastland Engineering & Surveyors "
,"Phone Number":"604-532-9700"
,"Nature of Lobbying":"Planning & Civil Engineering Services"
,"Client":"Property Owner"
,"Project No. ":"7917-0247-00"
}
,{
"json_featuretype":"2017"
,"Registration Date":"2017 07 04"
,"Name of Lobbyist":"M. Kompter"
,"Phone Number":"604-572-4328"
,"Nature of Lobbying":"Consultant"
,"Client":"Property Owner"
,"Project No. ":"7917-0295-00"
}
,{
"json_featuretype":"2017"
,"Registration Date":"2017 07 04"
,"Name of Lobbyist":"M. Kompter"
,"Phone Number":"604-572-4328"
,"Nature of Lobbying":"Consultant"
,"Client":"Property Owner"
,"Project No. ":"7917-0265-00"
}
,{
"json_featuretype":"2017"
,"Registration Date":"2017 07 04"
,"Name of Lobbyist":"Oleg Verbenkov"
,"Company":"Pacific Land Resource Group"
,"Phone Number":"604-501-1624"
,"Nature of Lobbying":"Land Use Consultants "
,"Client":"Property Owner"
,"Project No. ":"7917-0302-00"
}
,{
"json_featuretype":"2017"
,"Registration Date":"2017 07 04"
,"Name of Lobbyist":"Oleg Verbenkov"
,"Company":"Pacific Land Resource Group"
,"Phone Number":"604-501-1624"
,"Nature of Lobbying":"Land Use Consultants "
,"Client":"1081822 BC Ltd."
,"Project No. ":"7917-0256-00"
}
,{
"json_featuretype":"2017"
,"Registration Date":"2017 07 04"
,"Name of Lobbyist":"Roger Jawanda"
,"Company":"CitiWest Consulting Ltd."
,"Phone Number":"604-591-2213"
,"Nature of Lobbying":"Civil Engineering"
,"Client":"Property Owner"
,"Project No. ":"7917-0281-00"
}
,{
"json_featuretype":"2017"
,"Registration Date":"2017 07 04"
,"Name of Lobbyist":"Roger Jawanda"
,"Company":"CitiWest Consulting Ltd."
,"Phone Number":"604-591-2213"
,"Nature of Lobbying":"Civil Engineering"
,"Client":"Property Owner"
,"Project No. ":"7917-0283-00"
}
,{
"json_featuretype":"2017"
,"Registration Date":"2017 07 04"
,"Name of Lobbyist":"Sandra Shanoada"
,"Company":"McElhanney Consulting Services Ltd."
,"Phone Number":"604-674-8968"
,"Nature of Lobbying":"Rezoning and Amendment to CD Bylaw"
,"Client":"Property Owner"
,"Project No. ":"7917-0298-00"
}
,{
"json_featuretype":"2017"
,"Registration Date":"2017 07 04"
,"Name of Lobbyist":"Sebastian Butler"
,"Company":"DGBK Architects "
,"Phone Number":"604-682-1664"
,"Nature of Lobbying":"Architectural Practice"
,"Client":"John Hitchcock - Prime Time (Abby Lane) Inc."
,"Project No. ":"7917-0303-00"
}
,{
"json_featuretype":"2017"
,"Registration Date":"2017 07 04"
,"Name of Lobbyist":"Wendy Cooper"
,"Company":"McElhanney Consulting Services Ltd."
,"Phone Number":"604-424-4936"
,"Nature of Lobbying":"Land Development"
,"Client":"Property Owner"
,"Project No. ":"7917-0296-00"
}
,{
"json_featuretype":"2017"
,"Registration Date":"2017 07 11"
,"Name of Lobbyist":"Chad Marlatt"
,"Company":"Cypress Land Services"
,"Phone Number":"604-910-7310"
,"Nature of Lobbying":"Real Estate and Land Development"
,"Client":"Property Owner"
,"Project No. ":"7917-0298-00"
}
,{
"json_featuretype":"2017"
,"Registration Date":"2017 07 25"
,"Name of Lobbyist":"A. Rasika"
,"Phone Number":"604-603-5195"
,"Client":"Property Owner"
,"Project No. ":"7917-0337-00"
}
,{
"json_featuretype":"2017"
,"Registration Date":"2017 08 04"
,"Name of Lobbyist":"Braden Smith"
,"Company":"Integrated Construction"
,"Phone Number":"604-537-7943"
,"Client":"Property Owner"
,"Project No. ":"7917-0341-00"
}
,{
"json_featuretype":"2017"
,"Registration Date":"2017 08 04"
,"Name of Lobbyist":"Colin Hogan"
,"Company":"Focus Architecture Inc."
,"Phone Number":"604-853-5222"
,"Nature of Lobbying":"Architect"
,"Client":"1098629 BC Ltd."
,"Project No. ":"7917-0347-00"
}
,{
"json_featuretype":"2017"
,"Registration Date":"2017 08 04"
,"Name of Lobbyist":"Colin Hogan"
,"Company":"Focus Architecture Inc."
,"Phone Number":"604-853-5222"
,"Nature of Lobbying":"Architect"
,"Client":"Penmat Contracting & Project Management Ltd."
,"Project No. ":"7917-0304-00"
}
,{
"json_featuretype":"2017"
,"Registration Date":"2017 08 04"
,"Name of Lobbyist":"Douglas Johnson"
,"Company":"Douglas R. Johnson Architect Ltd."
,"Phone Number":"604-998-3381"
,"Nature of Lobbying":"Architect"
,"Client":"Marquee 5 Construction & Developments Ltd."
,"Project No. ":"7917-0307-00"
}
,{
"json_featuretype":"2017"
,"Registration Date":"2017 08 04"
,"Name of Lobbyist":"Fahad Abrahani"
,"Company":"HY Engineering Ltd."
,"Phone Number":"604-583-1616"
,"Client":"1120009 BC Ltd. - Aman Sharma"
,"Project No. ":"7917-0328-00"
}
,{
"json_featuretype":"2017"
,"Registration Date":"2017 08 04"
,"Name of Lobbyist":"Fahad Abrahani"
,"Company":"HY Engineering Ltd."
,"Phone Number":"604-583-1616"
,"Nature of Lobbying":"Civil Engineering Firm"
,"Client":"Property Owner"
,"Project No. ":"7917-0313-00"
}
,{
"json_featuretype":"2017"
,"Registration Date":"2017 08 04"
,"Name of Lobbyist":"Jeremiah Boucher"
,"Company":"Aplin Martin Consultants Ltd."
,"Phone Number":"604-597-9058"
,"Nature of Lobbying":"Civil Engineering, Planning and Architecture Consulting Firm"
,"Client":"Property Owner"
,"Project No. ":"7917-0314-00"
}
,{
"json_featuretype":"2017"
,"Registration Date":"2017 08 04"
,"Name of Lobbyist":"Kasel Yamoshita"
,"Company":"McElhanney Consulting Services Ltd."
,"Phone Number":"604-424-4892"
,"Client":"Property Owner"
,"Project No. ":"7917-0344-00"
}
,{
"json_featuretype":"2017"
,"Registration Date":"2017 08 04"
,"Name of Lobbyist":"K. Dhesa"
,"Phone Number":"604-617-4648"
,"Client":"Property Owner"
,"Project No. ":"7917-0338-00"
}
,{
"json_featuretype":"2017"
,"Registration Date":"2017 08 04"
,"Name of Lobbyist":"Henk Kampman and Mohan Krishna"
,"Company":"Thinkspace Architecture Planning Interior Design"
,"Phone Number":"604-581-8128"
,"Nature of Lobbying":"Full Service Architectural Firm"
,"Client":"Board of Education School District #36"
,"Project No. ":"7917-0320-00"
}
,{
"json_featuretype":"2017"
,"Registration Date":"2017 08 04"
,"Name of Lobbyist":"Henk Kampman and Mohan Krishna"
,"Company":"Thinkspace Architecture Planning Interior Design"
,"Phone Number":"604-581-8128"
,"Nature of Lobbying":"Full Service Architectural Firm"
,"Client":"Board of Education School District #36"
,"Project No. ":"7917-0322-00"
}
,{
"json_featuretype":"2017"
,"Registration Date":"2017 08 04"
,"Name of Lobbyist":"Maciej Dembek"
,"Company":"Barnett Dembek Architects Inc."
,"Phone Number":"604-597-7100"
,"Nature of Lobbying":"Architectural Consultant Services"
,"Client":"Lesan Developments Ltd."
,"Project No. ":"7917-0318-00"
}
,{
"json_featuretype":"2017"
,"Registration Date":"2017 08 04"
,"Name of Lobbyist":"M. Kompter"
,"Phone Number":"604-572-4328"
,"Nature of Lobbying":"Consultant"
,"Client":"Property Owner"
,"Project No. ":"7917-0339-00"
}
,{
"json_featuretype":"2017"
,"Registration Date":"2017 08 04"
,"Name of Lobbyist":"M. Kompter"
,"Phone Number":"604-572-4328"
,"Nature of Lobbying":"Consultant"
,"Client":"Property Owner"
,"Project No. ":"7917-0323-00"
}
,{
"json_featuretype":"2017"
,"Registration Date":"2017 08 04"
,"Name of Lobbyist":"M. Kompter"
,"Phone Number":"604-572-4328"
,"Nature of Lobbying":"Consultant"
,"Client":"Planet Canada Developments Inc."
,"Project No. ":"7917-0305-00"
}
,{
"json_featuretype":"2017"
,"Registration Date":"2017 08 04"
,"Name of Lobbyist":"M. Kompter"
,"Phone Number":"604-572-4328"
,"Nature of Lobbying":"Consultant"
,"Client":"Property Owner"
,"Project No. ":"7917-0301-00"
}
,{
"json_featuretype":"2017"
,"Registration Date":"2017 08 04"
,"Name of Lobbyist":"M. Kompter"
,"Phone Number":"604-572-4328"
,"Nature of Lobbying":"Consultant"
,"Client":"0977779 BC Ltd."
,"Project No. ":"7917-0306-00"
}
,{
"json_featuretype":"2017"
,"Registration Date":"2017 08 04"
,"Name of Lobbyist":"M. Kompter"
,"Phone Number":"604-572-4328"
,"Nature of Lobbying":"Consultant"
,"Client":"Property Owner"
,"Project No. ":"7917-0338-00"
}
,{
"json_featuretype":"2017"
,"Registration Date":"2017 08 04"
,"Name of Lobbyist":"Parm Dhaliwal"
,"Company":"Steelix Builders Group Ltd."
,"Phone Number":"778-242-5052"
,"Nature of Lobbying":"Developer/Builder"
,"Client":"Property Owner"
,"Project No. ":"7917-0349-00"
}
,{
"json_featuretype":"2017"
,"Registration Date":"2017 08 04"
,"Name of Lobbyist":"Rebecca Hardin"
,"Company":"Rising Tide Consultants"
,"Phone Number":"604-669-2928"
,"Nature of Lobbying":"Liquor Licensing Consultants"
,"Client":"16083 Fraser Heights Holdings Ltd. and Fraser Heights Wine Cellar"
,"Project No. ":"7917-0317-00"
}
,{
"json_featuretype":"2017"
,"Registration Date":"2017 08 04"
,"Name of Lobbyist":"Roger Jawanda"
,"Company":"CitiWest Consulting Ltd."
,"Phone Number":"604-591-2213"
,"Nature of Lobbying":"Civil Engineering"
,"Client":"Property Owner"
,"Project No. ":"7917-0335-00"
}
,{
"json_featuretype":"2017"
,"Registration Date":"2017 08 04"
,"Name of Lobbyist":"Roger Jawanda"
,"Company":"CitiWest Consulting Ltd."
,"Phone Number":"604-591-2213"
,"Nature of Lobbying":"Civil Engineering"
,"Client":"Property Owner"
,"Project No. ":"7917-0343-00"
}
,{
"json_featuretype":"2017"
,"Registration Date":"2017 08 24"
,"Name of Lobbyist":"Avnash Banwait and Rajeev Mangla"
,"Company":"Mainland Engineering Design Corporation"
,"Phone Number":"604-543-8044"
,"Nature of Lobbying":"Civil Engineering and Land Development"
,"Client":"Property Owner"
,"Project No. ":"7917-0381-00"
}
,{
"json_featuretype":"2017"
,"Registration Date":"2017 08 24"
,"Name of Lobbyist":"C. Itty"
,"Phone Number":"604-716-5075"
,"Client":"St. George Malankara Orthodox Church, BC"
,"Project No. ":"7917-0372-00"
}
,{
"json_featuretype":"2017"
,"Registration Date":"2017 08 24"
,"Name of Lobbyist":"David Anderson"
,"Company":"A Rocha Canada"
,"Phone Number":"604-542-9022"
,"Nature of Lobbying":"Non-profit Charity/Environmental Conservation"
,"Client":"A Rocha Canada Conservation Foundation"
,"Project No. ":"7917-0352-00"
}
,{
"json_featuretype":"2017"
,"Registration Date":"2017 08 24"
,"Name of Lobbyist":"David Atkinson"
,"Company":"Five Star Permits"
,"Phone Number":"250-487-1210"
,"Nature of Lobbying":"Permit Expiditor"
,"Client":"Morgan Gate Dental"
,"Project No. ":"7917-0367-00"
}
,{
"json_featuretype":"2017"
,"Registration Date":"2017 08 24"
,"Name of Lobbyist":"Dexter Hirabe"
,"Company":"WSP Group Canada"
,"Phone Number":"604-525-4651"
,"Client":"Property Owner"
,"Project No. ":"7917-0390-00"
}
,{
"json_featuretype":"2017"
,"Registration Date":"2017 08 24"
,"Name of Lobbyist":"G. Grewal"
,"Phone Number":"604-809-7232"
,"Client":"Property Owner"
,"Project No. ":"7917-0362-00"
}
,{
"json_featuretype":"2017"
,"Registration Date":"2017 08 24"
,"Name of Lobbyist":"Henk Kampman and Mohan Krishna"
,"Company":"Thinkspace Architecture Planning Interior Design"
,"Phone Number":"604-581-8128"
,"Nature of Lobbying":"Full Service Architectural Firm"
,"Client":"Board of Education School District #36"
,"Project No. ":"7917-0358-00"
}
,{
"json_featuretype":"2017"
,"Registration Date":"2017 08 24"
,"Name of Lobbyist":"Henk Kampman and Mohan Krishna"
,"Company":"Thinkspace Architecture Planning Interior Design"
,"Phone Number":"604-581-8128"
,"Nature of Lobbying":"Full Service Architectural Firm"
,"Client":"Board of Education School District #36"
,"Project No. ":"7917-0359-00"
}
,{
"json_featuretype":"2017"
,"Registration Date":"2017 08 24"
,"Name of Lobbyist":"J. Heer"
,"Phone Number":"604-309-7799"
,"Client":"Property Owner"
,"Project No. ":"7917-0361-00"
}
,{
"json_featuretype":"2017"
,"Registration Date":"2017 08 24"
,"Name of Lobbyist":"Karla Castellanos"
,"Company":"Architect AIBC"
,"Phone Number":"604-909-1267"
,"Nature of Lobbying":"Architectural Firm"
,"Client":"White Rock U-Lock Mini Storage Partnership"
,"Project No. ":"7917-0382-00"
}
,{
"json_featuretype":"2017"
,"Registration Date":"2017 08 24"
,"Name of Lobbyist":"K. Heer"
,"Phone Number":"604-368-2465"
,"Client":"Property Owner"
,"Project No. ":"7917-0380-00"
}
,{
"json_featuretype":"2017"
,"Registration Date":"2017 08 24"
,"Name of Lobbyist":"Maggie Koka"
,"Company":"Aplin Martin Consultants Ltd."
,"Phone Number":"604-639-3456"
,"Nature of Lobbying":"Land Development Consulting"
,"Client":"Seiba Properties & Investments "
,"Project No. ":"7917-0353-00"
}
,{
"json_featuretype":"2017"
,"Registration Date":"2017 08 24"
,"Name of Lobbyist":"Michael Helle"
,"Company":"Coastland Engineering & Surveyors "
,"Phone Number":"604-532-9700"
,"Nature of Lobbying":"Planning & Civil Engineering Services"
,"Client":"Property Owner"
,"Project No. ":"7917-0345-00"
}
,{
"json_featuretype":"2017"
,"Registration Date":"2017 08 24"
,"Name of Lobbyist":"M. Kompter"
,"Phone Number":"604-572-4328"
,"Nature of Lobbying":"Consultant"
,"Client":"Property Owner"
,"Project No. ":"7917-0354-00"
}
,{
"json_featuretype":"2017"
,"Registration Date":"2017 08 24"
,"Name of Lobbyist":"Shaun Creaney"
,"Company":"Priority Permits Ltd."
,"Phone Number":"778-397-1394"
,"Nature of Lobbying":"Permits and Sign Design "
,"Client":"Landmark Cinemas "
,"Project No. ":"7917-0391-00"
}
,{
"json_featuretype":"2017"
,"Registration Date":"2017 08 24"
,"Name of Lobbyist":"Shaun Creaney"
,"Company":"Priority Permits Ltd."
,"Phone Number":"778-397-1394"
,"Nature of Lobbying":"Permits and Sign Design "
,"Client":"Pattison Sign Group"
,"Project No. ":"7917-0387-00"
}
,{
"json_featuretype":"2017"
,"Registration Date":"2017 08 24"
,"Name of Lobbyist":"Shaun Creaney"
,"Company":"Priority Permits Ltd."
,"Phone Number":"778-397-1394"
,"Nature of Lobbying":"Permits and Sign Design "
,"Client":"Property Owner"
,"Project No. ":"7917-0386-00"
}
,{
"json_featuretype":"2017"
,"Registration Date":"2017 08 28"
,"Name of Lobbyist":"Henk Kampman and Mohan Krishna"
,"Company":"Thinkspace Architecture Planning Interior Design"
,"Phone Number":"604-581-8128"
,"Nature of Lobbying":"Full Service Architectural Firm"
,"Client":"Board of Education School District #36"
,"Project No. ":"7917-0406-00"
}
,{
"json_featuretype":"2017"
,"Registration Date":"2017 08 30"
,"Name of Lobbyist":"Robert Spencer"
,"Company":"PC Urban Properties Corp."
,"Phone Number":"604-408-5687"
,"Nature of Lobbying":"Development & Real Estate"
,"Client":"CP Reit BC Properties Limited"
,"Project No. ":"7917-0408-00"
}
,{
"json_featuretype":"2017"
,"Registration Date":"2017 09 18"
,"Name of Lobbyist":"Anya Paskovic"
,"Company":"Aplin Martin Consultants Ltd."
,"Phone Number":"604-639-3456"
,"Nature of Lobbying":"Engineering, Architecture & Planning Consulting"
,"Client":"Property Owner"
,"Project No. ":"7917-0411-00"
}
,{
"json_featuretype":"2017"
,"Registration Date":"2017 09 18"
,"Name of Lobbyist":"Avnash Banwait and Rajeev Mangla"
,"Company":"Mainland Engineering Design Corporation"
,"Phone Number":"604-543-8044"
,"Nature of Lobbying":"Civil Engineer and Land Development Consultant"
,"Client":"Property Owner"
,"Project No. ":"7917-0398-00"
}
,{
"json_featuretype":"2017"
,"Registration Date":"2017 09 18"
,"Name of Lobbyist":"Clarence Arychuk"
,"Company":"WSP Group Canada"
,"Phone Number":"604-525-4651"
,"Nature of Lobbying":"Planning Engineering Surveying Consultants"
,"Client":"Morganview 2 Ltd."
,"Project No. ":"7917-0399-00"
}
,{
"json_featuretype":"2017"
,"Registration Date":"2017 09 18"
,"Name of Lobbyist":"Corey Adams"
,"Company":"Spire Construction Inc."
,"Phone Number":"604-365-3339"
,"Nature of Lobbying":"Construction"
,"Client":"18727 25 Holdings Ltd."
,"Project No. ":"7917-0401-00"
}
,{
"json_featuretype":"2017"
,"Registration Date":"2017 09 18"
,"Name of Lobbyist":"Curitis Gray"
,"Company":"Krahn Engineering Ltd."
,"Phone Number":"604-853-8831"
,"Nature of Lobbying":"Engineering Company"
,"Client":"Jim Allen - Brett Investments Inc."
,"Project No. ":"7917-0392-00"
}
,{
"json_featuretype":"2017"
,"Registration Date":"2017 09 18"
,"Name of Lobbyist":"Eric Schurch"
,"Company":"Sylvia Schurch"
,"Phone Number":"604-575-1777"
,"Nature of Lobbying":"Real Estate and Property Management"
,"Client":"Pradd Holdings Ltd."
,"Project No. ":"7917-0428-00"
}
,{
"json_featuretype":"2017"
,"Registration Date":"2017 09 18"
,"Name of Lobbyist":"Jessie Arora"
,"Company":"DF Architecture Inc."
,"Phone Number":"604-284-5194"
,"Nature of Lobbying":"Architects "
,"Client":"Kular & Sons Construction Ltd."
,"Project No. ":"7917-0410-00"
}
,{
"json_featuretype":"2017"
,"Registration Date":"2017 09 18"
,"Name of Lobbyist":"K. Anstey"
,"Phone Number":"604-657-4497"
,"Client":"Fraser View Property Holdings Ltd."
,"Project No. ":"7916-0232-00"
}
,{
"json_featuretype":"2017"
,"Registration Date":"2017 09 18"
,"Name of Lobbyist":"Maciej Dembek"
,"Company":"Barnett Dembek Architects Inc."
,"Phone Number":"604-597-7100"
,"Nature of Lobbying":"Architectural Consulting"
,"Client":"Lakewood Headwaters Ltd."
,"Project No. ":"7917-0413-00"
}
,{
"json_featuretype":"2017"
,"Registration Date":"2017 09 18"
,"Name of Lobbyist":"Michael Helle"
,"Company":"Coastland Engineering & Surveyors "
,"Phone Number":"604-532-9700"
,"Nature of Lobbying":"Planning & Civil Engineering Services"
,"Client":"Property Owner"
,"Project No. ":"7917-0430-00"
}
,{
"json_featuretype":"2017"
,"Registration Date":"2017 09 18"
,"Name of Lobbyist":"M. Kompter"
,"Phone Number":"604-572-4328"
,"Nature of Lobbying":"Consultant"
,"Client":"Property Owner"
,"Project No. ":"7917-0424-00"
}
,{
"json_featuretype":"2017"
,"Registration Date":"2017 09 18"
,"Name of Lobbyist":"O. Verbenkov"
,"Phone Number":"604-501-1624"
,"Nature of Lobbying":"Land Use Consultants "
,"Client":"City of Surrey"
,"Project No. ":"7917-0420-00"
}
,{
"json_featuretype":"2017"
,"Registration Date":"2017 09 18"
,"Name of Lobbyist":"Renante Solivar"
,"Company":"MCM Architects"
,"Phone Number":"604-687-2990"
,"Nature of Lobbying":"Architecture"
,"Client":"0915726 BC Ltd."
,"Project No. ":"7917-0397-00"
}
,{
"json_featuretype":"2017"
,"Registration Date":"2017 09 18"
,"Name of Lobbyist":"Wojciech Grzybowicz"
,"Company":"WG Architecture Inc."
,"Phone Number":"604-331-2378"
,"Nature of Lobbying":"Architectural Design"
,"Client":"Property Owner"
,"Project No. ":"7917-0432-00"
}
,{
"json_featuretype":"2017"
,"Registration Date":"2017 09 18"
,"Name of Lobbyist":"J. Evans"
,"Phone Number":"604-619-5733"
,"Nature of Lobbying":"Developer"
,"Client":"Property Owner"
,"Project No. ":"7917-0436-00"
}
,{
"json_featuretype":"2017"
,"Registration Date":"2017 10 03"
,"Name of Lobbyist":"Henk Kampman and Navjot Singh"
,"Company":"Thinkspace Architecture Planning Interior Design"
,"Phone Number":"604-581-8128"
,"Nature of Lobbying":"Full Service Architectural Firm"
,"Client":"Board of Education School District #36"
,"Project No. ":"7917-0461-00"
}
,{
"json_featuretype":"2017"
,"Registration Date":"2017 10 11"
,"Name of Lobbyist":"Rhona Dulay"
,"Company":"HY Engineering Ltd."
,"Phone Number":"604-583-1616"
,"Nature of Lobbying":"Civil Engineering Firm"
,"Client":"Property Owner"
,"Project No. ":"7917-0463-00"
}
,{
"json_featuretype":"2017"
,"Registration Date":"2017 10 12"
,"Name of Lobbyist":"Roger Jawanda"
,"Company":"CitiWest Consulting Ltd."
,"Phone Number":"604-591-2213"
,"Nature of Lobbying":"Civil Engineering"
,"Client":"Qualico Developments Ltd."
,"Project No. ":"7917-0478-00"
}
,{
"json_featuretype":"2017"
,"Registration Date":"2017 10 18"
,"Name of Lobbyist":"James Pernu"
,"Company":"McElhanney Consulting Services Ltd."
,"Phone Number":"604-424-4889"
,"Nature of Lobbying":"Land Development"
,"Client":"Property Owners"
,"Project No. ":"7917-0487-00"
}
,{
"json_featuretype":"2017"
,"Registration Date":"2017 10 18"
,"Name of Lobbyist":"Pawan Gill"
,"Company":"Terra-Nobis Consulting Inc."
,"Phone Number":"604-946-3007"
,"Nature of Lobbying":"Civil Engineering Consultants"
,"Client":"Property Owner"
,"Project No. ":"7917-0482-00"
}
,{
"json_featuretype":"2017"
,"Registration Date":"2017 10 18"
,"Name of Lobbyist":"Rhona Dulay"
,"Company":"HY Engineering Ltd."
,"Phone Number":"604-583-1616"
,"Nature of Lobbying":"Civil Engineering Firm"
,"Client":"Property Owner"
,"Project No. ":"7917-0469-00"
}
,{
"json_featuretype":"2017"
,"Registration Date":"2017 10 18"
,"Name of Lobbyist":"Irene Horvath"
,"Company":"DA Horvath Consultants Inc."
,"Phone Number":"604-613-2680"
,"Nature of Lobbying":"Design Consultation"
,"Client":"Property Owner"
,"Project No. ":"7917-0481-00"
}
,{
"json_featuretype":"2017"
,"Registration Date":"2017 10 18"
,"Name of Lobbyist":"Michael Helle"
,"Company":"Coastland Engineering & Surveyors "
,"Phone Number":"604-532-9700"
,"Nature of Lobbying":"Planning & Civil Engineering Services"
,"Client":"Property Owner"
,"Project No. ":"7917-0483-00"
}
,{
"json_featuretype":"2017"
,"Registration Date":"2017 10 30"
,"Name of Lobbyist":"Michael Helle"
,"Company":"Coastland Engineering & Surveyors "
,"Phone Number":"604-532-9700"
,"Nature of Lobbying":"Planning & Civil Engineering Services"
,"Client":"Property Owner"
,"Project No. ":"7917-0489-00"
}
,{
"json_featuretype":"2017"
,"Registration Date":"2017 11 06"
,"Name of Lobbyist":"Ian Guan"
,"Company":"Gradual  Architecture Inc."
,"Phone Number":"604-721-7738"
,"Client":"Property Owner"
,"Project No. ":"7917-0495-00"
}
,{
"json_featuretype":"2017"
,"Registration Date":"2017 11 08"
,"Name of Lobbyist":"Anya Paskovic"
,"Company":"Aplin Martin Consultants Ltd."
,"Phone Number":"604-639-3456"
,"Nature of Lobbying":"Planning Consulting"
,"Client":"Canadian Horizons (Abbey Ridge) Land Corp."
,"Project No. ":"7917-0452-00"
}
,{
"json_featuretype":"2017"
,"Registration Date":"2017 11 08"
,"Name of Lobbyist":"Braden Smith"
,"Company":"Integrated Construction"
,"Phone Number":"604-537-7943"
,"Nature of Lobbying":"Design Build General Contractor"
,"Client":"Ross Power Properties Inc."
,"Project No. ":"7917-0479-00"
}
,{
"json_featuretype":"2017"
,"Registration Date":"2017 11 08"
,"Name of Lobbyist":"Dexter Hirabe and Kuldip Gill"
,"Company":"WSP Group Canada"
,"Phone Number":"604-525-4651"
,"Client":"Property Owner"
,"Project No. ":"7917-0468-00"
}
,{
"json_featuretype":"2017"
,"Registration Date":"2017 11 08"
,"Name of Lobbyist":"Douglas Johnson"
,"Company":"Douglas R. Johnson Architect Ltd."
,"Phone Number":"604-998-3381"
,"Nature of Lobbying":"Architect"
,"Client":"Global City Properties"
,"Project No. ":"7917-0471-00"
}
,{
"json_featuretype":"2017"
,"Registration Date":"2017 11 08"
,"Name of Lobbyist":"Douglas Johnson"
,"Company":"Douglas R. Johnson Architect Ltd."
,"Phone Number":"604-998-3381"
,"Nature of Lobbying":"Architect"
,"Client":"Riverport Construction Ltd."
,"Project No. ":"7917-0486-00"
}
,{
"json_featuretype":"2017"
,"Registration Date":"2017 11 08"
,"Name of Lobbyist":"Fariba Gharaei"
,"Company":"Urban Design Group Architects Ltd."
,"Phone Number":"604-687-2334"
,"Nature of Lobbying":"Architect"
,"Client":"Bentall Kennedy (Canada) LP"
,"Project No. ":"7917-0450-00"
}
,{
"json_featuretype":"2017"
,"Registration Date":"2017 11 08"
,"Name of Lobbyist":"Henk Kampman or Navjot Singh"
,"Company":"Thinkspace Architecture Planning Interior Design"
,"Phone Number":"604-581-8128"
,"Nature of Lobbying":"Full Service Architectural Firm"
,"Client":"Board of Education School District #36"
,"Project No. ":"7917-0449-00"
}
,{
"json_featuretype":"2017"
,"Registration Date":"2017 11 08"
,"Name of Lobbyist":"Henk Kampman or Navjot Singh"
,"Company":"Thinkspace Architecture Planning Interior Design"
,"Phone Number":"604-581-8128"
,"Nature of Lobbying":"Full Service Architectural Firm"
,"Client":"Board of Education School District #36"
,"Project No. ":"7917-0447-00"
}
,{
"json_featuretype":"2017"
,"Registration Date":"2017 11 08"
,"Name of Lobbyist":"Henk Kampman or Hayley Spooner"
,"Company":"Thinkspace Architecture Planning Interior Design"
,"Phone Number":"604-581-8128"
,"Nature of Lobbying":"Full Service Architectural Firm"
,"Client":"Board of Education School District #36"
,"Project No. ":"7917-0437-00"
}
,{
"json_featuretype":"2017"
,"Registration Date":"2017 11 08"
,"Name of Lobbyist":"Laura Jones"
,"Company":"Pacific Land Resource Group"
,"Phone Number":"604-501-1624"
,"Nature of Lobbying":"Planning Consultant"
,"Client":"Property Owner"
,"Project No. ":"7917-0434-00"
}
,{
"json_featuretype":"2017"
,"Registration Date":"2017 11 08"
,"Name of Lobbyist":"Maggie Koka"
,"Company":"Aplin Martin Consultants Ltd."
,"Phone Number":"604-639-3456"
,"Nature of Lobbying":"Consulting Engineers, Planners and Architects"
,"Client":"Property Owner"
,"Project No. ":"7916-0441-00"
}
,{
"json_featuretype":"2017"
,"Registration Date":"2017 11 08"
,"Name of Lobbyist":"Maggie Koka"
,"Company":"Aplin Martin Consultants Ltd."
,"Phone Number":"604-639-3456"
,"Nature of Lobbying":"Consulting Engineers, Planners and Architects"
,"Client":"Property Owner"
,"Project No. ":"7915-0041-00"
}
,{
"json_featuretype":"2017"
,"Registration Date":"2017 11 08"
,"Name of Lobbyist":"Mathew Alexander"
,"Company":"Lark Enterprises Ltd."
,"Phone Number":"604-576-2935"
,"Nature of Lobbying":"Land Development"
,"Client":"North Harper Lands Development"
,"Project No. ":"7917-0444-00"
}
,{
"json_featuretype":"2017"
,"Registration Date":"2017 11 08"
,"Name of Lobbyist":"Michael Burton-Brown"
,"Company":"673168 BC Ltd."
,"Phone Number":"604-669-4041 "
,"Nature of Lobbying":"Registered Owner"
,"Client":"Jim Pattison Developments Ltd. and Save-On-Foods "
,"Project No. ":"7917-0488-00"
}
,{
"json_featuretype":"2017"
,"Registration Date":"2017 11 08"
,"Name of Lobbyist":"Rhona Dulay"
,"Company":"HY Engineering Ltd."
,"Phone Number":"604-583-7676"
,"Nature of Lobbying":"Civil Engineering Firm"
,"Client":"Property Owners"
,"Project No. ":"7917-0484-00"
}
,{
"json_featuretype":"2017"
,"Registration Date":"2017 11 08"
,"Name of Lobbyist":"Roger Jawanda"
,"Company":"CitiWest Consulting Ltd."
,"Phone Number":"604-591-2213"
,"Nature of Lobbying":"Civil Engineering"
,"Client":"Khalis Properties Ltd."
,"Project No. ":"7917-0475-00"
}
,{
"json_featuretype":"2017"
,"Registration Date":"2017 11 08"
,"Name of Lobbyist":"Roger Jawanda"
,"Company":"CitiWest Consulting Ltd."
,"Phone Number":"604-591-2213"
,"Nature of Lobbying":"Civil Engineering"
,"Client":"Property Owner"
,"Project No. ":"7917-0448-00"
}
,{
"json_featuretype":"2017"
,"Registration Date":"2017 11 08"
,"Name of Lobbyist":"Shaun Creaney"
,"Company":"Priority Permits Ltd."
,"Phone Number":"289-389-8951"
,"Nature of Lobbying":"Permits and Sign Design "
,"Client":"North Harper Lands Development Ltd."
,"Project No. ":"7917-0451-00"
}
,{
"json_featuretype":"2017"
,"Registration Date":"2017 11 08"
,"Name of Lobbyist":"Shaun Creaney"
,"Company":"Priority Permits Ltd."
,"Phone Number":"289-389-8951"
,"Nature of Lobbying":"Permits and Sign Design "
,"Client":"TDH Enterprises"
,"Project No. ":"7917-0442-00"
}
,{
"json_featuretype":"2017"
,"Registration Date":"2017 11 08"
,"Name of Lobbyist":"J. Mehta"
,"Phone Number":"604-614-1216"
,"Client":"Property Owners"
,"Project No. ":"7917-0433-00"
}
,{
"json_featuretype":"2017"
,"Registration Date":"2017 11 08"
,"Name of Lobbyist":"G. Grewal"
,"Phone Number":"604-319-9402"
,"Client":"Property Owner"
,"Project No. ":"7917-0454-00"
}
,{
"json_featuretype":"2017"
,"Registration Date":"2017 11 08"
,"Name of Lobbyist":"Anya Paskovic"
,"Company":"Aplin Martin Consultants Ltd."
,"Phone Number":"604-639-3456"
,"Nature of Lobbying":"Planning Consulting"
,"Client":"1011336 BC Ltd."
,"Project No. ":"7917-0506-00"
}
,{
"json_featuretype":"2017"
,"Registration Date":"2017 11 15"
,"Name of Lobbyist":"Andrew Igel"
,"Company":"Aplin Martin Consultants Ltd."
,"Phone Number":"604-639-3456"
,"Nature of Lobbying":"Architecture, Planning and Engineering"
,"Client":"Property Owner"
,"Project No. ":"7917-0492-00"
}
,{
"json_featuretype":"2017"
,"Registration Date":"2017 11 15"
,"Name of Lobbyist":"Avnash Banwait and Rajeev Mangla"
,"Company":"Mainland Engineering Design Corporation"
,"Phone Number":"604-543-8044"
,"Nature of Lobbying":"Civil Engineer and Land Development Consultant"
,"Client":"Property Owners"
,"Project No. ":"7917-0514-00"
}
,{
"json_featuretype":"2017"
,"Registration Date":"2017 11 15"
,"Name of Lobbyist":"Darcy Forcier"
,"Company":"D Force Design Inc."
,"Phone Number":"604-607-5655"
,"Nature of Lobbying":"Building Design"
,"Client":"Diversified Management Inc."
,"Project No. ":"7917-0513-00"
}
,{
"json_featuretype":"2017"
,"Registration Date":"2017 11 15"
,"Name of Lobbyist":"Dexter Hirabe "
,"Company":"WSP Group Canada"
,"Phone Number":"604-525-4651"
,"Nature of Lobbying":"Engineering and Consulting Firm"
,"Client":"Mortise Construction Ltd."
,"Project No. ":"7917-0509-00"
}
,{
"json_featuretype":"2017"
,"Registration Date":"2017 11 15"
,"Name of Lobbyist":"J. Gill"
,"Phone Number":"604-218-4104"
,"Client":"Property Owners"
,"Project No. ":"7917-0515-00"
}
,{
"json_featuretype":"2017"
,"Registration Date":"2017 11 15"
,"Name of Lobbyist":"John Moonen"
,"Company":"John Moonen & Associates Ltd."
,"Phone Number":"604-921-6433"
,"Nature of Lobbying":"Lobbying"
,"Client":"Sager LLP"
,"Project No. ":"5480-01-"
}
,{
"json_featuretype":"2017"
,"Registration Date":"2017 11 15"
,"Name of Lobbyist":"Maggie Koka"
,"Company":"Aplin Martin Consultants Ltd."
,"Phone Number":"604-639-3458"
,"Nature of Lobbying":"Planning Consulting"
,"Client":"Peace Enterprises Ltd."
,"Project No. ":"7917-0493-00"
}
,{
"json_featuretype":"2017"
,"Registration Date":"2017 11 15"
,"Name of Lobbyist":"Mark Lesack"
,"Company":"Amkenman Associates Architects Inc."
,"Phone Number":"604-536-1600"
,"Nature of Lobbying":"Architectural Office"
,"Client":"0938888 BC Ltd."
,"Project No. ":"7917-0503-00"
}
,{
"json_featuretype":"2017"
,"Registration Date":"2017 11 15"
,"Name of Lobbyist":"Michael Helle"
,"Company":"Coastland Engineering & Surveyors "
,"Phone Number":"604-532-9700"
,"Nature of Lobbying":"Planning and Civil Engineering Services "
,"Client":"Property Owner"
,"Project No. ":"7917-0494-00"
}
,{
"json_featuretype":"2017"
,"Registration Date":"2017 11 15"
,"Name of Lobbyist":"Nirvair Singh"
,"Company":"Centras Engineering Ltd."
,"Phone Number":"604-782-6927"
,"Nature of Lobbying":"Civil Engineering Firm"
,"Client":"Property Owner"
,"Project No. ":"7917-0502-00"
}
,{
"json_featuretype":"2017"
,"Registration Date":"2017 11 15"
,"Name of Lobbyist":"R. Salikan"
,"Phone Number":"604-688-0100"
,"Client":"1043028 BC Ltd."
,"Project No. ":"7917-0508-00"
}
,{
"json_featuretype":"2017"
,"Registration Date":"2017 11 15"
,"Name of Lobbyist":"Roger Jawanda"
,"Company":"CitiWest Consulting Ltd."
,"Phone Number":"604-591-2213"
,"Nature of Lobbying":"Civil Engineering"
,"Client":"Property Owner"
,"Project No. ":"7917-0498-00"
}
,{
"json_featuretype":"2017"
,"Registration Date":"2017 11 15"
,"Name of Lobbyist":"Tawny Verigin"
,"Company":"Cypress Land Services"
,"Phone Number":"604-620-0877"
,"Nature of Lobbying":"Telecommunications Consulting"
,"Client":"Rogers Communications Inc."
,"Project No. ":"7917-0516-00"
}
,{
"json_featuretype":"2017"
,"Registration Date":"2017 11 15"
,"Name of Lobbyist":"Yuri Aeanasieu"
,"Company":"WG Architecture Inc."
,"Phone Number":"604-331-2378"
,"Nature of Lobbying":"Architectural Office"
,"Client":"Property Owner"
,"Project No. ":"7917-0507-00"
}
,{
"json_featuretype":"2017"
,"Registration Date":"2017 11 16"
,"Name of Lobbyist":"Roger Jawanda"
,"Company":"CitiWest Consulting Ltd."
,"Phone Number":"604-591-2213"
,"Nature of Lobbying":"Civil Engineering"
,"Client":"Property Owner"
,"Project No. ":"7917-0521-00"
}
,{
"json_featuretype":"2017"
,"Registration Date":"2017 11 16"
,"Name of Lobbyist":"B. Hart"
,"Phone Number":"778-999-8302"
,"Nature of Lobbying":"Architect and Planner"
,"Client":"1096303 BC Ltd."
,"Project No. ":"7917-0520-00"
}
,{
"json_featuretype":"2017"
,"Registration Date":"2017 11 23"
,"Name of Lobbyist":"Dexter Hirabe"
,"Company":"WSP Group Canada"
,"Phone Number":"604-525-4651"
,"Client":"High Quality Homes Ltd."
,"Project No. ":"7917-0531-00"
}
,{
"json_featuretype":"2017"
,"Registration Date":"2017 11 23"
,"Name of Lobbyist":"Teri Hudson"
,"Company":"Teck Construction LLP"
,"Phone Number":"604-514-4274"
,"Nature of Lobbying":"General Contractor "
,"Client":"Property Owner"
,"Project No. ":"7917-0528-00"
}
,{
"json_featuretype":"2017"
,"Registration Date":"2017 11 23"
,"Name of Lobbyist":"Anya Paskovic"
,"Company":"Aplin Martin Consultants Ltd."
,"Phone Number":"604-639-3456"
,"Nature of Lobbying":"Planning Consulting"
,"Client":"0821949 BC Ltd."
,"Project No. ":"7917-0529-00"
}
,{
"json_featuretype":"2017"
,"Registration Date":"2017 11 28"
,"Name of Lobbyist":"L. Barnett"
,"Phone Number":"604-597-7100"
,"Nature of Lobbying":"Architectural Services "
,"Client":"GG Metro Holdings Ltd."
,"Project No. ":"7917-0518-00"
}
,{
"json_featuretype":"2017"
,"Registration Date":"2017 11 29"
,"Name of Lobbyist":"Braden Smith"
,"Company":"Integrated Construction"
,"Phone Number":"604-537-7943"
,"Nature of Lobbying":"Design Build General Contractor"
,"Client":"BMP Surrey Land Inc."
,"Project No. ":"7917-0538-00"
}
,{
"json_featuretype":"2017"
,"Registration Date":"2017 11 29"
,"Name of Lobbyist":"M. Kompter"
,"Phone Number":"604-572-4328"
,"Nature of Lobbying":"Consultant "
,"Client":"Property Owner"
,"Project No. ":"7917-0523-00"
}
,{
"json_featuretype":"2017"
,"Registration Date":"2017 11 29"
,"Name of Lobbyist":"Maciej Dembek"
,"Company":"Barnett Dembek Architects Inc."
,"Phone Number":"604-597-7100"
,"Nature of Lobbying":"Architectural Consultant Services"
,"Client":"Creators Creation Ltd."
,"Project No. ":"7917-0539-00"
}
,{
"json_featuretype":"2017"
,"Registration Date":"2017 12 06"
,"Name of Lobbyist":"Gurminder Chhoker"
,"Company":"G&H Insultation Ltd."
,"Phone Number":"778-318-3213"
,"Nature of Lobbying":"Insulation and Licensed Builder Contractor"
,"Client":"Property Owner"
,"Project No. ":"7917-0524-00"
}
,{
"json_featuretype":"2017"
,"Registration Date":"2017 12 08"
,"Name of Lobbyist":"Avnash Banwait and Rajeev Mangla"
,"Company":"Mainland Engineering Design Corporation"
,"Phone Number":"604-543-8044"
,"Nature of Lobbying":"Civil Engineer and Land Development Consultant"
,"Client":"Property Owners"
,"Project No. ":"7917-0562-00"
}
,{
"json_featuretype":"2017"
,"Registration Date":"2017 12 14"
,"Name of Lobbyist":"Roger Jawanda"
,"Company":"CitiWest Consulting Ltd."
,"Phone Number":"604-591-2213"
,"Nature of Lobbying":"Civil Engineering"
,"Client":"Rideway Transport Ltd."
,"Project No. ":"7917-0572-00"
}
,{
"json_featuretype":"2017"
,"Registration Date":"2017 12 18"
,"Name of Lobbyist":"M. Kompter"
,"Phone Number":"604-572-4328"
,"Nature of Lobbying":"Consultant"
,"Client":"Property Owners"
,"Project No. ":"7917-0575-00"
}
,{
"json_featuretype":"2017"
,"Registration Date":"2017 12 18"
,"Name of Lobbyist":"M. Kompter"
,"Phone Number":"604-572-4328"
,"Nature of Lobbying":"Consultant"
,"Client":"Property Owners"
,"Project No. ":"7917-0578-00"
}
,{
"json_featuretype":"2017"
,"Registration Date":"2017 12 18"
,"Name of Lobbyist":"Anya Paskovic"
,"Company":"Aplin Martin Consultants Ltd."
,"Phone Number":"604-639-3456"
,"Nature of Lobbying":"Land Development Consulting"
,"Client":"Qualico Developments Ltd."
,"Project No. ":"7917-0576-00"
}
,{
"json_featuretype":"2017"
,"Registration Date":"2017 12 19"
,"Name of Lobbyist":"Oleg Verbenkov"
,"Company":"Pacific Land Resource Group"
,"Phone Number":"604-501-1624"
,"Nature of Lobbying":"Land Use Consulting"
,"Client":"Peri Formwork Systems Inc."
,"Project No. ":"7917-0580-00"
}
,{
"json_featuretype":"2017"
,"Registration Date":"2017 12 19"
,"Name of Lobbyist":"Mathew Alexander"
,"Company":"Lark Enterprises Ltd."
,"Phone Number":"604-576-2935"
,"Nature of Lobbying":"Land Development"
,"Client":"North Harper Lands Development"
,"Project No. ":"7917-0581-00"
}
]