[
{
"json_featuretype":"CSV"
,"Registration Date":"2016 01 07"
,"Name of Lobbyist":"Lori Joyce"
,"Company":"H.Y. Engineering Ltd."
,"Phone Number":"604-583-1616"
,"Nature of Lobbying":"Engineering and Planning Consultant"
,"Client":"Property Owner"
,"Project No. ":"7915-0431-00"
}
,{
"json_featuretype":"CSV"
,"Registration Date":"2016 01 11"
,"Name of Lobbyist":"Irene Horvath"
,"Company":"D.A. Horvath Consultants Inc."
,"Phone Number":"604-538-2496"
,"Nature of Lobbying":"Design Consulting"
,"Client":"Property Owner"
,"Project No. ":"7916-0007-00"
}
,{
"json_featuretype":"CSV"
,"Registration Date":"2016 01 12"
,"Name of Lobbyist":"Clarence Arychuk"
,"Company":"WSP Canada"
,"Phone Number":"604-525-4651"
,"Nature of Lobbying":"Consulting Planners"
,"Client":"Chimney Ridge Investments "
,"Project No. ":"7915-0448-00"
}
,{
"json_featuretype":"CSV"
,"Registration Date":"2016 01 12"
,"Name of Lobbyist":"Clarence Arychuk"
,"Company":"WSP Canada"
,"Phone Number":"604-525-4651"
,"Nature of Lobbying":"Consulting Planners & Engineers"
,"Client":"Property Owner"
,"Project No. ":"7915-0436-00"
}
,{
"json_featuretype":"CSV"
,"Registration Date":"2016 01 12"
,"Name of Lobbyist":"Clarence Arychuk"
,"Company":"WSP Canada"
,"Phone Number":"604-525-4651"
,"Nature of Lobbying":"Consulting Planners"
,"Client":"Property Owner"
,"Project No. ":"7915-0443-00"
}
,{
"json_featuretype":"CSV"
,"Registration Date":"2016 01 12"
,"Name of Lobbyist":"J. Evans"
,"Company":""
,"Phone Number":"604-619-5733"
,"Nature of Lobbying":"Real Estate Developer"
,"Client":"Property Owner"
,"Project No. ":"7915-0437-00"
}
,{
"json_featuretype":"CSV"
,"Registration Date":"2016 01 12"
,"Name of Lobbyist":"Samuel Chan"
,"Company":"Ionic Architecture Inc."
,"Phone Number":"778-571-0618"
,"Nature of Lobbying":"Architecture "
,"Client":"BGS Properties Inc."
,"Project No. ":"7915-0452-00"
}
,{
"json_featuretype":"CSV"
,"Registration Date":"2016 01 12"
,"Name of Lobbyist":"Aira Arinduque"
,"Company":"Victoreric Design Group"
,"Phone Number":"604-677-0021"
,"Nature of Lobbying":"Architectural Design"
,"Client":"Property Owner"
,"Project No. ":"7916-0003-00"
}
,{
"json_featuretype":"CSV"
,"Registration Date":"2016 01 14"
,"Name of Lobbyist":"Steven John Wagner"
,"Company":"Urban Design Group Architects Ltd."
,"Phone Number":"604-687-2334"
,"Nature of Lobbying":"Architectural Firm"
,"Client":"Mann Investment (88ave) Ltd."
,"Project No. ":"7916-0009-00"
}
,{
"json_featuretype":"CSV"
,"Registration Date":"2016 01 15"
,"Name of Lobbyist":"Lance Barnett"
,"Company":"Barnett Dembek Architects Inc."
,"Phone Number":"604-597-7100"
,"Nature of Lobbying":"Architecture "
,"Client":"Property Owner"
,"Project No. ":"7914-0280-00"
}
,{
"json_featuretype":"CSV"
,"Registration Date":"2016 01 19"
,"Name of Lobbyist":"Mike Kompter"
,"Company":"Mike Kompter"
,"Phone Number":"604-572-4328"
,"Nature of Lobbying":"Consultant"
,"Client":"Property Owner"
,"Project No. ":"7916-0005-00"
}
,{
"json_featuretype":"CSV"
,"Registration Date":"2016 01 19"
,"Name of Lobbyist":"M. Reid"
,"Company":""
,"Phone Number":"604-786-9426"
,"Nature of Lobbying":"Real Estate Developer"
,"Client":"Dawson & Sawyer Developments (Douglas) Ltd."
,"Project No. ":"7916-0011-00"
}
,{
"json_featuretype":"CSV"
,"Registration Date":"2016 01 20"
,"Name of Lobbyist":"Mike Kompter"
,"Company":"Mike Kompter"
,"Phone Number":"604-572-4328"
,"Nature of Lobbying":"Consultant"
,"Client":"Property Owner"
,"Project No. ":"7916-0018-00"
}
,{
"json_featuretype":"CSV"
,"Registration Date":"2016 01 22"
,"Name of Lobbyist":"Maggie Koka"
,"Company":"Aplin Martin Consultants Ltd."
,"Phone Number":"604-639-3458"
,"Nature of Lobbying":"Land Development Consultant"
,"Client":"Property Owner"
,"Project No. ":"7916-0022-00"
}
,{
"json_featuretype":"CSV"
,"Registration Date":"2016 01 22"
,"Name of Lobbyist":"Maggie Koka and Anya Paskovic"
,"Company":"Aplin Martin Consultants Ltd."
,"Phone Number":"604-639-3458"
,"Nature of Lobbying":"Land Development Consultant"
,"Client":"Property Owner"
,"Project No. ":"7916-0022-00"
}
,{
"json_featuretype":"CSV"
,"Registration Date":"2016 01 25"
,"Name of Lobbyist":"Rebecca Hardin"
,"Company":"Rising Tide Consultants"
,"Phone Number":"604-669-2928"
,"Nature of Lobbying":"Liqour License Consulting"
,"Client":"Investors Group Trust Co Ltd."
,"Project No. ":"7916-0022-00"
}
,{
"json_featuretype":"CSV"
,"Registration Date":"2016 01 27"
,"Name of Lobbyist":"Mike Kompter"
,"Company":"Mike Kompter"
,"Phone Number":"604-572-4328"
,"Nature of Lobbying":"Consultant"
,"Client":"Property Owner"
,"Project No. ":"7916-0010-00"
}
,{
"json_featuretype":"CSV"
,"Registration Date":"2016 01 29"
,"Name of Lobbyist":"Maggie Koka and Anya Paskovic"
,"Company":"Aplin Martin Consultants Ltd."
,"Phone Number":"604-639-3456"
,"Nature of Lobbying":"Planning, Engineering Consultant"
,"Client":"Jesus Baptist Vancouver Church"
,"Project No. ":"7916-0029-00"
}
,{
"json_featuretype":"CSV"
,"Registration Date":"2016 01 29"
,"Name of Lobbyist":"Maggie Koka and Anya Paskovic"
,"Company":"Aplin Martin Consultants Ltd."
,"Phone Number":"604-639-3456"
,"Nature of Lobbying":"Planning, Engineering Consultant"
,"Client":"Property Owner"
,"Project No. ":"7916-0029-00"
}
,{
"json_featuretype":"CSV"
,"Registration Date":"2016 01 29"
,"Name of Lobbyist":"Maggie Koka and Anya Paskovic"
,"Company":"Aplin Martin Consultants Ltd."
,"Phone Number":"604-639-3456"
,"Nature of Lobbying":"Planning, Engineering Consultant"
,"Client":"Property Owner"
,"Project No. ":"7916-0029-00"
}
,{
"json_featuretype":"CSV"
,"Registration Date":"2016 01 29"
,"Name of Lobbyist":"Maggie Koka and Anya Paskovic"
,"Company":"Aplin Martin Consultants Ltd."
,"Phone Number":"604-639-3456"
,"Nature of Lobbying":"Planning, Engineering Consultant"
,"Client":"Property Owner"
,"Project No. ":"7916-0029-00"
}
,{
"json_featuretype":"CSV"
,"Registration Date":"2016 01 29"
,"Name of Lobbyist":"K. Athwal"
,"Company":""
,"Phone Number":"604-307-2404"
,"Nature of Lobbying":""
,"Client":"Property Owner"
,"Project No. ":"7916-0030-00"
}
,{
"json_featuretype":"CSV"
,"Registration Date":"2016 02 01"
,"Name of Lobbyist":"Harwinder Gill"
,"Company":"Rogers Communications"
,"Phone Number":"778-858-5555"
,"Nature of Lobbying":"Communications"
,"Client":"Property Owner"
,"Project No. ":"7916-0028-00"
}
,{
"json_featuretype":"CSV"
,"Registration Date":"2016 02 02"
,"Name of Lobbyist":"Robert Salikan"
,"Company":"Salikan Architecture Inc."
,"Phone Number":"604-688-0100"
,"Nature of Lobbying":"Architect"
,"Client":"Property Owner"
,"Project No. ":"7915-0445-00"
}
,{
"json_featuretype":"CSV"
,"Registration Date":"2016 02 02"
,"Name of Lobbyist":"Laura Jones"
,"Company":"Pacific Land Group"
,"Phone Number":"604-501-1624"
,"Nature of Lobbying":"Planning Consultant"
,"Client":"1001696 BC Ltd."
,"Project No. ":"7915-0442-00"
}
,{
"json_featuretype":"CSV"
,"Registration Date":"2016 02 02"
,"Name of Lobbyist":"Byron Tokarchuk"
,"Company":"Lamoureux Architect Inc."
,"Phone Number":"604-925-5170"
,"Nature of Lobbying":"Architect "
,"Client":"Property Owner"
,"Project No. ":"7915-0447-00"
}
,{
"json_featuretype":"CSV"
,"Registration Date":"2016 02 02"
,"Name of Lobbyist":"Oleg Verbenkov"
,"Company":"Pacific Land Resource Group Inc."
,"Phone Number":"604-501-1624"
,"Nature of Lobbying":"Land Use Planning"
,"Client":"Property Owner"
,"Project No. ":"7915-0449-00"
}
,{
"json_featuretype":"CSV"
,"Registration Date":"2016 02 02"
,"Name of Lobbyist":"Michael Helle"
,"Company":"Coastland Engineering"
,"Phone Number":"604-532-9700"
,"Nature of Lobbying":"Planning and Civil Engineering"
,"Client":"Property Owner"
,"Project No. ":"7915-0451-00"
}
,{
"json_featuretype":"CSV"
,"Registration Date":"2016 02 02"
,"Name of Lobbyist":"Rebecca Hardin"
,"Company":"Rising Tide Consultants"
,"Phone Number":"604-868-8491"
,"Nature of Lobbying":"Liqour License Consulting"
,"Client":"Alldritt Development Ltd."
,"Project No. ":"7915-0446-00"
}
,{
"json_featuretype":"CSV"
,"Registration Date":"2016 02 02"
,"Name of Lobbyist":"Malek Tawashy"
,"Company":"Lark Projects Ltd."
,"Phone Number":"604-576-2935"
,"Nature of Lobbying":"Development and Construction "
,"Client":"Seacrest Developments Ltd."
,"Project No. ":"7915-0450-00"
}
,{
"json_featuretype":"CSV"
,"Registration Date":"2016 02 02"
,"Name of Lobbyist":"Roger Jawanda"
,"Company":"CitiWest Consulting Ltd."
,"Phone Number":"604-591-2213"
,"Nature of Lobbying":"Civil Engineering"
,"Client":"Miracon 164 Development Ltd."
,"Project No. ":"7916-0020-00"
}
,{
"json_featuretype":"CSV"
,"Registration Date":"2016 02 02"
,"Name of Lobbyist":"Roger Jawanda"
,"Company":"CitiWest Consulting Ltd."
,"Phone Number":"604-591-2213"
,"Nature of Lobbying":"Land Development and Civil Engineering"
,"Client":"Property Owner"
,"Project No. ":"7916-0008-00"
}
,{
"json_featuretype":"CSV"
,"Registration Date":"2016 02 02"
,"Name of Lobbyist":"Corneliu Dragomir"
,"Company":"St. Nicolae Romanian Orthodox Church"
,"Phone Number":"604-540-1822"
,"Nature of Lobbying":"Parish Priest "
,"Client":"St. Nicolae Romanian Orthodox Church"
,"Project No. ":"7916-0017-00"
}
,{
"json_featuretype":"CSV"
,"Registration Date":"2016 02 02"
,"Name of Lobbyist":"Douglas Johnson"
,"Company":"Douglas R. Johnson Architect Ltd."
,"Phone Number":"604-998-3381"
,"Nature of Lobbying":""
,"Client":"1058140 BC Ltd."
,"Project No. ":"7916-0012-00"
}
,{
"json_featuretype":"CSV"
,"Registration Date":"2016 02 02"
,"Name of Lobbyist":"Lovepreet Kaur"
,"Company":"Plaza City Centre Ltd."
,"Phone Number":"604-502-9096"
,"Nature of Lobbying":"Builder and Developer"
,"Client":"Plaza City Centre Ltd."
,"Project No. ":"7916-0015-00"
}
,{
"json_featuretype":"CSV"
,"Registration Date":"2016 02 02"
,"Name of Lobbyist":"R. Dhami"
,"Company":""
,"Phone Number":"604-767-0209"
,"Nature of Lobbying":""
,"Client":"2010 Custom Homes Inc."
,"Project No. ":"7916-0023-00"
}
,{
"json_featuretype":"CSV"
,"Registration Date":"2016 02 02"
,"Name of Lobbyist":"Oleg Verbenkov"
,"Company":"Pacific Land Group"
,"Phone Number":"604-501-1624"
,"Nature of Lobbying":"Planning Consultant"
,"Client":"Gobind Marg Charitable Trust Society"
,"Project No. ":"7916-0024-00"
}
,{
"json_featuretype":"CSV"
,"Registration Date":"2016 02 02"
,"Name of Lobbyist":"Mike Kompter"
,"Company":"Mike Kompter"
,"Phone Number":"604-572-4328"
,"Nature of Lobbying":"Consultant"
,"Client":"Property Owner"
,"Project No. ":"7916-0026-00"
}
,{
"json_featuretype":"CSV"
,"Registration Date":"2016 02 02"
,"Name of Lobbyist":"Ava Leemet"
,"Company":"Priority Permits"
,"Phone Number":"778-397-1394"
,"Nature of Lobbying":"Sign Permit Company"
,"Client":"Save on Foods "
,"Project No. ":"7916-0021-00"
}
,{
"json_featuretype":"CSV"
,"Registration Date":"2016 02 02"
,"Name of Lobbyist":"Bartlomeij Foszyn"
,"Company":"Bartek Construction Ltd."
,"Phone Number":"778-990-9663"
,"Nature of Lobbying":"General Contractor"
,"Client":"Property Owner"
,"Project No. ":"7916-0027-00"
}
,{
"json_featuretype":"CSV"
,"Registration Date":"2016 02 05"
,"Name of Lobbyist":"Anya Paskovic and Maggie Koka"
,"Company":"Aplin Martin Consultants Ltd."
,"Phone Number":"604-639-3456"
,"Nature of Lobbying":"Planning Engineering Consulting"
,"Client":"Property Owner"
,"Project No. ":"7916-0031-00"
}
,{
"json_featuretype":"CSV"
,"Registration Date":"2016 02 05"
,"Name of Lobbyist":"Anya Paskovic and Maggie Koka"
,"Company":"Aplin Martin Consultants Ltd."
,"Phone Number":"604-639-3456"
,"Nature of Lobbying":"Planning Engineering Consulting"
,"Client":"Property Owner"
,"Project No. ":"7916-0031-00"
}
,{
"json_featuretype":"CSV"
,"Registration Date":"2016 02 05"
,"Name of Lobbyist":"Anya Paskovic and Maggie Koka"
,"Company":"Aplin Martin Consultants Ltd."
,"Phone Number":"604-639-3456"
,"Nature of Lobbying":"Planning Engineering Consulting"
,"Client":"Property Owner"
,"Project No. ":"7916-0032-00"
}
,{
"json_featuretype":"CSV"
,"Registration Date":"2016 02 05"
,"Name of Lobbyist":"Anya Paskovic and Maggie Koka"
,"Company":"Aplin Martin Consultants Ltd."
,"Phone Number":"604-639-3456"
,"Nature of Lobbying":"Planning Engineering Consulting"
,"Client":"Property Owner"
,"Project No. ":"7916-0032-00"
}
,{
"json_featuretype":"CSV"
,"Registration Date":"2016 02 05"
,"Name of Lobbyist":"Anya Paskovic and Maggie Koka"
,"Company":"Aplin Martin Consultants Ltd."
,"Phone Number":"604-639-3456"
,"Nature of Lobbying":"Planning Engineering Consulting"
,"Client":"Property Owner"
,"Project No. ":"7916-0032-00"
}
,{
"json_featuretype":"CSV"
,"Registration Date":"2016 02 05"
,"Name of Lobbyist":"Anya Paskovic and Maggie Koka"
,"Company":"Aplin Martin Consultants Ltd."
,"Phone Number":"604-639-3456"
,"Nature of Lobbying":"Planning Engineering Consulting"
,"Client":"Property Owner"
,"Project No. ":"7916-0032-00"
}
,{
"json_featuretype":"CSV"
,"Registration Date":"2016 02 05"
,"Name of Lobbyist":"Anya Paskovic and Maggie Koka"
,"Company":"Aplin Martin Consultants Ltd."
,"Phone Number":"604-639-3456"
,"Nature of Lobbying":"Planning Engineering Consulting"
,"Client":"Property Owner"
,"Project No. ":"7916-0032-00"
}
,{
"json_featuretype":"CSV"
,"Registration Date":"2016 02 05"
,"Name of Lobbyist":"Anya Paskovic and Maggie Koka"
,"Company":"Aplin Martin Consultants Ltd."
,"Phone Number":"604-639-3456"
,"Nature of Lobbying":"Planning Engineering Consulting"
,"Client":"Property Owner"
,"Project No. ":"7916-0032-00"
}
,{
"json_featuretype":"CSV"
,"Registration Date":"2016 02 05"
,"Name of Lobbyist":"Anya Paskovic and Maggie Koka"
,"Company":"Aplin Martin Consultants Ltd."
,"Phone Number":"604-639-3456"
,"Nature of Lobbying":"Planning Engineering Consulting"
,"Client":"Property Owner"
,"Project No. ":"7916-0032-00"
}
,{
"json_featuretype":"CSV"
,"Registration Date":"2016 02 10"
,"Name of Lobbyist":"Glenn Worner"
,"Company":"Redstone Group"
,"Phone Number":"604-596-5622"
,"Nature of Lobbying":"Commercial Property Management"
,"Client":"Property Owner"
,"Project No. ":"7916-0036-00"
}
,{
"json_featuretype":"CSV"
,"Registration Date":"2016 02 10"
,"Name of Lobbyist":"Avnash Banwait and Rajeev Mangla"
,"Company":"Mainland Engineering Design Corp."
,"Phone Number":"604-543-8044"
,"Nature of Lobbying":"Land Development & Civil Engineering Consultants "
,"Client":"Property Owner"
,"Project No. ":"7916-0041-00"
}
,{
"json_featuretype":"CSV"
,"Registration Date":"2016 02 11"
,"Name of Lobbyist":"Joe Dhaliwal"
,"Company":"0794043 BC Ltd."
,"Phone Number":"604-250-0824"
,"Nature of Lobbying":""
,"Client":"Property Owner"
,"Project No. ":"7916-0037-00"
}
,{
"json_featuretype":"CSV"
,"Registration Date":"2016 02 12"
,"Name of Lobbyist":"Mike Kompter"
,"Company":"Mike Kompter"
,"Phone Number":"604-572-4328"
,"Nature of Lobbying":"Consultant "
,"Client":"Property Owner"
,"Project No. ":"7916-0040-00"
}
,{
"json_featuretype":"CSV"
,"Registration Date":"2016 02 15"
,"Name of Lobbyist":"Irene Horvath"
,"Company":"D.A. Horvath Consultants Inc."
,"Phone Number":"604-538-2496"
,"Nature of Lobbying":"Interior Design"
,"Client":"Property Owner"
,"Project No. ":"7916-0038-00"
}
,{
"json_featuretype":"CSV"
,"Registration Date":"2016 02 15"
,"Name of Lobbyist":"C. Itty"
,"Company":""
,"Phone Number":"604-716-5075"
,"Nature of Lobbying":""
,"Client":"St. George Malankara Orthodox Church "
,"Project No. ":"7916-0048-00"
}
,{
"json_featuretype":"CSV"
,"Registration Date":"2016 02 18"
,"Name of Lobbyist":"Roger Jawanda"
,"Company":"CitiWest Consulting Ltd."
,"Phone Number":"604-591-2213"
,"Nature of Lobbying":"Civil Engineering"
,"Client":"0991923 BC ltd."
,"Project No. ":"7916-0046-00"
}
,{
"json_featuretype":"CSV"
,"Registration Date":"2016 02 23"
,"Name of Lobbyist":"Mike Kompter"
,"Company":"Mike Kompter"
,"Phone Number":"604-572-4328"
,"Nature of Lobbying":"Consultant "
,"Client":"Property Owner"
,"Project No. ":"7916-0049-00"
}
,{
"json_featuretype":"CSV"
,"Registration Date":"2016 02 24"
,"Name of Lobbyist":""
,"Company":"OYS Architecture "
,"Phone Number":"604-669-7710"
,"Nature of Lobbying":"Architecture "
,"Client":"3529 Investments Ltd."
,"Project No. ":"7916-0053-00"
}
,{
"json_featuretype":"CSV"
,"Registration Date":"2016 03 02"
,"Name of Lobbyist":"Patrick Cotter"
,"Company":"ZGF Cotter Architects Inc."
,"Phone Number":"604-272-1477"
,"Nature of Lobbying":"Architectural Services"
,"Client":"Benchmark Estate (2009) Ltd."
,"Project No. ":"7916-0057-00"
}
,{
"json_featuretype":"CSV"
,"Registration Date":"2016 03 03"
,"Name of Lobbyist":"Kuldip Randhawa"
,"Company":"Acumar Consulting Engineers Ltd."
,"Phone Number":"604-808-5875"
,"Nature of Lobbying":"Consulting"
,"Client":"Property Owner"
,"Project No. ":"7916-0070-00"
}
,{
"json_featuretype":"CSV"
,"Registration Date":"2016 03 03"
,"Name of Lobbyist":"Avnash Banwait"
,"Company":"Mainland Engineering Design Corp."
,"Phone Number":"604-543-8044"
,"Nature of Lobbying":"Land Development Consultant"
,"Client":"Property Owner"
,"Project No. ":"7916-0073-00"
}
,{
"json_featuretype":"CSV"
,"Registration Date":"2016 03 04"
,"Name of Lobbyist":"Tawny Verigin"
,"Company":"Cypress Land Services Inc."
,"Phone Number":"604-620-0877"
,"Nature of Lobbying":"Consulting"
,"Client":"ECOMM 9-1-1"
,"Project No. ":"7916-0056-00"
}
,{
"json_featuretype":"CSV"
,"Registration Date":"2016 03 04"
,"Name of Lobbyist":"Tawny Verigin"
,"Company":"Cypress Land Services Inc."
,"Phone Number":"604-620-0877"
,"Nature of Lobbying":"Consulting"
,"Client":"ECOMM 9-1-1"
,"Project No. ":"7916-0044-00"
}
,{
"json_featuretype":"CSV"
,"Registration Date":"2016 03 04"
,"Name of Lobbyist":"Craven Huston Powers Architects "
,"Company":""
,"Phone Number":"604-793-9445"
,"Nature of Lobbying":"Architecuture"
,"Client":"BC Housing "
,"Project No. ":"7916-0039-00"
}
,{
"json_featuretype":"CSV"
,"Registration Date":"2016 03 04"
,"Name of Lobbyist":"Maggie Koka"
,"Company":"Aplin Martin Consultants Ltd."
,"Phone Number":"604-639-3456"
,"Nature of Lobbying":"Land Development Consultant"
,"Client":"Brass Bound Ventures Ltd."
,"Project No. ":"7916-0035-00"
}
,{
"json_featuretype":"CSV"
,"Registration Date":"2016 03 04"
,"Name of Lobbyist":"Roger Jawanda"
,"Company":"CitiWest Consulting Ltd."
,"Phone Number":"604-591-2213"
,"Nature of Lobbying":"Civil Engineering"
,"Client":"EOS Holdings Ltd."
,"Project No. ":"7916-0075-00"
}
,{
"json_featuretype":"CSV"
,"Registration Date":"2016 03 04"
,"Name of Lobbyist":"Christopher Correia"
,"Company":"Pacific Land Resource Group Inc."
,"Phone Number":"604-501-1624"
,"Nature of Lobbying":"Planning"
,"Client":"0823207 BC Ltd."
,"Project No. ":"7916-0068-00"
}
,{
"json_featuretype":"CSV"
,"Registration Date":"2016 03 04"
,"Name of Lobbyist":"Michael Helle"
,"Company":"Coastland Engineering"
,"Phone Number":"604-532-9700"
,"Nature of Lobbying":"Planning and Civil Engineering"
,"Client":"Property Owner"
,"Project No. ":"7916-0051-00"
}
,{
"json_featuretype":"CSV"
,"Registration Date":"2016 03 09"
,"Name of Lobbyist":"G. Dhillon"
,"Company":""
,"Phone Number":"604-722-3067"
,"Nature of Lobbying":""
,"Client":"Property Owner"
,"Project No. ":"7916-0064-00"
}
,{
"json_featuretype":"CSV"
,"Registration Date":"2016 03 09"
,"Name of Lobbyist":"Wojciech Grzybowicz"
,"Company":"WG Architecture Inc."
,"Phone Number":"604-331-2378"
,"Nature of Lobbying":"Architecture Design"
,"Client":"Marquee S Construction and Developments "
,"Project No. ":"7916-0063-00"
}
,{
"json_featuretype":"CSV"
,"Registration Date":"2016 03 09"
,"Name of Lobbyist":"Michael Helle"
,"Company":"Coastland Engineering"
,"Phone Number":"604-532-9700"
,"Nature of Lobbying":"Planning and Civil Engineering"
,"Client":"Property Owner"
,"Project No. ":"7916-0071-00"
}
,{
"json_featuretype":"CSV"
,"Registration Date":"2016 03 09"
,"Name of Lobbyist":"Mike Kompter"
,"Company":"Mike Kompter"
,"Phone Number":"604-572-4328"
,"Nature of Lobbying":"Consultant"
,"Client":"Property Owner"
,"Project No. ":"7916-0066-00"
}
,{
"json_featuretype":"CSV"
,"Registration Date":"2016 03 14"
,"Name of Lobbyist":"Theresa Rawle"
,"Company":"H.Y. Engineering Ltd."
,"Phone Number":"604-583-1616"
,"Nature of Lobbying":"Engineering, Planning, Surveying "
,"Client":"Property Owner"
,"Project No. ":"7916-0079-00"
}
,{
"json_featuretype":"CSV"
,"Registration Date":"2016 03 18"
,"Name of Lobbyist":"Wojciech Grzybowicz"
,"Company":"WG Architecture Inc."
,"Phone Number":"604-331-2378"
,"Nature of Lobbying":"Architectural"
,"Client":"Property Owner"
,"Project No. ":"7916-0107-00"
}
,{
"json_featuretype":"CSV"
,"Registration Date":"2016 03 23"
,"Name of Lobbyist":"Michael Helle"
,"Company":"Coastland Engineering"
,"Phone Number":"604-532-9700"
,"Nature of Lobbying":"Planning and Civil Engineering"
,"Client":"Property Owner"
,"Project No. ":"7916-0104-00"
}
,{
"json_featuretype":"CSV"
,"Registration Date":"2016 03 23"
,"Name of Lobbyist":"Mike Kompter"
,"Company":"Mike Kompter"
,"Phone Number":"604-572-4328"
,"Nature of Lobbying":"Consultant"
,"Client":"Property Owner"
,"Project No. ":"7916-0080-00"
}
,{
"json_featuretype":"CSV"
,"Registration Date":"2016 03 30"
,"Name of Lobbyist":"Clarence Arychuk"
,"Company":"WSP Canada"
,"Phone Number":"604-525-4651"
,"Nature of Lobbying":"Consulting, Planners, Engineers, Surveyors"
,"Client":"Rosemary Business Park Ltd."
,"Project No. ":"7916-0115-00"
}
,{
"json_featuretype":"CSV"
,"Registration Date":"2016 03 31"
,"Name of Lobbyist":"Mike Kompter"
,"Company":"Mike Kompter"
,"Phone Number":"604-572-4328"
,"Nature of Lobbying":"Consultant"
,"Client":"Property Owner"
,"Project No. ":"7916-0066-00"
}
,{
"json_featuretype":"CSV"
,"Registration Date":"2016 04 06"
,"Name of Lobbyist":"David Wiemken"
,"Company":"Vesta Properties"
,"Phone Number":"604-888-7869"
,"Nature of Lobbying":"Land Development"
,"Client":"Property Owner"
,"Project No. ":"7916-0130-00"
}
,{
"json_featuretype":"CSV"
,"Registration Date":"2016 04 06"
,"Name of Lobbyist":"M. Sekhon"
,"Company":""
,"Phone Number":"778-558-1134"
,"Nature of Lobbying":""
,"Client":"Property Owner"
,"Project No. ":"7916-0116-00"
}
,{
"json_featuretype":"CSV"
,"Registration Date":"2016 04 07"
,"Name of Lobbyist":"Laura Jones"
,"Company":"Pacific Land Group"
,"Phone Number":"604-501-1624"
,"Nature of Lobbying":"Planning Consultant"
,"Client":"Property Owner"
,"Project No. ":"7916-0132-00"
}
,{
"json_featuretype":"CSV"
,"Registration Date":"2016 04 11"
,"Name of Lobbyist":"Laura Jones"
,"Company":"Pacific Land Group"
,"Phone Number":"604-501-1624"
,"Nature of Lobbying":"Planning Consultant"
,"Client":"Property Owner"
,"Project No. ":"7916-0137-00"
}
,{
"json_featuretype":"CSV"
,"Registration Date":"2016 04 22"
,"Name of Lobbyist":"Roger Jawanda"
,"Company":"CitiWest Consulting Ltd."
,"Phone Number":"604-591-2213"
,"Nature of Lobbying":"Civil Engineering"
,"Client":"Property Owner"
,"Project No. ":"7916-0110-00"
}
,{
"json_featuretype":"CSV"
,"Registration Date":"2016 04 22"
,"Name of Lobbyist":"Roger Jawanda"
,"Company":"CitiWest Consulting Ltd."
,"Phone Number":"604-591-2213"
,"Nature of Lobbying":"Civil Engineering"
,"Client":"Property Owner"
,"Project No. ":"7916-0112-00"
}
,{
"json_featuretype":"CSV"
,"Registration Date":"2016 04 22"
,"Name of Lobbyist":"Michael Helle"
,"Company":"Coastland Engineering"
,"Phone Number":"604-532-9700"
,"Nature of Lobbying":"Planning and Civil Engineering"
,"Client":"Property Owner"
,"Project No. ":"7916-0148-00"
}
,{
"json_featuretype":"CSV"
,"Registration Date":"2016 04 22"
,"Name of Lobbyist":"Michael Helle"
,"Company":"Coastland Engineering"
,"Phone Number":"604-532-9700"
,"Nature of Lobbying":"Planning and Civil Engineering"
,"Client":"Property Owner"
,"Project No. ":"7916-0139-00"
}
,{
"json_featuretype":"CSV"
,"Registration Date":"2016 04 22"
,"Name of Lobbyist":"Michael Helle"
,"Company":"Coastland Engineering"
,"Phone Number":"604-532-9700"
,"Nature of Lobbying":"Planning and Civil Engineering"
,"Client":"Property Owner"
,"Project No. ":"7916-0091-00"
}
,{
"json_featuretype":"CSV"
,"Registration Date":"2016 04 22"
,"Name of Lobbyist":"Dexter Hirabe"
,"Company":"WSP Canada"
,"Phone Number":"604-525-4651"
,"Nature of Lobbying":""
,"Client":"Qualico Developments Vancouver Inc."
,"Project No. ":"7916-0103-00"
}
,{
"json_featuretype":"CSV"
,"Registration Date":"2016 04 22"
,"Name of Lobbyist":"Cass Parel"
,"Company":"Cass Parel Limited "
,"Phone Number":"778-865-0766"
,"Nature of Lobbying":"Architectural "
,"Client":"Property Owner"
,"Project No. ":"7916-0119-00"
}
,{
"json_featuretype":"CSV"
,"Registration Date":"2016 04 22"
,"Name of Lobbyist":"Rebecca Hardin"
,"Company":"Rising Tide Consultants"
,"Phone Number":"604-669-2928"
,"Nature of Lobbying":"Amend zoning to allow for a retail and tasting use for a manufacturing license"
,"Client":"West Bend Construction Ltd."
,"Project No. ":"7916-0120-00"
}
,{
"json_featuretype":"CSV"
,"Registration Date":"2016 04 22"
,"Name of Lobbyist":"Sam Hooge"
,"Company":"Dawson & Sawyer "
,"Phone Number":"604-626-5040"
,"Nature of Lobbying":"Real Estate Developer"
,"Client":"Dawson & Sawyer Properties Ltd."
,"Project No. ":"7916-0117-00"
}
,{
"json_featuretype":"CSV"
,"Registration Date":"2016 04 22"
,"Name of Lobbyist":"Pawan Gill"
,"Company":"Terra Nobis Consulting Inc."
,"Phone Number":"604-773-5820"
,"Nature of Lobbying":"Civil Consultant "
,"Client":"Property Owner"
,"Project No. ":"7916-0142-00"
}
,{
"json_featuretype":"CSV"
,"Registration Date":"2016 04 22"
,"Name of Lobbyist":"Clarence Arychuk"
,"Company":"WSP Canada"
,"Phone Number":"604-525-4651"
,"Nature of Lobbying":"Consulting, Planners, Engineers, Surveyors"
,"Client":"Perfect Chance Investments Ltd."
,"Project No. ":"7916-0154-00"
}
,{
"json_featuretype":"CSV"
,"Registration Date":"2016 04 22"
,"Name of Lobbyist":"Brian Gregg"
,"Company":"Wind Mobile Corp."
,"Phone Number":"778-870-1388"
,"Nature of Lobbying":""
,"Client":"Wind Mobile Corp."
,"Project No. ":"7916-0140-00"
}
,{
"json_featuretype":"CSV"
,"Registration Date":"2016 04 22"
,"Name of Lobbyist":"Irene Horvath"
,"Company":"D.A. Horvath Consultants Inc."
,"Phone Number":"604-538-2496"
,"Nature of Lobbying":"Interior Design"
,"Client":"Property Owner"
,"Project No. ":"7916-0147-00"
}
,{
"json_featuretype":"CSV"
,"Registration Date":"2016 04 22"
,"Name of Lobbyist":"Lori Joyce"
,"Company":"H.Y. Engineering Ltd."
,"Phone Number":"604-583-1616"
,"Nature of Lobbying":"Civil Engineering "
,"Client":"Overseas Homes Ltd."
,"Project No. ":"7916-0156-00"
}
,{
"json_featuretype":"CSV"
,"Registration Date":"2016 04 22"
,"Name of Lobbyist":"Mike Kompter"
,"Company":"Mike Kompter"
,"Phone Number":"604-572-4328"
,"Nature of Lobbying":"Consultant "
,"Client":"Property Owner"
,"Project No. ":"7916-0160-00"
}
,{
"json_featuretype":"CSV"
,"Registration Date":"2016 04 22"
,"Name of Lobbyist":"Sadiq Safar"
,"Company":"T3 Engineering Ltd."
,"Phone Number":"778-228-6155"
,"Nature of Lobbying":"Civil Engineering Consultant "
,"Client":"0907878 BC Ltd."
,"Project No. ":"7916-0159-00"
}
,{
"json_featuretype":"CSV"
,"Registration Date":"2016 04 22"
,"Name of Lobbyist":"Daniel Maiden"
,"Company":"Rockridge Developments Inc."
,"Phone Number":"604-835-1199"
,"Nature of Lobbying":"Residential Construction"
,"Client":"Property Owner"
,"Project No. ":"7916-0164-00"
}
,{
"json_featuretype":"CSV"
,"Registration Date":"2016 04 22"
,"Name of Lobbyist":"Douglas Johnson"
,"Company":"Douglas R. Johnson Architect Ltd."
,"Phone Number":"604-998-3381"
,"Nature of Lobbying":"Architect "
,"Client":"1042384 BC Ltd."
,"Project No. ":"7916-0158-00"
}
,{
"json_featuretype":"CSV"
,"Registration Date":"2016 04 25"
,"Name of Lobbyist":"Andrew Igel"
,"Company":"Aplin Martin Consultants Ltd."
,"Phone Number":"604-639-4260"
,"Nature of Lobbying":"Architecture, Planning, Engineering, Survey"
,"Client":"Property Owner"
,"Project No. ":"7916-0161-00"
}
,{
"json_featuretype":"CSV"
,"Registration Date":"2016 05 03"
,"Name of Lobbyist":"Roger Jawanda"
,"Company":"CitiWest Consulting Ltd."
,"Phone Number":"604-591-2213"
,"Nature of Lobbying":"Civil Engineering"
,"Client":"Lion King Homes Ltd. and Major Lidder"
,"Project No. ":"7916-0113-00"
}
,{
"json_featuretype":"CSV"
,"Registration Date":"2016 05 03"
,"Name of Lobbyist":"Maggie Koka"
,"Company":"Aplin Martin Consultants Ltd."
,"Phone Number":"604-689-3456"
,"Nature of Lobbying":"Consultants to Land Developers"
,"Client":"Property Owner"
,"Project No. ":"7916-0186-00"
}
,{
"json_featuretype":"CSV"
,"Registration Date":"2016 05 06"
,"Name of Lobbyist":"Mike Kompter"
,"Company":"Mike Kompter"
,"Phone Number":"604-572-4328"
,"Nature of Lobbying":"Consultant "
,"Client":"Property Owner"
,"Project No. ":"7916-0180-00"
}
,{
"json_featuretype":"CSV"
,"Registration Date":"2016 05 06"
,"Name of Lobbyist":"Mike Kompter"
,"Company":"Mike Kompter"
,"Phone Number":"604-572-4328"
,"Nature of Lobbying":"Consultant "
,"Client":"Property Owner"
,"Project No. ":"7916-0197-00"
}
,{
"json_featuretype":"CSV"
,"Registration Date":"2016 05 06"
,"Name of Lobbyist":"Kelvin Poon"
,"Company":"Magnum Projects Ltd."
,"Phone Number":"604-566-8800"
,"Nature of Lobbying":"Marketing"
,"Client":"0741266 BC Ltd."
,"Project No. ":"7916-0179-00"
}
,{
"json_featuretype":"CSV"
,"Registration Date":"2016 05 06"
,"Name of Lobbyist":"Christian Hamm"
,"Company":"Integrated Construction"
,"Phone Number":"604-599-0706"
,"Nature of Lobbying":"General Contractor"
,"Client":"Brisk Holdings Inc."
,"Project No. ":"7916-0184-00"
}
,{
"json_featuretype":"CSV"
,"Registration Date":"2016 05 06"
,"Name of Lobbyist":"A. Scott"
,"Company":""
,"Phone Number":"604-298-3700"
,"Nature of Lobbying":""
,"Client":"Wesley Gentle (McDonald's Restaurants of Canada Ltd.)"
,"Project No. ":"7916-0181-00"
}
,{
"json_featuretype":"CSV"
,"Registration Date":"2016 05 06"
,"Name of Lobbyist":"G. Chauhan"
,"Company":""
,"Phone Number":"604-375-3636"
,"Nature of Lobbying":"Construction"
,"Client":"Property Owner"
,"Project No. ":"7916-0167-00"
}
,{
"json_featuretype":"CSV"
,"Registration Date":"2016 05 06"
,"Name of Lobbyist":"N. Zottenberg"
,"Company":""
,"Phone Number":"604-961-5780"
,"Nature of Lobbying":""
,"Client":"Fleetwood Development Corp."
,"Project No. ":"7916-0173-00"
}
,{
"json_featuretype":"CSV"
,"Registration Date":"2016 05 06"
,"Name of Lobbyist":"P. Sandhu"
,"Company":""
,"Phone Number":"778-883-1712"
,"Nature of Lobbying":""
,"Client":"Gagan Investments "
,"Project No. ":"7916-0176-00"
}
,{
"json_featuretype":"CSV"
,"Registration Date":"2016 05 06"
,"Name of Lobbyist":"Dexter Hirabe"
,"Company":"WSP Canada"
,"Phone Number":"604-525-4651"
,"Nature of Lobbying":""
,"Client":"Property Owner"
,"Project No. ":"7916-0163-00"
}
,{
"json_featuretype":"CSV"
,"Registration Date":"2016 05 06"
,"Name of Lobbyist":"Oleg Verbenkov"
,"Company":"Pacific Land Group"
,"Phone Number":"604-501-1624"
,"Nature of Lobbying":"Land Use Planning Consulting"
,"Client":"Mackenzie Sawmill Ltd."
,"Project No. ":"7916-0195-00"
}
,{
"json_featuretype":"CSV"
,"Registration Date":"2016 05 06"
,"Name of Lobbyist":"Michael Helle"
,"Company":"Coastland Engineering"
,"Phone Number":"604-532-9700"
,"Nature of Lobbying":"Planning and Civil Engineering"
,"Client":"Property Owner"
,"Project No. ":"7916-0145-00"
}
,{
"json_featuretype":"CSV"
,"Registration Date":"2016 05 06"
,"Name of Lobbyist":"James Pernu"
,"Company":"McElhanney Consulting Services Ltd."
,"Phone Number":"604-596-0391"
,"Nature of Lobbying":"Consulting"
,"Client":"Property Owner"
,"Project No. ":"7916-0187-00"
}
,{
"json_featuretype":"CSV"
,"Registration Date":"2016 05 06"
,"Name of Lobbyist":"Anya Paskovic"
,"Company":"Aplin Martin Consultants Ltd."
,"Phone Number":"604-639-3456"
,"Nature of Lobbying":"Land Development Consulting"
,"Client":"Canadian Horizons Land Investment Corp."
,"Project No. ":"7916-0191-00"
}
,{
"json_featuretype":"CSV"
,"Registration Date":"2016 05 10"
,"Name of Lobbyist":"Oleg Verbenkov"
,"Company":"Pacific Land Resource Group Inc."
,"Phone Number":"604-501-1624"
,"Nature of Lobbying":"Planning"
,"Client":"0854559 BC Ltd."
,"Project No. ":"7916-0118-00"
}
,{
"json_featuretype":"CSV"
,"Registration Date":"2016 05 11"
,"Name of Lobbyist":"Mike Kompter"
,"Company":"Mike Kompter"
,"Phone Number":"604-572-4328"
,"Nature of Lobbying":"Consultant "
,"Client":"Property Owner"
,"Project No. ":"7916-0197-00"
}
,{
"json_featuretype":"CSV"
,"Registration Date":"2016 05 11"
,"Name of Lobbyist":"Douglas Johnson"
,"Company":"Douglas R. Johnson Architect Ltd."
,"Phone Number":"604-998-3381"
,"Nature of Lobbying":"Architect "
,"Client":"Ekam 68 Project Ltd."
,"Project No. ":"7916-0174-00"
}
,{
"json_featuretype":"CSV"
,"Registration Date":"2016 05 12"
,"Name of Lobbyist":"Mike Kompter"
,"Company":"Mike Kompter"
,"Phone Number":"604-572-4328"
,"Nature of Lobbying":"Consultant "
,"Client":"Property Owner"
,"Project No. ":"7916-0202-00"
}
,{
"json_featuretype":"CSV"
,"Registration Date":"2016 05 12"
,"Name of Lobbyist":"Mike Kompter"
,"Company":"Mike Kompter"
,"Phone Number":"604-572-4328"
,"Nature of Lobbying":"Consultant "
,"Client":"Property Owner"
,"Project No. ":"7916-0198-00"
}
,{
"json_featuretype":"CSV"
,"Registration Date":"2016 05 12"
,"Name of Lobbyist":"Mike Kompter"
,"Company":"Mike Kompter"
,"Phone Number":"604-572-4328"
,"Nature of Lobbying":"Consultant "
,"Client":"Property Owner"
,"Project No. ":"7916-0211-00"
}
,{
"json_featuretype":"CSV"
,"Registration Date":"2016 05 16"
,"Name of Lobbyist":"Baljit Johal"
,"Company":"Mortise Construction"
,"Phone Number":"778-892-0093"
,"Nature of Lobbying":"Development"
,"Client":"Property Owner"
,"Project No. ":"7916-0212-00"
}
,{
"json_featuretype":"CSV"
,"Registration Date":"2016 05 18 "
,"Name of Lobbyist":"Sarah Atkinson"
,"Company":"Plam Vam Development Consultants"
,"Phone Number":"604-355-5611"
,"Nature of Lobbying":"Development Consulting"
,"Client":"Tara Housing"
,"Project No. ":"7916-0207-00"
}
,{
"json_featuretype":"CSV"
,"Registration Date":"2016 05 19"
,"Name of Lobbyist":"Mike Kompter"
,"Company":"Mike Kompter"
,"Phone Number":"604-572-4328"
,"Nature of Lobbying":"Consultant "
,"Client":"Property Owner"
,"Project No. ":"7916-0204-00"
}
,{
"json_featuretype":"CSV"
,"Registration Date":"2016 05 19"
,"Name of Lobbyist":"Mike Kompter"
,"Company":"Mike Kompter"
,"Phone Number":"604-572-4328"
,"Nature of Lobbying":"Consultant "
,"Client":"Property Owner"
,"Project No. ":"7916-0200-00"
}
,{
"json_featuretype":"CSV"
,"Registration Date":"2016 05 19"
,"Name of Lobbyist":"Mike Kompter"
,"Company":"Mike Kompter"
,"Phone Number":"604-572-4328"
,"Nature of Lobbying":"Consultant "
,"Client":"Property Owner"
,"Project No. ":"7916-0217-00"
}
,{
"json_featuretype":"CSV"
,"Registration Date":"2016 05 19"
,"Name of Lobbyist":"Mike Kompter"
,"Company":"Mike Kompter"
,"Phone Number":"604-572-4328"
,"Nature of Lobbying":"Consultant "
,"Client":"Property Owner"
,"Project No. ":"7916-0204-00"
}
,{
"json_featuretype":"CSV"
,"Registration Date":"2016 05 19"
,"Name of Lobbyist":"Maggie Koka"
,"Company":"Aplin Martin Consultants Ltd."
,"Phone Number":"604-639-3456"
,"Nature of Lobbying":"Land Development Consultants"
,"Client":"Rosemary Business Park Ltd."
,"Project No. ":"7916-0203-00"
}
,{
"json_featuretype":"CSV"
,"Registration Date":"2016 05 19"
,"Name of Lobbyist":"Anya Paskovic"
,"Company":"Aplin Martin Consultants Ltd."
,"Phone Number":"604-639-3456"
,"Nature of Lobbying":"Land Development Consulting"
,"Client":"Martin and Carol Li - Morgan Grandview Enterprises Group"
,"Project No. ":"7916-0192-00"
}
,{
"json_featuretype":"CSV"
,"Registration Date":"2016 05 19"
,"Name of Lobbyist":"Dexter Hirabe"
,"Company":"WSP Canada"
,"Phone Number":"604-525-4651"
,"Nature of Lobbying":"Consulting"
,"Client":"Dream Castle Homes Ltd."
,"Project No. ":"7913-0193-00"
}
,{
"json_featuretype":"CSV"
,"Registration Date":"2016 05 19"
,"Name of Lobbyist":"Fariba Gharaei"
,"Company":"Urban Design Group Architects Ltd."
,"Phone Number":"604-687-2334"
,"Nature of Lobbying":"Architecture Firm"
,"Client":"Property Owner"
,"Project No. ":"7916-0201-00"
}
,{
"json_featuretype":"CSV"
,"Registration Date":"2016 05 19"
,"Name of Lobbyist":"S. Chandok"
,"Company":""
,"Phone Number":"778-855-9624"
,"Nature of Lobbying":""
,"Client":"Property Owner"
,"Project No. ":"7916-0183-00"
}
,{
"json_featuretype":"CSV"
,"Registration Date":"2016 05 19"
,"Name of Lobbyist":"John Curran"
,"Company":"John Curran Neville Graham Associates"
,"Phone Number":"604-536-1621"
,"Nature of Lobbying":"Civil Engineering"
,"Client":"Property Owner"
,"Project No. ":"7916-0206-00"
}
,{
"json_featuretype":"CSV"
,"Registration Date":"2016 05 19"
,"Name of Lobbyist":"Brian Gregg"
,"Company":"Wind Mobile Corp."
,"Phone Number":"778-870-1388"
,"Nature of Lobbying":"Telecommunications"
,"Client":"Wind Mobile Corp."
,"Project No. ":"7916-0236-00"
}
,{
"json_featuretype":"CSV"
,"Registration Date":"2016 05 19"
,"Name of Lobbyist":"Michael Helle"
,"Company":"Coastland Engineering"
,"Phone Number":"604-532-9700"
,"Nature of Lobbying":"Planning and Civil Engineering"
,"Client":"Property Owner"
,"Project No. ":"7916-0238-00"
}
,{
"json_featuretype":"CSV"
,"Registration Date":"2016 05 19"
,"Name of Lobbyist":"H.Y. Engineering Ltd."
,"Company":"H.Y. Engineering Ltd."
,"Phone Number":"604-583-1616"
,"Nature of Lobbying":"Land Development, Project Management, Civil Engineering"
,"Client":"Property Owner"
,"Project No. ":"7916-0235-00"
}
,{
"json_featuretype":"CSV"
,"Registration Date":"2016 05 19"
,"Name of Lobbyist":"Oleg Verbenkov"
,"Company":"Pacific Land Group"
,"Phone Number":"604-501-1624"
,"Nature of Lobbying":"Land Use Planning Consulting"
,"Client":"1031698 BC Ltd."
,"Project No. ":"7916-0237-00"
}
,{
"json_featuretype":"CSV"
,"Registration Date":"2016 05 19"
,"Name of Lobbyist":"Oleg Verbenkov"
,"Company":"Pacific Land Group"
,"Phone Number":"604-501-1624"
,"Nature of Lobbying":"Land Use Planning Consulting"
,"Client":"Darshan Holdings"
,"Project No. ":"7916-0215-00"
}
,{
"json_featuretype":"CSV"
,"Registration Date":"2016 05 19"
,"Name of Lobbyist":"C. Rahn"
,"Company":""
,"Phone Number":"604-329-9929"
,"Nature of Lobbying":""
,"Client":"Property Owner"
,"Project No. ":"7916-0216-00"
}
,{
"json_featuretype":"CSV"
,"Registration Date":"2016 05 19"
,"Name of Lobbyist":"Brett Standerwick"
,"Company":"Surrey City Development Corporation"
,"Phone Number":"604-580-4298"
,"Nature of Lobbying":""
,"Client":"Royal Canadian Legion Branch #6"
,"Project No. ":"7916-0219-00"
}
,{
"json_featuretype":"CSV"
,"Registration Date":"2016 05 20"
,"Name of Lobbyist":"Mike Kompter"
,"Company":"Mike Kompter"
,"Phone Number":"604-572-4328"
,"Nature of Lobbying":"Consultant "
,"Client":"Property Owner"
,"Project No. ":"7916-0213-00"
}
,{
"json_featuretype":"CSV"
,"Registration Date":"2016 05 20"
,"Name of Lobbyist":"Mike Kompter"
,"Company":"Mike Kompter"
,"Phone Number":"604-572-4328"
,"Nature of Lobbying":"Consultant "
,"Client":"Property Owner"
,"Project No. ":"7916-0222-00"
}
,{
"json_featuretype":"CSV"
,"Registration Date":"2016 05 20"
,"Name of Lobbyist":"Tawny Verigin"
,"Company":"Cypress Land Services Inc."
,"Phone Number":"604-620-0877"
,"Nature of Lobbying":"Consultant"
,"Client":"TM Mobile Inc (Telus) "
,"Project No. ":"7916-0209-00"
}
,{
"json_featuretype":"CSV"
,"Registration Date":"2016 05 24"
,"Name of Lobbyist":"Mike Kompter"
,"Company":"Mike Kompter"
,"Phone Number":"604-572-4328"
,"Nature of Lobbying":"Consultant "
,"Client":"Property Owner"
,"Project No. ":"7916-0223-00"
}
,{
"json_featuretype":"CSV"
,"Registration Date":"2016 05 24"
,"Name of Lobbyist":"W. Chang"
,"Company":""
,"Phone Number":"604-630-9488"
,"Nature of Lobbying":"Architecture Firm"
,"Client":"Property Owner"
,"Project No. ":"7916-0225-00"
}
,{
"json_featuretype":"CSV"
,"Registration Date":"2016 05 25"
,"Name of Lobbyist":"Mike Kompter"
,"Company":"Mike Kompter"
,"Phone Number":"604-572-4328"
,"Nature of Lobbying":"Consultant "
,"Client":"Property Owner"
,"Project No. ":"7916-0226-00"
}
,{
"json_featuretype":"CSV"
,"Registration Date":"2016 05 25"
,"Name of Lobbyist":"Roger Jawanda"
,"Company":"CitiWest Consulting Ltd."
,"Phone Number":"604-591-2213"
,"Nature of Lobbying":"Civil Engineering"
,"Client":"Property Owner"
,"Project No. ":"7916-0227-00"
}
,{
"json_featuretype":"CSV"
,"Registration Date":"2016 05 27"
,"Name of Lobbyist":"K. Singh"
,"Company":""
,"Phone Number":"778-319-5269"
,"Nature of Lobbying":"Developer"
,"Client":"Ace Point Marketing Inc."
,"Project No. ":"7916-0229-00"
}
,{
"json_featuretype":"CSV"
,"Registration Date":"2016 05 27"
,"Name of Lobbyist":"Shari Boyal"
,"Company":"Shari Boyal"
,"Phone Number":"604-830-3619"
,"Nature of Lobbying":"Developer"
,"Client":"Property Owner"
,"Project No. ":"7916-0231-00"
}
,{
"json_featuretype":"CSV"
,"Registration Date":"2016 05 27"
,"Name of Lobbyist":"Dwight Heintz"
,"Company":"McElhanney Consulting Services Ltd."
,"Phone Number":"604-424-4848"
,"Nature of Lobbying":""
,"Client":"Property Owner"
,"Project No. ":"7916-0228-00"
}
,{
"json_featuretype":"CSV"
,"Registration Date":"2016 05 27"
,"Name of Lobbyist":"Roger Jawanda"
,"Company":"CitiWest Consulting Ltd."
,"Phone Number":"604-591-2213"
,"Nature of Lobbying":"Civil Engineering"
,"Client":"Property Owner"
,"Project No. ":"7916-0232-00"
}
,{
"json_featuretype":"CSV"
,"Registration Date":"2016 06 07"
,"Name of Lobbyist":"Stirling McLeod"
,"Company":"Sarah Gallop Design Inc."
,"Phone Number":"604-952-4448"
,"Nature of Lobbying":"Design Consulting"
,"Client":"Property Owner"
,"Project No. ":"7916-0260-00"
}
,{
"json_featuretype":"CSV"
,"Registration Date":"2016 06 07"
,"Name of Lobbyist":"H. Kahlon"
,"Company":""
,"Phone Number":"778-386-3185"
,"Nature of Lobbying":""
,"Client":"Property Owner"
,"Project No. ":"7916-0282-00"
}
,{
"json_featuretype":"CSV"
,"Registration Date":"2016 06 07"
,"Name of Lobbyist":"Mike Kompter"
,"Company":"Coastland Engineering"
,"Phone Number":"604-572-4328"
,"Nature of Lobbying":"Consultant"
,"Client":"Property Owner"
,"Project No. ":"7916-0265-00"
}
,{
"json_featuretype":"CSV"
,"Registration Date":"2016 06 08"
,"Name of Lobbyist":"Mike Kompter"
,"Company":"Coastland Engineering"
,"Phone Number":"604-572-4328"
,"Nature of Lobbying":"Consultant"
,"Client":"Property Owner"
,"Project No. ":"7916-0287-00"
}
,{
"json_featuretype":"CSV"
,"Registration Date":"2016 06 09"
,"Name of Lobbyist":"Wojciech Grzybowicz"
,"Company":"WG Architecture Inc."
,"Phone Number":"604-331-2378"
,"Nature of Lobbying":"Architectural"
,"Client":"Property Owner"
,"Project No. ":"7916-0221-00"
}
,{
"json_featuretype":"CSV"
,"Registration Date":"2016 06 09"
,"Name of Lobbyist":"Andrea Scott"
,"Company":"Lovick Scott Architecuture "
,"Phone Number":"604-298-3700"
,"Nature of Lobbying":"Architectural"
,"Client":"Wesley Gentle (McDonald's Restaurants of Canada Ltd.)"
,"Project No. ":"7916-0245-00"
}
,{
"json_featuretype":"CSV"
,"Registration Date":"2016 06 09"
,"Name of Lobbyist":"Mike Kompter"
,"Company":"Mike Kompter"
,"Phone Number":"604-572-4328"
,"Nature of Lobbying":"Consultant"
,"Client":"Property Owner"
,"Project No. ":"7916-0233-00"
}
,{
"json_featuretype":"CSV"
,"Registration Date":"2016 06 09"
,"Name of Lobbyist":"Mike Kompter"
,"Company":"Mike Kompter"
,"Phone Number":"604-572-4328"
,"Nature of Lobbying":"Consultant"
,"Client":"Property Owner"
,"Project No. ":"7916-0258-00"
}
,{
"json_featuretype":"CSV"
,"Registration Date":"2016 06 09"
,"Name of Lobbyist":"Tawny Verigin"
,"Company":"Cypress Land Services Inc."
,"Phone Number":"604-620-0877"
,"Nature of Lobbying":"Consultant"
,"Client":"TM Mobile Inc (Telus) "
,"Project No. ":"7916-0285-00"
}
,{
"json_featuretype":"CSV"
,"Registration Date":"2016 06 09"
,"Name of Lobbyist":"Dave Batten"
,"Company":"Krahn Engineering Ltd."
,"Phone Number":"604-853-8831"
,"Nature of Lobbying":"Engineering"
,"Client":"Property Owner"
,"Project No. ":"7916-0266-00"
}
,{
"json_featuretype":"CSV"
,"Registration Date":"2016 06 09"
,"Name of Lobbyist":"S. Cross"
,"Company":""
,"Phone Number":"604-308-8191"
,"Nature of Lobbying":"Consultant"
,"Client":"Property Owner"
,"Project No. ":"7916-0283-00"
}
,{
"json_featuretype":"CSV"
,"Registration Date":"2016 06 09"
,"Name of Lobbyist":"Mark Lesack"
,"Company":"Ankenman Associates Architects"
,"Phone Number":"604-536-1600"
,"Nature of Lobbying":"Architectural"
,"Client":"Forge Investments Inc."
,"Project No. ":"7916-0286-00"
}
,{
"json_featuretype":"CSV"
,"Registration Date":"2016 06 09"
,"Name of Lobbyist":"Ian Abercrombie"
,"Company":"Simon Fraser University"
,"Phone Number":"778-782-9779"
,"Nature of Lobbying":"Research Univeristy"
,"Client":"City of Surrey "
,"Project No. ":"7916-0240-00"
}
,{
"json_featuretype":"CSV"
,"Registration Date":"2016 06 21"
,"Name of Lobbyist":"A. Bahd"
,"Company":""
,"Phone Number":"604-218-3033"
,"Nature of Lobbying":""
,"Client":"Property Owner"
,"Project No. ":"7916-0298-00"
}
,{
"json_featuretype":"CSV"
,"Registration Date":"2016 06 23"
,"Name of Lobbyist":"Mike Kompter"
,"Company":"Mike Kompter"
,"Phone Number":"604-572-4328"
,"Nature of Lobbying":"Consultant"
,"Client":"Property Owner"
,"Project No. ":"7916-0305-00"
}
,{
"json_featuretype":"CSV"
,"Registration Date":"2016 07 07"
,"Name of Lobbyist":"Mike Kompter"
,"Company":"Mike Kompter"
,"Phone Number":"604-572-4328"
,"Nature of Lobbying":"Consultant"
,"Client":"Property Owner"
,"Project No. ":"7916-0312-00"
}
,{
"json_featuretype":"CSV"
,"Registration Date":"2016 07 07"
,"Name of Lobbyist":"Mike Kompter"
,"Company":"Mike Kompter"
,"Phone Number":"604-572-4328"
,"Nature of Lobbying":"Consultant"
,"Client":"Property Owner"
,"Project No. ":"7916-0313-00"
}
,{
"json_featuretype":"CSV"
,"Registration Date":"2016 07 07"
,"Name of Lobbyist":"Roger Jawanda"
,"Company":"CitiWest Consulting Ltd."
,"Phone Number":"604-591-2213"
,"Nature of Lobbying":"Civil Engineering"
,"Client":"Miracon Development - Ranjit Rai"
,"Project No. ":"7916-0309-00"
}
,{
"json_featuretype":"CSV"
,"Registration Date":"2016 07 07"
,"Name of Lobbyist":"Roger Jawanda"
,"Company":"CitiWest Consulting Ltd."
,"Phone Number":"604-591-2213"
,"Nature of Lobbying":"Civil Engineering"
,"Client":"Property Owner"
,"Project No. ":"7916-0311-00"
}
,{
"json_featuretype":"CSV"
,"Registration Date":"2016 07 07"
,"Name of Lobbyist":"A. Scott"
,"Company":""
,"Phone Number":"604-298-3700"
,"Nature of Lobbying":""
,"Client":"Wesley Gentle (McDonald's Restaurants of Canada Ltd.)"
,"Project No. ":"7916-0304-00"
}
,{
"json_featuretype":"CSV"
,"Registration Date":"2016 07 07"
,"Name of Lobbyist":"Ranjeev Gill"
,"Company":"Monolith Design Build"
,"Phone Number":"604-760-2044"
,"Nature of Lobbying":"Home Builder"
,"Client":"1052895 BC Ltd."
,"Project No. ":"7916-0294-00"
}
,{
"json_featuretype":"CSV"
,"Registration Date":"2016 07 07"
,"Name of Lobbyist":"Laura Jones"
,"Company":"Pacific Land Group"
,"Phone Number":"604-501-1624"
,"Nature of Lobbying":""
,"Client":"SCDC"
,"Project No. ":"7916-0289-00"
}
,{
"json_featuretype":"CSV"
,"Registration Date":"2016 07 07"
,"Name of Lobbyist":"Avnash Banwait and Rajeev Mangla"
,"Company":"Mainland Engineering Design Corp."
,"Phone Number":"604-543-8044"
,"Nature of Lobbying":"Land Development, Civil Engineering Consultants"
,"Client":"Property Owner"
,"Project No. ":"7916-0296-00"
}
,{
"json_featuretype":"CSV"
,"Registration Date":"2016 07 07"
,"Name of Lobbyist":"Maciej Dembek"
,"Company":"Architect"
,"Phone Number":"604-597-7100"
,"Nature of Lobbying":"Barnett Dembek Architect Inc."
,"Client":"H.J. Property Investment Inc."
,"Project No. ":"7916-0302-00"
}
,{
"json_featuretype":"CSV"
,"Registration Date":"2016 07 07"
,"Name of Lobbyist":"Dave Batten"
,"Company":"Engineering Firm"
,"Phone Number":"778-808-5420"
,"Nature of Lobbying":"Engineering Firm"
,"Client":"Hiway Refrigeration Ltd."
,"Project No. ":"7916-0320-00"
}
,{
"json_featuretype":"CSV"
,"Registration Date":"2016 07 07"
,"Name of Lobbyist":"J. Kubus"
,"Company":""
,"Phone Number":"604-596-0131"
,"Nature of Lobbying":"Drainage and Plumbing"
,"Client":"SWR Industries Ltd."
,"Project No. ":"7916-0318-00"
}
,{
"json_featuretype":"CSV"
,"Registration Date":"2016 07 08"
,"Name of Lobbyist":"Lori Joyce"
,"Company":"H.Y. Engineering Ltd."
,"Phone Number":"604-583-1616"
,"Nature of Lobbying":"Civil Engineering, Planning and Surveying Consultant"
,"Client":"Superstar Homes Ltd. Kevin Johal"
,"Project No. ":"7916-0315-00"
}
,{
"json_featuretype":"CSV"
,"Registration Date":"2016 07 14"
,"Name of Lobbyist":"Anya Paskovic"
,"Company":"Aplin Martin Consultants Ltd."
,"Phone Number":"604-639-3456"
,"Nature of Lobbying":"Land Development Consulting"
,"Client":"B&B Contracting Ltd."
,"Project No. ":"7916-0332-00"
}
,{
"json_featuretype":"CSV"
,"Registration Date":"2016 07 27"
,"Name of Lobbyist":"Mike Kompter"
,"Company":"Mike Kompter"
,"Phone Number":"604-572-4328"
,"Nature of Lobbying":"Consultant"
,"Client":"Property Owner"
,"Project No. ":"7916-0330-00"
}
,{
"json_featuretype":"CSV"
,"Registration Date":"2016 07 27"
,"Name of Lobbyist":"Mike Kompter"
,"Company":"Mike Kompter"
,"Phone Number":"604-572-4328"
,"Nature of Lobbying":"Consultant"
,"Client":"1079306 BC Ltd. (Dave Khera)"
,"Project No. ":"7916-0331-00"
}
,{
"json_featuretype":"CSV"
,"Registration Date":"2016 07 27"
,"Name of Lobbyist":"Mike Kompter"
,"Company":"Mike Kompter"
,"Phone Number":"604-572-4328"
,"Nature of Lobbying":"Consultant"
,"Client":"Property Owner"
,"Project No. ":"7916-0329-00"
}
,{
"json_featuretype":"CSV"
,"Registration Date":"2016 07 27"
,"Name of Lobbyist":"Mike Kompter"
,"Company":"Mike Kompter"
,"Phone Number":"604-572-4328"
,"Nature of Lobbying":"Consultant"
,"Client":"Property Owner"
,"Project No. ":"7916-0353-00"
}
,{
"json_featuretype":"CSV"
,"Registration Date":"2016 07 27"
,"Name of Lobbyist":"Michael Helle"
,"Company":"Coastland Engineering"
,"Phone Number":"604-532-9700"
,"Nature of Lobbying":"Planning and Civil Engineering"
,"Client":"1070738 BC Ltd."
,"Project No. ":"7916-0354-00"
}
,{
"json_featuretype":"CSV"
,"Registration Date":"2016 07 27"
,"Name of Lobbyist":"Roger Jawanda"
,"Company":"CitiWest Consulting Ltd."
,"Phone Number":"604-591-2213"
,"Nature of Lobbying":"Civil Engineering"
,"Client":"Ghag Lumber - David Ghag"
,"Project No. ":"7916-0326-00"
}
,{
"json_featuretype":"CSV"
,"Registration Date":"2016 07 27"
,"Name of Lobbyist":"Wojciech Grzybowicz"
,"Company":"WG Architecture Inc."
,"Phone Number":"604-331-2378"
,"Nature of Lobbying":"Architecture "
,"Client":"1073289 BC Ltd."
,"Project No. ":"7916-0334-00"
}
,{
"json_featuretype":"CSV"
,"Registration Date":"2016 07 27"
,"Name of Lobbyist":"Jeff Christianson"
,"Company":"IBI/HB Architects "
,"Phone Number":"604-683-8797"
,"Nature of Lobbying":"Architects "
,"Client":"Concord Park Avenue GP Ltd."
,"Project No. ":"7916-0335-00"
}
,{
"json_featuretype":"CSV"
,"Registration Date":"2016 07 27"
,"Name of Lobbyist":"Lori Joyce"
,"Company":"H.Y. Engineering Ltd."
,"Phone Number":"604-583-1616"
,"Nature of Lobbying":"Civil Consulting Firm (Engineering, Planning, Surveying)"
,"Client":"Property Owner"
,"Project No. ":"7916-0308-00"
}
,{
"json_featuretype":"CSV"
,"Registration Date":"2016 07 27"
,"Name of Lobbyist":"Malek Tawashy"
,"Company":"Lark Enterprises Ltd."
,"Phone Number":"604-576-2935"
,"Nature of Lobbying":"Development and Construction "
,"Client":"Property Owner"
,"Project No. ":"7916-0328-00"
}
,{
"json_featuretype":"CSV"
,"Registration Date":"2016 07 27"
,"Name of Lobbyist":"B. Bal"
,"Company":""
,"Phone Number":"604-505-1100"
,"Nature of Lobbying":"Act on Behalf of the Registered Owner"
,"Client":"Property Owner"
,"Project No. ":"7916-0324-00"
}
,{
"json_featuretype":"CSV"
,"Registration Date":"2016 07 27"
,"Name of Lobbyist":"Nalem Tareen"
,"Company":"Group 4 Engineering Inc."
,"Phone Number":"778-323-1954"
,"Nature of Lobbying":"Engineering Design"
,"Client":"Uhaul Canada "
,"Project No. ":"7916-0356-00"
}
,{
"json_featuretype":"CSV"
,"Registration Date":"2016 08 12"
,"Name of Lobbyist":"Wendy Cooper"
,"Company":"McElhanney Consulting Services Ltd."
,"Phone Number":"604-424-4936"
,"Nature of Lobbying":""
,"Client":"Property Owner"
,"Project No. ":"7916-0370-00"
}
,{
"json_featuretype":"CSV"
,"Registration Date":"2016 08 12"
,"Name of Lobbyist":"Wendy Cooper"
,"Company":"McElhanney Consulting Services Ltd."
,"Phone Number":"604-424-4936"
,"Nature of Lobbying":""
,"Client":"Property Owner"
,"Project No. ":"7916-0370-00"
}
,{
"json_featuretype":"CSV"
,"Registration Date":"2016 08 12"
,"Name of Lobbyist":"Jordan Levine"
,"Company":"Collabor 8 Architecture & Design Inc."
,"Phone Number":"604-687-3390"
,"Nature of Lobbying":"Architecture"
,"Client":"Seko Construction"
,"Project No. ":"7916-0366-00"
}
,{
"json_featuretype":"CSV"
,"Registration Date":"2016 08 12"
,"Name of Lobbyist":"Mike Kompter"
,"Company":"Mike Kompter"
,"Phone Number":"604-572-4328"
,"Nature of Lobbying":"Consultant "
,"Client":"Property Owner"
,"Project No. ":"7916-0369-00"
}
,{
"json_featuretype":"CSV"
,"Registration Date":"2016 08 12"
,"Name of Lobbyist":"Ryan Anderson"
,"Company":"OTG Developments "
,"Phone Number":"604-217-7953"
,"Nature of Lobbying":""
,"Client":"Property Owner"
,"Project No. ":"7916-0363-00"
}
,{
"json_featuretype":"CSV"
,"Registration Date":"2016 08 12"
,"Name of Lobbyist":"James Broadhead"
,"Company":"Boxx Modular a division of Black Diamond Group"
,"Phone Number":"604-312-6886"
,"Nature of Lobbying":"Modular Building Leasing and Sales"
,"Client":"Boxx Modular a divison of Black Diamond Group"
,"Project No. ":"7916-0367-00"
}
,{
"json_featuretype":"CSV"
,"Registration Date":"2016 08 12"
,"Name of Lobbyist":"Laura Jones"
,"Company":"Pacific Land Group"
,"Phone Number":"604-501-1624"
,"Nature of Lobbying":"Land Use Consultant "
,"Client":"Stan Scheves - Trojan Holdings"
,"Project No. ":"7916-0362-00"
}
,{
"json_featuretype":"CSV"
,"Registration Date":"2016 08 12"
,"Name of Lobbyist":"Mike Helle"
,"Company":"Coastland Engineering"
,"Phone Number":"604-532-9700"
,"Nature of Lobbying":"Planning and Civil Engineering"
,"Client":"Property Owner"
,"Project No. ":"7916-0339-00"
}
,{
"json_featuretype":"CSV"
,"Registration Date":"2016 08 18"
,"Name of Lobbyist":"Mike Kompter"
,"Company":"Mike Kompter"
,"Phone Number":"604-572-4328"
,"Nature of Lobbying":"Consultant"
,"Client":"Property Owner"
,"Project No. ":"7916-0380-00"
}
,{
"json_featuretype":"CSV"
,"Registration Date":"2016 08 18"
,"Name of Lobbyist":"Teri Hudson"
,"Company":"Teck Construction LLP"
,"Phone Number":"604-534-7917"
,"Nature of Lobbying":"Construction - General Contractor"
,"Client":"Council for EPS3507"
,"Project No. ":"7916-0379-00"
}
,{
"json_featuretype":"CSV"
,"Registration Date":"2016 08 18"
,"Name of Lobbyist":"Maggie Koka"
,"Company":"Aplin Martin Consultants Ltd."
,"Phone Number":"604-639-3458"
,"Nature of Lobbying":"Planning Consulting"
,"Client":"Property Owner"
,"Project No. ":"7916-0376-00"
}
,{
"json_featuretype":"CSV"
,"Registration Date":"2016 08 18"
,"Name of Lobbyist":"Maggie Koka"
,"Company":"Aplin Martin Consultants Ltd."
,"Phone Number":"604-639-3458"
,"Nature of Lobbying":"Planning Consulting"
,"Client":"Property Owner"
,"Project No. ":"7916-0376-00"
}
,{
"json_featuretype":"CSV"
,"Registration Date":"2016 08 18"
,"Name of Lobbyist":"Maggie Koka"
,"Company":"Aplin Martin Consultants Ltd."
,"Phone Number":"604-639-3458"
,"Nature of Lobbying":"Planning Consulting"
,"Client":"Mytopia Inc."
,"Project No. ":"7916-0376-00"
}
,{
"json_featuretype":"CSV"
,"Registration Date":"2016 08 18"
,"Name of Lobbyist":"Maggie Koka"
,"Company":"Aplin Martin Consultants Ltd."
,"Phone Number":"604-639-3458"
,"Nature of Lobbying":"Planning Consulting"
,"Client":"Property Owner"
,"Project No. ":"7916-0376-00"
}
,{
"json_featuretype":"CSV"
,"Registration Date":"2016 08 26"
,"Name of Lobbyist":"P. Sangha"
,"Company":""
,"Phone Number":"604-780-3922"
,"Nature of Lobbying":""
,"Client":"Property Owner"
,"Project No. ":"7916-0383-00"
}
,{
"json_featuretype":"CSV"
,"Registration Date":"2016 08 30"
,"Name of Lobbyist":"Mike Kompter"
,"Company":"Mike Kompter"
,"Phone Number":"604-572-4328"
,"Nature of Lobbying":"Consultant"
,"Client":"Property Owner"
,"Project No. ":"7916-0359-00"
}
,{
"json_featuretype":"CSV"
,"Registration Date":"2016 08 30"
,"Name of Lobbyist":"Colin Shrubb"
,"Company":"DYS Architecture "
,"Phone Number":"604-669-7710"
,"Nature of Lobbying":"Architecture "
,"Client":"Concord Pacific "
,"Project No. ":"7916-0360-00"
}
,{
"json_featuretype":"CSV"
,"Registration Date":"2016 08 30"
,"Name of Lobbyist":"Oleg Verbenkov"
,"Company":"Pacific Land Group"
,"Phone Number":"604-501-1624"
,"Nature of Lobbying":"Land Use Planning Consulting"
,"Client":"1030931 BC Ltd."
,"Project No. ":"7916-0357-00"
}
,{
"json_featuretype":"CSV"
,"Registration Date":"2016 08 30"
,"Name of Lobbyist":"Anya Paskovic "
,"Company":"Aplin Martin Consultants Ltd."
,"Phone Number":"604-639-3456"
,"Nature of Lobbying":"Engineering and Planning "
,"Client":"Property Owner"
,"Project No. ":"7916-0373-00"
}
,{
"json_featuretype":"CSV"
,"Registration Date":"2016 08 30"
,"Name of Lobbyist":"Avnash Banwait"
,"Company":"Mainland Engineering Design Corp."
,"Phone Number":"604-543-8044"
,"Nature of Lobbying":"Land Development and Civil Engineering"
,"Client":"Property Owner"
,"Project No. ":"7916-0365-00"
}
,{
"json_featuretype":"CSV"
,"Registration Date":"2016 08 30"
,"Name of Lobbyist":"James Pernu"
,"Company":"McElhanney Consulting Services Ltd."
,"Phone Number":"604-596-0391"
,"Nature of Lobbying":"Land Development"
,"Client":"Property Owner"
,"Project No. ":"7916-0389-00"
}
,{
"json_featuretype":"CSV"
,"Registration Date":"2016 08 30"
,"Name of Lobbyist":"Roger Jawanda"
,"Company":"CitiWest Consulting Ltd."
,"Phone Number":"604-591-2213"
,"Nature of Lobbying":"Civil Engineering"
,"Client":"Sohan Basi, Boss Urban Development "
,"Project No. ":"7916-0378-00"
}
,{
"json_featuretype":"CSV"
,"Registration Date":"2016 08 30"
,"Name of Lobbyist":"Roger Jawanda"
,"Company":"CitiWest Consulting Ltd."
,"Phone Number":"604-591-2213"
,"Nature of Lobbying":"Civil Engineering"
,"Client":"Gurmail Sidhu, Sidhu Homes and Construction Ltd."
,"Project No. ":"7916-0398-00"
}
,{
"json_featuretype":"CSV"
,"Registration Date":"2016 08 30"
,"Name of Lobbyist":"Nathan Ma"
,"Company":"Beedie Development Group"
,"Phone Number":"604-435-3321"
,"Nature of Lobbying":"Real Estate Development"
,"Client":"Beedie Development Group"
,"Project No. ":"7916-0390-00"
}
,{
"json_featuretype":"CSV"
,"Registration Date":"2016 08 30"
,"Name of Lobbyist":"Nathan Ma"
,"Company":"Beedie Development Group"
,"Phone Number":"604-435-3321"
,"Nature of Lobbying":"Real Estate Development"
,"Client":"Beedie Development Group"
,"Project No. ":"7916-0391-00"
}
,{
"json_featuretype":"CSV"
,"Registration Date":"2016 09 01"
,"Name of Lobbyist":"Mike Kompter"
,"Company":"Mike Kompter"
,"Phone Number":"604-572-4328"
,"Nature of Lobbying":"Consultant"
,"Client":"Property Owner"
,"Project No. ":"7916-0421-00"
}
,{
"json_featuretype":"CSV"
,"Registration Date":"2016 09 01"
,"Name of Lobbyist":"A. Scott"
,"Company":""
,"Phone Number":"604-298-3700"
,"Nature of Lobbying":""
,"Client":"Wesley Gentle (McDonald's Restaurants of Canada Ltd.)"
,"Project No. ":"7916-0417-00"
}
,{
"json_featuretype":"CSV"
,"Registration Date":"2016 09 16"
,"Name of Lobbyist":"Linda McCabe"
,"Company":"Value Industries Ltd."
,"Phone Number":"604-606-7010"
,"Nature of Lobbying":"Property Management "
,"Client":"Newton Community Capital Inc."
,"Project No. ":"7916-0440-00"
}
,{
"json_featuretype":"CSV"
,"Registration Date":"2016 09 16"
,"Name of Lobbyist":"Nicholas Kasidoulis"
,"Company":"Anthem Properties Group"
,"Phone Number":"604-638-4401"
,"Nature of Lobbying":"Property Development"
,"Client":"Anthem KS Surrey Holdings Ltd."
,"Project No. ":"7916-0448-00"
}
,{
"json_featuretype":"CSV"
,"Registration Date":"2016 09 16"
,"Name of Lobbyist":"Irene Horvath"
,"Company":"D.A. Horvath Consultants Inc."
,"Phone Number":"604-538-2496"
,"Nature of Lobbying":"Commercial Interior Design and Consulting"
,"Client":"Property Owner"
,"Project No. ":"7916-0429-00"
}
,{
"json_featuretype":"CSV"
,"Registration Date":"2016 09 23"
,"Name of Lobbyist":"Rodney Lyons"
,"Company":"Architect AIBC"
,"Phone Number":"604-299-1807"
,"Nature of Lobbying":"Architecture"
,"Client":"Super Fast Trucking Ltd."
,"Project No. ":"7916-0487-00"
}
,{
"json_featuretype":"CSV"
,"Registration Date":"2016 09 30"
,"Name of Lobbyist":"D. Dunwoodie"
,"Company":""
,"Phone Number":"604-306-9533"
,"Nature of Lobbying":"Real Estate Development "
,"Client":"Bekins Moving and Storage (Canada) Ltd."
,"Project No. ":"7916-0479-00"
}
,{
"json_featuretype":"CSV"
,"Registration Date":"2016 09 30"
,"Name of Lobbyist":"David Dove"
,"Company":"Architect AIBC"
,"Phone Number":"604-484-1552"
,"Nature of Lobbying":"Architecture"
,"Client":"ICBC "
,"Project No. ":"7916-0480-00"
}
,{
"json_featuretype":"CSV"
,"Registration Date":"2016 10 05"
,"Name of Lobbyist":"Mike Kompter"
,"Company":"Mike Kompter"
,"Phone Number":"604-572-4328"
,"Nature of Lobbying":"Consultant"
,"Client":"Property Owner"
,"Project No. ":"7916-0490-00"
}
,{
"json_featuretype":"CSV"
,"Registration Date":"2016 10 05"
,"Name of Lobbyist":"Mike Kompter"
,"Company":"Mike Kompter"
,"Phone Number":"604-572-4328"
,"Nature of Lobbying":"Consultant"
,"Client":"Property Owner"
,"Project No. ":"7916-0449-00"
}
,{
"json_featuretype":"CSV"
,"Registration Date":"2016 10 05"
,"Name of Lobbyist":"Wojciech Grzybowicz"
,"Company":"WG Architecture Inc."
,"Phone Number":"604-331-2378"
,"Nature of Lobbying":"Architectural "
,"Client":"Ace Point Marketing Inc."
,"Project No. ":"7916-0438-00"
}
,{
"json_featuretype":"CSV"
,"Registration Date":"2016 10 05"
,"Name of Lobbyist":"Wojciech Grzybowicz"
,"Company":"WG Architecture Inc."
,"Phone Number":"604-331-2378"
,"Nature of Lobbying":"Architectural "
,"Client":"Property Owner"
,"Project No. ":"7916-0413-00"
}
,{
"json_featuretype":"CSV"
,"Registration Date":"2016 10 05"
,"Name of Lobbyist":"Mike Helle"
,"Company":"Coastland Engineering"
,"Phone Number":"604-532-9700"
,"Nature of Lobbying":"Planning and Civil Engineering"
,"Client":"Property Owner"
,"Project No. ":"7916-0491-00"
}
,{
"json_featuretype":"CSV"
,"Registration Date":"2016 10 05"
,"Name of Lobbyist":"Mike Helle"
,"Company":"Coastland Engineering"
,"Phone Number":"604-532-9700"
,"Nature of Lobbying":"Planning and Civil Engineering"
,"Client":"Property Owner"
,"Project No. ":"7916-0494-00"
}
,{
"json_featuretype":"CSV"
,"Registration Date":"2016 10 05"
,"Name of Lobbyist":"Mike Helle"
,"Company":"Coastland Engineering"
,"Phone Number":"604-532-9700"
,"Nature of Lobbying":"Planning and Civil Engineering"
,"Client":"Property Owner"
,"Project No. ":"7916-0488-00"
}
,{
"json_featuretype":"CSV"
,"Registration Date":"2016 10 05"
,"Name of Lobbyist":"Mike Helle"
,"Company":"Coastland Engineering"
,"Phone Number":"604-532-9700"
,"Nature of Lobbying":"Planning and Civil Engineering"
,"Client":"TS.K.G. Enterprises Ltd."
,"Project No. ":"7916-0451-00"
}
,{
"json_featuretype":"CSV"
,"Registration Date":"2016 10 05"
,"Name of Lobbyist":"Mike Helle"
,"Company":"Coastland Engineering"
,"Phone Number":"604-532-9700"
,"Nature of Lobbying":"Planning and Civil Engineering"
,"Client":"Property Owner"
,"Project No. ":"7916-0425-00"
}
,{
"json_featuretype":"CSV"
,"Registration Date":"2016 10 05"
,"Name of Lobbyist":"Roger Jawanda"
,"Company":"CitiWest Consulting Ltd."
,"Phone Number":"604-591-2213"
,"Nature of Lobbying":"Civil Engineering"
,"Client":"Viraaj Homes (Harry San)"
,"Project No. ":"7916-0399-00"
}
,{
"json_featuretype":"CSV"
,"Registration Date":"2016 10 05"
,"Name of Lobbyist":"J. Minten"
,"Company":""
,"Phone Number":"604-583-2003"
,"Nature of Lobbying":""
,"Client":"Property Owner"
,"Project No. ":"7916-0397-00"
}
,{
"json_featuretype":"CSV"
,"Registration Date":"2016 10 05"
,"Name of Lobbyist":"J. Chen"
,"Company":""
,"Phone Number":"778-886-8116"
,"Nature of Lobbying":""
,"Client":"Property Owner"
,"Project No. ":"7916-0430-00"
}
,{
"json_featuretype":"CSV"
,"Registration Date":"2016 10 05"
,"Name of Lobbyist":"C. Arychuk and D. Hirabe"
,"Company":""
,"Phone Number":"604-866-0230"
,"Nature of Lobbying":""
,"Client":"Property Owner"
,"Project No. ":"7916-0415-00"
}
,{
"json_featuretype":"CSV"
,"Registration Date":"2016 10 05"
,"Name of Lobbyist":"Brian Gregg"
,"Company":"Wind Mobile Corp."
,"Phone Number":"778-870-1388"
,"Nature of Lobbying":"Wireless Carrier/Telecommunications"
,"Client":"Wind Mobile Corp."
,"Project No. ":"7916-0427-00"
}
,{
"json_featuretype":"CSV"
,"Registration Date":"2016 10 05"
,"Name of Lobbyist":"Andrea Scott"
,"Company":"Lovick Scott Architecuture "
,"Phone Number":"604-298-3700"
,"Nature of Lobbying":"Architecture Firm"
,"Client":"McD's Restuarants - Wesley Gentle"
,"Project No. ":"7916-0446-00"
}
,{
"json_featuretype":"CSV"
,"Registration Date":"2016 10 05"
,"Name of Lobbyist":"Tricia Cunliffe"
,"Company":"Tamlin International Homes Ltd."
,"Phone Number":"604-856-1190"
,"Nature of Lobbying":"Builders/General Contractors"
,"Client":"Property Owner"
,"Project No. ":"7916-0452-00"
}
,{
"json_featuretype":"CSV"
,"Registration Date":"2016 10 05"
,"Name of Lobbyist":"J. Minten"
,"Company":""
,"Phone Number":"604-583-2003"
,"Nature of Lobbying":""
,"Client":"Property Owner"
,"Project No. ":"7916-0397-00"
}
,{
"json_featuretype":"CSV"
,"Registration Date":"2016 10 05"
,"Name of Lobbyist":"Barry Worshall"
,"Company":"EDG Experience Design GVNP Inc."
,"Phone Number":"604-688-9656"
,"Nature of Lobbying":"Design Consultant"
,"Client":"Boackwood PTNRS MGMT Corp, Bill Rempel"
,"Project No. ":"7916-0496-00"
}
,{
"json_featuretype":"CSV"
,"Registration Date":"2016 10 05"
,"Name of Lobbyist":"Trevor Dickson"
,"Company":"Lance Barnett"
,"Phone Number":"604-597-7100"
,"Nature of Lobbying":"Architectural Services"
,"Client":"1058482 BC Ltd., Future 200 Developments Ltd."
,"Project No. ":"7916-0493-00"
}
,{
"json_featuretype":"CSV"
,"Registration Date":"2016 10 05"
,"Name of Lobbyist":"James Pernu"
,"Company":"McElhanney Consulting Services Ltd."
,"Phone Number":"604-424-4889"
,"Nature of Lobbying":"Land Development"
,"Client":"Property Owner"
,"Project No. ":"7916-0485-00"
}
,{
"json_featuretype":"CSV"
,"Registration Date":"2016 10 05"
,"Name of Lobbyist":"Maggie Koka"
,"Company":"Aplin Martin Consultants Ltd."
,"Phone Number":"604-639-3456"
,"Nature of Lobbying":"Engineering Consulting Company"
,"Client":"Property Owner"
,"Project No. ":"7916-0441-00"
}
,{
"json_featuretype":"CSV"
,"Registration Date":"2016 10 05"
,"Name of Lobbyist":"Maggie Koka"
,"Company":"Aplin Martin Consultants Ltd."
,"Phone Number":"604-639-3456"
,"Nature of Lobbying":"Consultants"
,"Client":"Salal Developments Ltd."
,"Project No. ":"7916-0410-00"
}
,{
"json_featuretype":"CSV"
,"Registration Date":"2016 10 05"
,"Name of Lobbyist":"Matthew Alexander"
,"Company":"Lark Enterprises Ltd."
,"Phone Number":"604-576-2935"
,"Nature of Lobbying":"Land Development "
,"Client":"North Harper Lands Development "
,"Project No. ":"7916-0432-00"
}
,{
"json_featuretype":"CSV"
,"Registration Date":"2016 10 05"
,"Name of Lobbyist":"Andrew Igel"
,"Company":"Aplin Martin Consultants Ltd."
,"Phone Number":"604-639-3456"
,"Nature of Lobbying":"Architecture "
,"Client":"Happy Mall Enterprises, Shao Ling Zhang "
,"Project No. ":"7916-0382-00"
}
,{
"json_featuretype":"CSV"
,"Registration Date":"2016 10 06"
,"Name of Lobbyist":"Mike Kompter"
,"Company":"Mike Kompter"
,"Phone Number":"604-572-4328"
,"Nature of Lobbying":"Consultant"
,"Client":"Property Owner"
,"Project No. ":"7916-0481-00"
}
,{
"json_featuretype":"CSV"
,"Registration Date":"2016 10 12"
,"Name of Lobbyist":"Mike Kompter"
,"Company":"Mike Kompter"
,"Phone Number":"604-572-4328"
,"Nature of Lobbying":"Consultant"
,"Client":"Property Owner"
,"Project No. ":"7916-0514-00"
}
,{
"json_featuretype":"CSV"
,"Registration Date":"2016 10 12"
,"Name of Lobbyist":"Maggie Koka"
,"Company":"Aplin Martin Consultants Ltd."
,"Phone Number":"604-639-3456"
,"Nature of Lobbying":"Land Development Consultants"
,"Client":"7 Horses Transport Ltd."
,"Project No. ":"7916-0531-00"
}
,{
"json_featuretype":"CSV"
,"Registration Date":"2016 10 19"
,"Name of Lobbyist":"Colin Hogan"
,"Company":"Focus Architecture Inc."
,"Phone Number":"604-853-5222"
,"Nature of Lobbying":"Architect "
,"Client":"Royal Properties (Grandview) Ltd."
,"Project No. ":"7916-0623-00"
}
,{
"json_featuretype":"CSV"
,"Registration Date":"2016 11 01"
,"Name of Lobbyist":"Avnash Banwait and Rajeev Mangla"
,"Company":"Mainland Engineering Design Corp."
,"Phone Number":"604-543-8044"
,"Nature of Lobbying":"Civil Engineering and Land Development "
,"Client":"Property Owner"
,"Project No. ":"7916-0658-00"
}
,{
"json_featuretype":"CSV"
,"Registration Date":"2016 11 02"
,"Name of Lobbyist":"Mike Kompter"
,"Company":"Mike Kompter"
,"Phone Number":"604-572-4328"
,"Nature of Lobbying":"Consultant"
,"Client":"Property Owner"
,"Project No. ":"7916-0654-00"
}
,{
"json_featuretype":"CSV"
,"Registration Date":"2016 11 02"
,"Name of Lobbyist":"Mike Kompter"
,"Company":"Mike Kompter"
,"Phone Number":"604-572-4328"
,"Nature of Lobbying":"Consultant"
,"Client":"Property Owner"
,"Project No. ":"7916-0638-00"
}
,{
"json_featuretype":"CSV"
,"Registration Date":"2016 11 02"
,"Name of Lobbyist":"Mike Kompter"
,"Company":"Mike Kompter"
,"Phone Number":"604-572-4328"
,"Nature of Lobbying":"Consultant"
,"Client":"Property Owner"
,"Project No. ":"7916-0635-00"
}
,{
"json_featuretype":"CSV"
,"Registration Date":"2016 11 02"
,"Name of Lobbyist":"R. Berezan"
,"Company":""
,"Phone Number":"604-882-0808"
,"Nature of Lobbying":"Real Estate Development "
,"Client":"Forsells Greenhouses Ltd. Inc."
,"Project No. ":"7916-0497-00"
}
,{
"json_featuretype":"CSV"
,"Registration Date":"2016 11 02"
,"Name of Lobbyist":"G. Toth"
,"Company":""
,"Phone Number":"604-803-7820"
,"Nature of Lobbying":"Primary Contact"
,"Client":"Property Owner"
,"Project No. ":"7916-0500-00"
}
,{
"json_featuretype":"CSV"
,"Registration Date":"2016 11 02"
,"Name of Lobbyist":"S. Aujla"
,"Company":""
,"Phone Number":"778-726-0175"
,"Nature of Lobbying":""
,"Client":"Property Owner"
,"Project No. ":"7916-0604-00"
}
,{
"json_featuretype":"CSV"
,"Registration Date":"2016 11 02"
,"Name of Lobbyist":"Maciej Dembek"
,"Company":"Barnett Dembek Architects Inc."
,"Phone Number":"604-597-7100"
,"Nature of Lobbying":"Architectural Consulting"
,"Client":"TM Crest Homes (2007) Ltd."
,"Project No. ":"7916-0640-00"
}
,{
"json_featuretype":"CSV"
,"Registration Date":"2016 11 02"
,"Name of Lobbyist":"Brian McDonnell"
,"Company":"Strathorn Management Inc."
,"Phone Number":"778-878-2845"
,"Nature of Lobbying":"Construction"
,"Client":"Property Owner"
,"Project No. ":"7916-0642-00"
}
,{
"json_featuretype":"CSV"
,"Registration Date":"2016 11 02"
,"Name of Lobbyist":"H. Hehar"
,"Company":""
,"Phone Number":"604-825-3874"
,"Nature of Lobbying":""
,"Client":"Property Owner"
,"Project No. ":"7916-0607-00"
}
,{
"json_featuretype":"CSV"
,"Registration Date":"2016 11 02"
,"Name of Lobbyist":"A. Hansra"
,"Company":""
,"Phone Number":"778-898-2042"
,"Nature of Lobbying":"Home Owner - Rezoning/Subdivision"
,"Client":"Property Owner"
,"Project No. ":"7916-0652-00"
}
,{
"json_featuretype":"CSV"
,"Registration Date":"2016 11 02"
,"Name of Lobbyist":"Gerry Blonski"
,"Company":"Gerry Blonski Architect"
,"Phone Number":"604-572-3608"
,"Nature of Lobbying":""
,"Client":"1052182 BC Ltd."
,"Project No. ":"7916-0653-00"
}
,{
"json_featuretype":"CSV"
,"Registration Date":"2016 11 02"
,"Name of Lobbyist":"Roger Jawanda"
,"Company":"CitiWest Consulting Ltd."
,"Phone Number":"604-591-2213"
,"Nature of Lobbying":"Civil Engineering"
,"Client":"Property Owner"
,"Project No. ":"7916-0656-00"
}
,{
"json_featuretype":"CSV"
,"Registration Date":"2016 11 02"
,"Name of Lobbyist":"Priority Permits Ltd."
,"Company":"Jason Noseworthy"
,"Phone Number":"289-389-8951"
,"Nature of Lobbying":"Sign Permit Approval"
,"Client":"Go Dodge Surrey (Chrysler)"
,"Project No. ":"7916-0659-00"
}
,{
"json_featuretype":"CSV"
,"Registration Date":"2016 11 07"
,"Name of Lobbyist":"Maggie Koka"
,"Company":"Aplin Martin Consultants Ltd."
,"Phone Number":"604-639-3456"
,"Nature of Lobbying":"Land Development Consulting"
,"Client":"1054227 BC Ltd."
,"Project No. ":"7916-0575-00"
}
,{
"json_featuretype":"CSV"
,"Registration Date":"2016 11 30"
,"Name of Lobbyist":"Mike Kompter"
,"Company":"Mike Kompter"
,"Phone Number":"604-572-4328"
,"Nature of Lobbying":"Consultant"
,"Client":"Property Owner"
,"Project No. ":"7916-0682-00"
}
,{
"json_featuretype":"CSV"
,"Registration Date":"2016 11 30"
,"Name of Lobbyist":"Mike Kompter"
,"Company":"Mike Kompter"
,"Phone Number":"604-572-4328"
,"Nature of Lobbying":"Consultant"
,"Client":"Property Owner"
,"Project No. ":"7916-0661-00"
}
,{
"json_featuretype":"CSV"
,"Registration Date":"2016 11 30"
,"Name of Lobbyist":"Mike Kompter"
,"Company":"Mike Kompter"
,"Phone Number":"604-572-4328"
,"Nature of Lobbying":"Consultant"
,"Client":"Property Owner"
,"Project No. ":"7916-0678-00"
}
,{
"json_featuretype":"CSV"
,"Registration Date":"2016 11 30"
,"Name of Lobbyist":"Henk Kampman"
,"Company":"Thinkspace Architecture Planning Inteior Design"
,"Phone Number":"64-581-8128"
,"Nature of Lobbying":"Architecture Planning and Interior Design Services "
,"Client":"City of Surrey "
,"Project No. ":"7916-0665-00"
}
,{
"json_featuretype":"CSV"
,"Registration Date":"2016 11 30"
,"Name of Lobbyist":"Avnash Banwait"
,"Company":"Mainland Engineering Design Corp."
,"Phone Number":"604-543-8044"
,"Nature of Lobbying":"Civil Engineering and Land Development "
,"Client":"Property Owner"
,"Project No. ":"7916-0663-00"
}
,{
"json_featuretype":"CSV"
,"Registration Date":"2016 11 30"
,"Name of Lobbyist":"Tawny Verigin"
,"Company":"Cypress Land Services Inc."
,"Phone Number":"604-620-0877"
,"Nature of Lobbying":"Telecommunications"
,"Client":"Rogers Communications Inc."
,"Project No. ":"7916-0669-00"
}
,{
"json_featuretype":"CSV"
,"Registration Date":"2016 11 30"
,"Name of Lobbyist":"Sheridan Peter MacRae"
,"Company":"Metric Architecture "
,"Phone Number":"604-376-7095"
,"Nature of Lobbying":""
,"Client":"Central City Brewers & Distillers"
,"Project No. ":"7916-0668-00"
}
,{
"json_featuretype":"CSV"
,"Registration Date":"2016 11 30"
,"Name of Lobbyist":"Daniel Maiden"
,"Company":"Rockridge Developments Inc."
,"Phone Number":"604-625-2122"
,"Nature of Lobbying":"Residential Construction"
,"Client":"Property Owner"
,"Project No. ":"7916-0677-00"
}
,{
"json_featuretype":"CSV"
,"Registration Date":"2016 11 30"
,"Name of Lobbyist":"Mandeep Johal"
,"Company":"Dreamstar"
,"Phone Number":"778-881-7255"
,"Nature of Lobbying":"Developer"
,"Client":"Property Owner"
,"Project No. ":"7916-0672-00"
}
,{
"json_featuretype":"CSV"
,"Registration Date":"2016 11 30"
,"Name of Lobbyist":"Royan Barryman"
,"Company":"Able Municipal Engineering Ltd."
,"Phone Number":"604-588-7507"
,"Nature of Lobbying":"Land Development Engineering"
,"Client":"Property Owner"
,"Project No. ":"7916-0670-00"
}
,{
"json_featuretype":"CSV"
,"Registration Date":"2016 11 30"
,"Name of Lobbyist":"James Pao-Chun Weng"
,"Company":"Prism Construction Ltd."
,"Phone Number":"604-526-3731"
,"Nature of Lobbying":"Construction Contractor "
,"Client":"Prism Construction Limited"
,"Project No. ":"7916-0671-00"
}
,{
"json_featuretype":"CSV"
,"Registration Date":"2016 11 30"
,"Name of Lobbyist":"Maciej Dembek"
,"Company":"Barnett Dembek Architects Inc."
,"Phone Number":"604-597-7100"
,"Nature of Lobbying":"Architectural Services"
,"Client":"Windhill Holdings Ltd."
,"Project No. ":"7916-0679-00"
}
,{
"json_featuretype":"CSV"
,"Registration Date":"2016 11 30"
,"Name of Lobbyist":"Brenda Fernie"
,"Company":"Seyem's Quantlen Land Development Ltd."
,"Phone Number":"604-888-5556"
,"Nature of Lobbying":"First Nation Land Development "
,"Client":"Windhill Holdings Ltd."
,"Project No. ":"7916-0679-00"
}
,{
"json_featuretype":"CSV"
,"Registration Date":"2016 11 30"
,"Name of Lobbyist":"Derrick Mitchell"
,"Company":"Seyem's Quantlen Land Development Ltd."
,"Phone Number":"604-888-5556"
,"Nature of Lobbying":"First Nation Land Development "
,"Client":"Windhill Holdings Ltd."
,"Project No. ":"7916-0679-00"
}
,{
"json_featuretype":"CSV"
,"Registration Date":"2016 11 30"
,"Name of Lobbyist":"S. Stew "
,"Company":""
,"Phone Number":"604-837-1772"
,"Nature of Lobbying":""
,"Client":"Hazelmere Golf & Tennis Club"
,"Project No. ":"7916-0645-00"
}
,{
"json_featuretype":"CSV"
,"Registration Date":"2016 11 30"
,"Name of Lobbyist":"Roger Jawanda"
,"Company":"CitiWest Consulting Ltd."
,"Phone Number":"604-591-2213"
,"Nature of Lobbying":"Civil Engineering"
,"Client":"1037448 BC Ltd."
,"Project No. ":"7916-0673-00"
}
,{
"json_featuretype":"CSV"
,"Registration Date":"2016 11 30"
,"Name of Lobbyist":"Anya Paskovic "
,"Company":"Aplin Martin Consultants Ltd."
,"Phone Number":"604-639-3456"
,"Nature of Lobbying":"Land Development Consulting"
,"Client":"GWEB Holdings Ltd."
,"Project No. ":"7916-0681-00"
}
,{
"json_featuretype":"CSV"
,"Registration Date":"2016 11 30"
,"Name of Lobbyist":"Wensley Architecture Ltd."
,"Company":""
,"Phone Number":"604-685-3529"
,"Nature of Lobbying":""
,"Client":"Yorkton Development Ltd."
,"Project No. ":"7916-0641-00"
}
,{
"json_featuretype":"CSV"
,"Registration Date":"2016 11 30"
,"Name of Lobbyist":"Lorne Ward"
,"Company":"St. Mathews Parish"
,"Phone Number":"604-589-2448"
,"Nature of Lobbying":"Charitable Organization "
,"Client":"St. Mathews RC Parish"
,"Project No. ":"7916-0680-00"
}
,{
"json_featuretype":"CSV"
,"Registration Date":"2016 11 30"
,"Name of Lobbyist":"Lori Joyce"
,"Company":"H.Y. Engineering Ltd."
,"Phone Number":"604-583-1616"
,"Nature of Lobbying":"Civil Engineering Firm"
,"Client":"Property Owner"
,"Project No. ":"7911-0317-00"
}
,{
"json_featuretype":"CSV"
,"Registration Date":"2016 11 30"
,"Name of Lobbyist":"Karla Castellanos"
,"Company":"KCC Architecutre & Design Ltd."
,"Phone Number":"604-909-1267"
,"Nature of Lobbying":"Architect"
,"Client":"Bridon Developments Ltd."
,"Project No. ":"7916-0687-00"
}
,{
"json_featuretype":"CSV"
,"Registration Date":"2016 12 13"
,"Name of Lobbyist":"Steve Stew "
,"Company":"SCS Consulting Corporation "
,"Phone Number":"604-837-1772"
,"Nature of Lobbying":"Consulting"
,"Client":"Property Owner"
,"Project No. ":"7916-0441-00"
}
,{
"json_featuretype":"CSV"
,"Registration Date":"2016 12 13"
,"Name of Lobbyist":"Steve Stew "
,"Company":"SCS Consulting Corporation "
,"Phone Number":"604-837-1772"
,"Nature of Lobbying":"Consulting"
,"Client":"Property Owner"
,"Project No. ":"7915-0041-00"
}
]