[
{
"json_featuretype":"CSV"
,"ARTWORK":"Surrey Columbian Centennial Totem Pole"
,"LOCATION":"Old City Hall<br>14245 56 Ave"
,"ARTIST_NAME":"1967"
,"WEBSITE":"https://www.surrey.ca/culture-recreation/21161.aspx"
,"PIC_URL":"https://cosmos.surrey.ca/external/tools/culturalcorridor/images/SurreyTotem.jpg"
,"LATITUDE":49.10518271
,"LONGITUDE":-122.8263357
}
,{
"json_featuretype":"CSV"
,"ARTWORK":"Blankets"
,"LOCATION":"West Village Park & District Energy Plant<br>10357 133 St"
,"ARTIST_NAME":"Erica Stocking (2018)"
,"WEBSITE":"https://www.surrey.ca/culture-recreation/25895.aspx"
,"PIC_URL":"https://cosmos.surrey.ca/external/tools/culturalcorridor/images/Blankets.jpg"
,"LATITUDE":49.19089911
,"LONGITUDE":-122.8546976
}
,{
"json_featuretype":"CSV"
,"ARTWORK":"The Keltic"
,"LOCATION":"Port Kells Centennial Hall<br>18918 88 Ave"
,"ARTIST_NAME":"Bruce Walther (2018)"
,"WEBSITE":"https://www.surrey.ca/culture-recreation/25891.aspx"
,"PIC_URL":"https://cosmos.surrey.ca/external/tools/culturalcorridor/images/TheKeltic.jpg"
,"LATITUDE":49.16229714
,"LONGITUDE":-122.6984686
}
,{
"json_featuretype":"CSV"
,"ARTWORK":"We Are All Connected to This Land"
,"LOCATION":"Bear Creek Bridge<br>8448 King George Blvd"
,"ARTIST_NAME":"Phyllis Atkins (2018)"
,"WEBSITE":"https://www.surrey.ca/culture-recreation/25968.aspx"
,"PIC_URL":"https://cosmos.surrey.ca/external/tools/culturalcorridor/images/WeAreAllConnectedToThisLand.jpg"
,"LATITUDE":49.16080926
,"LONGITUDE":-122.8458064
}
,{
"json_featuretype":"CSV"
,"ARTWORK":"On The Living River"
,"LOCATION":"Fraser Heights Recreation Centre<br>10588 160 St"
,"ARTIST_NAME":"Casto Solano (2018)"
,"WEBSITE":"https://www.surrey.ca/culture-recreation/25889.aspx"
,"PIC_URL":"https://cosmos.surrey.ca/external/tools/culturalcorridor/images/OntheLivingRiver.jpg"
,"LATITUDE":49.19478909
,"LONGITUDE":-122.7776212
}
,{
"json_featuretype":"CSV"
,"ARTWORK":"Paradise Now"
,"LOCATION":"Beside 6th Floor Meeting Room - City Hall<br>13450 104 Ave"
,"ARTIST_NAME":"Scarlet Black (2017)"
,"WEBSITE":"https://www.surrey.ca/culture-recreation/25984.aspx"
,"PIC_URL":"https://cosmos.surrey.ca/external/tools/culturalcorridor/images/ParadiseNow.jpg"
,"LATITUDE":49.19132898
,"LONGITUDE":-122.8495331
}
,{
"json_featuretype":"CSV"
,"ARTWORK":"Thinking Like the River"
,"LOCATION":"1st Floor Meeting Room Windows - City Hall <br>13450 104 Ave"
,"ARTIST_NAME":"Suzanne Northcott (2014)"
,"WEBSITE":"https://www.surrey.ca/culture-recreation/23995.aspx"
,"PIC_URL":"https://cosmos.surrey.ca/external/tools/culturalcorridor/images/ThinkingLiketheRiver.jpg"
,"LATITUDE":49.19135636
,"LONGITUDE":-122.8487797
}
,{
"json_featuretype":"CSV"
,"ARTWORK":"Returning to the River"
,"LOCATION":"12155 Musqueam Drive"
,"ARTIST_NAME":"Drew and Phyllis Atkins (2016)"
,"WEBSITE":"https://www.surrey.ca/culture-recreation/23989.aspx"
,"PIC_URL":"https://cosmos.surrey.ca/external/tools/culturalcorridor/images/LegacyOfVillage.jpg"
,"LATITUDE":49.20776626
,"LONGITUDE":-122.8854448
}
,{
"json_featuretype":"CSV"
,"ARTWORK":"Four Seasons"
,"LOCATION":"Chuck Bailey Recreation Centre<br>13458 107A Ave"
,"ARTIST_NAME":"Brandon Gabriel and Melinda Bige (2016)"
,"WEBSITE":"https://www.surrey.ca/culture-recreation/19369.aspx"
,"PIC_URL":"https://cosmos.surrey.ca/external/tools/culturalcorridor/images/Four_Seasons_Fall&Winter.JPG"
,"LATITUDE":49.19702155
,"LONGITUDE":-122.8492788
}
,{
"json_featuretype":"CSV"
,"ARTWORK":"Nautilus"
,"LOCATION":"Wave Tower<br>13303-103A Ave"
,"ARTIST_NAME":"Doug Taylor (2015)"
,"WEBSITE":"https://www.surrey.ca/culture-recreation/21512.aspx"
,"PIC_URL":"https://cosmos.surrey.ca/external/tools/culturalcorridor/images/nautilus.jpg"
,"LATITUDE":49.19073481
,"LONGITUDE":-122.8535247
}
,{
"json_featuretype":"CSV"
,"ARTWORK":"Supernatural Eye"
,"LOCATION":"Harvard Gardens<br>15168 33 Ave"
,"ARTIST_NAME":"Robert Davidson (2015)"
,"WEBSITE":"https://www.surrey.ca/culture-recreation/21511.aspx"
,"PIC_URL":"https://cosmos.surrey.ca/external/tools/culturalcorridor/images/SupernaturalEye.jpg"
,"LATITUDE":49.06215373
,"LONGITUDE":-122.8022409
}
,{
"json_featuretype":"CSV"
,"ARTWORK":"West Coast Landscape"
,"LOCATION":"City Centre Library<br>10350 University Dr<br>Located on the ground floor beside the elevators."
,"ARTIST_NAME":"Gordon Smith (2011)"
,"WEBSITE":"https://www.surrey.ca/culture-recreation/18146.aspx"
,"PIC_URL":"https://cosmos.surrey.ca/external/tools/culturalcorridor/images/West_Coast_Landscape.jpg"
,"LATITUDE":49.19085395
,"LONGITUDE":-122.8494578
}
,{
"json_featuretype":"CSV"
,"ARTWORK":"Together"
,"LOCATION":"Atrium - City Hall<br>13450 104 Ave"
,"ARTIST_NAME":"Studio Roso (2014)"
,"WEBSITE":"https://www.surrey.ca/culture-recreation/18149.aspx"
,"PIC_URL":"https://cosmos.surrey.ca/external/tools/culturalcorridor/images/Together.jpg"
,"LATITUDE":49.19132284
,"LONGITUDE":-122.8490819
}
,{
"json_featuretype":"CSV"
,"ARTWORK":"Fern FaÃ§ade "
,"LOCATION":"Newton Recreation Centre<br>13730 72 Ave"
,"ARTIST_NAME":"Sean Alward (2017)"
,"WEBSITE":"https://www.surrey.ca/culture-recreation/19189.aspx"
,"PIC_URL":"https://cosmos.surrey.ca/external/tools/culturalcorridor/images/FernFacade.jpg"
,"LATITUDE":49.13295899
,"LONGITUDE":-122.8418805
}
,{
"json_featuretype":"CSV"
,"ARTWORK":"Ribbon of Life"
,"LOCATION":"Surrey Memorial Hospital<br>13750 96 Ave"
,"ARTIST_NAME":"Yvonne Domenge (2013)"
,"WEBSITE":"https://www.surrey.ca/culture-recreation/21513.aspx"
,"PIC_URL":"https://cosmos.surrey.ca/external/tools/culturalcorridor/images/RibbonOfLife.jpg"
,"LATITUDE":49.17612843
,"LONGITUDE":-122.8422569
}
,{
"json_featuretype":"CSV"
,"ARTWORK":"Flight of Doves"
,"LOCATION":"Park Place<br>11-9908 King George Blvd"
,"ARTIST_NAME":"Marie Khouri (2013)"
,"WEBSITE":"https://www.surrey.ca/culture-recreation/21514.aspx"
,"PIC_URL":"https://cosmos.surrey.ca/external/tools/culturalcorridor/images/FlightofDoves.jpg"
,"LATITUDE":49.18329109
,"LONGITUDE":-122.8448773
}
,{
"json_featuretype":"CSV"
,"ARTWORK":"Underfoot yet Overhead (Part II)"
,"LOCATION":"Holland Park - on SkyTrain pillars between King George Boulevard and Old Yale Rd"
,"ARTIST_NAME":"Karen Kazmer (2009)"
,"WEBSITE":"https://www.surrey.ca/culture-recreation/18143.aspx"
,"PIC_URL":"https://cosmos.surrey.ca/external/tools/culturalcorridor/images/Underfoot_Yet_Overhead_PartII.JPG"
,"LATITUDE":49.1832097
,"LONGITUDE":-122.845775
}
,{
"json_featuretype":"CSV"
,"ARTWORK":"Pebble Mosaics"
,"LOCATION":"Holland Park<br>Multiple mosiacs throughout the park"
,"ARTIST_NAME":"Glen Andersen (2008)"
,"WEBSITE":"https://www.surrey.ca/culture-recreation/18059.aspx"
,"PIC_URL":"https://cosmos.surrey.ca/external/tools/culturalcorridor/images/Pebble_Mosaics.jpg"
,"LATITUDE":49.18414109
,"LONGITUDE":-122.8457841
}
,{
"json_featuretype":"CSV"
,"ARTWORK":"Were it Not For You"
,"LOCATION":"Holland Park"
,"ARTIST_NAME":"Glen Andersen (2008)"
,"WEBSITE":"https://www.surrey.ca/culture-recreation/18057.aspx"
,"PIC_URL":"https://cosmos.surrey.ca/external/tools/culturalcorridor/images/WereItNotForYou.jpg"
,"LATITUDE":49.18385537
,"LONGITUDE":-122.8486339
}
,{
"json_featuretype":"CSV"
,"ARTWORK":"Floraforms & Seeds of Change"
,"LOCATION":"Holland Park<br>Multiple installations through the park"
,"ARTIST_NAME":"Bruce Voyce (2008)"
,"WEBSITE":"https://www.surrey.ca/culture-recreation/18060.aspx"
,"PIC_URL":"https://cosmos.surrey.ca/external/tools/culturalcorridor/images/Spring_Floraform_Summer_Floraform_And_Seeds_Of_Change.jpg"
,"LATITUDE":49.184437
,"LONGITUDE":-122.850696
}
,{
"json_featuretype":"CSV"
,"ARTWORK":"Protecting the Future, Serving the Present"
,"LOCATION":"Holland Park - Northwest Entrance"
,"ARTIST_NAME":"ArtForm Sculpture Studio (2009)"
,"WEBSITE":"https://www.surrey.ca/culture-recreation/18133.aspx"
,"PIC_URL":"https://cosmos.surrey.ca/external/tools/culturalcorridor/images/Protecting_The_Future_Serving_The_Present.jpg"
,"LATITUDE":49.18525781
,"LONGITUDE":-122.8513075
}
,{
"json_featuretype":"CSV"
,"ARTWORK":"Marks"
,"LOCATION":"City Centre Library<br>10350 University Dr<br>Located on the 2nd floor."
,"ARTIST_NAME":"Liz Magor (2011)"
,"WEBSITE":"https://www.surrey.ca/culture-recreation/18148.aspx"
,"PIC_URL":"https://cosmos.surrey.ca/external/tools/culturalcorridor/images/Marks.jpg"
,"LATITUDE":49.1903255
,"LONGITUDE":-122.8493959
}
,{
"json_featuretype":"CSV"
,"ARTWORK":"Underfoot yet Overhead (Part I)"
,"LOCATION":"University Dr - on SkyTrain pillars between 105A Ave and 107A Ave"
,"ARTIST_NAME":"Karen Kazmer (2009)"
,"WEBSITE":"https://www.surrey.ca/culture-recreation/18134.aspx"
,"PIC_URL":"https://cosmos.surrey.ca/external/tools/culturalcorridor/images/Underfoot_Yet_Overhead_PartI.jpg"
,"LATITUDE":49.19672759
,"LONGITUDE":-122.8506824
}
,{
"json_featuretype":"CSV"
,"ARTWORK":"UrbanScreen"
,"LOCATION":"Chuck Bailey Recreation Centre<br>13458 107A Ave"
,"ARTIST_NAME":"Various artists as programmed (2010)<div>Visible on West wall at night"
,"WEBSITE":"https://www.surrey.ca/culture-recreation/7315.aspx"
,"PIC_URL":"https://cosmos.surrey.ca/external/tools/culturalcorridor/images/UrbanScreen.jpg"
,"LATITUDE":49.19680757
,"LONGITUDE":-122.8498272
}
,{
"json_featuretype":"CSV"
,"ARTWORK":"Convergence"
,"LOCATION":"Chuck Bailey Recreation Centre<br>13458 107A Ave"
,"ARTIST_NAME":"Connie Glover and Vallalee Hoffman (2004)"
,"WEBSITE":"https://www.surrey.ca/culture-recreation/18056.aspx"
,"PIC_URL":"https://cosmos.surrey.ca/external/tools/culturalcorridor/images/Convergence.jpg"
,"LATITUDE":49.19637363
,"LONGITUDE":-122.8489501
}
,{
"json_featuretype":"CSV"
,"ARTWORK":"A Million Summers"
,"LOCATION":"Surrey Sport & Leisure Complex<br>16555 Fraser Hwy"
,"ARTIST_NAME":"Blake Williams (1999)"
,"WEBSITE":"https://www.surrey.ca/culture-recreation/18206.aspx"
,"PIC_URL":"https://cosmos.surrey.ca/external/tools/culturalcorridor/images/A_Million_Summers.jpg"
,"LATITUDE":49.15262934
,"LONGITUDE":-122.764527
}
,{
"json_featuretype":"CSV"
,"ARTWORK":"All Intertwining"
,"LOCATION":"Waterwise Demonstration Garden<br>14245 56 Ave"
,"ARTIST_NAME":"Blake Williams (2002)"
,"WEBSITE":"https://www.surrey.ca/culture-recreation/18390.aspx"
,"PIC_URL":"https://cosmos.surrey.ca/external/tools/culturalcorridor/images/All_Intertwining.jpg"
,"LATITUDE":49.10497129
,"LONGITUDE":-122.8272569
}
,{
"json_featuretype":"CSV"
,"ARTWORK":"Building Bridges"
,"LOCATION":"Bridgeview Community Hall<br>11475 126A St"
,"ARTIST_NAME":"Vallalee Hoffman, Claire Cilliers & Community (2004)"
,"WEBSITE":"https://www.surrey.ca/culture-recreation/18495.aspx"
,"PIC_URL":"https://cosmos.surrey.ca/external/tools/culturalcorridor/images/Building_Bridges.jpg"
,"LATITUDE":49.21128748
,"LONGITUDE":-122.8713506
}
,{
"json_featuretype":"CSV"
,"ARTWORK":"Call of the Siren"
,"LOCATION":"Fire Hall #10<br>7278 132 St"
,"ARTIST_NAME":"Luke Blackstone (2007)"
,"WEBSITE":"https://www.surrey.ca/culture-recreation/18395.aspx"
,"PIC_URL":"https://cosmos.surrey.ca/external/tools/culturalcorridor/images/Call_Of_The_Siren.jpg"
,"LATITUDE":49.13521193
,"LONGITUDE":-122.8564166
}
,{
"json_featuretype":"CSV"
,"ARTWORK":"Circulation"
,"LOCATION":"Grandview Heights Aquatic Centre<br>24 Ave & 168 St"
,"ARTIST_NAME":"Jean-Francois Cooke and Pierre Sasseville (2015)"
,"WEBSITE":"https://www.surrey.ca/culture-recreation/18458.aspx"
,"PIC_URL":"https://cosmos.surrey.ca/external/tools/culturalcorridor/images/Circulation.jpg"
,"LATITUDE":49.04569
,"LONGITUDE":-122.75705
}
,{
"json_featuretype":"CSV"
,"ARTWORK":"Connections"
,"LOCATION":"Pioneer Pedestrian Overpass<br>35 Ave & Hwy 99"
,"ARTIST_NAME":"Doug Welch for EOS Lightmedia (2011)"
,"WEBSITE":"https://www.surrey.ca/culture-recreation/18456.aspx"
,"PIC_URL":"https://cosmos.surrey.ca/external/tools/culturalcorridor/images/Connections.jpg"
,"LATITUDE":49.06563841
,"LONGITUDE":-122.8110375
}
,{
"json_featuretype":"CSV"
,"ARTWORK":"Continuum: From Seed to Shelter"
,"LOCATION":"Green Timbers Greenway<br>14698 96 Ave"
,"ARTIST_NAME":"Eric Robertson (2009)"
,"WEBSITE":"https://www.surrey.ca/culture-recreation/18499.aspx"
,"PIC_URL":"https://cosmos.surrey.ca/external/tools/culturalcorridor/images/Continuum_From_Seed_To_Shelter.jpg"
,"LATITUDE":49.17539019
,"LONGITUDE":-122.8247482
}
,{
"json_featuretype":"CSV"
,"ARTWORK":"Dancing Tower"
,"LOCATION":"Newton Cultural Centre<br>13530 72 Ave"
,"ARTIST_NAME":"art.site (Claudia Cuesta and Bill Baker) (2010)"
,"WEBSITE":"https://www.surrey.ca/culture-recreation/18412.aspx"
,"PIC_URL":"https://cosmos.surrey.ca/external/tools/culturalcorridor/images/Dancing_Tower.jpg"
,"LATITUDE":49.13340892
,"LONGITUDE":-122.8470696
}
,{
"json_featuretype":"CSV"
,"ARTWORK":"Sign of Signs"
,"LOCATION":"Surrey Operations Centre<br>6651 148 St"
,"ARTIST_NAME":"Alan Storey (2017)"
,"WEBSITE":"https://www.surrey.ca/culture-recreation/19907.aspx "
,"PIC_URL":"https://cosmos.surrey.ca/external/tools/culturalcorridor/images/SignofSigns.jpg"
,"LATITUDE":49.12333891
,"LONGITUDE":-122.8125829
}
,{
"json_featuretype":"CSV"
,"ARTWORK":"Eagle Calling"
,"LOCATION":"Frank Hurt Park<br>13828 77 Ave"
,"ARTIST_NAME":"Robert Davidson (2014)"
,"WEBSITE":"https://www.surrey.ca/culture-recreation/18413.aspx"
,"PIC_URL":"https://cosmos.surrey.ca/external/tools/culturalcorridor/images/Eagle_Calling.jpg"
,"LATITUDE":49.1406
,"LONGITUDE":-122.84027
}
,{
"json_featuretype":"CSV"
,"ARTWORK":"Falling into Formation"
,"LOCATION":"Surrey RCMP HQ <br>14355 57 Ave"
,"ARTIST_NAME":"Jill Anholt (2010)"
,"WEBSITE":"https://www.surrey.ca/culture-recreation/18407.aspx"
,"PIC_URL":"https://cosmos.surrey.ca/external/tools/culturalcorridor/images/Falling_Into_Formation.jpg"
,"LATITUDE":49.10748244
,"LONGITUDE":-122.8238894
}
,{
"json_featuretype":"CSV"
,"ARTWORK":"Fleetwood Mosaics and Ceramic Mural"
,"LOCATION":"Fleetwood Community Centre & Library<br>15996 84 Ave"
,"ARTIST_NAME":"C.Pommier, J.Cameron, Fleetwd Com.,  D.Lloyd and F.V.Potters G. (2002)"
,"WEBSITE":"https://www.surrey.ca/culture-recreation/18211.aspx"
,"PIC_URL":"https://cosmos.surrey.ca/external/tools/culturalcorridor/images/Fleetwood_Mosaics_&_Ceramic_Mural.jpg"
,"LATITUDE":49.15533929
,"LONGITUDE":-122.7811904
}
,{
"json_featuretype":"CSV"
,"ARTWORK":"Flow and Variations of Flow"
,"LOCATION":"Cloverdale Recreation Centre<br>6188 176 St"
,"ARTIST_NAME":"Robert Studer (2011)"
,"WEBSITE":"https://www.surrey.ca/culture-recreation/18158.aspx"
,"PIC_URL":"https://cosmos.surrey.ca/external/tools/culturalcorridor/images/Flow_And_Variations_Of_Flow.JPG"
,"LATITUDE":49.1151912
,"LONGITUDE":-122.7341393
}
,{
"json_featuretype":"CSV"
,"ARTWORK":"Four Elements"
,"LOCATION":"Fire Hall #2<br>13079 104 Ave"
,"ARTIST_NAME":"Kip Jones and Jennifer Macklem (1999)"
,"WEBSITE":"https://www.surrey.ca/culture-recreation/18488.aspx"
,"PIC_URL":"https://cosmos.surrey.ca/external/tools/culturalcorridor/images/Four_Elements.jpg"
,"LATITUDE":49.19196214
,"LONGITUDE":-122.860391
}
,{
"json_featuretype":"CSV"
,"ARTWORK":"Frogs"
,"LOCATION":"South Surrey Recreation & Arts Centre<br>14601 20 Ave"
,"ARTIST_NAME":"Susan Point (2005)"
,"WEBSITE":"https://www.surrey.ca/culture-recreation/18450.aspx"
,"PIC_URL":"https://cosmos.surrey.ca/external/tools/culturalcorridor/images/Frogs.JPG"
,"LATITUDE":49.03989457
,"LONGITUDE":-122.8184846
}
,{
"json_featuretype":"CSV"
,"ARTWORK":"From Frozen Ponds"
,"LOCATION":"Surrey Sport & Leisure Complex<br>16555 Fraser Hwy"
,"ARTIST_NAME":"Blake Williams (1999)"
,"WEBSITE":"https://www.surrey.ca/culture-recreation/18208.aspx"
,"PIC_URL":"https://cosmos.surrey.ca/external/tools/culturalcorridor/images/From_Frozen_Ponds.jpg"
,"LATITUDE":49.15321999
,"LONGITUDE":-122.7645233
}
,{
"json_featuretype":"CSV"
,"ARTWORK":"Gnomon"
,"LOCATION":"Fleetwood Gardens<br>15802 80 Ave"
,"ARTIST_NAME":"i.e. Creative Artworks (2013)"
,"WEBSITE":"https://www.surrey.ca/culture-recreation/18252.aspx"
,"PIC_URL":"https://cosmos.surrey.ca/external/tools/culturalcorridor/images/Gnomon.jpg"
,"LATITUDE":49.14807967
,"LONGITUDE":-122.7831528
}
,{
"json_featuretype":"CSV"
,"ARTWORK":"Histoire dâ€™O"
,"LOCATION":"City Centre 1<br>13737 96 Ave"
,"ARTIST_NAME":"Marie Khouri (2014)"
,"WEBSITE":"http://www.surrey.ca/culture-recreation/26100.aspx "
,"PIC_URL":"https://cosmos.surrey.ca/external/tools/culturalcorridor/images/Histoired.jpg"
,"LATITUDE":49.17720138
,"LONGITUDE":-122.8424456
}
,{
"json_featuretype":"CSV"
,"ARTWORK":"Hangin' Out: Biocenesis"
,"LOCATION":"Fraser Heights Recreation Centre<br>10588 160 St"
,"ARTIST_NAME":"Cheryl Hamilton and Mike Vandermeer (2005)"
,"WEBSITE":"https://www.surrey.ca/culture-recreation/18368.aspx"
,"PIC_URL":"https://cosmos.surrey.ca/external/tools/culturalcorridor/images/Hangin_Out_Biocenesis.jpg"
,"LATITUDE":49.19507974
,"LONGITUDE":-122.7772194
}
,{
"json_featuretype":"CSV"
,"ARTWORK":"Jungle Project"
,"LOCATION":"Guildford Library<br>15105 105 Ave"
,"ARTIST_NAME":"Duncan Weller (2001)"
,"WEBSITE":"https://www.surrey.ca/culture-recreation/18367.aspx"
,"PIC_URL":"https://cosmos.surrey.ca/external/tools/culturalcorridor/images/Jungle_Project.jpg"
,"LATITUDE":49.19353926
,"LONGITUDE":-122.8033524
}
,{
"json_featuretype":"CSV"
,"ARTWORK":"Kneeling in Remembrance"
,"LOCATION":"Heritage Square<br>17671 56 Ave"
,"ARTIST_NAME":"AndrÃ© Gauthier (2006)"
,"WEBSITE":"https://www.surrey.ca/culture-recreation/18157.aspx"
,"PIC_URL":"https://cosmos.surrey.ca/external/tools/culturalcorridor/images/Kneeling_In_Remembrance.jpg"
,"LATITUDE":49.10449885
,"LONGITUDE":-122.7328535
}
,{
"json_featuretype":"CSV"
,"ARTWORK":"Kwomais: A Place of Vision"
,"LOCATION":"Kwomais Point Park<br>128 St & 16 Ave"
,"ARTIST_NAME":"Connie Glover and Deborah Putman (2012)"
,"WEBSITE":"https://www.surrey.ca/culture-recreation/18421.aspx"
,"PIC_URL":"https://cosmos.surrey.ca/external/tools/culturalcorridor/images/Kwomais_A_Place_Of_Vision.jpg"
,"LATITUDE":49.02682647
,"LONGITUDE":-122.8685165
}
,{
"json_featuretype":"CSV"
,"ARTWORK":"Lance Corporal Arthur Thomas Fleetwood"
,"LOCATION":"Fleetwood Community Centre Plaza<br>84 Ave & 160 St"
,"ARTIST_NAME":"Nathan Scott (2008)"
,"WEBSITE":"https://www.surrey.ca/culture-recreation/18253.aspx"
,"PIC_URL":"https://cosmos.surrey.ca/external/tools/culturalcorridor/images/Lance_Corporal_Arthur_Thomas_Fleetwood.jpg"
,"LATITUDE":49.15515338
,"LONGITUDE":-122.7792507
}
,{
"json_featuretype":"CSV"
,"ARTWORK":"Lightmodal"
,"LOCATION":"Peterson Hill<br>King George Blvd & 132 St"
,"ARTIST_NAME":"Organnelle Design & Urban Visuals (2012)"
,"WEBSITE":"https://www.surrey.ca/culture-recreation/18145.aspx"
,"PIC_URL":"https://cosmos.surrey.ca/external/tools/culturalcorridor/images/Lightmodal.jpg"
,"LATITUDE":49.20616066
,"LONGITUDE":-122.856609
}
,{
"json_featuretype":"CSV"
,"ARTWORK":"Lingua Aqua"
,"LOCATION":"Bear Creek Park Gardens<br>13750 88 Ave"
,"ARTIST_NAME":"Melanie Cassidy, Michael Filimowicz, Brady Marks, and Philippe Pasquier (2009)"
,"WEBSITE":"https://www.surrey.ca/culture-recreation/18500.aspx"
,"PIC_URL":"https://cosmos.surrey.ca/external/tools/culturalcorridor/images/Lingua_Aqua.JPG"
,"LATITUDE":49.15988705
,"LONGITUDE":-122.8376209
}
,{
"json_featuretype":"CSV"
,"ARTWORK":"Mandala After a Prayer Wheel"
,"LOCATION":"Surrey Arts Centre<br>13750 88 Ave"
,"ARTIST_NAME":"Maurice Van der Beke (1974)"
,"WEBSITE":"https://www.surrey.ca/culture-recreation/18459.aspx"
,"PIC_URL":"https://cosmos.surrey.ca/external/tools/culturalcorridor/images/Mandala_After_A_Prayer_Wheel.jpg"
,"LATITUDE":49.16236208
,"LONGITUDE":-122.8420971
}
,{
"json_featuretype":"CSV"
,"ARTWORK":"Memory Stones "
,"LOCATION":"Crescent Beach<br>12160 Beecher St & Surrounding Community"
,"ARTIST_NAME":"Tina Farmilo (2002)"
,"WEBSITE":"https://www.surrey.ca/culture-recreation/18419.aspx"
,"PIC_URL":"https://cosmos.surrey.ca/external/tools/culturalcorridor/images/Memory_Stones.jpg"
,"LATITUDE":49.0521463
,"LONGITUDE":-122.8850463
}
,{
"json_featuretype":"CSV"
,"ARTWORK":"Moments in Time "
,"LOCATION":"Cloverdale Town Centre<br>176 St Between 56 Ave & 58 Ave"
,"ARTIST_NAME":"Paul Slipper (2009)"
,"WEBSITE":"https://www.surrey.ca/culture-recreation/18156.aspx"
,"PIC_URL":"https://cosmos.surrey.ca/external/tools/culturalcorridor/images/Moments_In_Time.jpg"
,"LATITUDE":49.10679575
,"LONGITUDE":-122.7350397
}
,{
"json_featuretype":"CSV"
,"ARTWORK":"Mother Tongue/First Language Learned"
,"LOCATION":"Guildford RCMP District Office<br>10395 148 St"
,"ARTIST_NAME":"Elizabeth Roy (2004)"
,"WEBSITE":"https://www.surrey.ca/culture-recreation/18445.aspx"
,"PIC_URL":"https://cosmos.surrey.ca/external/tools/culturalcorridor/images/Mother_Tongue_First_Language_Learned.jpg"
,"LATITUDE":49.19131619
,"LONGITUDE":-122.8127171
}
,{
"json_featuretype":"CSV"
,"ARTWORK":"Mule Deer"
,"LOCATION":"Darts Hill Garden Park<br>1633 170 St"
,"ARTIST_NAME":"Steve Tyree (2000)"
,"WEBSITE":"https://www.surrey.ca/culture-recreation/18452.aspx"
,"PIC_URL":"https://cosmos.surrey.ca/external/tools/culturalcorridor/images/Mule_Deer.jpg"
,"LATITUDE":49.03190562
,"LONGITUDE":-122.7554282
}
,{
"json_featuretype":"CSV"
,"ARTWORK":"Multiples of Three"
,"LOCATION":"Meagan Ann MacDougall Park<br>15385 90 Ave"
,"ARTIST_NAME":"Alberto Replanski (2002)"
,"WEBSITE":"https://www.surrey.ca/culture-recreation/18209.aspx"
,"PIC_URL":"https://cosmos.surrey.ca/external/tools/culturalcorridor/images/Multiples_Of_Three.jpg"
,"LATITUDE":49.16700156
,"LONGITUDE":-122.7964506
}
,{
"json_featuretype":"CSV"
,"ARTWORK":"Nature, Wisdom, and Knowledge"
,"LOCATION":"Old City Hall<br>14245 56 Ave"
,"ARTIST_NAME":"Valeri Sokolovski (2005)"
,"WEBSITE":"https://www.surrey.ca/culture-recreation/18391.aspx"
,"PIC_URL":"https://cosmos.surrey.ca/external/tools/culturalcorridor/images/Nature_Wisdom_And_Knowledge.jpg"
,"LATITUDE":49.10579883
,"LONGITUDE":-122.8279673
}
,{
"json_featuretype":"CSV"
,"ARTWORK":"Newton Community Centre Mosaics"
,"LOCATION":"Newton Recreation Centre<br>13730 72 Ave"
,"ARTIST_NAME":"Connie Glover and Vallalee Hoffman (2006)"
,"WEBSITE":"https://www.surrey.ca/culture-recreation/18389.aspx"
,"PIC_URL":"https://cosmos.surrey.ca/external/tools/culturalcorridor/images/Newton_Community_Centre_Mosaics.jpg"
,"LATITUDE":49.13296108
,"LONGITUDE":-122.8421373
}
,{
"json_featuretype":"CSV"
,"ARTWORK":"On the Wind"
,"LOCATION":"Surrey Arts Centre<br>13750 88 Ave"
,"ARTIST_NAME":"Blake Williams (2006)"
,"WEBSITE":"https://www.surrey.ca/culture-recreation/18486.aspx"
,"PIC_URL":"https://cosmos.surrey.ca/external/tools/culturalcorridor/images/On_The_Wind.jpg"
,"LATITUDE":49.16218905
,"LONGITUDE":-122.8426546
}
,{
"json_featuretype":"CSV"
,"ARTWORK":"Out of Thin Air"
,"LOCATION":"Surrey Arts Centre<br>13750 88 Ave"
,"ARTIST_NAME":"Alan Storey (2004)"
,"WEBSITE":"https://www.surrey.ca/culture-recreation/18489.aspx"
,"PIC_URL":"https://cosmos.surrey.ca/external/tools/culturalcorridor/images/Out_Of_Thin_Air.jpg"
,"LATITUDE":49.16230266
,"LONGITUDE":-122.8422047
}
,{
"json_featuretype":"CSV"
,"ARTWORK":"Poetry Rock"
,"LOCATION":"Bear Creek Park Gardens<br>13750 88 Ave"
,"ARTIST_NAME":"Rev. Dr. Byung Sub Van (2009)"
,"WEBSITE":"https://www.surrey.ca/culture-recreation/18497.aspx"
,"PIC_URL":"https://cosmos.surrey.ca/external/tools/culturalcorridor/images/Poetry_Rock.JPG"
,"LATITUDE":49.15865283
,"LONGITUDE":-122.8383175
}
,{
"json_featuretype":"CSV"
,"ARTWORK":"Redwood Forest Mysteries"
,"LOCATION":"Redwood Park<br>17900 20 Ave"
,"ARTIST_NAME":"Derek Rowe (2002)"
,"WEBSITE":"https://www.surrey.ca/culture-recreation/18420.aspx"
,"PIC_URL":"https://cosmos.surrey.ca/external/tools/culturalcorridor/images/Redwood_Forest_Mysteries.jpg"
,"LATITUDE":49.03587176
,"LONGITUDE":-122.7263855
}
,{
"json_featuretype":"CSV"
,"ARTWORK":"Ribbon"
,"LOCATION":"South Surrey Recreation & Arts Centre<br>14601 20 Ave"
,"ARTIST_NAME":"Ruth Beer and Charlotte Wall (2014)"
,"WEBSITE":"https://www.surrey.ca/culture-recreation/18457.aspx"
,"PIC_URL":"https://cosmos.surrey.ca/external/tools/culturalcorridor/images/Ribbon.JPG"
,"LATITUDE":49.04001546
,"LONGITUDE":-122.8180782
}
,{
"json_featuretype":"CSV"
,"ARTWORK":"Seasons in the Park"
,"LOCATION":"Tynehead Pedestrian Overpass<br>168 St & Hwy 1"
,"ARTIST_NAME":"John Webber and Epic Productions (2011)"
,"WEBSITE":"https://www.surrey.ca/culture-recreation/18369.aspx"
,"PIC_URL":"https://cosmos.surrey.ca/external/tools/culturalcorridor/images/Seasons_In_The_Park.jpg"
,"LATITUDE":49.18707258
,"LONGITUDE":-122.7572237
}
,{
"json_featuretype":"CSV"
,"ARTWORK":"Semiahmoo Trail Mosaics"
,"LOCATION":"Semiahmoo Shopping Centre - 16 Ave at Semiahmoo Mall Sidewalk<br>1701 152 St"
,"ARTIST_NAME":"Glen Andersen (2011)"
,"WEBSITE":"https://www.surrey.ca/culture-recreation/18454.aspx"
,"PIC_URL":"https://cosmos.surrey.ca/external/tools/culturalcorridor/images/Semiahmoo_Trail_Mosaics.jpg"
,"LATITUDE":49.03128664
,"LONGITUDE":-122.8034319
}
,{
"json_featuretype":"CSV"
,"ARTWORK":"Splash"
,"LOCATION":"Guildford Aquatic Centre<br>15105 105 Ave"
,"ARTIST_NAME":"Michael Krondl (2014)"
,"WEBSITE":"https://www.surrey.ca/culture-recreation/18385.aspx"
,"PIC_URL":"https://cosmos.surrey.ca/external/tools/culturalcorridor/images/Splash.jpg"
,"LATITUDE":49.19366152
,"LONGITUDE":-122.8027132
}
,{
"json_featuretype":"CSV"
,"ARTWORK":"Still Point/From the Centre Outwards"
,"LOCATION":"Semiahmoo Library & RCMP District 4 Bldg<br>1815 152 St"
,"ARTIST_NAME":"Jacqueline Metz and Nancy Chew (2004)"
,"WEBSITE":"https://www.surrey.ca/culture-recreation/18422.aspx"
,"PIC_URL":"https://cosmos.surrey.ca/external/tools/culturalcorridor/images/Still_Point_From_The_Centre_Outwards.jpg"
,"LATITUDE":49.03512332
,"LONGITUDE":-122.801615
}
,{
"json_featuretype":"CSV"
,"ARTWORK":"Talking Poles"
,"LOCATION":"Serpentine Greenway<br>12520 68 Ave"
,"ARTIST_NAME":"Lorna Boschman, Victoria Moulder, and T'Uy'Tanat-Cease Wyss (2009)"
,"WEBSITE":"https://www.surrey.ca/culture-recreation/7373.aspx"
,"PIC_URL":"https://cosmos.surrey.ca/external/tools/culturalcorridor/images/Talking_Poles.JPG"
,"LATITUDE":49.12494204
,"LONGITUDE":-122.8759091
}
,{
"json_featuretype":"CSV"
,"ARTWORK":"Teamwork"
,"LOCATION":"Fire Hall #14<br>2016 176 St"
,"ARTIST_NAME":"Derek Rowe (2011)"
,"WEBSITE":"https://www.surrey.ca/culture-recreation/18453.aspx"
,"PIC_URL":"https://cosmos.surrey.ca/external/tools/culturalcorridor/images/Teamwork.jpg"
,"LATITUDE":49.03869764
,"LONGITUDE":-122.7349411
}
,{
"json_featuretype":"CSV"
,"ARTWORK":"Terra Incognita"
,"LOCATION":"Ocean Park Library<br>12854 17 Ave"
,"ARTIST_NAME":"Gwen Curry (2001)"
,"WEBSITE":"https://www.surrey.ca/culture-recreation/18418.aspx"
,"PIC_URL":"https://cosmos.surrey.ca/external/tools/culturalcorridor/images/Terra_Incognita.jpg"
,"LATITUDE":49.03255112
,"LONGITUDE":-122.8660671
}
,{
"json_featuretype":"CSV"
,"ARTWORK":"The Meeting of Mind & Body"
,"LOCATION":"Guildford Recreation Centre<br>15105 105 Ave"
,"ARTIST_NAME":"Nancy Chew and Jacqueline Metz (2001)"
,"WEBSITE":"https://www.surrey.ca/culture-recreation/18259.aspx"
,"PIC_URL":"https://cosmos.surrey.ca/external/tools/culturalcorridor/images/Meeting_Of_Mind_And_Body.JPG"
,"LATITUDE":49.19366626
,"LONGITUDE":-122.8024456
}
,{
"json_featuretype":"CSV"
,"ARTWORK":"Tree of Knowledge"
,"LOCATION":"Semiahmoo Library<br>1815 152 St"
,"ARTIST_NAME":"Jacqueline Metz and Nancy Chew (2004)"
,"WEBSITE":"https://www.surrey.ca/culture-recreation/18424.aspx"
,"PIC_URL":"https://cosmos.surrey.ca/external/tools/culturalcorridor/images/Tree_Of_Knowledge.JPG"
,"LATITUDE":49.03496796
,"LONGITUDE":-122.8014426
}
,{
"json_featuretype":"CSV"
,"ARTWORK":"Under the Double Eagle and Elder Moon"
,"LOCATION":"South Surrey Recreation & Arts Centre<br>14601 20 Ave"
,"ARTIST_NAME":"Leslie Wells and Leonard Wells (2009)"
,"WEBSITE":"https://www.surrey.ca/culture-recreation/18451.aspx"
,"PIC_URL":"https://cosmos.surrey.ca/external/tools/culturalcorridor/images/Under_The_Double_Eagle_And_Elder_Moon.jpg"
,"LATITUDE":49.03844888
,"LONGITUDE":-122.8178052
}
,{
"json_featuretype":"CSV"
,"ARTWORK":"Winged Lion Woman"
,"LOCATION":"Bear Creek Park Gardens<br>13750 88 Ave"
,"ARTIST_NAME":"Joan Adams (1994)"
,"WEBSITE":"https://www.surrey.ca/culture-recreation/18487.aspx"
,"PIC_URL":"https://cosmos.surrey.ca/external/tools/culturalcorridor/images/Winged_Lion_Woman.jpg"
,"LATITUDE":49.15956594
,"LONGITUDE":-122.8380198
}
,{
"json_featuretype":"CSV"
,"ARTWORK":"Water Guardians"
,"LOCATION":"Hazelgrove Park<br>7080 190 St"
,"ARTIST_NAME":"Susan Point (2016)"
,"WEBSITE":"https://www.surrey.ca/culture-recreation/19196.aspx"
,"PIC_URL":"https://cosmos.surrey.ca/external/tools/culturalcorridor/images/WaterGuardians.jpg"
,"LATITUDE":49.13220915
,"LONGITUDE":-122.695658
}
,{
"json_featuretype":"CSV"
,"ARTWORK":"Golden Ears Way Eagle"
,"LOCATION":"Golden Ears Way, East of Highway 15  "
,"ARTIST_NAME":"Bernie Jestrabek-Hart (2009)"
,"WEBSITE":"https://www.surrey.ca/culture-recreation/24909.aspx"
,"PIC_URL":"https://cosmos.surrey.ca/external/tools/culturalcorridor/images/GoldenEarsWayEagle.jpg"
,"LATITUDE":49.17555004
,"LONGITUDE":-122.7319721
}
,{
"json_featuretype":"CSV"
,"ARTWORK":"The New Recruit"
,"LOCATION":"Port Kells Community Centre<br>18918 88 Ave"
,"ARTIST_NAME":"Derek Rowe (2013)"
,"WEBSITE":"https://www.surrey.ca/culture-recreation/20834.aspx"
,"PIC_URL":"https://cosmos.surrey.ca/external/tools/culturalcorridor/images/NewRecruit.jpg"
,"LATITUDE":49.1621563
,"LONGITUDE":-122.6984451
}
,{
"json_featuretype":"CSV"
,"ARTWORK":"Chrysalis"
,"LOCATION":"6th Floor City Manager's Office - City Hall<br>13450 104 Ave"
,"ARTIST_NAME":"Thomas Nelles (2016)"
,"WEBSITE":"https://www.surrey.ca/culture-recreation/22535.aspx"
,"PIC_URL":"https://cosmos.surrey.ca/external/tools/culturalcorridor/images/Chrysalis.jpg"
,"LATITUDE":49.19144714
,"LONGITUDE":-122.8486913
}
,{
"json_featuretype":"CSV"
,"ARTWORK":"A Busy Street"
,"LOCATION":"3rd Floor Reception - City Hall<br>13450 104 Ave"
,"ARTIST_NAME":"Nicoletta Baumeister (2015)"
,"WEBSITE":"https://www.surrey.ca/culture-recreation/19273.aspx"
,"PIC_URL":"https://cosmos.surrey.ca/external/tools/culturalcorridor/images/ABusyStreet.jpg"
,"LATITUDE":49.19135996
,"LONGITUDE":-122.8489536
}
,{
"json_featuretype":"CSV"
,"ARTWORK":"Blackie Spit through the Seasons"
,"LOCATION":"5th Floor Reception - City Hall<br>13450 104 Ave"
,"ARTIST_NAME":"Carol How (2015)"
,"WEBSITE":"https://www.surrey.ca/culture-recreation/19279.aspx"
,"PIC_URL":"https://cosmos.surrey.ca/external/tools/culturalcorridor/images/PassingStormBlackieSpit.jpg"
,"LATITUDE":49.1913866
,"LONGITUDE":-122.8494237
}
,{
"json_featuretype":"CSV"
,"ARTWORK":"Crepuscular"
,"LOCATION":"4th Floor Reception<br>13450 104 Ave"
,"ARTIST_NAME":"Jeremy Herndl"
,"WEBSITE":"https://www.surrey.ca/culture-recreation/19277.aspx"
,"PIC_URL":"https://cosmos.surrey.ca/external/tools/culturalcorridor/images/Crepuscular.png"
,"LATITUDE":49.19130646
,"LONGITUDE":-122.8492602
}
,{
"json_featuretype":"CSV"
,"ARTWORK":"Harmony"
,"LOCATION":"6th Floor Reception - City Hall<br>13450 104 Ave"
,"ARTIST_NAME":"Jay Panesar (2015)"
,"WEBSITE":"https://www.surrey.ca/culture-recreation/19280.aspx"
,"PIC_URL":"https://cosmos.surrey.ca/external/tools/culturalcorridor/images/EveningBlend.jpg"
,"LATITUDE":49.19146674
,"LONGITUDE":-122.8492193
}
,{
"json_featuretype":"CSV"
,"ARTWORK":"Paddling through the Waves of Change"
,"LOCATION":"6th Floor Meeting Room - City Hall<br>13450 104 Ave"
,"ARTIST_NAME":"Phyllis Atkins (2015)"
,"WEBSITE":"https://www.surrey.ca/culture-recreation/19278.aspx"
,"PIC_URL":"https://cosmos.surrey.ca/external/tools/culturalcorridor/images/PaddlingthroughtheWavesofChange.jpg"
,"LATITUDE":49.1914868
,"LONGITUDE":-122.8495871
}
,{
"json_featuretype":"CSV"
,"ARTWORK":"The Secret Language of Moths"
,"LOCATION":"2nd Floor East - City Hall<br>13450 104 Ave"
,"ARTIST_NAME":"Mary Frances Batut (2016)"
,"WEBSITE":"https://www.surrey.ca/culture-recreation/19272.aspx"
,"PIC_URL":"https://cosmos.surrey.ca/external/tools/culturalcorridor/images/SecretLanguageofMoths.jpg"
,"LATITUDE":49.19127308
,"LONGITUDE":-122.8488616
}
]