{
	"name" : "roadside_memorials",
	"type" : "FeatureCollection",
	"crs" : {
		"type" : "name",
		"properties" : {
			"name" : "EPSG:26910"
		}
	},
	"features" : [
		{
			"type" : "Feature",
			"geometry" : {
				"type" : "Point",
				"coordinates" : [ 510413.59883003216, 5450399.996388869 ]
			},
			"properties" : {
				"MISC_ASSET_TYPE" : 2,
				"MISC_ASSET_TYPE2" : "Roadside Memorial",
				"FACILITYID" : "1000959859",
				"LEGACYID" : null,
				"MATERIAL" : null,
				"LENGTH" : null,
				"NAME" : null,
				"RESPONSIBILITY" : null,
				"ROTATION" : null,
				"STATUS" : null,
				"PROJECT_NO" : null,
				"YR" : null,
				"OWNER" : null,
				"LOCATION" : null,
				"COMMENTS" : null,
				"GIS_ENTRY_STAGE" : null,
				"WARRANTYDATE" : null,
				"CONDITION" : null,
				"CONDITIONDATE" : null,
				"YTD_COST" : null,
				"LIFECYCLE_COST" : null,
				"CRE_DATE" : "20081204",
				"MOD_DATE" : null
			}
		},
		{
			"type" : "Feature",
			"geometry" : {
				"type" : "Point",
				"coordinates" : [ 511056.37712829746, 5441498.708099337 ]
			},
			"properties" : {
				"MISC_ASSET_TYPE" : 2,
				"MISC_ASSET_TYPE2" : "Roadside Memorial",
				"FACILITYID" : "1000959850",
				"LEGACYID" : null,
				"MATERIAL" : null,
				"LENGTH" : null,
				"NAME" : "Pole",
				"RESPONSIBILITY" : null,
				"ROTATION" : null,
				"STATUS" : null,
				"PROJECT_NO" : null,
				"YR" : null,
				"OWNER" : null,
				"LOCATION" : null,
				"COMMENTS" : "Pole",
				"GIS_ENTRY_STAGE" : null,
				"WARRANTYDATE" : null,
				"CONDITION" : null,
				"CONDITIONDATE" : null,
				"YTD_COST" : null,
				"LIFECYCLE_COST" : null,
				"CRE_DATE" : "20081204",
				"MOD_DATE" : "20081204"
			}
		},
		{
			"type" : "Feature",
			"geometry" : {
				"type" : "Point",
				"coordinates" : [ 512064.80244248454, 5442916.236798624 ]
			},
			"properties" : {
				"MISC_ASSET_TYPE" : 2,
				"MISC_ASSET_TYPE2" : "Roadside Memorial",
				"FACILITYID" : "1000959765",
				"LEGACYID" : null,
				"MATERIAL" : null,
				"LENGTH" : null,
				"NAME" : "Pole",
				"RESPONSIBILITY" : null,
				"ROTATION" : null,
				"STATUS" : null,
				"PROJECT_NO" : null,
				"YR" : null,
				"OWNER" : null,
				"LOCATION" : null,
				"COMMENTS" : "Pole",
				"GIS_ENTRY_STAGE" : null,
				"WARRANTYDATE" : null,
				"CONDITION" : null,
				"CONDITIONDATE" : null,
				"YTD_COST" : null,
				"LIFECYCLE_COST" : null,
				"CRE_DATE" : "20081203",
				"MOD_DATE" : "20081204"
			}
		},
		{
			"type" : "Feature",
			"geometry" : {
				"type" : "Point",
				"coordinates" : [ 519354.66013386473, 5434187.647882709 ]
			},
			"properties" : {
				"MISC_ASSET_TYPE" : 2,
				"MISC_ASSET_TYPE2" : "Roadside Memorial",
				"FACILITYID" : "1000959838",
				"LEGACYID" : null,
				"MATERIAL" : null,
				"LENGTH" : null,
				"NAME" : "Picture and Flowers",
				"RESPONSIBILITY" : null,
				"ROTATION" : null,
				"STATUS" : null,
				"PROJECT_NO" : null,
				"YR" : null,
				"OWNER" : null,
				"LOCATION" : null,
				"COMMENTS" : "Picture and Flowers",
				"GIS_ENTRY_STAGE" : null,
				"WARRANTYDATE" : null,
				"CONDITION" : null,
				"CONDITIONDATE" : null,
				"YTD_COST" : null,
				"LIFECYCLE_COST" : null,
				"CRE_DATE" : "20081204",
				"MOD_DATE" : "20081204"
			}
		},
		{
			"type" : "Feature",
			"geometry" : {
				"type" : "Point",
				"coordinates" : [ 508007.30361779407, 5443254.632346705 ]
			},
			"properties" : {
				"MISC_ASSET_TYPE" : 2,
				"MISC_ASSET_TYPE2" : "Roadside Memorial",
				"FACILITYID" : "1000959763",
				"LEGACYID" : null,
				"MATERIAL" : null,
				"LENGTH" : null,
				"NAME" : "Lamp standard",
				"RESPONSIBILITY" : null,
				"ROTATION" : null,
				"STATUS" : null,
				"PROJECT_NO" : null,
				"YR" : null,
				"OWNER" : null,
				"LOCATION" : null,
				"COMMENTS" : "Lamp standard",
				"GIS_ENTRY_STAGE" : null,
				"WARRANTYDATE" : null,
				"CONDITION" : null,
				"CONDITIONDATE" : null,
				"YTD_COST" : null,
				"LIFECYCLE_COST" : null,
				"CRE_DATE" : "20081203",
				"MOD_DATE" : "20081204"
			}
		},
		{
			"type" : "Feature",
			"geometry" : {
				"type" : "Point",
				"coordinates" : [ 510297.9376242226, 5443142.11122271 ]
			},
			"properties" : {
				"MISC_ASSET_TYPE" : 2,
				"MISC_ASSET_TYPE2" : "Roadside Memorial",
				"FACILITYID" : "1000959851",
				"LEGACYID" : null,
				"MATERIAL" : null,
				"LENGTH" : null,
				"NAME" : "Pole",
				"RESPONSIBILITY" : null,
				"ROTATION" : null,
				"STATUS" : null,
				"PROJECT_NO" : null,
				"YR" : null,
				"OWNER" : null,
				"LOCATION" : null,
				"COMMENTS" : "Pole",
				"GIS_ENTRY_STAGE" : null,
				"WARRANTYDATE" : null,
				"CONDITION" : null,
				"CONDITIONDATE" : null,
				"YTD_COST" : null,
				"LIFECYCLE_COST" : null,
				"CRE_DATE" : "20081204",
				"MOD_DATE" : "20081204"
			}
		},
		{
			"type" : "Feature",
			"geometry" : {
				"type" : "Point",
				"coordinates" : [ 512113.5266193757, 5432544.009062901 ]
			},
			"properties" : {
				"MISC_ASSET_TYPE" : 2,
				"MISC_ASSET_TYPE2" : "Roadside Memorial",
				"FACILITYID" : "1000959767",
				"LEGACYID" : null,
				"MATERIAL" : null,
				"LENGTH" : null,
				"NAME" : "Cross on telephone pole",
				"RESPONSIBILITY" : null,
				"ROTATION" : null,
				"STATUS" : null,
				"PROJECT_NO" : null,
				"YR" : null,
				"OWNER" : null,
				"LOCATION" : null,
				"COMMENTS" : "Cross on telephone pole",
				"GIS_ENTRY_STAGE" : null,
				"WARRANTYDATE" : null,
				"CONDITION" : null,
				"CONDITIONDATE" : null,
				"YTD_COST" : null,
				"LIFECYCLE_COST" : null,
				"CRE_DATE" : "20081203",
				"MOD_DATE" : "20081203"
			}
		},
		{
			"type" : "Feature",
			"geometry" : {
				"type" : "Point",
				"coordinates" : [ 512962.9897109214, 5445563.733927568 ]
			},
			"properties" : {
				"MISC_ASSET_TYPE" : 2,
				"MISC_ASSET_TYPE2" : "Roadside Memorial",
				"FACILITYID" : "1000959852",
				"LEGACYID" : null,
				"MATERIAL" : null,
				"LENGTH" : null,
				"NAME" : null,
				"RESPONSIBILITY" : null,
				"ROTATION" : null,
				"STATUS" : null,
				"PROJECT_NO" : null,
				"YR" : null,
				"OWNER" : null,
				"LOCATION" : null,
				"COMMENTS" : null,
				"GIS_ENTRY_STAGE" : null,
				"WARRANTYDATE" : null,
				"CONDITION" : null,
				"CONDITIONDATE" : null,
				"YTD_COST" : null,
				"LIFECYCLE_COST" : null,
				"CRE_DATE" : "20081204",
				"MOD_DATE" : null
			}
		},
		{
			"type" : "Feature",
			"geometry" : {
				"type" : "Point",
				"coordinates" : [ 514520.74397429544, 5442457.585601926 ]
			},
			"properties" : {
				"MISC_ASSET_TYPE" : 2,
				"MISC_ASSET_TYPE2" : "Roadside Memorial",
				"FACILITYID" : "1000959862",
				"LEGACYID" : null,
				"MATERIAL" : null,
				"LENGTH" : null,
				"NAME" : "Pole",
				"RESPONSIBILITY" : null,
				"ROTATION" : null,
				"STATUS" : null,
				"PROJECT_NO" : null,
				"YR" : null,
				"OWNER" : null,
				"LOCATION" : null,
				"COMMENTS" : "Pole",
				"GIS_ENTRY_STAGE" : null,
				"WARRANTYDATE" : null,
				"CONDITION" : null,
				"CONDITIONDATE" : null,
				"YTD_COST" : null,
				"LIFECYCLE_COST" : null,
				"CRE_DATE" : "20081204",
				"MOD_DATE" : "20081204"
			}
		},
		{
			"type" : "Feature",
			"geometry" : {
				"type" : "Point",
				"coordinates" : [ 523292.58916551806, 5433375.220828492 ]
			},
			"properties" : {
				"MISC_ASSET_TYPE" : 2,
				"MISC_ASSET_TYPE2" : "Roadside Memorial",
				"FACILITYID" : "1000959863",
				"LEGACYID" : null,
				"MATERIAL" : null,
				"LENGTH" : null,
				"NAME" : "Flowers, pictures and teddy",
				"RESPONSIBILITY" : null,
				"ROTATION" : null,
				"STATUS" : null,
				"PROJECT_NO" : null,
				"YR" : null,
				"OWNER" : null,
				"LOCATION" : null,
				"COMMENTS" : "Flowers, pictures and teddy",
				"GIS_ENTRY_STAGE" : null,
				"WARRANTYDATE" : null,
				"CONDITION" : null,
				"CONDITIONDATE" : null,
				"YTD_COST" : null,
				"LIFECYCLE_COST" : null,
				"CRE_DATE" : "20081204",
				"MOD_DATE" : "20081204"
			}
		},
		{
			"type" : "Feature",
			"geometry" : {
				"type" : "Point",
				"coordinates" : [ 514531.52751015034, 5438392.21317208 ]
			},
			"properties" : {
				"MISC_ASSET_TYPE" : 2,
				"MISC_ASSET_TYPE2" : "Roadside Memorial",
				"FACILITYID" : "1000959772",
				"LEGACYID" : null,
				"MATERIAL" : null,
				"LENGTH" : null,
				"NAME" : "Cross and flowers",
				"RESPONSIBILITY" : null,
				"ROTATION" : null,
				"STATUS" : null,
				"PROJECT_NO" : null,
				"YR" : null,
				"OWNER" : null,
				"LOCATION" : null,
				"COMMENTS" : "Cross and flowers",
				"GIS_ENTRY_STAGE" : null,
				"WARRANTYDATE" : null,
				"CONDITION" : null,
				"CONDITIONDATE" : null,
				"YTD_COST" : null,
				"LIFECYCLE_COST" : null,
				"CRE_DATE" : "20081203",
				"MOD_DATE" : "20081203"
			}
		},
		{
			"type" : "Feature",
			"geometry" : {
				"type" : "Point",
				"coordinates" : [ 513897.684325533, 5440700.866236992 ]
			},
			"properties" : {
				"MISC_ASSET_TYPE" : 2,
				"MISC_ASSET_TYPE2" : "Roadside Memorial",
				"FACILITYID" : "1000959848",
				"LEGACYID" : null,
				"MATERIAL" : null,
				"LENGTH" : null,
				"NAME" : null,
				"RESPONSIBILITY" : null,
				"ROTATION" : null,
				"STATUS" : null,
				"PROJECT_NO" : null,
				"YR" : null,
				"OWNER" : null,
				"LOCATION" : null,
				"COMMENTS" : null,
				"GIS_ENTRY_STAGE" : null,
				"WARRANTYDATE" : null,
				"CONDITION" : null,
				"CONDITIONDATE" : null,
				"YTD_COST" : null,
				"LIFECYCLE_COST" : null,
				"CRE_DATE" : "20081204",
				"MOD_DATE" : null
			}
		},
		{
			"type" : "Feature",
			"geometry" : {
				"type" : "Point",
				"coordinates" : [ 517728.5113361012, 5447173.408057904 ]
			},
			"properties" : {
				"MISC_ASSET_TYPE" : 2,
				"MISC_ASSET_TYPE2" : "Roadside Memorial",
				"FACILITYID" : "1000959853",
				"LEGACYID" : null,
				"MATERIAL" : null,
				"LENGTH" : null,
				"NAME" : null,
				"RESPONSIBILITY" : null,
				"ROTATION" : null,
				"STATUS" : null,
				"PROJECT_NO" : null,
				"YR" : null,
				"OWNER" : null,
				"LOCATION" : null,
				"COMMENTS" : null,
				"GIS_ENTRY_STAGE" : null,
				"WARRANTYDATE" : null,
				"CONDITION" : null,
				"CONDITIONDATE" : null,
				"YTD_COST" : null,
				"LIFECYCLE_COST" : null,
				"CRE_DATE" : "20081204",
				"MOD_DATE" : null
			}
		},
		{
			"type" : "Feature",
			"geometry" : {
				"type" : "Point",
				"coordinates" : [ 511761.61889676563, 5439489.515009265 ]
			},
			"properties" : {
				"MISC_ASSET_TYPE" : 2,
				"MISC_ASSET_TYPE2" : "Roadside Memorial",
				"FACILITYID" : "1000959846",
				"LEGACYID" : null,
				"MATERIAL" : null,
				"LENGTH" : null,
				"NAME" : null,
				"RESPONSIBILITY" : null,
				"ROTATION" : null,
				"STATUS" : null,
				"PROJECT_NO" : null,
				"YR" : null,
				"OWNER" : null,
				"LOCATION" : null,
				"COMMENTS" : null,
				"GIS_ENTRY_STAGE" : null,
				"WARRANTYDATE" : null,
				"CONDITION" : null,
				"CONDITIONDATE" : null,
				"YTD_COST" : null,
				"LIFECYCLE_COST" : null,
				"CRE_DATE" : "20081204",
				"MOD_DATE" : "20081204"
			}
		},
		{
			"type" : "Feature",
			"geometry" : {
				"type" : "Point",
				"coordinates" : [ 517385.6696872534, 5438633.12540446 ]
			},
			"properties" : {
				"MISC_ASSET_TYPE" : 2,
				"MISC_ASSET_TYPE2" : "Roadside Memorial",
				"FACILITYID" : "1000959855",
				"LEGACYID" : null,
				"MATERIAL" : null,
				"LENGTH" : null,
				"NAME" : null,
				"RESPONSIBILITY" : null,
				"ROTATION" : null,
				"STATUS" : null,
				"PROJECT_NO" : null,
				"YR" : null,
				"OWNER" : null,
				"LOCATION" : null,
				"COMMENTS" : null,
				"GIS_ENTRY_STAGE" : null,
				"WARRANTYDATE" : null,
				"CONDITION" : null,
				"CONDITIONDATE" : null,
				"YTD_COST" : null,
				"LIFECYCLE_COST" : null,
				"CRE_DATE" : "20081204",
				"MOD_DATE" : null
			}
		},
		{
			"type" : "Feature",
			"geometry" : {
				"type" : "Point",
				"coordinates" : [ 517773.8985184068, 5443130.340351634 ]
			},
			"properties" : {
				"MISC_ASSET_TYPE" : 2,
				"MISC_ASSET_TYPE2" : "Roadside Memorial",
				"FACILITYID" : "1000959839",
				"LEGACYID" : null,
				"MATERIAL" : null,
				"LENGTH" : null,
				"NAME" : null,
				"RESPONSIBILITY" : null,
				"ROTATION" : null,
				"STATUS" : null,
				"PROJECT_NO" : null,
				"YR" : null,
				"OWNER" : null,
				"LOCATION" : null,
				"COMMENTS" : null,
				"GIS_ENTRY_STAGE" : null,
				"WARRANTYDATE" : null,
				"CONDITION" : null,
				"CONDITIONDATE" : null,
				"YTD_COST" : null,
				"LIFECYCLE_COST" : null,
				"CRE_DATE" : "20081204",
				"MOD_DATE" : null
			}
		},
		{
			"type" : "Feature",
			"geometry" : {
				"type" : "Point",
				"coordinates" : [ 510479.61092527024, 5439918.003789261 ]
			},
			"properties" : {
				"MISC_ASSET_TYPE" : 2,
				"MISC_ASSET_TYPE2" : "Roadside Memorial",
				"FACILITYID" : "1000959764",
				"LEGACYID" : null,
				"MATERIAL" : null,
				"LENGTH" : null,
				"NAME" : null,
				"RESPONSIBILITY" : null,
				"ROTATION" : null,
				"STATUS" : null,
				"PROJECT_NO" : null,
				"YR" : null,
				"OWNER" : null,
				"LOCATION" : null,
				"COMMENTS" : null,
				"GIS_ENTRY_STAGE" : null,
				"WARRANTYDATE" : null,
				"CONDITION" : null,
				"CONDITIONDATE" : null,
				"YTD_COST" : null,
				"LIFECYCLE_COST" : null,
				"CRE_DATE" : "20081203",
				"MOD_DATE" : null
			}
		},
		{
			"type" : "Feature",
			"geometry" : {
				"type" : "Point",
				"coordinates" : [ 511050.538681115, 5434383.313825492 ]
			},
			"properties" : {
				"MISC_ASSET_TYPE" : 2,
				"MISC_ASSET_TYPE2" : "Roadside Memorial",
				"FACILITYID" : "1000959856",
				"LEGACYID" : null,
				"MATERIAL" : null,
				"LENGTH" : null,
				"NAME" : "Sign by SPCA",
				"RESPONSIBILITY" : null,
				"ROTATION" : null,
				"STATUS" : null,
				"PROJECT_NO" : null,
				"YR" : null,
				"OWNER" : null,
				"LOCATION" : null,
				"COMMENTS" : "Sign by SPCA",
				"GIS_ENTRY_STAGE" : null,
				"WARRANTYDATE" : null,
				"CONDITION" : null,
				"CONDITIONDATE" : null,
				"YTD_COST" : null,
				"LIFECYCLE_COST" : null,
				"CRE_DATE" : "20081204",
				"MOD_DATE" : "20081204"
			}
		},
		{
			"type" : "Feature",
			"geometry" : {
				"type" : "Point",
				"coordinates" : [ 512916.29994955845, 5435256.355809633 ]
			},
			"properties" : {
				"MISC_ASSET_TYPE" : 2,
				"MISC_ASSET_TYPE2" : "Roadside Memorial",
				"FACILITYID" : "1000959858",
				"LEGACYID" : null,
				"MATERIAL" : null,
				"LENGTH" : null,
				"NAME" : null,
				"RESPONSIBILITY" : null,
				"ROTATION" : null,
				"STATUS" : null,
				"PROJECT_NO" : null,
				"YR" : null,
				"OWNER" : null,
				"LOCATION" : null,
				"COMMENTS" : null,
				"GIS_ENTRY_STAGE" : null,
				"WARRANTYDATE" : null,
				"CONDITION" : null,
				"CONDITIONDATE" : null,
				"YTD_COST" : null,
				"LIFECYCLE_COST" : null,
				"CRE_DATE" : "20081204",
				"MOD_DATE" : null
			}
		},
		{
			"type" : "Feature",
			"geometry" : {
				"type" : "Point",
				"coordinates" : [ 517244.8149859989, 5440692.615984518 ]
			},
			"properties" : {
				"MISC_ASSET_TYPE" : 2,
				"MISC_ASSET_TYPE2" : "Roadside Memorial",
				"FACILITYID" : "1000959849",
				"LEGACYID" : null,
				"MATERIAL" : null,
				"LENGTH" : null,
				"NAME" : null,
				"RESPONSIBILITY" : null,
				"ROTATION" : null,
				"STATUS" : null,
				"PROJECT_NO" : null,
				"YR" : null,
				"OWNER" : null,
				"LOCATION" : null,
				"COMMENTS" : null,
				"GIS_ENTRY_STAGE" : null,
				"WARRANTYDATE" : null,
				"CONDITION" : null,
				"CONDITIONDATE" : null,
				"YTD_COST" : null,
				"LIFECYCLE_COST" : null,
				"CRE_DATE" : "20081204",
				"MOD_DATE" : null
			}
		},
		{
			"type" : "Feature",
			"geometry" : {
				"type" : "Point",
				"coordinates" : [ 520937.3400901379, 5431857.555670027 ]
			},
			"properties" : {
				"MISC_ASSET_TYPE" : 2,
				"MISC_ASSET_TYPE2" : "Roadside Memorial",
				"FACILITYID" : "1000959842",
				"LEGACYID" : null,
				"MATERIAL" : null,
				"LENGTH" : null,
				"NAME" : "Flowers and cross",
				"RESPONSIBILITY" : null,
				"ROTATION" : null,
				"STATUS" : null,
				"PROJECT_NO" : null,
				"YR" : null,
				"OWNER" : null,
				"LOCATION" : null,
				"COMMENTS" : "Flowers and cross",
				"GIS_ENTRY_STAGE" : null,
				"WARRANTYDATE" : null,
				"CONDITION" : null,
				"CONDITIONDATE" : null,
				"YTD_COST" : null,
				"LIFECYCLE_COST" : null,
				"CRE_DATE" : "20081204",
				"MOD_DATE" : "20081204"
			}
		},
		{
			"type" : "Feature",
			"geometry" : {
				"type" : "Point",
				"coordinates" : [ 509212.70822800044, 5451187.5554347 ]
			},
			"properties" : {
				"MISC_ASSET_TYPE" : 2,
				"MISC_ASSET_TYPE2" : "Roadside Memorial",
				"FACILITYID" : "1000959758",
				"LEGACYID" : null,
				"MATERIAL" : null,
				"LENGTH" : null,
				"NAME" : null,
				"RESPONSIBILITY" : null,
				"ROTATION" : null,
				"STATUS" : null,
				"PROJECT_NO" : null,
				"YR" : null,
				"OWNER" : null,
				"LOCATION" : null,
				"COMMENTS" : null,
				"GIS_ENTRY_STAGE" : null,
				"WARRANTYDATE" : null,
				"CONDITION" : null,
				"CONDITIONDATE" : null,
				"YTD_COST" : null,
				"LIFECYCLE_COST" : null,
				"CRE_DATE" : "20081203",
				"MOD_DATE" : "20081203"
			}
		},
		{
			"type" : "Feature",
			"geometry" : {
				"type" : "Point",
				"coordinates" : [ 516540.6891363999, 5444747.023698684 ]
			},
			"properties" : {
				"MISC_ASSET_TYPE" : 2,
				"MISC_ASSET_TYPE2" : "Roadside Memorial",
				"FACILITYID" : "1000959857",
				"LEGACYID" : null,
				"MATERIAL" : null,
				"LENGTH" : null,
				"NAME" : "Pole",
				"RESPONSIBILITY" : null,
				"ROTATION" : null,
				"STATUS" : null,
				"PROJECT_NO" : null,
				"YR" : null,
				"OWNER" : null,
				"LOCATION" : null,
				"COMMENTS" : "Pole",
				"GIS_ENTRY_STAGE" : null,
				"WARRANTYDATE" : null,
				"CONDITION" : null,
				"CONDITIONDATE" : null,
				"YTD_COST" : null,
				"LIFECYCLE_COST" : null,
				"CRE_DATE" : "20081204",
				"MOD_DATE" : "20081204"
			}
		},
		{
			"type" : "Feature",
			"geometry" : {
				"type" : "Point",
				"coordinates" : [ 519329.01872285176, 5441712.665638201 ]
			},
			"properties" : {
				"MISC_ASSET_TYPE" : 2,
				"MISC_ASSET_TYPE2" : "Roadside Memorial",
				"FACILITYID" : "1000959840",
				"LEGACYID" : null,
				"MATERIAL" : null,
				"LENGTH" : null,
				"NAME" : "Pole",
				"RESPONSIBILITY" : null,
				"ROTATION" : null,
				"STATUS" : null,
				"PROJECT_NO" : null,
				"YR" : null,
				"OWNER" : null,
				"LOCATION" : null,
				"COMMENTS" : "Pole",
				"GIS_ENTRY_STAGE" : null,
				"WARRANTYDATE" : null,
				"CONDITION" : null,
				"CONDITIONDATE" : null,
				"YTD_COST" : null,
				"LIFECYCLE_COST" : null,
				"CRE_DATE" : "20081204",
				"MOD_DATE" : "20100421"
			}
		},
		{
			"type" : "Feature",
			"geometry" : {
				"type" : "Point",
				"coordinates" : [ 520029.7062952211, 5447448.424357489 ]
			},
			"properties" : {
				"MISC_ASSET_TYPE" : 2,
				"MISC_ASSET_TYPE2" : "Roadside Memorial",
				"FACILITYID" : "1000959854",
				"LEGACYID" : null,
				"MATERIAL" : null,
				"LENGTH" : null,
				"NAME" : null,
				"RESPONSIBILITY" : null,
				"ROTATION" : null,
				"STATUS" : null,
				"PROJECT_NO" : null,
				"YR" : null,
				"OWNER" : null,
				"LOCATION" : null,
				"COMMENTS" : null,
				"GIS_ENTRY_STAGE" : null,
				"WARRANTYDATE" : null,
				"CONDITION" : null,
				"CONDITIONDATE" : null,
				"YTD_COST" : null,
				"LIFECYCLE_COST" : null,
				"CRE_DATE" : "20081204",
				"MOD_DATE" : null
			}
		},
		{
			"type" : "Feature",
			"geometry" : {
				"type" : "Point",
				"coordinates" : [ 522521.5828380063, 5434197.410216251 ]
			},
			"properties" : {
				"MISC_ASSET_TYPE" : 2,
				"MISC_ASSET_TYPE2" : "Roadside Memorial",
				"FACILITYID" : "1000959843",
				"LEGACYID" : null,
				"MATERIAL" : null,
				"LENGTH" : null,
				"NAME" : "T-shirt, flower pots and cross",
				"RESPONSIBILITY" : null,
				"ROTATION" : null,
				"STATUS" : null,
				"PROJECT_NO" : null,
				"YR" : null,
				"OWNER" : null,
				"LOCATION" : null,
				"COMMENTS" : "T-shirt, flower pots and cross",
				"GIS_ENTRY_STAGE" : null,
				"WARRANTYDATE" : null,
				"CONDITION" : null,
				"CONDITIONDATE" : null,
				"YTD_COST" : null,
				"LIFECYCLE_COST" : null,
				"CRE_DATE" : "20081204",
				"MOD_DATE" : "20081204"
			}
		},
		{
			"type" : "Feature",
			"geometry" : {
				"type" : "Point",
				"coordinates" : [ 522674.716254659, 5433370.993074236 ]
			},
			"properties" : {
				"MISC_ASSET_TYPE" : 2,
				"MISC_ASSET_TYPE2" : "Roadside Memorial",
				"FACILITYID" : "1000959845",
				"LEGACYID" : null,
				"MATERIAL" : null,
				"LENGTH" : null,
				"NAME" : "Cross inside planter",
				"RESPONSIBILITY" : null,
				"ROTATION" : null,
				"STATUS" : null,
				"PROJECT_NO" : null,
				"YR" : null,
				"OWNER" : null,
				"LOCATION" : null,
				"COMMENTS" : "Cross inside planter",
				"GIS_ENTRY_STAGE" : null,
				"WARRANTYDATE" : null,
				"CONDITION" : null,
				"CONDITIONDATE" : null,
				"YTD_COST" : null,
				"LIFECYCLE_COST" : null,
				"CRE_DATE" : "20081204",
				"MOD_DATE" : "20081204"
			}
		},
		{
			"type" : "Feature",
			"geometry" : {
				"type" : "Point",
				"coordinates" : [ 510887.7726727845, 5440688.625156485 ]
			},
			"properties" : {
				"MISC_ASSET_TYPE" : 2,
				"MISC_ASSET_TYPE2" : "Roadside Memorial",
				"FACILITYID" : "1000959847",
				"LEGACYID" : null,
				"MATERIAL" : null,
				"LENGTH" : null,
				"NAME" : "Pole",
				"RESPONSIBILITY" : null,
				"ROTATION" : null,
				"STATUS" : null,
				"PROJECT_NO" : null,
				"YR" : null,
				"OWNER" : null,
				"LOCATION" : null,
				"COMMENTS" : "Pole",
				"GIS_ENTRY_STAGE" : null,
				"WARRANTYDATE" : null,
				"CONDITION" : null,
				"CONDITIONDATE" : null,
				"YTD_COST" : null,
				"LIFECYCLE_COST" : null,
				"CRE_DATE" : "20081204",
				"MOD_DATE" : "20081204"
			}
		},
		{
			"type" : "Feature",
			"geometry" : {
				"type" : "Point",
				"coordinates" : [ 522528.5961684352, 5439136.669920871 ]
			},
			"properties" : {
				"MISC_ASSET_TYPE" : 2,
				"MISC_ASSET_TYPE2" : "Roadside Memorial",
				"FACILITYID" : "1000959756",
				"LEGACYID" : null,
				"MATERIAL" : null,
				"LENGTH" : null,
				"NAME" : null,
				"RESPONSIBILITY" : null,
				"ROTATION" : null,
				"STATUS" : null,
				"PROJECT_NO" : null,
				"YR" : null,
				"OWNER" : null,
				"LOCATION" : null,
				"COMMENTS" : null,
				"GIS_ENTRY_STAGE" : null,
				"WARRANTYDATE" : null,
				"CONDITION" : null,
				"CONDITIONDATE" : null,
				"YTD_COST" : null,
				"LIFECYCLE_COST" : null,
				"CRE_DATE" : "20081203",
				"MOD_DATE" : "20081203"
			}
		},
		{
			"type" : "Feature",
			"geometry" : {
				"type" : "Point",
				"coordinates" : [ 509010.9926271662, 5446765.765601097 ]
			},
			"properties" : {
				"MISC_ASSET_TYPE" : 2,
				"MISC_ASSET_TYPE2" : "Roadside Memorial",
				"FACILITYID" : "1000959861",
				"LEGACYID" : null,
				"MATERIAL" : null,
				"LENGTH" : null,
				"NAME" : null,
				"RESPONSIBILITY" : null,
				"ROTATION" : null,
				"STATUS" : null,
				"PROJECT_NO" : null,
				"YR" : null,
				"OWNER" : null,
				"LOCATION" : null,
				"COMMENTS" : null,
				"GIS_ENTRY_STAGE" : null,
				"WARRANTYDATE" : null,
				"CONDITION" : null,
				"CONDITIONDATE" : null,
				"YTD_COST" : null,
				"LIFECYCLE_COST" : null,
				"CRE_DATE" : "20081204",
				"MOD_DATE" : null
			}
		},
		{
			"type" : "Feature",
			"geometry" : {
				"type" : "Point",
				"coordinates" : [ 511275.6416011555, 5443086.697595686 ]
			},
			"properties" : {
				"MISC_ASSET_TYPE" : 2,
				"MISC_ASSET_TYPE2" : "Roadside Memorial",
				"FACILITYID" : "1000959860",
				"LEGACYID" : null,
				"MATERIAL" : null,
				"LENGTH" : null,
				"NAME" : "Pole",
				"RESPONSIBILITY" : null,
				"ROTATION" : null,
				"STATUS" : null,
				"PROJECT_NO" : null,
				"YR" : null,
				"OWNER" : null,
				"LOCATION" : null,
				"COMMENTS" : "Pole",
				"GIS_ENTRY_STAGE" : null,
				"WARRANTYDATE" : null,
				"CONDITION" : null,
				"CONDITIONDATE" : null,
				"YTD_COST" : null,
				"LIFECYCLE_COST" : null,
				"CRE_DATE" : "20081204",
				"MOD_DATE" : "20081204"
			}
		},
		{
			"type" : "Feature",
			"geometry" : {
				"type" : "Point",
				"coordinates" : [ 513662.16045309044, 5447959.238236504 ]
			},
			"properties" : {
				"MISC_ASSET_TYPE" : 2,
				"MISC_ASSET_TYPE2" : "Roadside Memorial",
				"FACILITYID" : "1000959757",
				"LEGACYID" : null,
				"MATERIAL" : null,
				"LENGTH" : null,
				"NAME" : null,
				"RESPONSIBILITY" : null,
				"ROTATION" : null,
				"STATUS" : null,
				"PROJECT_NO" : null,
				"YR" : null,
				"OWNER" : null,
				"LOCATION" : null,
				"COMMENTS" : null,
				"GIS_ENTRY_STAGE" : null,
				"WARRANTYDATE" : null,
				"CONDITION" : null,
				"CONDITIONDATE" : null,
				"YTD_COST" : null,
				"LIFECYCLE_COST" : null,
				"CRE_DATE" : "20081203",
				"MOD_DATE" : null
			}
		},
		{
			"type" : "Feature",
			"geometry" : {
				"type" : "Point",
				"coordinates" : [ 519332.5754520353, 5441504.801611733 ]
			},
			"properties" : {
				"MISC_ASSET_TYPE" : 2,
				"MISC_ASSET_TYPE2" : "Roadside Memorial",
				"FACILITYID" : "1000959841",
				"LEGACYID" : null,
				"MATERIAL" : null,
				"LENGTH" : null,
				"NAME" : "Pole",
				"RESPONSIBILITY" : null,
				"ROTATION" : null,
				"STATUS" : null,
				"PROJECT_NO" : null,
				"YR" : null,
				"OWNER" : null,
				"LOCATION" : null,
				"COMMENTS" : "Pole",
				"GIS_ENTRY_STAGE" : null,
				"WARRANTYDATE" : null,
				"CONDITION" : null,
				"CONDITIONDATE" : null,
				"YTD_COST" : null,
				"LIFECYCLE_COST" : null,
				"CRE_DATE" : "20081204",
				"MOD_DATE" : "20081204"
			}
		},
		{
			"type" : "Feature",
			"geometry" : {
				"type" : "Point",
				"coordinates" : [ 522672.50320211146, 5433389.728718523 ]
			},
			"properties" : {
				"MISC_ASSET_TYPE" : 2,
				"MISC_ASSET_TYPE2" : "Roadside Memorial",
				"FACILITYID" : "1000959844",
				"LEGACYID" : null,
				"MATERIAL" : null,
				"LENGTH" : null,
				"NAME" : "Cross, canopy and flowers",
				"RESPONSIBILITY" : null,
				"ROTATION" : null,
				"STATUS" : null,
				"PROJECT_NO" : null,
				"YR" : null,
				"OWNER" : null,
				"LOCATION" : null,
				"COMMENTS" : "Cross, canopy and flowers",
				"GIS_ENTRY_STAGE" : null,
				"WARRANTYDATE" : null,
				"CONDITION" : null,
				"CONDITIONDATE" : null,
				"YTD_COST" : null,
				"LIFECYCLE_COST" : null,
				"CRE_DATE" : "20081204",
				"MOD_DATE" : "20081204"
			}
		}
	]
}