[
{
"json_featuretype":"CSV"
,"Registration Date":"2014 01 06"
,"Name of Lobbyist":"Gerry Blonski"
,"Company":"Gerry Blonski Architect"
,"Phone Number":""
,"Nature of Lobbying":"Architectural Consultant"
,"Client":"Property Owner"
,"Project No. ":"7913-0296-00"
}
,{
"json_featuretype":"CSV"
,"Registration Date":"2014 01 07"
,"Name of Lobbyist":"James V. Pernu"
,"Company":"McElhanney Consulting Services"
,"Phone Number":"604-596-0391"
,"Nature of Lobbying":"Engineering Consultant"
,"Client":"Earthking Forest Plaza"
,"Project No. ":"7914-0001-00"
}
,{
"json_featuretype":"CSV"
,"Registration Date":"2014 01 10"
,"Name of Lobbyist":"Ahmed Ibrahim"
,"Company":"Krahn Engineering Ltd"
,"Phone Number":"640-853-8831"
,"Nature of Lobbying":"Engineering Consultant"
,"Client":"Bayshore Canada Ventures ULC Ltd"
,"Project No. ":"7914-0002-00"
}
,{
"json_featuretype":"CSV"
,"Registration Date":"2014 01 15"
,"Name of Lobbyist":"Clarence Arychuk"
,"Company":"Hunter Laird Engineering"
,"Phone Number":"604-525-4651"
,"Nature of Lobbying":"Engineering Consultant"
,"Client":"Property Owner"
,"Project No. ":"7914-0004-00"
}
,{
"json_featuretype":"CSV"
,"Registration Date":"2014 01 16"
,"Name of Lobbyist":"Maggie Koka"
,"Company":"Aplin & Martin Consultants Ltd"
,"Phone Number":"604-597-9058"
,"Nature of Lobbying":"Engineering Consultant"
,"Client":"Property Owner"
,"Project No. ":"7914-0009-00"
}
,{
"json_featuretype":"CSV"
,"Registration Date":"2014 01 16"
,"Name of Lobbyist":"Roger Jawanda"
,"Company":"Citiwest Consulting Ltd"
,"Phone Number":"604-591-2213"
,"Nature of Lobbying":"Engineering Consultant"
,"Client":"0697122 BC Ltd"
,"Project No. ":"7914-0008-00"
}
,{
"json_featuretype":"CSV"
,"Registration Date":"2014 01 21"
,"Name of Lobbyist":"Roger Jawanda"
,"Company":"Citiwest Consulting Ltd"
,"Phone Number":"604-591-2213"
,"Nature of Lobbying":"Engineering Consultant"
,"Client":"Twin City Developments"
,"Project No. ":"7914-0015-00"
}
,{
"json_featuretype":"CSV"
,"Registration Date":"2014 01 27"
,"Name of Lobbyist":"Paul Goodwin"
,"Company":"GBL Architects"
,"Phone Number":"604-736-1156"
,"Nature of Lobbying":"Architectural Consultant"
,"Client":"Property Owner"
,"Project No. ":"7914-0014-00"
}
,{
"json_featuretype":"CSV"
,"Registration Date":"2014 01 28"
,"Name of Lobbyist":"Avnash Banwait"
,"Company":"Mainland Engineering"
,"Phone Number":"604-543-8044"
,"Nature of Lobbying":"Engineering Consultant"
,"Client":"Property Owner"
,"Project No. ":"7914-0018-00"
}
,{
"json_featuretype":"CSV"
,"Registration Date":"2014 01 31"
,"Name of Lobbyist":"John Tierney"
,"Company":"Lark Group"
,"Phone Number":"604-576-2935"
,"Nature of Lobbying":"Development Consultant"
,"Client":"Property Owner"
,"Project No. ":"7914-0021-00"
}
,{
"json_featuretype":"CSV"
,"Registration Date":"2014 02 03"
,"Name of Lobbyist":"Mike Kompter"
,"Company":"Hub Engineering Inc"
,"Phone Number":"604-572-4328"
,"Nature of Lobbying":"Engineering Consultant"
,"Client":"Property Owner"
,"Project No. ":"7914-0023-00"
}
,{
"json_featuretype":"CSV"
,"Registration Date":"2014 02 03"
,"Name of Lobbyist":"Gerad Olma"
,"Company":"Avondale Development Corp"
,"Phone Number":"604-536-5029"
,"Nature of Lobbying":"Real Estate Consultant"
,"Client":"Avondale Development Corp"
,"Project No. ":"7914-0017-00"
}
,{
"json_featuretype":"CSV"
,"Registration Date":"2014 02 03"
,"Name of Lobbyist":"Ed Jaehrliert"
,"Company":"Southwest Developments Ltd"
,"Phone Number":"604-535-9587"
,"Nature of Lobbying":"Development Consultant"
,"Client":"Property Owner"
,"Project No. ":"7914-0020-00"
}
,{
"json_featuretype":"CSV"
,"Registration Date":"2014 02 04"
,"Name of Lobbyist":"Roger Jawanda"
,"Company":"Citiwest Consulting Ltd"
,"Phone Number":"604-591-2213"
,"Nature of Lobbying":"Engineering Consultant"
,"Client":"Property Owner"
,"Project No. ":"7914-0025-00"
}
,{
"json_featuretype":"CSV"
,"Registration Date":"2014 02 07"
,"Name of Lobbyist":"Aaron Vornbrock"
,"Company":"Urban Design Group Architects Ltd"
,"Phone Number":"604-687-2334"
,"Nature of Lobbying":"Architectural Consultant"
,"Client":"Westbrook Shopping Centre"
,"Project No. ":"7914-0027-00"
}
,{
"json_featuretype":"CSV"
,"Registration Date":"2014 02 11"
,"Name of Lobbyist":"Roger Jawanda"
,"Company":"Citiwest Consulting Ltd"
,"Phone Number":"604-591-2213"
,"Nature of Lobbying":"Engineering Consultant"
,"Client":"0736844 BC Ltd"
,"Project No. ":"7914-0034-00"
}
,{
"json_featuretype":"CSV"
,"Registration Date":"2014 02 21"
,"Name of Lobbyist":"James D. Bradley"
,"Company":""
,"Phone Number":"604-781-1477"
,"Nature of Lobbying":"Design Consultant"
,"Client":"Mirage Nightclub"
,"Project No. ":"7914-0042-00"
}
,{
"json_featuretype":"CSV"
,"Registration Date":"2014 02 24"
,"Name of Lobbyist":"Wojciech Grzybowicz"
,"Company":"WG Architecture Inc"
,"Phone Number":"604-331-2378"
,"Nature of Lobbying":"Architectural Consultant"
,"Client":"Property Owner"
,"Project No. ":"7914-0037-00"
}
,{
"json_featuretype":"CSV"
,"Registration Date":"2014 02 24"
,"Name of Lobbyist":"Ralph Berezan"
,"Company":"Berezan Management"
,"Phone Number":"604-882-0808"
,"Nature of Lobbying":"Not disclosed"
,"Client":"Forsellis Greenhouse United 55176 / 0987095 BC Ltd"
,"Project No. ":"7914-0039-00"
}
,{
"json_featuretype":"CSV"
,"Registration Date":"2014 02 24"
,"Name of Lobbyist":"John E. Kristianson"
,"Company":"CTA Design Group"
,"Phone Number":"604-736-2554"
,"Nature of Lobbying":"Architectural Consultant"
,"Client":"Property Owner"
,"Project No. ":"7914-0040-00"
}
,{
"json_featuretype":"CSV"
,"Registration Date":"2014 02 24"
,"Name of Lobbyist":"Kasel Yamashita"
,"Company":"McElhanney Consulting Services"
,"Phone Number":"604-596-0391"
,"Nature of Lobbying":"Engineering Consultant"
,"Client":"Property Owner"
,"Project No. ":"7914-0044-00"
}
,{
"json_featuretype":"CSV"
,"Registration Date":"2014 02 25"
,"Name of Lobbyist":"Roger Jawanda"
,"Company":"Citiwest Consulting Ltd"
,"Phone Number":"604-591-2213"
,"Nature of Lobbying":"Engineering Consultant"
,"Client":"Property Owner"
,"Project No. ":"7914-0048-00"
}
,{
"json_featuretype":"CSV"
,"Registration Date":"2014 02 25"
,"Name of Lobbyist":"John E. Kristianson"
,"Company":"CTA Design Group"
,"Phone Number":"604-736-2554"
,"Nature of Lobbying":"Architectural Consultant"
,"Client":"Property Owner"
,"Project No. ":"7914-0047-00"
}
,{
"json_featuretype":"CSV"
,"Registration Date":"2014 03 03"
,"Name of Lobbyist":"Mike Kompter"
,"Company":"Hub Engineering Inc"
,"Phone Number":"604-572-4328"
,"Nature of Lobbying":"Engineering Consultant"
,"Client":"Property Owner"
,"Project No. ":"7914-0056-00"
}
,{
"json_featuretype":"CSV"
,"Registration Date":"2014 03 05"
,"Name of Lobbyist":"Maciej Dembek"
,"Company":"Barnett Dembek Architects Inc"
,"Phone Number":"604-597-7100"
,"Nature of Lobbying":"Architectural Consultant"
,"Client":"Property Owner"
,"Project No. ":"7914-0057-00"
}
,{
"json_featuretype":"CSV"
,"Registration Date":"2014 03 05"
,"Name of Lobbyist":"Andy Tam"
,"Company":"Rize Alliance Properties Ltd"
,"Phone Number":"604-630-1649"
,"Nature of Lobbying":"Development Consultant"
,"Client":"Property Owner"
,"Project No. ":"7914-0058-00"
}
,{
"json_featuretype":"CSV"
,"Registration Date":"2014 03 07"
,"Name of Lobbyist":"P. Camillo-Amisano"
,"Company":""
,"Phone Number":"604-339-2040"
,"Nature of Lobbying":"Contractor"
,"Client":"Trianchi Projects Inc"
,"Project No. ":"7914-0060-00"
}
,{
"json_featuretype":"CSV"
,"Registration Date":"2014 03 12"
,"Name of Lobbyist":"Theresa Rawle"
,"Company":"H. Y. Engineering"
,"Phone Number":"604-583-1616"
,"Nature of Lobbying":"Engineering Consultant"
,"Client":"Property Owner"
,"Project No. ":"7914-0067-00"
}
,{
"json_featuretype":"CSV"
,"Registration Date":"2014 03 19"
,"Name of Lobbyist":"Roger Jawanda"
,"Company":"Citiwest Consulting Ltd"
,"Phone Number":"604-591-2213"
,"Nature of Lobbying":"Engineering Consultant"
,"Client":"Property Owner"
,"Project No. ":"7914-0069-00"
}
,{
"json_featuretype":"CSV"
,"Registration Date":"2014 03 19"
,"Name of Lobbyist":"Rajeev Mangla"
,"Company":"Mainland Engineering"
,"Phone Number":"604-543-8044"
,"Nature of Lobbying":"Engineering Consultant"
,"Client":"Property Owner"
,"Project No. ":"7914-0070-00"
}
,{
"json_featuretype":"CSV"
,"Registration Date":"2014 03 28"
,"Name of Lobbyist":"J. Prasad"
,"Company":""
,"Phone Number":"604-538-9193"
,"Nature of Lobbying":"Not disclosed"
,"Client":"Property Owner"
,"Project No. ":"7914-0076-00"
}
,{
"json_featuretype":"CSV"
,"Registration Date":"2014 04 08"
,"Name of Lobbyist":"Ian Guan"
,"Company":"Gradual Architecture Inc"
,"Phone Number":"604-721-7739"
,"Nature of Lobbying":"Architectural Consultant"
,"Client":"Property Owner"
,"Project No. ":"7914-0078-00"
}
,{
"json_featuretype":"CSV"
,"Registration Date":"2014 04 08"
,"Name of Lobbyist":"Ian Guan"
,"Company":"Gradual Architecture Inc"
,"Phone Number":"604-721-7739"
,"Nature of Lobbying":"Architectural Consultant"
,"Client":"Property Owner"
,"Project No. ":"7914-0079-00"
}
,{
"json_featuretype":"CSV"
,"Registration Date":"2014 04 11"
,"Name of Lobbyist":"Jordan Creamore"
,"Company":"Beedie Development Group"
,"Phone Number":"604-909-8740"
,"Nature of Lobbying":"Development Consultant"
,"Client":"CB Supplies"
,"Project No. ":"7914-0098-00"
}
,{
"json_featuretype":"CSV"
,"Registration Date":"2014 04 11"
,"Name of Lobbyist":"Ian Scott"
,"Company":"Central City Brewers & Distillers Ltd"
,"Phone Number":"604-588-2337"
,"Nature of Lobbying":"Brewery & Distillery"
,"Client":"Central City Brewers & Distillers Ltd"
,"Project No. ":"7914-0094-00"
}
,{
"json_featuretype":"CSV"
,"Registration Date":"2014 04 11"
,"Name of Lobbyist":"Michael Helle"
,"Company":"Coastland Engineering & Survey Ltd"
,"Phone Number":"604-532-9700"
,"Nature of Lobbying":"Engineering Consultant"
,"Client":"Property Owner"
,"Project No. ":"7914-0095-00"
}
,{
"json_featuretype":"CSV"
,"Registration Date":"2014 04 15"
,"Name of Lobbyist":"Adam Donnelly"
,"Company":"Wesgroup Properties"
,"Phone Number":"604-648-6207"
,"Nature of Lobbying":"Real Estate Consultant"
,"Client":"Pacific Link Industrial Park Ltd"
,"Project No. ":"7914-0099-00"
}
,{
"json_featuretype":"CSV"
,"Registration Date":"2014 04 22"
,"Name of Lobbyist":"Wojciech Grzybowicz"
,"Company":"WG Architecture Inc"
,"Phone Number":"604-331-2378"
,"Nature of Lobbying":"Architectural Consultant"
,"Client":"745269 BC ltd"
,"Project No. ":"7914-0106-00"
}
,{
"json_featuretype":"CSV"
,"Registration Date":"2014 04 25"
,"Name of Lobbyist":"Mike Kompter"
,"Company":"Hub Engineering Inc"
,"Phone Number":"604-572-4328"
,"Nature of Lobbying":"Engineering Consultant"
,"Client":"Property Owner"
,"Project No. ":"7914-0107-00"
}
,{
"json_featuretype":"CSV"
,"Registration Date":"2014 04 28"
,"Name of Lobbyist":"Andrea Scott"
,"Company":"P J Lovick Architect Ltd"
,"Phone Number":"604-298-3700"
,"Nature of Lobbying":"Architectural Consultant"
,"Client":"337805 BC Ltd"
,"Project No. ":"7914-0114-00"
}
,{
"json_featuretype":"CSV"
,"Registration Date":"2014 05 02"
,"Name of Lobbyist":"Roger Jawanda"
,"Company":"Citiwest Consulting Ltd"
,"Phone Number":"604-591-2213"
,"Nature of Lobbying":"Engineering Consultant"
,"Client":"Property Owner"
,"Project No. ":"7914-0117-00"
}
,{
"json_featuretype":"CSV"
,"Registration Date":"2014 05 02"
,"Name of Lobbyist":"Roger Jawanda"
,"Company":"Citiwest Consulting Ltd"
,"Phone Number":"604-591-2213"
,"Nature of Lobbying":"Engineering Consultant"
,"Client":"Property Owner"
,"Project No. ":"7914-0116-00"
}
,{
"json_featuretype":"CSV"
,"Registration Date":"2014 05 06"
,"Name of Lobbyist":"Michael Helle"
,"Company":"Coastland Engineering & Survey Ltd"
,"Phone Number":"604-532-9700"
,"Nature of Lobbying":"Engineering Consultant"
,"Client":"Property Owner"
,"Project No. ":"7914-0120-00"
}
,{
"json_featuretype":"CSV"
,"Registration Date":"2014 05 06"
,"Name of Lobbyist":"Baljit Johal"
,"Company":"Mortise Construction Ltd"
,"Phone Number":"778-552-1661"
,"Nature of Lobbying":"Contractor"
,"Client":"Sirtaj Homes & Development Ltd"
,"Project No. ":"7914-0119-00"
}
,{
"json_featuretype":"CSV"
,"Registration Date":"2014 05 08"
,"Name of Lobbyist":"Clarence Arychuk"
,"Company":"Hunter Laird Engineering"
,"Phone Number":"604-525-4651"
,"Nature of Lobbying":"Engineering Consultant"
,"Client":"Qualico Developments Inc"
,"Project No. ":"7914-0125-00"
}
,{
"json_featuretype":"CSV"
,"Registration Date":"2014 05 12"
,"Name of Lobbyist":"Oleg Verbenkov"
,"Company":"Pacific Land Resource Group Inc"
,"Phone Number":"604-501-1624"
,"Nature of Lobbying":"Development Consultant"
,"Client":"592768 BC Ltd"
,"Project No. ":"7914-0130-00"
}
,{
"json_featuretype":"CSV"
,"Registration Date":"2014 05 22"
,"Name of Lobbyist":"Roger Jawanda"
,"Company":"Citiwest Consulting Ltd"
,"Phone Number":"604-541-2213"
,"Nature of Lobbying":"Development Consultant"
,"Client":"BlueJay Development Ltd."
,"Project No. ":"7914-0138-00"
}
,{
"json_featuretype":"CSV"
,"Registration Date":"2014 05 22"
,"Name of Lobbyist":"Maggie Koka"
,"Company":"Aplin & Martin Consultants Ltd"
,"Phone Number":"604-597-9058"
,"Nature of Lobbying":"Engineering Consultant"
,"Client":"Landstar Projects Ltd."
,"Project No. ":"7914-0142-00"
}
,{
"json_featuretype":"CSV"
,"Registration Date":"2014 05 27"
,"Name of Lobbyist":"Clarence Arychuk"
,"Company":"Hunter Laird Engineering"
,"Phone Number":"604-528-4651"
,"Nature of Lobbying":"Engineering Consultant"
,"Client":"Property Owner"
,"Project No. ":"7914-0137-00"
}
,{
"json_featuretype":"CSV"
,"Registration Date":"2014 05 27"
,"Name of Lobbyist":"Peter J. Lovick"
,"Company":" PJ Lovick Architect Ltd."
,"Phone Number":"604-298-3700"
,"Nature of Lobbying":"Architectural Consultant"
,"Client":"Property Owner"
,"Project No. ":"7914-0140-00"
}
,{
"json_featuretype":"CSV"
,"Registration Date":"2014 05 27"
,"Name of Lobbyist":"Thomas Morton"
,"Company":""
,"Phone Number":"604-841-8833"
,"Nature of Lobbying":"Project Manager"
,"Client":"Fleetwood West Development "
,"Project No. ":"7914-0121-00"
}
,{
"json_featuretype":"CSV"
,"Registration Date":"2014 05 27"
,"Name of Lobbyist":"Clarence Arychuk"
,"Company":"Hunter Laird Engineering"
,"Phone Number":"604-525-4651"
,"Nature of Lobbying":"Engineering Consultant"
,"Client":"Property Owner"
,"Project No. ":"7914-0150-00"
}
,{
"json_featuretype":"CSV"
,"Registration Date":"2014 05 27"
,"Name of Lobbyist":"Mike Kompter"
,"Company":"Mike Kompter"
,"Phone Number":"604-572-4328"
,"Nature of Lobbying":"Engineering Consultant"
,"Client":"Property Owner"
,"Project No. ":"7914-0147-00"
}
,{
"json_featuretype":"CSV"
,"Registration Date":"2014 05 27"
,"Name of Lobbyist":"O. Verbenkov"
,"Company":""
,"Phone Number":"604-501-1624"
,"Nature of Lobbying":"Engineering Consultant"
,"Client":"City of Surrey"
,"Project No. ":"7914-0148-00"
}
,{
"json_featuretype":"CSV"
,"Registration Date":"2014 05 27"
,"Name of Lobbyist":"Party Time Liquor Stores Ltd."
,"Company":"Party Time Liquor Stores Ltd."
,"Phone Number":"604-619-1680"
,"Nature of Lobbying":"Liquor Stores"
,"Client":"T & R Chung Co. Ltd. (Dean Thomas)"
,"Project No. ":"7914-0151-00"
}
,{
"json_featuretype":"CSV"
,"Registration Date":"2014 05 27"
,"Name of Lobbyist":"John E. Kristianson"
,"Company":"CTA Design Group"
,"Phone Number":"604-736-2554"
,"Nature of Lobbying":"Architectural Consultant"
,"Client":"Northwest Sheet Metal Ltd."
,"Project No. ":"7914-0157-00"
}
,{
"json_featuretype":"CSV"
,"Registration Date":"2014 06 03"
,"Name of Lobbyist":"Steven John Wagner"
,"Company":"Urban Design Group Architects Ltd"
,"Phone Number":"604-687-2334"
,"Nature of Lobbying":"Architectural Consultant"
,"Client":"Darryl Bosa - The Dells Holdings Ltd."
,"Project No. ":"7914-0146-00"
}
,{
"json_featuretype":"CSV"
,"Registration Date":"2014 06 04"
,"Name of Lobbyist":"Clarence Arychuk"
,"Company":"Hunter Laird Engineering"
,"Phone Number":"604-525-4651"
,"Nature of Lobbying":"Engineering Consultant"
,"Client":"Property Owner"
,"Project No. ":"7914-0158-00"
}
,{
"json_featuretype":"CSV"
,"Registration Date":"2014 06 23"
,"Name of Lobbyist":"Michael Helle"
,"Company":"Coastland Engineering & Survey Ltd"
,"Phone Number":"604-532-9700"
,"Nature of Lobbying":"Engineering Consultant"
,"Client":"Property Owner"
,"Project No. ":"7914-0185-00"
}
,{
"json_featuretype":"CSV"
,"Registration Date":"2014 06 23"
,"Name of Lobbyist":"Robert M. Papau"
,"Company":"DOM Santi Management Inc."
,"Phone Number":"604-574-2658"
,"Nature of Lobbying":"Development Consultant"
,"Client":"White Rock South Surrey Hospice Society"
,"Project No. ":"7914-0177-00"
}
,{
"json_featuretype":"CSV"
,"Registration Date":"2014 07 03"
,"Name of Lobbyist":"Mike Kompter"
,"Company":"Mike Kompter"
,"Phone Number":"604-572-4328"
,"Nature of Lobbying":"Development Consultant"
,"Client":"Property Owner"
,"Project No. ":"7914-0173-00"
}
,{
"json_featuretype":"CSV"
,"Registration Date":"2014 07 03"
,"Name of Lobbyist":"Minh Ngo"
,"Company":"Indochine Food Inc."
,"Phone Number":"604-585-8588"
,"Nature of Lobbying":"Food Distributor"
,"Client":"Indochine Food Inc."
,"Project No. ":"7914-0184-00"
}
,{
"json_featuretype":"CSV"
,"Registration Date":"2014 07 03"
,"Name of Lobbyist":"Michael Helle"
,"Company":"Coastland Engineering & Survey Ltd"
,"Phone Number":"604-532-9700"
,"Nature of Lobbying":"Engineering Consultant"
,"Client":"Property Owner"
,"Project No. ":"7914-0196-00"
}
,{
"json_featuretype":"CSV"
,"Registration Date":"2014 07 03"
,"Name of Lobbyist":"Vuesh Khosla"
,"Company":"Vuesh Khosla"
,"Phone Number":"604-837-7783"
,"Nature of Lobbying":"Contractor"
,"Client":"Property Owner"
,"Project No. ":"7914-0186-00"
}
,{
"json_featuretype":"CSV"
,"Registration Date":"2014 07 09"
,"Name of Lobbyist":"Christian Hamm"
,"Company":"Integrated Construction "
,"Phone Number":"604-599-0706"
,"Nature of Lobbying":"Contractor"
,"Client":"Farrell Estate Ltd."
,"Project No. ":"7914-0203-00"
}
,{
"json_featuretype":"CSV"
,"Registration Date":"2014 07 16"
,"Name of Lobbyist":"B. Signs"
,"Company":""
,"Phone Number":"604-533-2886"
,"Nature of Lobbying":"Contractor"
,"Client":"Ming & Sing Chinese Takeout"
,"Project No. ":"7914-0212-00"
}
,{
"json_featuretype":"CSV"
,"Registration Date":"2014 07 17"
,"Name of Lobbyist":"Mike Kompter"
,"Company":"Hub Engineering Inc"
,"Phone Number":"604-572-4328"
,"Nature of Lobbying":"Consultant"
,"Client":"Property Owner"
,"Project No. ":"7914-0167-00"
}
,{
"json_featuretype":"CSV"
,"Registration Date":"2014 07 21"
,"Name of Lobbyist":"Carmen Kwan"
,"Company":"Hearth architectural Inc."
,"Phone Number":"604-266-4677"
,"Nature of Lobbying":"Architectural Consultant"
,"Client":"Property Owner"
,"Project No. ":"7914-0214-00"
}
,{
"json_featuretype":"CSV"
,"Registration Date":"2014 07 22"
,"Name of Lobbyist":"Michael Helle"
,"Company":"Coastland Engineering & Survey Ltd"
,"Phone Number":"604-532-9700"
,"Nature of Lobbying":"Engineering Consultant"
,"Client":"Property Owner"
,"Project No. ":"7914-0198-00"
}
,{
"json_featuretype":"CSV"
,"Registration Date":"2014 07 22"
,"Name of Lobbyist":"John E. Kristianson"
,"Company":"CTA Design Group"
,"Phone Number":"604-736-2554"
,"Nature of Lobbying":"Architectural Consultant"
,"Client":"Prism Construction Limited"
,"Project No. ":"7914-0220-00"
}
,{
"json_featuretype":"CSV"
,"Registration Date":"2014 07 22"
,"Name of Lobbyist":"Maggie Koka"
,"Company":"Aplin & Martin Consultants Ltd"
,"Phone Number":"604-597-9058"
,"Nature of Lobbying":"Engineering Consultant"
,"Client":"Property Owner"
,"Project No. ":"7914-0213-00"
}
,{
"json_featuretype":"CSV"
,"Registration Date":"2014 07 22"
,"Name of Lobbyist":"Avnash Banwait"
,"Company":"Mainland Engineering"
,"Phone Number":"604-543-8044"
,"Nature of Lobbying":"Development Consultant"
,"Client":"Property Owner"
,"Project No. ":"pending proj no. from S.Wilson"
}
,{
"json_featuretype":"CSV"
,"Registration Date":"2014 07 22"
,"Name of Lobbyist":"John E. Kristianson"
,"Company":"CTA Design Group"
,"Phone Number":"604-736-2554"
,"Nature of Lobbying":"Architectural Consultant"
,"Client":"Prism Construction Limited"
,"Project No. ":"pending proj no. from S.Wilson"
}
,{
"json_featuretype":"CSV"
,"Registration Date":"2014 08 19"
,"Name of Lobbyist":"Oleg Verbenkov"
,"Company":"Pacific Land Resource Group Inc"
,"Phone Number":"604-501-1624"
,"Nature of Lobbying":"Development Consultant"
,"Client":"City of Surrey"
,"Project No. ":"7914-0234-00"
}
,{
"json_featuretype":"CSV"
,"Registration Date":"2014 08 19"
,"Name of Lobbyist":"Oleg Verbenkov"
,"Company":"Pacific Land Resource Group Inc"
,"Phone Number":"604-501-1624"
,"Nature of Lobbying":"Development Consultant"
,"Client":"City of Surrey"
,"Project No. ":"7914-0233-00"
}
,{
"json_featuretype":"CSV"
,"Registration Date":"2014 08 19"
,"Name of Lobbyist":"Maggie Koka"
,"Company":"Aplin & Martin Consultants Ltd"
,"Phone Number":"604-597-9058"
,"Nature of Lobbying":"Engineering/Planning Consultant"
,"Client":"0785762 BC Ltd."
,"Project No. ":"7914-0230-00"
}
,{
"json_featuretype":"CSV"
,"Registration Date":"2014 08 19"
,"Name of Lobbyist":"Avnash Banwait"
,"Company":"Mainland Engineering"
,"Phone Number":"604-543-8044"
,"Nature of Lobbying":"Land Development Consultant"
,"Client":"Property Owner"
,"Project No. ":"7914-0249-00"
}
,{
"json_featuretype":"CSV"
,"Registration Date":"2014 08 19"
,"Name of Lobbyist":"Maggie Koka"
,"Company":"Aplin & Martin Consultants Ltd"
,"Phone Number":"604-597-9058"
,"Nature of Lobbying":"Engineering/Planning Consultant"
,"Client":"Property Owner"
,"Project No. ":"7914-0240-00"
}
,{
"json_featuretype":"CSV"
,"Registration Date":"2014 08 19"
,"Name of Lobbyist":"Edward Craig"
,"Company":"Brian L. Curtner Architect"
,"Phone Number":"416-598-1240"
,"Nature of Lobbying":"Architectural Consultant"
,"Client":"Restoration Hardware"
,"Project No. ":"7914-0237-00"
}
,{
"json_featuretype":"CSV"
,"Registration Date":"2014 08 19"
,"Name of Lobbyist":"Greg Mitchell"
,"Company":"PCI Development"
,"Phone Number":"604-331-5238"
,"Nature of Lobbying":"Real Estate Consultant"
,"Client":"Property Owner"
,"Project No. ":"7914-0231-00/7914-0231-01"
}
,{
"json_featuretype":"CSV"
,"Registration Date":"2014 08 19"
,"Name of Lobbyist":"Michael Helle"
,"Company":"Coastland Engineering & Survey Ltd"
,"Phone Number":"604-532-9700"
,"Nature of Lobbying":"Engineering Consultant"
,"Client":"J. Reedwell Executrix for the Estate of I. Campbell"
,"Project No. ":"7914-0238-00"
}
,{
"json_featuretype":"CSV"
,"Registration Date":"2014 08 29"
,"Name of Lobbyist":"Maggie Koka"
,"Company":"Aplin & Martin Consultants Ltd"
,"Phone Number":"604-597-9058"
,"Nature of Lobbying":"Engineering/Planning Consultant"
,"Client":"Property Owner"
,"Project No. ":"7914-0255-00"
}
,{
"json_featuretype":"CSV"
,"Registration Date":"2014 09 02"
,"Name of Lobbyist":"Maciej Dembek"
,"Company":"Barnett Dembek Architects Inc"
,"Phone Number":"604-597-7100"
,"Nature of Lobbying":"Architectural Consultant"
,"Client":"T.M. Crest Homes (2007) Ltd."
,"Project No. ":"7914-0258-00"
}
,{
"json_featuretype":"CSV"
,"Registration Date":"2014 09 02"
,"Name of Lobbyist":"Patrick D. Cotter"
,"Company":"ZGF Cotter Architects Inc."
,"Phone Number":"604-272-1477"
,"Nature of Lobbying":"Architectural Consultant"
,"Client":"Surrey City Development Corporation"
,"Project No. ":"7914-0260-00"
}
,{
"json_featuretype":"CSV"
,"Registration Date":"2014 09 03"
,"Name of Lobbyist":"Maciej Dembek"
,"Company":"Barnett Dembek Architects Inc"
,"Phone Number":"604-597-7100"
,"Nature of Lobbying":"Architectural Consultant"
,"Client":"0910638 B.C. Ltd."
,"Project No. ":"7914-0262-00"
}
,{
"json_featuretype":"CSV"
,"Registration Date":"2014 09 03"
,"Name of Lobbyist":"Maciej Dembek"
,"Company":"Barnett Dembek Architects Inc"
,"Phone Number":"604-597-7100"
,"Nature of Lobbying":"Architectural Consultant"
,"Client":"Zenith Development Ltd."
,"Project No. ":"7914-0261-00"
}
,{
"json_featuretype":"CSV"
,"Registration Date":"2014 09 03"
,"Name of Lobbyist":"Sunny Sandher"
,"Company":"Citiwest Consulting Ltd"
,"Phone Number":"604-591-2213"
,"Nature of Lobbying":"Development Consultant"
,"Client":"BATT Development Ltd."
,"Project No. ":"7914-0252-00"
}
,{
"json_featuretype":"CSV"
,"Registration Date":"2014 10 01"
,"Name of Lobbyist":"Lance F. Barnett"
,"Company":"Barnett Dembek Architects Inc"
,"Phone Number":"604-597-7100"
,"Nature of Lobbying":"Architectural Consultant"
,"Client":"Property Owner"
,"Project No. ":"7914-0278-00"
}
,{
"json_featuretype":"CSV"
,"Registration Date":"2014 10 01"
,"Name of Lobbyist":"Lance F. Barnett"
,"Company":"Barnett Dembek Architects Inc"
,"Phone Number":"604-597-7100"
,"Nature of Lobbying":"Architectural Consultant"
,"Client":"Property Owner"
,"Project No. ":"7914-0279-00"
}
,{
"json_featuretype":"CSV"
,"Registration Date":"2014 10 07"
,"Name of Lobbyist":"Michael Helle"
,"Company":"Coastland Engineering & Survey Ltd"
,"Phone Number":"604-532-9700"
,"Nature of Lobbying":"Engineering Consultant"
,"Client":"Property Owner"
,"Project No. ":"7914-0284-00"
}
,{
"json_featuretype":"CSV"
,"Registration Date":"2014 10 07"
,"Name of Lobbyist":"Edward Yuza"
,"Company":"BC Building Science Ltd."
,"Phone Number":"604-520-6456"
,"Nature of Lobbying":"Development Consultant"
,"Client":"The Owners Strata Plan NW2192"
,"Project No. ":"7914-0285-00"
}
,{
"json_featuretype":"CSV"
,"Registration Date":"2014 10 10"
,"Name of Lobbyist":"Greg Mitchell"
,"Company":"PCI Development"
,"Phone Number":"604-331-5238"
,"Nature of Lobbying":"Land Development Consultant"
,"Client":"PCI Developments"
,"Project No. ":"7914-0282-00"
}
,{
"json_featuretype":"CSV"
,"Registration Date":"2014 10 15"
,"Name of Lobbyist":"Lance F. Barnett"
,"Company":"Barnett Dembek Architects Inc"
,"Phone Number":"604-597-7100"
,"Nature of Lobbying":"Architectural Consultant"
,"Client":"Property Owner"
,"Project No. ":"7914-0280-00"
}
,{
"json_featuretype":"CSV"
,"Registration Date":"2014 10 15"
,"Name of Lobbyist":"Oleg Verbenkov"
,"Company":"Pacific Land Resource Group Inc"
,"Phone Number":"604-501-1624"
,"Nature of Lobbying":"Development Consultant"
,"Client":"City of Surrey/SCDC"
,"Project No. ":"7914-0294-00"
}
,{
"json_featuretype":"CSV"
,"Registration Date":"2014 10 15"
,"Name of Lobbyist":"Roger Jawanda"
,"Company":"Citiwest Consulting Ltd"
,"Phone Number":"604-591-2213"
,"Nature of Lobbying":"Development Consultant"
,"Client":"Natt Brothers Homes/Wei Mov"
,"Project No. ":"7914-0295-00"
}
,{
"json_featuretype":"CSV"
,"Registration Date":"2014 10 15"
,"Name of Lobbyist":"Sunny Sandher"
,"Company":"Citiwest Consulting Ltd"
,"Phone Number":"604-591-2213"
,"Nature of Lobbying":"Development Consultant"
,"Client":"0939827 BC Ltd."
,"Project No. ":"7914-0293-00"
}
,{
"json_featuretype":"CSV"
,"Registration Date":"2014 10 15"
,"Name of Lobbyist":"Sunny Sandher"
,"Company":"Citiwest Consulting Ltd"
,"Phone Number":"604-591-2213"
,"Nature of Lobbying":"Development Consultant"
,"Client":"Postmedia Network Inc."
,"Project No. ":"7914-0296-00"
}
,{
"json_featuretype":"CSV"
,"Registration Date":"2014 10 15"
,"Name of Lobbyist":"Rebecca Hordon"
,"Company":"Rising Tide Consultants"
,"Phone Number":"604-314-0176"
,"Nature of Lobbying":"Liquor Consultant"
,"Client":"581947 BC Ltd c/o Tony Singh"
,"Project No. ":"7914-0276-00"
}
,{
"json_featuretype":"CSV"
,"Registration Date":"2014 10 15"
,"Name of Lobbyist":"Eric Pattison"
,"Company":"Pattison Architecture"
,"Phone Number":"604-525-3232"
,"Nature of Lobbying":"Architectural Consultant"
,"Client":"Property Owner"
,"Project No. ":"7914-0288-00"
}
,{
"json_featuretype":"CSV"
,"Registration Date":"2014 10 15"
,"Name of Lobbyist":"Sunny Sandher"
,"Company":"Citiwest Consulting Ltd"
,"Phone Number":"604-591-2213"
,"Nature of Lobbying":"Development Consultant"
,"Client":"Property Owner"
,"Project No. ":"7914-0300-00"
}
,{
"json_featuretype":"CSV"
,"Registration Date":"2014 11 03"
,"Name of Lobbyist":"Maggie Koka"
,"Company":"Aplin & Martin Consultants Ltd"
,"Phone Number":"604-597-9058"
,"Nature of Lobbying":"Engineering Consultant"
,"Client":"Property Owner"
,"Project No. ":"7914-0308-00"
}
,{
"json_featuretype":"CSV"
,"Registration Date":"2014 11 04"
,"Name of Lobbyist":"Oleg Verbenkov"
,"Company":"Pacific Land Resource Group Inc"
,"Phone Number":"604-501-1624"
,"Nature of Lobbying":"Development Consultant"
,"Client":"Property Owner"
,"Project No. ":"7914-0316-00"
}
,{
"json_featuretype":"CSV"
,"Registration Date":"2014 11 04"
,"Name of Lobbyist":"Mike Kompter"
,"Company":"Mike Kompter"
,"Phone Number":"604-572-4328"
,"Nature of Lobbying":"Consultant"
,"Client":"Property Owner"
,"Project No. ":"7914-0314-00"
}
,{
"json_featuretype":"CSV"
,"Registration Date":"2014 11 10"
,"Name of Lobbyist":"John Tierney"
,"Company":"Lark Group"
,"Phone Number":"604-576-2935"
,"Nature of Lobbying":"Land Development Consultant"
,"Client":"South Laurel Lands Development Ltd."
,"Project No. ":"7914-0319-00"
}
,{
"json_featuretype":"CSV"
,"Registration Date":"2014 11 12"
,"Name of Lobbyist":"Sunny Sandher"
,"Company":"Citiwest Consulting Ltd"
,"Phone Number":"604-591-2213"
,"Nature of Lobbying":"Development Consultant"
,"Client":"Property Owner"
,"Project No. ":"7914-0322-00"
}
,{
"json_featuretype":"CSV"
,"Registration Date":"2014 11 12"
,"Name of Lobbyist":"Roger Jawanda"
,"Company":"Citiwest Consulting Ltd"
,"Phone Number":"604-591-2213"
,"Nature of Lobbying":"Development Consultant"
,"Client":"Property Owner"
,"Project No. ":"7914-0323-00"
}
,{
"json_featuretype":"CSV"
,"Registration Date":"2014 11 18"
,"Name of Lobbyist":"Mike Kompter"
,"Company":"Mike Kompter"
,"Phone Number":"604-572-4328"
,"Nature of Lobbying":"Consultant"
,"Client":"Property Owner"
,"Project No. ":"7914-0325-00"
}
,{
"json_featuretype":"CSV"
,"Registration Date":"2014 11 21"
,"Name of Lobbyist":"Mike Kompter"
,"Company":"Mike Kompter"
,"Phone Number":"604-572-4328"
,"Nature of Lobbying":"Consultant"
,"Client":"Property Owner"
,"Project No. ":"7914-0333-00"
}
,{
"json_featuretype":"CSV"
,"Registration Date":"2014 11 21"
,"Name of Lobbyist":"Graham Farstad"
,"Company":"Arlington Group Planning & Architecture"
,"Phone Number":"604-683-1903"
,"Nature of Lobbying":"Planning Development"
,"Client":"1007701 BC Ltd."
,"Project No. ":"7914-0324-00"
}
,{
"json_featuretype":"CSV"
,"Registration Date":"2014 11 21"
,"Name of Lobbyist":"Clarence Arychuk"
,"Company":"Hunter Laird Engineering"
,"Phone Number":"604-528-4651"
,"Nature of Lobbying":"Engineering Consultant"
,"Client":"Property Owner"
,"Project No. ":"7914-0334-00"
}
,{
"json_featuretype":"CSV"
,"Registration Date":"2014 11 25"
,"Name of Lobbyist":"Jeff Banmann"
,"Company":"Jeff Banmann"
,"Phone Number":"604-537-5119"
,"Nature of Lobbying":"Landlord for Chapel By The Sea"
,"Client":"Ban Holdings Ltd., "
,"Project No. ":"7914-0340-00"
}
,{
"json_featuretype":"CSV"
,"Registration Date":"2014 12 01"
,"Name of Lobbyist":"Laura Jones"
,"Company":"Pacific Land Resource Group Inc"
,"Phone Number":"604-501-1624"
,"Nature of Lobbying":"Development Consultant"
,"Client":"Shell Canada Ltd."
,"Project No. ":"7914-0344-00"
}
,{
"json_featuretype":"CSV"
,"Registration Date":"2014 12 02"
,"Name of Lobbyist":"Theresa Rawle"
,"Company":"H. Y. Engineering"
,"Phone Number":"604-583-1616"
,"Nature of Lobbying":"Engineering Consultant"
,"Client":"Property Owner"
,"Project No. ":"7914-0345-00"
}
,{
"json_featuretype":"CSV"
,"Registration Date":"2014 12 02"
,"Name of Lobbyist":"Wojciech Grzybowicz"
,"Company":"WG Architecture Inc"
,"Phone Number":"604-331-2378"
,"Nature of Lobbying":"Architectural Consultant"
,"Client":"Property Owner"
,"Project No. ":"7914-0347-00"
}
,{
"json_featuretype":"CSV"
,"Registration Date":"2014 12 05"
,"Name of Lobbyist":"Mike Kompter"
,"Company":"Mike Kompter"
,"Phone Number":"604-572-4328"
,"Nature of Lobbying":"Consultant"
,"Client":"Property Owner"
,"Project No. ":"7914-0350-00"
}
,{
"json_featuretype":"CSV"
,"Registration Date":"2014 12 05"
,"Name of Lobbyist":"Clarence Arychuk"
,"Company":"Hunter Laird Engineering"
,"Phone Number":"604-525-4651"
,"Nature of Lobbying":"Engineering Consultant"
,"Client":"Property Owner"
,"Project No. ":"7914-0349-00"
}
,{
"json_featuretype":"CSV"
,"Registration Date":"2014 12 08"
,"Name of Lobbyist":"Dexter Hirabe / Clarence Arychuk"
,"Company":"WSP / Hunter Laird Engineering"
,"Phone Number":"604-525-4651"
,"Nature of Lobbying":"Land Development Consultant"
,"Client":"Property Owner"
,"Project No. ":"7914-0298-00"
}
,{
"json_featuretype":"CSV"
,"Registration Date":"2014 12 08"
,"Name of Lobbyist":"Oleg Verbenkov"
,"Company":"Pacific Land Resource Group Inc"
,"Phone Number":"604-501-1624"
,"Nature of Lobbying":"Development Consultant"
,"Client":"Nagina Property Ltd."
,"Project No. ":"7914-0304-00"
}
,{
"json_featuretype":"CSV"
,"Registration Date":"2014 12 08"
,"Name of Lobbyist":"Oleg Verbenkov"
,"Company":"Pacific Land Resource Group Inc"
,"Phone Number":"604-501-1624"
,"Nature of Lobbying":"Development Consultant"
,"Client":"Hopewell Development Corporation"
,"Project No. ":"7914-0337-00"
}
,{
"json_featuretype":"CSV"
,"Registration Date":"2014 12 08"
,"Name of Lobbyist":"Mike Kompter"
,"Company":"Mike Kompter"
,"Phone Number":"604-572-4328"
,"Nature of Lobbying":"Consultant"
,"Client":"Property Owner"
,"Project No. ":"7914-0338-00"
}
,{
"json_featuretype":"CSV"
,"Registration Date":"2014 12 08"
,"Name of Lobbyist":"Kelvin Poon"
,"Company":"Magnum Projects Ltd."
,"Phone Number":"604-569-3900"
,"Nature of Lobbying":"Sales and Marketing Consultant"
,"Client":"Central Surrey Development LP"
,"Project No. ":"7914-0343-00"
}
,{
"json_featuretype":"CSV"
,"Registration Date":"2014 12 08"
,"Name of Lobbyist":"Mike Kompter"
,"Company":"Mike Kompter"
,"Phone Number":"604-572-4328"
,"Nature of Lobbying":"Consultant"
,"Client":"Mortise Construction"
,"Project No. ":"7914-0346-00"
}
,{
"json_featuretype":"CSV"
,"Registration Date":"2014 12 08"
,"Name of Lobbyist":"Steve Forrest / Brent Carlson"
,"Company":"Anthem Properties Group"
,"Phone Number":"604-689-3040"
,"Nature of Lobbying":"Consultant"
,"Client":"Anthem West Clayton Developments Ltd."
,"Project No. ":"7914-0348-00"
}
,{
"json_featuretype":"CSV"
,"Registration Date":"2014 12 08"
,"Name of Lobbyist":"Theresa Rawle"
,"Company":"H. Y. Engineering"
,"Phone Number":"604-583-1616"
,"Nature of Lobbying":"Engineering Consultant"
,"Client":"Property Owner"
,"Project No. ":"7914-0351-00"
}
,{
"json_featuretype":"CSV"
,"Registration Date":"2014 12 08"
,"Name of Lobbyist":"Jesenka Curak"
,"Company":"Bing Thom Architects"
,"Phone Number":"604-682-1881"
,"Nature of Lobbying":"Architectural Consultant"
,"Client":"Bill Rempel, Blackwood Partners Mgmt Corporation"
,"Project No. ":"7914-0356-00"
}
,{
"json_featuretype":"CSV"
,"Registration Date":"2014 12 09"
,"Name of Lobbyist":"Laura Jones"
,"Company":"Pacific Land Resource Group Inc"
,"Phone Number":"604-501-1624"
,"Nature of Lobbying":"Planning Development"
,"Client":"Shell Canada Ltd."
,"Project No. ":"7914-0344-00"
}
,{
"json_featuretype":"CSV"
,"Registration Date":"2014 12 10"
,"Name of Lobbyist":"Ionic Architecture"
,"Company":"Ionic Architecture"
,"Phone Number":"778-571-0618"
,"Nature of Lobbying":"Architectural Consultant"
,"Client":"KJR Developments Ltd."
,"Project No. ":"7914-0358-00"
}
,{
"json_featuretype":"CSV"
,"Registration Date":"2014 12 10"
,"Name of Lobbyist":"Avnash Banwait"
,"Company":"Mainland Engineering"
,"Phone Number":"604-543-8044"
,"Nature of Lobbying":"Engineering Consultant"
,"Client":"Property Owner"
,"Project No. ":"7914-0359-00"
}
,{
"json_featuretype":"CSV"
,"Registration Date":"2014 12 11"
,"Name of Lobbyist":"John Kristianson"
,"Company":"CTA Design Group"
,"Phone Number":"604-736-2554"
,"Nature of Lobbying":"Architectural/Engineering Consultant"
,"Client":"0964377 B.C. Ltd."
,"Project No. ":"7914-0360-00"
}
,{
"json_featuretype":"CSV"
,"Registration Date":"2014 12 12"
,"Name of Lobbyist":"John E Kristianson"
,"Company":"CTA Design Group"
,"Phone Number":"604-736-2554"
,"Nature of Lobbying":"Architectural/Engineering "
,"Client":"Wales McLelland Construction"
,"Project No. ":"7914-0361-00"
}
,{
"json_featuretype":"CSV"
,"Registration Date":"2014 12 15"
,"Name of Lobbyist":"Lance F. Barnett"
,"Company":"Barnett Dembek Architects Inc"
,"Phone Number":"604-597-7100"
,"Nature of Lobbying":"Architectural Consultant"
,"Client":"Property Owner"
,"Project No. ":"7914-0363-00"
}
,{
"json_featuretype":"CSV"
,"Registration Date":"2014 12 15"
,"Name of Lobbyist":"Avnash Banwait/Rajeev Mangla"
,"Company":"Mainland Engineering"
,"Phone Number":"604-543-8044"
,"Nature of Lobbying":"Land Development Consultant"
,"Client":"Property Owner"
,"Project No. ":"7914-0364-00"
}
,{
"json_featuretype":"CSV"
,"Registration Date":"2014 12 16"
,"Name of Lobbyist":"Michael Helle"
,"Company":"Coastland Engineering & Survey Ltd"
,"Phone Number":"604-532-9700"
,"Nature of Lobbying":"Engineering Consultant"
,"Client":"Property Owner"
,"Project No. ":"7914-0366-00"
}
]