FACILITYID,ROAD_NAME,AADT_2009,AADT_2014
1000972484,184 St,4800,6100
1000972556,76 Ave,0,2800
1000972732,Grosvenor Rd,4000,4000
1000976216,100 Ave,7500,9500
1000982296,16 Ave,14200,12500
1000979773,196 St,0,3800
1000979862,Crescent Rd,8300,7600
1000980147,64 Ave,26500,23300
1000980187,60 Ave,10600,9100
1000980242,64 Ave,26500,21900
1000979439,84 Ave,11300,11200
1000979554,64 Ave,21100,17800
1000972852,75A Ave,12700,7400
1000972887,122 St,0,2800
1000981893,156 St,11800,11100
1000984595,King George Blvd,44400,41800
1000977222,152 St,25300,29800
1000979789,60 Ave,4100,5400
1000979597,120 St,32500,28900
1000979624,82 Ave,5500,5400
1000981998,80 Ave,4400,5800
1000982095,168 St,1200,1400
1000982139,104 Ave,32800,28600
1000978353,108 Ave,6800,7500
1000978371,Crescent Rd,10900,14100
1000980748,152 St,19500,16300
1000981148,28 Ave,0,800
1000973615,16 Ave,11400,9100
1000976143,Highway 10 (58 Ave),29900,35000
1000976222,100 Ave,0,2700
1000985424,66 Ave,0,3900
1000985474,68 Ave,7900,8000
1000978802,132 St,14000,12900
1000974644,No 1 Hwy,120000,110000
1000981239,88 Ave,35700,33400
1000981242,152 St,32800,30700
1000984262,100 Ave,0,2700
1000984301,144 St,0,4700
1000984360,76 Ave,2600,5300
1000984380,60 Ave,10600,11600
1000982395,92 Ave,0,6100
1000982614,88 Ave,8700,7000
1000982683,152 St,33000,25800
1000972527,100 Ave,0,2700
1000980777,96 Ave,26900,22000
1000981010,184 St,8500,8100
1000974853,108 Ave,24800,23500
1000972961,32 Ave,0,6100
1000980188,92 Ave,0,5000
1000980208,96 Ave,14900,15000
1000980407,102A Ave,0,7200
1000980522,Country Woods Dr,0,500
1000979151,Highway 15,6400,0
1000973600,Golden Ears Way,14900,0
1000978394,108 Ave,6800,7500
1000975288,140 St,2700,6800
1000982464,Highway 15,6400,0
1000985361,Highway 15,6400,0
1000981714,111 Ave,0,3200
1000981139,80 Ave,4400,5800
1000981367,192 St,3500,3300
1000983990,64 Ave,0,20800
1000983802,King George Blvd,20100,19800
1000975392,111 Ave,0,3200
1000975465,100 Ave,0,2700
1000975502,120 St,31700,33100
1000981853,80 Ave,6200,5500
1000977325,186 St,0,3900
1000977337,128 St,21200,21500
1000984040,84 Ave,4600,3900
1000984058,Martin Dr,0,7700
1000979365,134 St,0,3900
1000979398,Barnston Dr E,0,2100
1000979457,76 Ave,2600,5300
1000972855,104 Ave,22500,9500
1000972916,104 Ave,29000,23600
1000972924,King George Blvd,33800,35500
1000973017,80 Ave,4400,5800
1000975556,124 St,8100,10100
1000975605,128 St,0,7900
1000983696,144 St,0,3700
1000983702,138 St,11800,12200
1000977618,24 Ave,6800,7500
1000977653,84 Ave,12400,12600
1000973164,192 St,0,4100
1000979546,8 Ave,0,5800
1000975335,156 St,0,600
1000975416,16 Ave,13400,13300
1000982620,92 Ave,0,6100
1000983978,184 St,2800,3200
1000984052,80 Ave,17100,21800
1000979629,New Mclellan Rd,2400,2600
1000973552,160 St,19000,19400
1000973589,154 St,8100,7700
1000973659,108 Ave,24800,23500
1000981789,152 St,16100,24900
1000981872,24 Ave,6800,7500
1000975671,King George Blvd,30100,33600
1000980764,92 Ave,0,4300
1000983911,148 St,9800,9100
1000980266,124 St,8800,9100
1000978545,156 St,0,4500
1000978657,Grosvenor Rd,4000,4000
1000979057,120 St,27300,25400
1000985218,92 Ave,0,5000
1000985223,102 Ave,0,8500
1000984810,148 St,6400,5400
1000984928,76 Ave,0,2800
1000977679,192 St,4400,4000
1000973717,144 St,15100,16000
1000973919,24 Ave,12700,20300
1000974119,132 St,14400,13000
1000977491,20 Ave,4500,5000
1000977871,Hansen Rd,9300,10800
1000979682,Marine Dr,0,1800
1000979743,130 St,0,3300
1000979878,124 St,6300,6900
1000979945,124 St,0,2100
1000979834,126 St,0,2800
1000974134,156 St,8000,12700
1000974192,No 1 Hwy,93000,79000
1000973774,154 St,7400,7700
1000973828,Highway 15,10000,10000
1000974024,82 Ave,6000,8800
1000974202,160 St,6400,10200
1000973379,88 Ave,32300,29900
1000973396,60 Ave,12300,11400
1000973443,120 St,27300,25400
1000975717,156 St,7600,9100
1000975665,Highway 10 (56 Ave),26900,35000
1000975925,96 Ave,14900,13200
1000975944,88 Ave,35700,38200
1000981848,100 Ave,15300,17000
1000981953,156 St,10100,10400
1000981968,King George Blvd,36200,33900
1000982400,134 St,0,3000
1000974816,152 St,20000,25000
1000975281,196 St,0,3800
1000980638,148 St,5000,6100
1000980768,76 Ave,2600,7600
1000973578,70 Ave,2700,6800
1000973674,180 St,1800,2400
1000973715,160 St,7100,9600
1000973767,20 Ave,2000,1800
1000982890,Crescent Rd,5900,5700
1000983510,104 Ave,0,8000
1000983976,134 St,0,3900
1000977238,156 St,7600,9100
1000977449,No 1 Hwy,77400,77000
1000977518,160 St,6400,10200
1000975279,64 Ave,28400,26300
1000983170,68 Ave,0,3900
1000979688,192 St,3500,3300
1000982334,24 Ave,14900,24400
1000982441,84 Ave,0,5600
1000983044,92 Ave,0,4300
1000983253,156 St,11800,11100
1000975405,160 St,18700,17600
1000985010,24 Ave,2200,0
1000985018,108 Ave,24800,23500
1000985042,105 Ave,0,4200
1000979745,156 St,13500,12400
1000980105,Harvie Rd,3900,9200
1000977559,124 St,2500,2600
1000978944,168 St,9600,8100
1000979082,124 St,6300,6900
1000979119,192 St,8700,7600
1000979163,140 St,15500,17000
1000979177,King George Blvd,33900,36000
1000979183,156 St,8000,12700
1000979220,68 Ave,3600,3700
1000979241,104 Ave,22500,9500
1000979265,Highway 10 (58 Ave),29900,35000
1000985374,100 Ave,15100,16900
1000985509,184 St,11400,11900
1000985640,20 Ave,2000,1800
1000977652,156 St,9200,9200
1000977932,64 Ave,28200,28000
1000978003,76 Ave,2600,7600
1000975400,124 St,8100,10100
1000975547,104 Ave,0,8000
1000975568,104 Ave,8800,8300
1000975591,132 St,14000,12900
1000975642,King George Blvd,38500,42100
1000977666,84 Ave,0,5600
1000977692,112 Ave,9300,10800
1000974305,160 St,6400,10200
1000974314,144 St,15600,8600
1000974440,140 St,15500,17700
1000974501,134 St,0,3900
1000983448,Colebrook Rd,0,1000
1001580502,King George Blvd,25400,21800
1001580507,60 Ave,4100,5400
1000982405,104 Ave,29000,23600
1000982499,144 St,0,3700
1000982518,Bentley Rd,0,400
1000982561,96 Ave,25800,20400
1000984231,24 Ave,8000,6400
1000984259,152 St,29700,34500
1000975012,58 Ave,0,2800
1000978721,132 St,15800,12000
1000979066,Highway 10 (56 Ave),26900,35000
1000979462,Scott Rd,27300,24500
1000978752,King George Blvd,25400,21800
1000978891,96 Ave,14900,13200
1000978996,64 Ave,30400,26400
1000972920,Old Yale Rd,0,6300
1000980968,82 Ave,5500,5400
1000974820,120 St,23400,29300
1000974892,Highway 15,10000,10000
1000975059,108 Ave,6800,7500
1000974299,Colebrook Rd,0,1000
1000974302,132 St,10600,10300
1000974817,192 St,0,2000
1000979136,Highway 10 (56 Ave),29400,33000
1000979152,168 St,9800,20900
1000979231,64 Ave,28200,30900
1000974341,60 Ave,10700,11300
1000974431,40 Ave,1100,2000
1000974438,154 St,7400,7700
1000981195,Scott Rd,37100,36300
1000976933,96 Ave,14900,13200
1000977050,184 St,4800,5700
1000982911,76 Ave,2600,5300
1000983049,128 St,13000,14900
1000983134,Crescent Rd,8300,7600
1000983267,Harvie Rd,3900,9200
1000983366,102 Ave,0,8500
1000983675,Grosvenor Rd,4000,4000
1000983875,108 Ave,0,4900
1000983920,32 Ave,0,6100
1000977384,126 St,0,2800
1000972995,24 Ave,6800,7500
1000973416,184 St,900,0
1000979212,76 Ave,2600,5300
1000979390,128 St,21200,16800
1000979419,134 St,0,4700
1000978398,144 St,15100,15400
1000984596,80 Ave,4400,2500
1000984652,20 Ave,1200,900
1000979482,98 Ave,0,4900
1000979538,King George Blvd,33900,36000
1000979541,100 Ave,0,4700
1000979623,144 St,0,3700
1000979680,60 Ave,10700,11300
1000979506,Highway 10 (56 Ave),26900,35000
1000975928,Panorama Dr,0,5800
1000979316,68 Ave,3600,3700
1000979475,136 St,0,400
1000979294,96 Ave,14100,12100
1000979389,188 St,3900,4600
1000975089,132 St,15800,21300
1000975501,92 Ave,0,6200
1000975037,Whalley Blvd,0,9900
1000975039,108 Ave,24800,23500
1000975403,University Dr,0,6600
1000979553,104 Ave,0,8000
1000975020,150 St,0,9700
1000975064,32 Ave,20500,21300
1000975110,128 St,17400,27300
1000981753,148 St,5700,10000
1000981808,122 St,0,2800
1000977602,108 Ave,6800,7500
1000975563,64 Ave,21100,17800
1000983763,177B St,0,5400
1000983844,168 St,15200,12500
1000984011,140 St,11400,11500
1000984094,No 1 Hwy,93000,79000
1000984484,Harvie Rd,3900,9200
1000975564,144 St,15600,8600
1000984933,128 St,17400,19400
1000985029,108 Ave,21400,19800
1001131542,Highway 10 (56 Ave),26900,35000
1001132270,168 St,9800,20900
1001132927,24 Ave,14900,13200
1001132945,160 St,7100,9600
1000981800,152 St,29700,34500
1001147714,Whalley Blvd,0,7900
1001561552,Fraser Hwy,27000,30900
1001561559,Fraser Hwy,27000,30900
1001561544,Fraser Hwy,27000,30900
1001561545,Fraser Hwy,27000,30900
1001561546,Fraser Hwy,24400,27900
1001561547,Fraser Hwy,24400,27900
1001561548,Fraser Hwy,28100,26900
1001561549,Fraser Hwy,28100,26900
1001561551,Fraser Hwy,34200,34200
1001077105,144 St,15600,8600
1001187124,138 St,11800,12200
1001188717,104 Ave,0,8000
1001215681,168 St,15200,12500
1000983820,168 St,15200,12500
1000983825,124 St,8800,6600
1000983975,80 Ave,4400,5800
1000984030,102 Ave,0,8500
1000984083,60 Ave,0,4800
1001154670,University Dr,0,4200
1001726444,168 St,3100,3200
1001726445,168 St,3100,3200
1000981986,20 Ave,1200,900
1000982361,104 Ave,32100,28000
1001157592,168 St,9800,20900
1001157794,Green Timbers Way,0,2600
1001561553,Fraser Hwy,27000,30900
1001561554,Fraser Hwy,28100,26900
1001135130,Croydon Dr,0,7100
1001135366,60 Ave,0,4700
1001149410,68 Ave,0,12700
1001151245,192 St,0,4100
1001152391,20 Ave,2000,1800
1001561555,Fraser Hwy,35300,39600
1001561556,Fraser Hwy,34900,42100
1001561557,Fraser Hwy,35300,39600
1001561558,Fraser Hwy,27600,26100
1001561560,Fraser Hwy,35300,39600
1001561561,Fraser Hwy,34200,34200
1001561563,Fraser Hwy,34200,38000
1001194042,16 Ave,12900,10900
1001195910,148 St,5000,6100
1001216551,194 St,0,2600
1001712535,60 Ave,4100,5400
1001713713,192 St,11000,8100
1001715059,60 Ave,12300,11400
1000984588,168 St,9600,8000
1000984746,92 Ave,0,4300
1001173071,Golden Ears Way,14900,13200
1001176434,188 St,3900,4600
1001561752,192 St,11000,8100
1001561753,192 St,11000,8100
1001561754,40 Ave,1100,0
1000983569,192 St,11000,8100
1000980741,University Dr,0,6600
1000977720,88 Ave,25000,22400
1000976122,40 Ave,1400,1700
1000976188,16 Ave,12900,10900
1000976325,124 St,8100,10100
1000976346,King George Blvd,33900,32900
1000976391,124 St,8800,9100
1000978386,108 Ave,0,4900
1000978611,128 St,0,7900
1000978719,72 Ave,20400,14600
1000979215,80 Ave,17100,15300
1000980622,20 Ave,4500,5000
1000980665,168 St,4800,6000
1000980735,164 St,1300,0
1000973931,140 St,8800,7900
1000985286,68 Ave,7900,8000
1000985308,128 St,17400,27300
1000985325,82 Ave,6000,8800
1000973850,164 St,1300,0
1000974103,80 Ave,13200,13400
1000974150,148 St,9800,9100
1000974339,160 St,18700,17600
1000975833,160 St,0,3100
1000976294,No 1 Hwy,120000,110000
1000983780,72 Ave,20400,17800
1000984013,140 St,6600,6300
1000979443,82 Ave,6000,8800
1000979653,142 St,0,2400
1000973398,72 Ave,20400,17800
1000973441,88 Ave,8700,7000
1000973537,123A St,0,1100
1000973793,168 St,9600,8000
1000973900,104 Ave,22500,9500
1000973985,144 St,15100,16000
1000975871,128 St,14300,15400
1000975975,152 St,20000,25300
1000982597,132 St,18000,17200
1000982759,Barnston Dr E,0,2700
1000983003,Crescent Rd,8300,7600
1000980541,72 Ave,31900,29600
1000980562,148 St,0,11300
1000980656,Grosvenor Rd,4000,4000
1000980686,Highway 10 (58 Ave),29900,35000
1000982937,144 St,3900,2500
1000982962,King George Blvd,36200,33900
1000983220,184 St,6600,9100
1000983276,New Mclellan Rd,2400,2600
1000983292,132 St,7900,0
1000985291,8 Ave,0,5800
1000985320,88 Ave,35700,33400
1000985388,60 Ave,4100,5400
1000985490,140 St,12400,13300
1000985563,92 Ave,0,5000
1000978083,104 Ave,6600,5800
1000978243,168 St,9600,8000
1000978458,134 St,0,4700
1000976580,148 St,5700,10000
1000976627,128 St,0,1800
1000976669,88 Ave,13600,12800
1000976678,120 St,34100,32100
1000979415,134 St,0,5000
1000979428,32 Ave,9600,9500
1000979500,University Dr,0,4200
1000979518,188 St,7700,9800
1000980987,134 St,0,2700
1000981152,City Parkway,0,2300
1000981331,156 St,10100,10400
1000981355,32 Ave,14100,16700
1000974747,172 St,1900,3100
1000984245,24 Ave,11600,11800
1000985653,172 St,1900,3100
1000972478,130 St,2400,2500
1000974459,128 St,9100,7700
1000974637,120 St,31700,33100
1000974639,124 St,7000,7500
1000974796,84 Ave,4600,3900
1000976543,104 Ave,31900,28300
1000976699,108 Ave,11200,11000
1000982423,100 Ave,15100,16900
1000982773,128 St,22400,26900
1000984788,King George Blvd,36200,33900
1000984893,156A St,0,1700
1000984948,84 Ave,3400,3900
1000985105,84 Ave,0,5600
1000985139,168 St,4700,2400
1000985267,120 St,36400,33900
1000985404,168 St,3100,3200
1000985456,132 St,10600,10300
1000985488,104 Ave,32800,31500
1000985542,Fraser Hwy,22600,22900
1000982232,76 Ave,14900,17000
1000977919,Marine Dr,0,1800
1000976880,194 St,0,6100
1000977029,32 Ave,0,4000
1000977093,96 Ave,25800,20400
1000977106,168 St,4700,2400
1000977237,Panorama Dr,0,5800
1000980178,84 Ave,9900,8400
1000980278,168 St,5100,5600
1000985600,Highway 10 (56 Ave),29400,33000
1000985608,142 St,0,2000
1000978465,84 Ave,12400,12600
1000978478,Colebrook Rd,6600,1900
1000974531,156 St,7600,9100
1000974600,40 Ave,1100,2000
1000978231,152 St,33000,25800
1000978253,Highway 15,10000,10000
1000978378,104 Ave,29000,24900
1000972481,84 Ave,12400,12600
1000973602,Barnston Dr E,0,2100
1000973616,180 St,1800,2400
1000973773,184 St,4800,5000
1000973939,Highway 10 (58 Ave),29900,35000
1000974036,140 St,15500,17000
1000974075,104 Ave,32100,28000
1000974145,152 St,16100,24900
1000974133,34 Ave,0,1000
1000974709,122 St,0,2800
1000983321,16 Ave,11400,9100
1000983378,152 St,20000,25300
1000974175,104 Ave,22500,11600
1000974259,King George Blvd,44400,41800
1000972515,192 St,0,4100
1000972761,104 Ave,32800,28600
1000972792,32 Ave,9600,9500
1000982836,68 Ave,7900,9200
1000978651,Nordel Way,38600,36000
1000978903,108 Ave,24800,23500
1000977462,Colebrook Rd,6600,1900
1000977643,16 Ave,12900,12500
1000977802,148 St,5000,6100
1000983936,Colebrook Rd,6600,6200
1000979170,160 St,6300,6200
1000972845,104 Ave,29000,23600
1000972797,72 Ave,32200,30000
1000983836,Highway 10 (56 Ave),0,35000
1000975346,100 Ave,0,2700
1000985143,Highway 10,29900,35000
1000973827,No 99 Hwy,8800,15000
1000983486,Barnston Dr E,0,2700
1000983912,100 Ave,15100,16900
1000984025,16 Ave,13400,11300
1000973426,32 Ave,14100,12200
1000973822,Highway 10 (56 Ave),26900,35000
1000973824,196 St,0,4000
1000977756,180 St,3700,4100
1000983464,132 St,10500,10800
1000976231,144 St,0,4000
1000976307,24 Ave,6800,7500
1000976516,128 St,13000,14900
1000976527,76 Ave,12700,2800
1000972709,120 St,36400,38400
2000048365,192 St,8700,7600
2000048367,Fraser Hwy,24400,27900
1000985585,104 Ave,0,8000
1000979456,92 Ave,0,4300
1000979635,100 Ave,15100,16900
1000979693,152 St,39500,34000
1000979900,No 99 Hwy,22800,62000
1000972763,128 St,14300,15400
1000972953,96 Ave,0,10800
1000973085,138 St,11800,12400
1000975939,144 St,12400,15500
1000974088,164 St,1300,0
1000982194,104 Ave,22500,11600
1000982265,96 Ave,19500,18900
1000978236,184 St,4800,6100
1000984825,156 St,11800,11100
1000980945,28 Ave,0,800
1000981134,184 St,6600,9100
1000981150,168 St,15200,12500
1000981210,76 Ave,14900,14400
1000981281,88 Ave,8700,7000
1000974210,188 St,7700,9800
1000978540,120 St,27300,25400
1000978804,King George Blvd,33900,32900
1000978857,152 St,29700,33400
1000976567,96 Ave,26900,23700
1000977884,132 St,7900,0
1000978193,16 Ave,13400,11300
1000983799,120 St,27300,24500
1000983858,112 Ave,9300,10800
1000983892,123A St,0,1100
1000984114,126 St,0,4000
1000984194,24 Ave,14900,13200
1000979912,160 St,6300,6200
1000976715,128 St,9300,8400
1000976773,88 Ave,38600,35000
1000976815,192 St,14600,15200
1000978349,64 Ave,23400,24800
1000974552,154 St,8100,7700
1000974579,84 Ave,12400,12600
1000980426,64 Ave,28400,26100
1000980523,72 Ave,29600,37400
1000973526,60 Ave,10600,11600
1000983367,80 Ave,17100,15300
1000983391,Colebrook Rd,6600,6200
1000976458,72 Ave,0,5300
1000976640,132 St,14400,13000
1000976805,88 Ave,25000,22400
1000982741,68 Ave,7900,9200
1000982781,Old Yale Rd,0,5300
1000982830,132 St,18000,17200
1000982859,80 Ave,4400,2500
1000981631,144 St,3900,2500
1000981642,140 St,17300,17200
1000974977,16 Ave,14200,12500
1000979206,68 Ave,0,6600
1000979332,126 St,0,4000
1000982307,156 St,0,11000
1000978368,28 Ave,0,800
1000978423,60 Ave,0,2400
1000978770,104 Ave,0,8000
1000977132,152 St,20000,25300
1000973458,Scott Rd,33600,28900
1000982850,154 St,0,6100
1000985441,156A St,0,1700
1000985568,132 St,10600,10300
1000983622,148 St,0,11300
1000981677,156 St,8000,12700
1000974896,88 Ave,38600,35000
1000974955,156 St,13500,12400
1000975045,168 St,9600,8100
1000981508,Whalley Blvd,0,7900
1000981646,24 Ave,6800,7500
1000981708,152 St,25300,29800
1000983901,148 St,11200,10300
1000983953,188 St,0,6500
1000984158,152 St,25300,29800
1000979297,Country Woods Dr,0,500
1000979363,168 St,3100,3200
1000981644,128 St,9100,7700
1000981683,154 St,8100,7700
1000981844,20 Ave,5600,6300
1000981906,76 Ave,2600,5300
1000981951,No 1 Hwy,93000,79000
1000984264,76 Ave,2600,5300
1000977340,132 St,10600,10300
1000979454,Highway 15,11500,14000
1000979489,154 St,0,6100
1000978275,154 St,10300,12200
1000980101,108 Ave,0,4900
1000980110,64 Ave,0,20800
1000980239,Fraser Hwy,19500,28000
1000980288,160 St,6400,0
1000980291,68 Ave,3600,2500
1000973410,132 St,16200,15300
1000973672,96 Ave,26900,22000
1000973792,108 Ave,6000,6900
1000975710,140 St,18000,18700
1000975751,96 Ave,14900,15000
1000975756,168 St,4700,2400
1000972706,104 Ave,32800,28600
1000973492,No 1 Hwy,93000,79000
1000973533,96 Ave,14100,12100
1000973574,126 St,0,4000
1000975685,King George Blvd,47100,55700
1000975744,142 St,0,2400
1000975761,148 St,5700,10000
1000983101,60 Ave,0,4700
1000983505,128 St,6300,7100
1000983590,168 St,15200,12500
1000981904,126 St,0,4000
1001156798,28 Ave,0,1600
1000981387,68 Ave,7900,8000
1000979740,King George Blvd,20100,19800
1000979928,88 Ave,25000,22400
1000980205,76 Ave,12700,2800
1000980275,192 St,9400,9800
1000975593,104 Ave,31900,24600
1000975667,108 Ave,33800,23200
1000982063,Crescent Rd,5900,5700
1000982353,152 St,33000,25800
1000982433,144 St,15100,15400
1000980171,168 St,9800,20900
1000980405,20 Ave,8400,7200
1001756109,Fraser Hwy,22600,14300
1000982163,24 Ave,6800,7500
1000984888,172 St,1900,3100
1000985197,148 St,15800,9000
1000984410,68 Ave,3600,2500
1000972702,104 Ave,6600,5800
1001736474,192 St,11000,8100
1001171645,196 St,0,4000
1001561564,Fraser Hwy,24400,27900
1001561565,Fraser Hwy,28100,26900
1001740974,164 St,1300,0
1001141156,180 St,0,900
1001141157,180 St,0,900
1001142464,152 St,25300,29800
1001142551,40 Ave,1400,1700
1001432805,No 1 Hwy,93000,79000
1001432824,No 1 Hwy,77400,77000
1001432830,No 1 Hwy,77400,77000
1001432834,No 1 Hwy,77400,77000
1001561566,Fraser Hwy,34900,40600
1001561568,Fraser Hwy,34900,40600
1001561571,Fraser Hwy,25500,29300
1001561572,Fraser Hwy,34900,42100
1001561573,Fraser Hwy,34900,43900
1001561574,Fraser Hwy,28100,26900
1001561577,Fraser Hwy,25500,29300
1001561578,Fraser Hwy,25500,29300
1001199484,160 St,14700,12300
1001201193,148 St,5700,10000
1001204377,28 Ave,0,800
1001218200,Guildford Dr,10300,12200
1001218202,Ferguson Div,33000,20800
1001356828,92 Ave,0,5000
1001356856,140 St,15500,18600
1001581304,104 Ave,6600,5800
1001746612,104 Ave,6600,5800
1000982676,Whalley Blvd,0,7900
1001583409,56 Ave,0,2200
1000979528,Fraser Hwy,22600,14300
1001205560,20 Ave,2000,1800
1000982842,King George Blvd,20100,22700
1000983024,24 Ave,12700,20300
1001745904,152 St,33000,25800
1001740975,164 St,1300,0
1001740981,24 Ave,14900,13600
1001741041,120 St,31700,29600
1001742947,24 Ave,8000,5900
1000975973,68 Ave,0,2000
1001120166,4 Ave,0,1100
1001120807,148 St,7300,6200
1001146853,96 Ave,0,10800
1001434092,192 St,0,7200
1001560031,152 St,16100,21550
1001746663,192 St,3900,9200
1001750514,City Parkway,0,2300
1001209115,142 St,0,2000
1001209692,28 Ave,0,800
1001210849,64 Ave,21100,19500
1001359973,96 Ave,14100,12100
1001405422,184 St,6600,6600
1001750530,King George Blvd,33900,32900
1000978605,King George Blvd,30100,23300
1000983586,128 St,21200,16800
1000983597,No 99 Hwy,8800,15000
1001719448,32 Ave,14000,15100
1000981363,16 Ave,11400,9100
1000981461,Croydon Dr,0,7100
1000981483,144 St,12400,15500
1000981690,72 Ave,33800,31000
1001561542,Fraser Hwy,27000,30900
1001561543,Fraser Hwy,34200,34200
1000985357,56 Ave,0,2200
1000985406,132 St,14400,13000
1000985449,144 St,15100,16000
1000985572,148 St,11200,10300
1000985678,160 St,7100,9600
1000976806,84 Ave,12400,12600
1000984319,108 Ave,11200,11000
1000984332,123A St,0,1100
1000984431,144 St,15600,8600
1000983052,128 St,10800,12200
1000980449,64 Ave,25800,27300
1000980580,120 St,14200,16600
1000980625,76 Ave,2600,7600
1000980821,72 Ave,20400,14600
1000974490,108 Ave,11200,14000
1000974588,128 St,10800,12200
1000974640,130 St,2400,2500
1000976813,64 Ave,26500,21900
1000977108,68 Ave,11800,12400
1000972541,Highway 10 (58 Ave),29900,35000
1001156796,28 Ave,0,1600
1000981184,156 St,11800,11100
1000981309,Crescent Rd,8300,7600
1000981327,100 Ave,7500,9500
1000981405,No 99 Hwy,8800,15000
1000981414,24 Ave,14900,24400
1000983508,148 St,7300,6200
1000983663,140 St,15500,17000
1000972635,King George Blvd,44400,41100
1000972846,King George Blvd,37100,79800
1000974850,132 St,10600,10300
1000977301,192 St,14600,15200
1000977405,148 St,11200,10300
1000977415,144 St,15600,8600
1000977421,24 Ave,6800,7500
1000979681,24 Ave,14900,13600
1000979700,108 Ave,6000,6900
1000979872,University Dr,0,5300
1000979927,100 Ave,15100,16600
1000981416,Harvie Rd,3900,3100
1000981445,King George Blvd,0,10500
1000981447,132 St,14000,12900
1000975079,128 St,10800,12200
1000975123,148 St,16600,14600
1000975240,0 Ave,0,1500
1000973003,150 St,0,9700
1000974941,128 St,10800,0
1000974984,Highway 10,29900,35000
1000972901,16 Ave,11400,10000
1000982305,132 St,14000,12900
1000972486,96 Ave,17400,17700
1000982264,134 St,0,3000
1000983555,Old Yale Rd,12200,13300
1000983559,168 St,4700,2400
1000984178,104 Ave,29000,23600
1000984214,120 St,27300,25400
1000976200,108 Ave,33800,20800
1000973028,82 Ave,6000,8800
1000973069,120 St,27300,28900
1000980340,64 Ave,26500,23300
1000982530,16 Ave,13400,11300
1000982563,128 St,25800,26400
1000982566,180 St,1800,2400
1000977137,68 Ave,7900,10400
1000984265,124 St,8800,6600
1000978953,76 Ave,12700,2800
1000974285,Highway 10,29900,35000
1000976301,172 St,0,4100
1000983830,148 St,19500,14600
1000976317,96 Ave,19500,18700
1000974345,0 Ave,0,1500
1001757399,68 Ave,0,2000
1001757400,68 Ave,0,2000
1000983744,0 Ave,0,1500
1000979499,0 Ave,0,1500
1000974906,0 Ave,0,1500
1000977841,0 Ave,0,1500
1000981457,184 St,900,0
1001780863,192 St,0,2000
1000977691,192 St,0,2000
1001561567,Fraser Hwy,27600,26100
1000983270,144 St,0,4700
1000976315,72 Ave,0,600
1000973157,124 St,8800,9100
1001561562,Fraser Hwy,27600,30300
1001561550,Fraser Hwy,27600,34200
1000976119,68 Ave,0,6500
1000977228,68 Ave,0,2000
1000976624,96 Ave,26900,25600
1000976645,172 St,1900,3100
1000976649,152 St,25300,29800
1000976876,132 St,10500,10800
1000977833,108 Ave,24800,23500
1000977840,103 Ave,0,800
1000976136,103 Ave,0,800
1000976145,Grosvenor Rd,4000,4000
1000976154,Bentley Rd,0,400
1000976160,184 St,4800,5300
1000976165,132 St,10500,10800
1000976384,128 St,25800,26400
1000976388,36 Ave,0,2900
1000976389,124 St,8100,10100
1000977339,68 Ave,6900,6900
1000977585,96 Ave,17400,16400
1000977591,Old Yale Rd,0,6300
1000977597,20 Ave,1200,900
1000977599,132 St,15800,13800
1000977614,140 St,8800,7900
1000978592,92 Ave,0,22300
1000974016,188 St,3900,4600
1000974022,122 St,0,2800
1000977074,128 St,14300,11900
1000977360,148 St,7300,6200
1000977379,Boundary Dr E,2500,2600
1000978379,80 Ave,13200,13400
1000974044,88 Ave,32300,27300
1000978092,King George Blvd,0,10500
1000979044,132 St,7900,8200
1000978401,36 Ave,0,2900
1000978444,168 St,4700,2400
1000975681,108 Ave,21300,23300
1000975719,24 Ave,14900,13200
1000976651,138 St,11800,12400
1000976658,Whalley Blvd,0,9900
1000975046,172 St,0,2100
1000975047,76 Ave,2600,7600
1000973007,84 Ave,0,6100
1000973015,177B St,0,5400
1000979059,148 St,0,11300
1000979060,32 Ave Div,19400,20800
1000979061,132 St,18000,17200
1000979070,84 Ave,12800,13000
1000979074,140 St,8800,7900
1000979084,140 St,17300,17200
1000976673,168 St,1200,1400
1000976677,92 Ave,0,300
1000976680,152 St,39500,34000
1000976710,68 Ave,0,6600
1000976726,20 Ave,4500,5000
1000977626,Colebrook Rd,6600,6200
1000975931,128 St,0,1800
1000975934,188 St,0,6500
1000975935,68 Ave,3600,2500
1000976191,20 Ave,1200,900
1000976202,180 St,3700,4100
1000976217,104 Ave,8800,8300
1000976232,148 St,11200,10300
1000976237,Whalley Blvd,0,7900
1000976244,148 St,7300,6200
1000976420,152 St,16500,17300
1000976423,20 Ave,8400,7200
1000976445,160 St,18700,17600
1000977402,Fleetwood Way,0,3700
1000977647,184 St,2200,2200
1000977658,152 St,25300,29800
1000978643,156 St,11800,11100
1000978647,96 Ave,25800,20400
1000978659,Highway 10 (58 Ave),29900,35000
1000976920,Grosvenor Rd,4000,4000
1000976931,88 Ave,25000,17000
1000976947,20 Ave,8400,7200
1000977159,132 St,15800,13800
1000977169,24 Ave,12700,20300
1000977171,192 St,6700,4800
1000977202,88 Ave,8700,7000
1000977204,16 Ave,12900,15000
1000978144,92 Ave,0,4300
1000977412,84 Ave,12400,12600
1000977413,144 St,3900,2500
1000977422,124 St,2500,2600
1000978451,92 Ave,0,4300
1000978681,Grosvenor Rd,4000,4000
1000978690,180 St,1800,2400
1000975721,King George Blvd,20100,19800
1000975726,120 St,23400,23900
1000977901,96 Ave,14900,13200
1000977955,University Dr,0,8600
1000978826,148 St,11200,10300
1000978166,132 St,7900,8200
1000978456,King George Blvd,30100,33600
1000978481,148 St,9800,9100
1000978482,150 St,0,9700
1000979174,80 Ave,4400,5800
1000975774,76 Ave,0,2800
1000975783,122 St,0,2800
1000976735,Martin Dr,0,7700
1000978841,80 Ave,17100,15300
1000978858,Whalley Blvd,0,9500
1000979200,King George Blvd,30100,33600
1000979218,88 Ave,25000,17000
1000976453,New Mclellan Rd,2400,2600
1000976461,100 Ave,0,2100
1000976740,144 St,3900,0
1000976775,180 St,3700,4100
1000977703,154 St,8100,7700
1000976005,64 Ave,24700,24200
1000976039,144 St,0,4000
1000976049,105 Ave,0,4200
1000976059,84 Ave,11300,11200
1000976283,76 Ave,2600,7600
1000976296,New Mclellan Rd,2400,2600
1000977206,104 Ave,6600,5800
1000977212,140 St,15500,16300
1000979107,Highway 10 (Langley ByPass),29400,33000
1000973090,128 St,9300,8400
1000973182,Marine Dr,0,1800
1000981458,99 Ave,0,2500
1000981488,156 St,11800,11100
1000979182,68 Ave,13000,16500
1000974649,156 St,7600,9100
1000974787,196 St,0,4000
1000974843,132 St,10600,10300
1000977401,152 St,29500,32600
1000977498,144 St,12400,15500
1000979138,172 St,1900,3100
1000975296,68 Ave,7900,8000
1000982064,82 Ave,5500,5400
1000974870,Hyland Rd,0,2300
1000974970,148 St,0,3000
1000975001,64 Ave,30400,26400
1000972672,68 Ave,7900,8000
1000972987,148 St,15800,9000
1000982036,154 St,7400,7700
1000982068,160 St,0,9000
1000985604,188 St,3900,4600
1000972503,152 St,16100,24900
1000972520,104 Ave,22500,11600
1000978400,64 Ave,0,19800
1000978468,186 St,0,3900
1000978613,148 St,15800,9000
1000976734,King George Blvd,40100,36000
1000977005,40 Ave,1100,1000
1000984366,132 St,10600,10300
1000984387,132 St,10600,10300
1000980440,100 Ave,12200,13300
1000980467,112 Ave,9300,11100
1000982166,Whalley Blvd,0,9500
1000982167,King George Blvd,20100,33600
1000982237,144 St,12400,15500
1000982593,144 St,15100,15400
1000982766,130 St,0,3300
1000972912,Ferguson Div,33800,20800
1000973111,Crescent Rd,8300,7600
1000973184,130 St,2400,2500
1000973221,16 Ave,19900,15000
1000984273,164 St,3400,3900
1000984274,112 Ave,9300,11100
1000977207,28 Ave,0,1100
1000973390,111 Ave,0,3200
1000980681,Highway 10 (56 Ave),26900,35000
1000980935,80 Ave,6200,5500
1000979575,88 Ave,35700,33400
1000979902,168 St,3100,3400
1000979954,100 Ave,13800,18650
1000983011,144 St,12400,15500
1000977554,40 Ave,1100,2000
1000977631,88 Ave,25000,17000
1000977735,No 1 Hwy,120000,110000
1000984500,148 St,5700,10000
1000984694,148 St,5700,10000
1000982556,148 St,15800,9000
1000982605,140 St,8800,7900
1000982635,194A St,0,2600
1000980128,100 Ave,0,2700
1000975218,92 Ave,0,4300
1000975262,140 St,15500,17000
1000975423,16 Ave,13400,11300
1000975598,68 Ave,7900,9200
1000975647,100 Ave,15100,16900
1000977804,84 Ave,12800,13000
1000977842,138 St,11000,12800
1000977967,140 St,18000,17200
1000973052,57A Ave,0,400
1000973274,152 St,29500,32600
1000973335,Grosvenor Rd,4000,4000
1000980115,144 St,15100,16000
1000980146,Barnston Dr E,0,2700
1000980156,128 St,10800,0
1000980167,168 St,15200,12500
1000980191,120 St,23400,23900
1000982861,60 Ave,0,2400
1000978726,Crescent Rd,10900,14100
1000978855,Highway 10 (58 Ave),29900,35000
1000978927,108 Ave,21400,19800
1000975691,Highway 10 (56 Ave),26900,35000
1000975769,100 Ave,13800,18650
1000984433,No 99 Hwy,45200,62000
1000982329,75 Ave,12700,7200
1000976124,King George Blvd,36200,33900
1000976590,129 St,0,300
1000979331,188 St,0,11400
1000979423,152 St,37800,33533
1000977406,194A St,0,2600
1000977810,108 Ave,21400,19800
1000981082,128 St,9900,8700
1000981088,160 St,19000,19400
1000981412,148 St,14000,13800
1000982645,20 Ave,1200,900
1000983358,144 St,3900,2500
1000984614,20 Ave,5600,6300
1000984721,184 St,8500,8100
1000985169,140 St,12300,15800
1000985171,96 Ave,14100,12100
1000985212,144 St,15600,8600
1000973713,King George Blvd,38500,42100
1000980228,34 Ave,0,1000
1000980303,Highway 10 (58 Ave),29900,35000
1000980313,88 Ave,32300,29900
1000980363,124 St,6300,6900
1000980418,60 Ave,10600,9100
1000980420,188 St,3900,4600
1000983386,72 Ave,0,600
1000977969,140 St,12300,15800
1000978277,148 St,5700,10000
1000985246,168 St,4800,5200
1000985471,32 Ave,0,4000
1000985571,172 St,0,2100
1000985628,Country Woods Dr,0,500
1000980333,84 Ave,0,6100
1000973972,Hansen Rd,12400,13300
1000983027,Highway 15,10000,10000
1000980557,132 St,15800,13800
1000980626,156B St,0,1700
1000975826,138 St,11000,12800
1000975938,128 St,6300,7100
1000976088,72 Ave,32200,28700
1000976109,140 St,11700,7600
1000978319,84 Ave,4600,3900
1000978532,100 Ave,15300,17000
1000973736,16 Ave,11400,8900
1000973784,68 Ave,0,6600
1000980716,88 Ave,33800,30100
1000976697,King George Blvd,16900,23200
1000983102,108 Ave,24800,23500
1000983155,88 Ave,8700,11400
1000983188,140 St,17300,17200
1000979569,Highway 15,11500,14000
1000976125,84 Ave,4600,3900
1000976177,Old Yale Rd,0,6300
1000976467,60 Ave,4600,6100
1000976476,28 Ave,0,1000
1000976486,160 St,19000,19400
1000977467,192 St,8700,7600
1000977715,74 Ave,0,13200
1000977732,124 St,7000,7500
1000977733,144 St,12400,15500
1000977737,60 Ave,10600,9100
1000976974,Highway 15,11500,14000
1000977000,177B St,0,4800
1000977956,96 Ave,14900,15000
1000977239,134 St,0,3000
1000977250,192 St,11000,8100
1000978211,120 St,31700,29600
1000977476,144 St,12400,15500
1000978483,152 St,37800,33533
1000978486,130 St,0,3300
1000978751,King George Blvd,25400,21800
1000978756,32 Ave,20500,21300
1000978763,88 Ave,35100,32800
1000978765,60 Ave,0,2400
1000977999,188 St,0,6500
1000978224,104 Ave,22500,14000
1000978257,108 Ave,11200,11000
1000978284,144 St,0,4700
1000979094,148 St,7300,6200
1000978504,194A St,0,2600
1000978505,134 St,0,4700
1000978511,16 Ave,11400,9100
1000978516,148 St,13400,15200
1000978526,60 Ave,10700,11300
1000975527,96 Ave,22200,23000
1000975834,60 Ave,10600,11600
1000975836,102 Ave,0,8500
1000976780,King George Blvd,38500,37800
1000978973,177B St,0,4800
1000979130,King George Blvd,16900,23200
1000979131,84 Ave,0,5600
1000979142,128 St,17400,27300
1000976308,Highway 10 (56 Ave),29400,33000
1000975540,28 Ave,0,300
1000975555,122 St,0,2800
1000975558,80 Ave,6200,5500
1000976524,Crescent Rd,8300,7600
1000976817,King George Blvd,42500,42100
1000976083,192 St,4400,4000
1000976091,60 Ave,10700,11300
1000977009,156 St,11800,11100
1000976310,168 St,4800,5200
1000976314,84 Ave,0,5600
1000976326,88 Ave,8700,7000
1000976328,104 Ave,0,8000
1000976349,No 1 Hwy,93000,79000
1000976555,28 Ave,0,300
1000977809,King George Blvd,20100,62000
1000978784,123A St,0,1100
1000977028,Grosvenor Rd,4000,4000
1000977037,134 St,0,3000
1000977046,84 Ave,9900,8400
1000978012,Marine Dr,0,1800
1000977293,140 St,11700,7600
1000978292,Grosvenor Rd,4000,4000
1000977557,King George Blvd,44400,41800
1000978537,140 St,15500,17700
1000978787,No 99 Hwy,45200,62000
1000978793,96 Ave,14100,12100
1000978032,140 St,12300,15800
1000978046,108 Ave,6000,6900
1000978550,160 St,19000,19400
1000978557,56 Ave,2400,2600
1000975581,24 Ave,6800,7500
1000975590,72 Ave,31900,30100
1000975894,160 St,0,9000
1000975919,160 St,7100,9600
1000976840,Fraser Hwy,22600,22900
1000976850,King George Blvd,38500,37800
1000976869,124 St,0,2100
1000978989,104 Ave,32800,31500
1000978990,Hansen Rd,12400,13300
1000979012,148 St,7200,6200
1000976350,King George Blvd,0,10500
1000976353,80 Ave,4400,2500
1000976360,88 Ave,8700,7000
1000975632,56 Ave,0,2200
1000972947,60 Ave,0,2400
1000984894,Old Yale Rd,0,5300
1000984902,60 Ave,12300,11400
1000973281,24 Ave,8000,5900
1000973285,King George Blvd,25400,23300
1000973290,184 St,4800,6100
1000973293,84 Ave,4600,0
1000974309,King George Blvd,40500,48400
1000974317,King George Blvd,30100,33600
1000974681,64 Ave,30400,25600
1000974726,100 Ave,0,2700
1000972537,168 St,5100,5600
1000972548,152 St,16100,21550
1000972561,148 St,6400,5400
1000973950,96 Ave,26900,25600
1000973964,160 St,19000,19400
1000973816,68 Ave,0,3900
1000982114,168 St,4800,6000
1000974353,King George Blvd,30100,33600
1000974357,140 St,18000,17200
1000975477,152 St,29700,34500
1000975488,132 St,14400,15200
1000973636,96 Ave,14100,12100
1000973984,Highway 10 (56 Ave),26900,35000
1000973993,Harvie Rd,3900,3100
1000983699,134 St,0,4700
1000983957,8 Ave,0,5800
1000983962,140 St,18000,17200
1000983977,Fraser Hwy,24100,23900
1000973308,132 St,15800,12000
1000973321,144 St,12400,15500
1000974727,128 St,17400,27300
1000974752,144 St,15600,8600
1000983724,32 Ave,0,4000
1000983726,132 St,15800,21300
1000983732,King George Blvd,16900,13100
1000984727,140 St,12300,15800
1000984923,96 Ave,0,10800
1000973355,192 St,6700,4800
1000974780,156 St,9200,9200
1000985625,20 Ave,7800,8000
1000985636,100 Ave,13800,18650
1000973029,188 St,7700,9800
1000973033,192 St,14600,15200
1000974073,104 Ave,32800,31500
1000974080,124 St,6300,6900
1000974445,148 St,9800,9100
1000974451,152 St,20000,25000
1000975338,148 St,9800,9100
1000976220,104 Ave,8800,10000
1000984967,68 Ave,7900,8000
1000985128,172 St,1900,3100
1000973865,108 Ave,11200,14000
1000974089,128 St,14300,15400
1000982789,80 Ave,4400,5800
1000982865,103 Ave,0,800
1000982991,140 St,15500,18600
1000977042,156 St,11800,11100
1000985672,88 Ave,38600,35000
1000979746,King George Blvd,8800,9400
1000985152,Highway 10 (56 Ave),29400,33000
1000985158,60 Ave,0,5500
1000985247,City Parkway,0,2300
1000983131,88 Ave,35100,32800
1000983739,28 Ave,0,800
1000983767,180 St,1800,2400
1000983769,64 Ave,28400,26300
1000983810,Highway 10 (56 Ave),26900,35000
1000972574,King George Blvd,69500,79800
1000972616,142 St,0,2400
1000972639,Crescent Rd,5900,5700
1000972529,124 St,8100,10100
1000972677,64 Ave,26500,23300
1000974085,104 Ave,31900,24600
1000982174,Highway 10 (56 Ave),29400,33000
1000980932,100 Ave,0,4700
1000980986,60 Ave,0,5500
1000981071,132 St,14400,15200
1000983869,152 St,16100,21550
1000983944,128 St,9900,8700
1000983965,192 St,8700,7600
1000978535,144 St,15100,15400
1000980925,Highway 10 (58 Ave),29900,35000
1000980967,24 Ave,11600,11800
1000974343,108 Ave,11200,11000
1000981468,168 St,4700,2400
1000976481,144 St,3900,2500
1000976483,168 St,15200,12500
1000978758,8 Ave,0,5800
1000978914,24 Ave,8000,5900
1000974464,Highway 10 (56 Ave),26900,35000
1000977521,60 Ave,0,5500
1001152650,King George Blvd,41400,40000
1000979960,168 St,9600,8100
1000980033,164 St,1300,0
1000980183,148 St,6400,5400
1000976671,152 St,21400,22400
1000985465,60 Ave,0,5500
1000985489,168 St,5100,5600
1000974741,20 Ave,4500,5000
1000974783,168 St,9600,8000
1000983447,156 St,11800,11100
1000983455,128 St,0,1800
1000983497,King George Blvd,36200,33900
1000977612,184 St,2200,2200
1000977779,100 Ave,5000,0
1000977844,142 St,0,2400
1000975869,104 Ave,0,8000
1000975936,104 Ave,8800,10000
1000973544,80 Ave,17100,21800
1000972909,150 St,0,9700
1000972965,60 Ave,0,4700
1000975737,148 St,7200,6200
1000975791,40 Ave,1100,1000
1000976187,80 Ave,6200,5500
1000979299,80 Ave,17100,15300
1000979344,Grosvenor Rd,4000,4000
1000972966,168 St,15200,14900
1000972991,84 Ave,12800,13000
1000973247,King George Blvd,37100,79800
1000973315,No 1 Hwy,77400,77000
1000973530,60 Ave,0,4700
1000973702,24 Ave,6800,7500
1000975351,168 St,5100,5600
1000975838,64 Ave,24700,24200
1000975853,152 St,0,25000
1000973266,King George Blvd,30100,33600
1000973286,156 St,11800,11100
1000973395,140 St,11700,7600
1000973482,184 St,6600,9100
1000980789,132 St,15800,13800
1000980826,64 Ave,30400,26400
1000975186,80 Ave,17100,21800
1000975217,100 Ave,5000,0
1000975233,108 Ave,24800,23500
1000975316,156A St,0,1700
1000981538,144 St,15100,16000
1000981601,New Mclellan Rd,2400,2600
1000983676,180 St,3700,4100
1000983838,No 1 Hwy,77400,77000
1000984001,68 Ave,7900,9200
1000979386,144 St,0,4700
1000981205,68 Ave,6900,6900
1000981302,No 99 Hwy,8800,15000
1000977298,124 St,6300,6900
1000977311,192 St,6700,4800
1000984186,King George Blvd,42500,39600
1000980121,60 Ave,0,5500
1000977279,148 St,5000,6100
1000977291,60 Ave,12300,11400
1000973916,184 St,2800,3200
1000979795,64 Ave,28400,26300
1000979813,84 Ave,0,6100
1000979992,No 1 Hwy,77400,77000
1000984425,16 Ave,14200,12500
1000980262,144 St,0,3700
1000980591,88 Ave,35700,33400
1000981135,125A St,0,2200
1000980034,28 Ave,0,800
1000974139,64 Ave,21100,19500
1000974147,120 St,14200,16600
1000974244,40 Ave,1100,1700
1000973704,96 Ave,19500,18900
1000984676,194 St,0,6100
1000984708,20 Ave,8400,7200
1000984839,108 Ave,6800,7500
1000984550,92 Ave,0,4300
1000984556,Whalley Blvd,0,7900
1000980671,24 Ave,14900,13200
1000975548,66 Ave,0,3900
1000974091,130 St,2400,2500
1000981847,156 St,8000,12700
1000979408,168 St,9600,8100
1000979430,20 Ave,7800,8000
1000979434,68 Ave,3600,3700
1000973845,88 Ave,35100,32800
1000974037,152 St,32800,30700
1000975611,96 Ave,17400,16400
1000975626,125A St,0,2200
1000975727,24 Ave,6800,7500
1000984255,88 Ave,13600,15600
1000981909,168 St,9600,8000
1000981963,64 Ave,24700,24200
1000982032,132 St,10500,10800
1000977686,No 99 Hwy,8800,15000
1000972643,152 St,20000,25300
1000972645,72 Ave,31900,29300
1000972652,111 Ave,0,3200
1000972676,152 St,19500,16300
1000973698,128 St,9100,7700
1000973711,152 St,29500,32600
1000973716,60 Ave,0,2400
1000980185,132 St,0,2200
1000980498,Guildford Dr,10300,12200
1000975091,68 Ave,7900,9200
1000975356,King George Blvd,20100,22700
1000975376,124 St,0,2100
1000973360,126 St,0,2800
1000973385,92 Ave,0,6200
1000973744,Old Yale Rd,12200,12900
1000974800,4 Ave,0,1100
1000974805,188 St,0,2900
1000980559,148 St,9800,9100
1000980583,99 Ave,0,2500
1000983787,192 St,0,4100
1000975100,King George Blvd,20100,22700
1000975113,Old Yale Rd,0,5300
1000973065,144 St,15100,16000
1000973428,92 Ave,0,5000
1000974480,112 Ave,9300,11100
1000974488,104 Ave,32800,29200
1000974814,88 Ave,13600,12800
1000972726,Marine Dr,0,1800
1000983805,152 St,29500,32600
1000984793,192 St,11000,8100
1000984799,132 St,14400,15200
1000973128,152 St,16500,17300
1000974513,148 St,15800,9000
1000974530,184 St,6600,6600
1000972747,148 St,7200,6200
1000972750,104 Ave,29000,23600
1000984818,68 Ave,3600,2500
1000972651,156A St,0,1700
1000972785,128 St,22400,26900
1000974167,26 Ave,0,1200
1000974173,100 Ave,5000,0
1000975130,King George Blvd,33800,36200
1000975422,16 Ave,12900,12500
1000975449,24 Ave,8000,6400
1000975457,Harvie Rd,3900,3100
1000973433,King George Blvd,48200,44700
1000973454,152 St,37800,33533
1000973830,Crescent Rd,10900,14100
1000973839,Croydon Dr,0,7100
1000974830,110 Ave,0,7900
1000974858,148 St,0,3000
1000972889,156B St,0,1700
1000973037,128 St,13000,12200
1000980921,88 Ave,0,5600
1000980931,King George Blvd,36200,33900
1000973146,Whalley Blvd,0,7900
1000981450,King George Blvd,30100,23300
1000983552,King George Blvd,30100,23300
1000973460,168 St,4800,6000
1000973461,100 Ave,0,2700
1000974537,King George Blvd,38500,42100
1000974545,184 St,2200,2200
1000974877,184 St,6600,6600
1000972772,124 St,8800,9100
1000972807,194 St,0,6100
1000981321,75A Ave,12700,7400
1000983817,104 Ave,6600,5800
1000983837,Old Yale Rd,12200,12900
1000973167,Highway 10 (58 Ave),29900,35000
1000973172,72 Ave,29600,26500
1000973176,128 St,0,1800
1000973179,176 St,10000,10000
1000973189,156A St,0,1700
1000973496,60 Ave,0,4700
1000973503,76 Ave,2600,7600
1000972809,160 St,18700,17600
1000973861,Whalley Blvd,14600,11900
1000973866,192 St,0,7200
1000973871,16 Ave,14000,11300
1000983877,100 Ave,15100,16900
1000974211,Marine Dr,0,1800
1000975201,75 Ave,12700,7200
1000975215,64 Ave,3500,3300
1000973555,72 Ave,31900,30100
1000974617,134 St,0,5000
1000973891,172 St,0,2100
1000984847,142 St,0,2400
1000984850,68 Ave,7900,9200
1000984855,32 Ave Div,19400,51000
1000973228,76 Ave,14900,17000
1000975231,80 Ave,6200,5500
1000975268,192 St,9400,9800
1000973203,144 St,15100,16000
1000974630,24 Ave,14900,13600
1000974654,60 Ave,4100,5400
1000972489,80 Ave,7600,8300
1000972495,King George Blvd,0,10500
1000974916,76 Ave,2600,7600
1000974927,84 Ave,12800,13000
1000972858,King George Blvd,25400,21800
1000973401,64 Ave,21100,17800
1000981401,King George Blvd,30100,33600
1000981448,120 St,36400,33900
1000981545,84 Ave,12800,13000
1000981620,92 Ave,0,4300
1000981696,92 Ave,0,22300
1000973248,100 Ave,15300,17000
1000974255,156A St,0,1700
1000972504,152 St,16100,24900
1000973568,184 St,6600,6600
1000973570,132 St,16200,15300
1000973580,120 St,36400,33900
1000973896,132 St,10600,10300
1000973898,96 Ave,14900,15000
1000973907,104 Ave,32100,28000
1000983886,188 St,0,6500
1000983897,60 Ave,0,5500
1000975291,128 St,10800,0
1000973612,68 Ave,0,2000
1000973618,188 St,3900,4600
1000974672,132 St,10600,10300
1000974932,132 St,10600,10300
1000983947,148 St,9800,9100
1000983951,68 Ave,3600,3700
1000984870,140 St,6600,6300
1000984876,156 St,0,600
1000975310,154 St,8100,7700
1000975323,108 Ave,6800,7500
1000975328,King George Blvd,30100,23300
1000981873,20 Ave,1200,900
1000981878,148 St,7200,6200
1000981882,104 Ave,31900,28300
1000981884,88 Ave,13600,15600
1000981887,80 Ave,6200,5500
1000981897,Boundary Dr E,2500,2600
1000982113,Highway 15,10000,10000
1000979646,177B St,0,4800
1000975670,32 Ave,20500,27300
1000975804,20 Ave,8400,7200
1000981675,72 Ave,32200,28700
1000981815,King George Blvd,42500,42100
1000984276,Highway 15,10000,10000
1000984474,24 Ave,14900,26100
1000977927,148 St,15800,9000
1000978191,148 St,6400,5400
1000975997,No 1 Hwy,77400,77000
1000976111,121 St,0,1700
1000983768,Highway 10 (58 Ave),29900,35000
1000978244,24 Ave,11600,11800
1000978359,188 St,0,2900
1000981365,88 Ave,33800,30100
1000981422,184 St,11400,11900
1000974849,128 St,6300,7100
1000974913,No 99 Hwy,22800,51000
1000985206,124 St,8800,9100
1000978238,100 Ave,0,2700
1000978316,96 Ave,14600,15200
1000974063,188 St,0,6500
1000981037,Boundary Dr E,2500,2600
1000981267,28 Ave,0,1600
1000974163,82 Ave,6000,8800
1000974268,60 Ave,4600,6100
1000974360,168 St,9600,8100
1000985516,168 St,9600,8100
1000985610,King George Blvd,36200,33900
1000979982,112 Ave,9300,11100
1000974260,152 St,25600,30200
1000975893,Grosvenor Rd,4000,4000
1000976040,King George Blvd,0,10500
1000976201,64 Ave,23400,24800
1000982592,Highway 10 (56 Ave),29400,33000
1000982990,72 Ave,0,5300
1000978287,88 Ave,13600,12800
1000980125,132 St,8000,8400
1000980199,156 St,0,600
1000980271,184 St,900,0
1000976563,172 St,1900,3100
1000982051,68 Ave,0,12700
1000982071,160 St,18700,19400
1000982621,168 St,15200,14900
1000982748,82 Ave,5500,5400
1000984702,160 St,0,9000
1000984707,152 St,20000,25300
1000985006,156 St,13500,12400
1000978575,75 Ave,12700,7200
1000978612,130 St,0,3300
1000976600,104 Ave,0,8000
1000976674,Highway 10 (58 Ave),29900,35000
1000979209,40 Ave,1400,1700
1000978811,168 St,15200,14900
1000981943,80 Ave,13200,13400
1000982006,128 St,10800,12200
1000981420,92 Ave,0,5000
1000975214,132 St,14000,12900
1000975395,76 Ave,14900,14400
1000985098,96 Ave,19500,18900
1000985178,Marine Dr,0,1800
1000981490,72 Ave,29600,26500
1000981686,152 St,27800,25300
1000981740,16 Ave,11400,8900
1000981992,160 St,7100,10300
1000972876,96 Ave,22200,23000
1000980276,130 St,2400,2500
1000980370,124 St,8800,6600
1000980567,88 Ave,8700,11400
1000980654,156 St,0,4500
1000974585,100 Ave,13800,18650
1000974712,128 St,14300,11900
1000974807,Highway 15,10000,10000
1000982756,192 St,3500,3300
1000976915,88 Ave,35700,38200
1000983424,126 St,0,4000
1000978645,Barnston Dr E,0,2700
1000980698,64 Ave,28200,28000
1000977003,150 St,0,7000
1000982816,100 Ave,15300,17000
1000982888,20 Ave,4500,5000
1000982985,104 Ave,8800,8300
1000983038,18 Ave,0,7700
1000983488,136 St,0,400
1000985146,King George Blvd,30100,33600
1000985268,104 Ave,8800,8300
1000985504,104 Ave,0,8000
1000978757,King George Blvd,20100,33600
1000978853,152 St,19500,16300
1000978913,130 St,2400,2500
1000975533,88 Ave,33800,30100
1000972921,192 St,8700,7600
1000973045,68 Ave,6900,6900
1000979642,Highway 10 (56 Ave),29400,33000
1000979744,20 Ave,7800,8000
1000980028,King George Blvd,47100,55700
1000980067,88 Ave,33800,30100
1000976847,132 St,10500,10800
1000976958,20 Ave,1200,900
1000977047,156 St,0,11200
1000973365,152 St,20000,25000
1000976372,136 St,0,400
1000976518,64 Ave,25800,27300
1000976521,144 St,12400,15500
1000976602,144 St,0,4000
1000976744,68 Ave,3600,2500
1000978523,City Parkway,0,2300
1000978619,124 St,6300,6900
1000978731,128 St,10800,12200
1000977984,144 St,15100,15400
1000982019,96 Ave,17400,16400
1000982225,132 St,10600,10300
1000982229,64 Ave,25800,27300
1000982335,134 St,0,2700
1000984183,140 St,17300,17200
1000984419,64 Ave,21100,17800
1000984600,72 Ave,20400,14600
1000983950,King George Blvd,47100,79800
1000975620,80 Ave,18000,17000
1000975662,28 Ave,0,1600
1000984840,100 Ave,0,2100
1000974072,80 Ave,4400,5800
1000974086,King George Blvd,25400,23300
1000974329,132 St,7900,8200
1000977063,184 St,6600,9100
1000977592,104 Ave,22500,14000
1000983970,Highway 10 (56 Ave),29400,33000
1000984015,16 Ave,11400,10000
1000984127,138 St,11000,12800
1000984254,144 St,15100,15400
1000974439,Panorama Dr,0,5800
1000983280,Grosvenor Rd,4000,4000
1000983341,142 St,0,2000
1000983453,68 Ave,0,6600
1000985587,16 Ave,14000,13500
1000985638,188 St,0,11400
1000985166,82 Ave,6000,8800
1000985193,64 Ave,26500,21900
1000975960,80 Ave,17100,21800
1000977788,King George Blvd,33900,32900
1000977934,80 Ave,4400,5800
1000978069,Marine Dr,0,1800
1000978167,68 Ave,0,2000
1000978256,60 Ave,10700,10100
1000982771,56 Ave,0,2200
1000982777,20 Ave,2000,1800
1000982787,20 Ave,4500,5000
1000982799,57A Ave,0,400
1000983045,123A St,0,1100
1000983050,108 Ave,0,4900
1000983072,156 St,10100,10400
1000983077,134 St,0,3000
1000984154,84 Ave,12400,7400
1000983419,92 Ave,0,6100
1000983436,60 Ave,12300,11400
1000983437,104 Ave,29000,23600
1000983444,128 St,14300,15400
1000982823,96 Ave,25800,23600
1000979876,60 Ave,10600,11600
1000979917,192 St,11000,8100
1000983079,88 Ave,35700,38200
1000983084,King George Blvd,36200,33900
1000980201,99 Ave,0,2500
1000980211,104 Ave,29000,23600
1000980216,184 St,4800,6100
1000984665,180 St,3700,4100
1000984211,132 St,10600,10300
1000984223,66 Ave,0,3900
1000983472,140 St,11700,7600
1000984460,192 St,0,4100
1000984468,132 St,14400,13000
1000984469,152 St,19500,16300
1000984471,100 Ave,7500,9500
1000984479,64 Ave,28400,26300
1000979950,140 St,17300,17200
1000980906,Country Woods Dr,0,500
1000980929,88 Ave,25000,22400
1000980225,144 St,15100,16000
1000981131,King George Blvd,20100,22700
1000981141,156 St,0,7200
1000981157,Highway 10 (Langley ByPass),29400,33000
1000984240,King George Blvd,25400,21800
1000984243,148 St,14000,13800
1000985228,96 Ave,17400,16400
1000985233,Fleetwood Way,0,3700
1000985235,Highway 10 (56 Ave),26900,35000
1000984497,192 St,11000,8100
1000985402,76 Ave,14900,17000
1000985431,128 St,0,2700
1000985433,72 Ave,33800,31000
1000980957,168 St,8500,7000
1000981965,40 Ave,1400,1700
1000984958,92 Ave,0,6100
1000974038,University Dr,0,8600
1000974111,168 St,9600,8000
1000976147,64 Ave,28200,27000
1000976236,Highway 10 (58 Ave),29900,35000
1000985439,144 St,3900,2500
1000978648,102A Ave,0,7200
1000978890,148 St,5000,6100
1000982837,184 St,11400,11900
1000982846,110 Ave,0,7900
1000974308,160 St,6400,0
1000983826,64 Ave,28400,26300
1000976535,60 Ave,10600,9100
1000982728,104 Ave,0,8000
1000982831,68 Ave,0,2000
1000979121,168 St,15200,12500
1000983491,King George Blvd,41400,38100
1000983539,125A St,0,2200
1000979957,144 St,12400,15500
1000979983,24 Ave,11800,12500
1000980004,96 Ave,17400,16400
1000984107,City Parkway,0,7200
1000984010,144 St,15100,15400
1000984286,University Dr,0,5300
1000984292,108 Ave,11200,14000
1000984315,164 St,3400,3900
1000983567,164 St,3400,3900
1000984518,128 St,13000,16500
1000984526,64 Ave,24700,24200
1000984540,84 Ave,12800,13000
1000984571,64 Ave,24700,24200
1000980017,180 St,0,900
1000980982,60 Ave,0,5500
1000980991,140 St,15500,17700
1000984042,84 Ave,11300,11200
1000984044,184 St,4800,5700
1000984966,132 St,15800,13800
1000984994,Highway 15,11500,14000
1000985255,88 Ave,13600,12800
1000985270,128 St,9300,8400
1000985284,60 Ave,0,5500
1000985287,No 1 Hwy,93000,79000
1000984580,128 St,9300,8400
1000985470,24 Ave,2200,0
1000985473,108 Ave,24800,23500
1000985481,96 Ave,22200,23000
1000982010,156 St,11800,11100
1000982013,140 St,17300,17200
1000982017,16 Ave,19900,18800
1000985001,24 Ave,11800,12500
1000985021,164 St,3400,3900
1000974489,28 Ave,0,800
1000974774,King George Blvd,33900,32900
1000985313,84 Ave,9900,8400
1000976983,124 St,6300,6900
1000976995,144 St,0,3700
1000979155,68 Ave,0,2000
1000979228,82 Ave,5500,5400
1000979432,Hansen Rd,9300,10800
1000979491,72 Ave,32200,30000
1000982044,156 St,0,600
1000982053,136 St,0,400
1000982904,168 St,1200,1400
1000982913,96 Ave,25800,20700
1000982917,No 99 Hwy,22800,51000
1000982922,King George Blvd,33800,36200
1000982413,80 Ave,17100,15300
1000982491,24 Ave,12700,20300
1000983262,King George Blvd,25400,23300
1000983283,124 St,0,2100
1000983286,184 St,2500,2200
1000983314,66 Ave,0,3900
1000979676,82 Ave,6000,8800
1000983568,96 Ave,25800,20400
1000983608,4 Ave,0,1100
1000983615,100 Ave,0,2700
1000980089,26 Ave,0,1200
1000982627,148 St,15800,9000
1000982638,132 St,7900,8200
1000972719,32 Ave,14100,16700
1000979046,80 Ave,13200,13400
1000979256,177B St,0,4800
1000974466,184 St,11400,8100
1000981723,New Mclellan Rd,2400,2600
1000981741,64 Ave,28400,26300
1000983626,184 St,2200,2200
1000980320,84 Ave,11300,11200
1000982135,64 Ave,26500,21900
1000982213,100 Ave,13800,18650
1000982660,24 Ave,6800,7500
1000974508,154 St,7400,7700
1000974723,126 St,0,4000
1000976756,Colebrook Rd,0,3700
1000977717,128 St,14300,15400
1000977807,24 Ave,6800,7500
1000977929,128 St,9900,8700
1000978019,80 Ave,6200,5500
1000982695,156 St,7600,9100
1000982843,84 Ave,12400,12600
1000983028,111 Ave,0,3200
1000983135,8 Ave,0,5800
1000985051,184 St,2800,3200
1000985221,134 St,0,3000
1000984679,160 St,14700,12300
1000976016,148 St,15800,9000
1000976099,King George Blvd,8800,12700
1000976176,40 Ave,1100,0
1000976192,140 St,8800,7900
1000975962,148 St,7200,6200
1000976046,No 99 Hwy,8800,15000
1000976117,192 St,14600,15200
1000976169,108 Ave,0,4900
1000976412,134 St,0,2700
1000977895,154 St,0,6100
1000977905,Hyland Rd,0,2300
1000984964,140 St,12300,15800
1000984988,148 St,13400,15200
1000985009,16 Ave,11400,9100
1000985641,20 Ave,5600,6300
1000984282,168 St,4800,6000
1000972959,104 Ave,0,8000
1000973063,72 Ave,20400,17800
1000973187,100 Ave,0,2700
1000973263,140 St,17300,17200
1000979755,128 St,21200,16800
1000980014,34 Ave,0,1000
1000975043,120 St,27300,25400
1000975062,King George Blvd,41400,38100
1000976919,194 St,0,6100
1000980155,96 Ave,17400,17700
1000980337,194 St,0,6100
1000980471,68 Ave,6900,6900
1000976193,68 Ave,7900,9200
1000982896,Highway 15,10000,10000
1000983144,160 St,6300,6200
1000983175,96 Ave,26900,22000
1000975406,152 St,16100,24900
1000976595,88 Ave,35100,32800
1000976750,148 St,14000,13800
1000976212,128 St,21200,21500
1000976245,128 St,14300,15400
1000976291,132 St Div,8000,8400
1000983228,Barnston Dr E,0,2100
1000983241,134 St,0,2700
1000983359,80 Ave,4400,5800
1000983487,60 Ave,4600,6100
1000978133,84 Ave,0,6100
1000978159,88 Ave,25000,18200
1000985426,184 St,2200,2200
1000985677,24 Ave,12700,20300
1000985142,32 Ave,19400,29800
1000985201,100 Ave,0,2700
1000976854,28 Ave,0,1000
1000977240,New Mclellan Rd,2400,2600
1000977328,104 Ave,32100,28000
1000976512,148 St,5000,6100
1000976546,No 99 Hwy,8800,15000
1000976799,184 St,8500,8100
1000978171,28 Ave,0,300
1000978285,28 Ave,0,7100
1000978367,80 Ave,4400,5800
1000978417,194 St,0,6100
1000973463,28 Ave,0,1600
1000985534,144 St,15100,15400
1000973323,180 St,0,900
1000973446,152 St,29700,34500
1000982356,138 St,11000,12800
1000982474,64 Ave,21100,19500
1000982514,126 St,0,4000
1000984642,40 Ave,1100,1700
1000984781,156 St,0,12700
1000980496,64 Ave,24700,24200
1000973487,156 St,0,11000
1000973914,80 Ave,6200,5500
1000980194,16 Ave,11400,9100
1000982705,154 St,10300,12200
1000982729,University Dr,0,6600
1000977821,128 St,0,7900
1000980624,148 St,9800,9100
1000980715,King George Blvd,0,10500
1000980916,152 St,16100,24900
1000980922,128 St,14300,15400
1000983703,96 Ave,14900,15000
1000983815,137 St,0,8900
1000983919,92 Ave,0,6200
1000975735,140 St,17300,17200
1000977940,King George Blvd,0,10500
1000978150,Barnston Dr W,0,2100
1000977017,20 Ave,1700,0
1000977116,King George Blvd,30100,33600
1000977361,192 St,11000,8100
1000983742,128 St,14300,15400
1000983778,148 St,5000,6100
1000983798,120 St,27300,24500
1000983816,Harvie Rd,3900,3100
1000978548,148 St,11200,10300
1000973077,152 St,16500,17300
1000973277,No 99 Hwy,22800,51000
1000977789,96 Ave,17400,17700
1000977829,58 Ave,0,2800
1000977831,140 St,18000,18700
1000973779,142 St,0,2000
1000977020,King George Blvd,25400,21800
1000978689,60 Ave,10600,11600
1000972776,16 Ave,14200,12500
1000972829,100 Ave,5000,0
1000980537,160 St,19000,19400
1000980682,84 Ave,11300,11200
1000973933,92 Ave,0,6200
1000974057,144 St,0,3700
1000982952,192 St,4400,4000
1000985428,128 St,9300,8400
1000974052,132 St,15800,21300
1000974374,102 Ave,0,8500
1000984159,148 St,5000,6100
1000980782,King George Blvd,16900,14100
1000978477,68 Ave,2700,2300
1000974280,68 Ave,2700,6800
1000974798,1 Ave,0,1500
1000983346,1 Ave,0,1500
1000985414,177A St,0,1500
1001718186,Colebrook Rd,0,1000
1000976972,24 Ave,11300,9000
1000980637,125A St,0,2200
1000983791,Station Rd,0,2200
1000975109,Station Rd,0,2200
1000974200,24 Ave,11300,9000
1000974605,125A St,0,2200
1000983479,Colebrook Rd,0,1000
1000983433,Station Rd,0,2200
1000977721,24 Ave,11300,9000
1000974593,24 Ave,11300,9000
1001417725,Colebrook Rd,0,1000
1000982347,75 Ave,12700,7200
1000980602,120 St,14200,16600
1000975765,75 Ave,12700,7200
1000977075,120 St,14200,16600
1000980349,72 Ave,31900,30100
1000975612,72 Ave,31900,30100
1000985660,Hyland Rd,0,2300
1000982294,96 Ave,22200,22300
1000980951,96 Ave,22200,22300
1000983413,96 Ave,22200,22300
1000976309,96 Ave,22200,22300
1000978084,96 Ave,22200,22300
1001126049,148 St,0,10000
1000976525,148 St,0,10000
1000984892,148 St,0,10000
1000975417,148 St,0,10000
1000982579,148 St,0,10000
1000975906,56 Ave,0,11700
1000980344,56 Ave,0,11700
1000980046,192 St,11000,8100
1000979903,56 Ave,0,11700
1000979239,192 St,11000,8100
1001132956,56 Ave,0,11700
1001713686,72 Ave,0,9400
1000973689,72 Ave,0,10100
1000977738,72 Ave,0,10100
1000975989,80 Ave,6200,8500
1000981374,58 Ave,0,2800
1000976586,72 Ave,0,9400
1000979788,96 Ave,21000,19500
1000974788,72 Ave,0,10100
1000982722,60 Ave,12300,11400
1000985114,96 Ave,21000,19500
1000982387,72 Ave,0,9400
1001078382,96 Ave,0,12100
1000985144,Barnston Dr E,0,2700
1000982932,72 Ave,0,9400
1000973509,58 Ave,0,2800
1000974966,72 Ave,0,10100
1000979207,72 Ave,0,10100
1000975200,72 Ave,0,10100
1000982924,96 Ave,21000,19500
1000975850,Barnston Dr E,0,2700
1000974340,60 Ave,12300,11400
1000975877,160 St,19000,17900
1000983090,108 Ave,33800,23200
1000975896,Scott Rd,37100,36300
1000979350,Scott Rd,37100,36300
1000984054,160 St,18700,16800
1000984068,Harvie Rd,3900,3100
1000984078,140 St,17300,17200
1000983337,140 St,11400,11500
1000984334,152 St,27800,25300
1000984343,64 Ave,23400,24800
1000984365,130 St,2400,2500
1000984591,156 St,0,7500
1000980098,164 St,3400,3900
1000981024,Country Woods Dr,0,500
1000985058,156 St,9200,9200
1000985074,148 St,7200,6200
1000975038,99 Ave,0,2500
1000984383,134 St,0,3900
1000985340,32 Ave,14100,13700
1000984632,152 St,20000,25300
1000985511,104 Ave,31900,28300
1000985522,88 Ave,8700,7000
1000981067,140 St,15500,17000
1000982081,60 Ave,0,4700
1000975021,192 St,11000,8100
1000975049,76 Ave,14900,17000
1000975202,26 Ave,0,1200
1000985349,132 St,0,2200
1000977475,Grosvenor Rd,4000,4000
1000985546,120 St,27300,25400
1000979722,16 Ave,12900,12500
1000979883,92 Ave,0,22300
1000982109,68 Ave,0,6600
1000982979,101 Ave,0,6200
1000982983,80 Ave,13200,13400
1000975497,152 St,29700,33400
1000983423,16 Ave,13400,11300
1000983506,84 Ave,4600,0
1000983679,120 St,32500,28900
1000977784,80 Ave,17100,15300
1000983374,128 St,21200,21500
1000983387,88 Ave,25000,17000
1000983396,164 St,1300,0
1000979887,108 Ave,21300,23300
1000983662,58 Ave,0,2800
1000980120,156 St,8000,12700
1000980136,184 St,2200,2200
1000980160,104 Ave,22500,9500
1000983771,60 Ave,12300,11400
1000984395,154 St,0,6100
1000984412,King George Blvd,20100,19800
1000983685,16 Ave,11400,9100
1000984671,103 Ave,0,800
1000984672,76 Ave,14900,14400
1000980169,121 St,0,1700
1000981090,134 St,0,3900
1000981104,168 St,9600,8000
1000984198,20 Ave,4500,5000
1000985094,121 St,0,1700
1000985113,112 Ave,9300,11100
1000985137,104 Ave,32800,28600
1000984444,192 St,0,7800
1000985363,128 St,14300,15400
1000985379,192 St,6700,4800
1000985383,156 St,11800,11100
1000984696,68 Ave,0,2000
1000984704,168 St,4800,6000
1000985592,100 Ave,5000,0
1000980862,Old Yale Rd,0,5300
1000981806,140 St,12300,15800
1000977864,92 Ave,0,300
1000972472,140 St,0,2300
1000981381,180 St,0,900
1000982327,100 Ave,15100,16600
1000982344,72 Ave,32200,30000
1000982360,156 St,0,600
1000981584,160 St,6400,0
1000981849,Harvie Rd,0,300
1000981850,16 Ave,13400,13300
1000981862,King George Blvd,20100,26000
1000984385,148 St,7200,6200
1000972841,24 Ave,11600,11800
1000982366,144 St,0,4000
1000982370,24 Ave,14900,24400
1000979449,108 Ave,21400,19800
1000979450,King George Blvd,44400,41800
1000982578,152 St,16100,21550
1000982604,154 St,8100,7700
1000982616,110 Ave,0,7900
1000984592,184 St,2800,3200
1000979907,103 Ave,0,800
1000973735,68 Ave,7900,10400
1000982047,192 St,0,6600
1000980403,University Dr,0,5300
1000979659,160 St,0,7800
1000979662,City Parkway,0,2300
1000979668,132 St,10500,10800
1000979677,102 Ave,0,6100
1000980078,180 St,3700,4100
1000980119,Highway 10 (56 Ave),29400,33000
1000980329,108 Ave,6000,6900
1000980355,88 Ave,35700,38200
1000982290,84 Ave,12800,13000
1000982318,148 St,5000,6100
1000982424,132 St,14400,15200
1000978218,20 Ave,1200,900
1000978276,192 St,6700,4800
1000981391,92 Ave,0,6200
1000980667,20 Ave,4500,5000
1000980670,100 Ave,15300,17000
1000980673,160 St,6300,6200
1000975912,160 St,6400,10200
1000975946,192 St,0,6600
1000976030,Crescent Rd,5900,5700
1000976181,0 Ave,0,1500
1000981172,88 Ave,35700,38200
1000982170,88 Ave,13600,15600
1000982171,Highway 15,10000,10000
1000982172,60 Ave,12300,11400
1000982204,Station Rd,0,2200
1000981425,96 Ave,26900,25600
1000982376,72 Ave,29600,26500
1000982379,64 Ave,28200,30900
1000982381,108 Ave,6000,6900
1000982399,160 St,6300,6200
1000981636,82 Ave,5500,5400
1000981657,76 Ave,14900,17000
1000981661,156 St,10100,10400
1000981664,152 St,25300,29800
1000984268,102A Ave,0,7200
1000984281,King George Blvd,20100,22700
1000984355,Barnston Dr W,0,2100
1000984408,92 Ave,0,6100
1000983215,121A St,0,7800
1000983219,120 St,31700,29600
1000983235,140 St,18000,17200
1000982418,76 Ave,11000,12800
1000979490,32 Ave,14000,15100
1000979496,32 Ave,14100,13700
1000982630,132 St,16200,15300
1000982665,99 Ave,0,2500
1000982667,80 Ave,18000,17000
1000985354,144 St,0,4000
1000980399,96 Ave,0,2700
1000980246,148 St,6400,5400
1000980844,156B St,0,1700
1000983218,152 St,19500,16300
1000978258,Scott Rd,27300,28900
1000981227,16 Ave,14000,13500
1000980707,160 St,6400,0
1000978267,King George Blvd,25400,23300
1000978271,168 St,3100,3400
1000978338,140 St,8800,7900
1000978405,160 St,6400,0
1000982825,192 St,9400,9800
1000980755,60 Ave,12300,11400
1000980047,108 Ave,11200,11000
1000980062,King George Blvd,69500,79800
1000980097,192 St,0,7200
1000973119,172 St,0,500
1000973392,184 St,4800,6100
1000978620,University Dr,0,5300
1000974834,156 St,13500,12400
1000974961,32 Ave,14000,15100
1000977529,100 Ave,15100,16600
1000980109,128 St,6300,7100
1000980219,20 Ave,4500,5000
1000980432,King George Blvd,41400,40000
1000976534,120 St,34100,32100
1000978939,160 St,0,7800
1000979069,128 St,21200,21500
1000975197,128 St,9100,7700
1000975224,20 Ave,7800,8000
1000984638,68 Ave,0,2000
1000973925,104 Ave,29000,24900
1000973978,76 Ave,14900,14400
1000976853,64 Ave,0,20800
1000972780,126 St,0,2800
1000972870,124 St,6300,6900
1000979143,132 St,15800,13800
1000979181,154 St,0,6100
1000974999,76 Ave,0,300
1000975193,92 Ave,0,5000
1000985271,24 Ave,14900,24400
1000980990,192 St,0,7200
1000984669,111 Ave,0,3200
1000984779,68 Ave,7900,10400
1000972942,75 Ave,12700,7200
1000973095,28 Ave,0,1000
1000973135,Fraser Hwy,24800,28000
1000975227,128 St,10800,12200
1000975272,152 St,29700,34500
1000973675,32 Ave,20500,21300
1000973714,150 St,0,7000
1000973780,142 St,0,2000
1000973821,Cloverdale Bypass,10000,10000
1000981096,156B St,0,1700
1000978801,96 Ave,17400,17700
1000978895,148 St,5000,6100
1000980427,168 St,9600,8000
1000978446,Fleetwood Way,0,3700
1000978450,City Parkway,0,2300
1000979413,144 St,15100,16000
1000979564,148 St,7300,6200
1000980574,168 St,4700,2400
1000980702,140 St,12300,15800
1000983056,Marine Dr,0,1800
1000983062,156 St,13500,12400
1000983125,68 Ave,6900,6900
1000983143,80 Ave,6200,5500
1000979140,20 Ave,4500,5000
1000975454,60 Ave,10600,9100
1000975537,160 St,6300,6200
1000978672,King George Blvd,38500,37800
1000978685,128 St,22400,26900
1000978697,124 St,8100,10100
1000974590,92 Ave,0,6200
1000974725,88 Ave,32300,27300
1000980727,88 Ave,33800,30100
1000980766,188 St,0,11400
1000977157,108 Ave,6800,7500
1000977180,Crescent Rd,8300,7600
1000985468,160 St,19000,19400
1000985673,88 Ave,38600,36000
1000985674,88 Ave,38600,36000
1000975143,180 St,3700,4100
1000975248,160 St,6400,10200
1000984062,Crescent Rd,8300,7600
1000984238,140 St,11700,7600
1000977430,Highway 15,11500,14000
1000977558,Boundary Dr E,2500,2600
1000973188,152 St,20000,25300
1000973296,University Dr,0,4200
1000979879,121 St,0,1700
1000972700,126 St,0,4000
1000981324,124 St,8100,10100
1000984304,92 Ave,0,5000
1000984458,96 Ave,17400,17700
1000984534,160 St,18700,17600
1000984535,144 St,15100,16000
1000978812,King George Blvd,40500,48400
1000978842,122 St,0,7800
1000978875,56 Ave,0,2200
1000978960,140 St,18000,18700
1000973479,76 Ave,14900,14400
1000973769,28 Ave,0,300
1000975895,152 St,16100,21550
1000974215,64 Ave,24700,24200
1000974316,144 St,3900,0
1000974391,Grosvenor Rd,4000,4000
1000974491,96 Ave,22200,23000
1000981693,Scott Rd,37100,36300
1000979463,104 Ave,0,8000
1000979532,156A St,0,1700
1000979611,168 St,5100,5600
1000978974,26 Ave,0,1200
1000978868,132 St,8000,8400
1000979045,Highway 10 (56 Ave),29400,33000
1000979102,64 Ave,28200,27400
1000981202,132 St,8000,8400
1000974650,156 St,11800,11100
1000984072,144 St,0,3700
1000979634,26 Ave,0,1200
1000976670,126 St,0,2800
1000979160,No 99 Hwy,45200,62000
1000979243,60 Ave,10600,11600
1000981503,20 Ave,1200,900
1000977815,192 St,4400,4000
1000980176,Grosvenor Rd,4000,4000
1000980195,152 St,29700,34500
1000972753,192 St,8700,7600
1000972980,60 Ave,0,4800
1000973032,64 Ave,30400,26400
1000973097,124 St,0,2100
1000975582,164 St,3400,3900
1000975831,104 Ave,8800,8300
1000974121,184 St,4800,6100
1000973211,Highway 15,10000,10000
1000973214,84 Ave,12400,12600
1000981731,132 St,15800,13800
1000982080,128 St,13000,16500
1000984946,132 St,10500,10800
1000985167,124 St,7000,7500
1000974456,96 Ave,25800,20400
1000985510,64 Ave,23400,24800
1000980254,134 St,0,3900
1000980272,20 Ave,5600,6300
1000980281,Highway 15,10000,10000
1000979516,132 St,15800,12000
1000980503,64 Ave,23400,24800
1000980514,128 St,22400,26900
1000980532,40 Ave,1100,2000
1000979725,144 St,3900,0
1000979759,82 Ave,6000,8800
1000983477,King George Blvd,41400,40000
1000980846,100 Ave,0,2100
1000980902,148 St,6400,5400
1000980915,140 St,15500,16300
1000980300,104 Ave,22500,9500
1000981217,74 Ave,0,7900
1000981219,King George Blvd,40100,37300
1000981459,24 Ave,8000,5900
1000981474,132 St,16200,15300
1000980722,137 St,0,8900
1000980725,60 Ave,4600,6100
1000980739,144 St,3900,2500
1000980745,16 Ave,12900,12500
1000981688,188 St,0,6500
1000981701,168 St,8500,7000
1000976368,140 St,6600,6300
1000976615,126 St,0,2800
1000984448,148 St,7300,6200
1000984506,120 St,36400,33900
1000982425,64 Ave,28400,26100
1000982426,124 St,0,2100
1000982463,136 St,0,400
1000981704,68 Ave,6900,6900
1000981739,104 Ave,32100,28000
1000984552,132 St,14000,12900
1000984687,28 Ave,0,1100
1000984829,184 St,4800,6100
1000982272,75 Ave,12700,7200
1000983103,82 Ave,6000,8800
1000983110,20 Ave,4500,5000
1000983123,56 Ave,0,2600
1000982475,121 St,0,1700
1000979525,142 St,0,2400
1000979526,84 Ave,0,6100
1000979544,16 Ave,14200,12500
1000979559,140 St,12400,13300
1000979573,68 Ave,11800,12400
1000982678,Highway 10 (56 Ave),26900,35000
1000982688,60 Ave,10600,11600
1000982690,192 St,0,6600
1000979771,112 Ave,9300,11100
1000979775,20 Ave,1200,900
1000972696,124 St,2500,2600
1000983128,University Dr,0,4200
1000983132,92 Ave,0,6100
1000980309,Grosvenor Rd,4000,4000
1000980312,132 St,8000,8400
1000980595,Marine Dr,0,1800
1000979786,88 Ave,13600,15600
1000980770,128 St,6300,7100
1000981190,180 St,1800,2400
1000981370,80 Ave,4400,5800
1000980327,192 St,9400,9800
1000981259,152 St,16500,22100
1000981297,92 Ave,0,22300
1000981300,140 St,12300,15800
1000980596,120 St,34100,33900
1000981484,60 Ave,4100,5400
1000981502,No 1 Hwy,77400,77000
1000980788,Marine Dr,0,1800
1000980797,128 St,0,1800
1000980811,108 Ave,6800,7500
1000980822,20 Ave,1700,0
1000980832,Highway 15,10000,10000
1000981747,24 Ave,11800,12500
1000977064,192 St,6700,4800
1000977323,84 Ave,0,5600
1000984945,32 Ave,14100,12200
1000985075,60 Ave,10700,10100
1000981307,142 St,0,2000
1000982295,Fraser Hwy,24800,28000
1000982316,Highway 15,10000,10000
1000982480,20 Ave,1200,900
1000982541,68 Ave,0,2000
1000985148,148 St,5000,6100
1000985415,Crescent Rd,10900,14100
1000973103,164 St,3400,3900
1000982324,160 St,7100,10300
1000983177,156 St,0,600
1000983181,74 Ave,0,7900
1000983182,20 Ave,2000,1800
1000982558,16 Ave,13400,11300
1000979639,76 Ave,12700,2800
1000982735,120 St,23400,29300
1000982743,192 St,6700,4800
1000982752,134 St,0,3000
1000982755,28 Ave,0,800
1000982758,88 Ave,0,6400
1000981738,132 St,10600,10300
1000980341,96 Ave,26900,23700
1000980342,92 Ave,0,6100
1000980347,72 Ave,31100,28100
1000980371,184 St,2500,2200
1000980598,64 Ave,28200,28000
1000980610,152 St,29500,32600
1000980617,16 Ave,14000,13500
1000980640,108 Ave,6800,7500
1000980658,100 Ave,7500,9500
1000979838,74 Ave,0,7900
1000979839,60 Ave,10600,11600
1000979864,City Parkway,0,7200
1000980847,28 Ave,0,300
1000980853,King George Blvd,20100,19800
1000980381,60 Ave,10700,10100
1000981346,192 St,0,4100
1000981358,104 Ave,22500,14000
1000980956,92 Ave,0,22300
1000980995,68 Ave,3600,2500
1000980998,168 St,9600,8100
1000981074,28 Ave,0,300
1000976297,32 Ave Div,19400,51000
1000976358,68 Ave,0,12700
1000976407,Highway 15,10000,10000
1000976477,132 St,10600,10300
1000978351,84 Ave,12400,7400
1000978439,Crescent Rd,10900,14100
1000978581,68 Ave,0,2000
1000978745,104 Ave,32100,28000
1000979931,32 Ave,14000,15100
1000975017,King George Blvd,40100,36000
1000982169,168 St,5100,5600
1000982165,108 Ave,6000,6900
1000976510,120 St,27300,25400
1000975828,108 Ave,24800,23500
1000978893,156 St,7600,9100
1000978954,100 Ave,7500,9500
1000977865,King George Blvd,40100,36000
1000977876,King George Blvd,44400,41100
1000975266,154 St,7400,7700
1000975369,177B St,0,5400
1000975994,Highway 10 (58 Ave),29900,35000
1000977726,72 Ave,31100,28100
1000977874,100 Ave,0,2700
1000975892,28 Ave,0,300
1000975910,60 Ave,10700,11300
1000984034,144 St,3900,0
1000984179,160 St,18700,16800
1000984299,152 St,39500,34000
1000973423,Grosvenor Rd,4000,4000
1000973554,66 Ave,0,3900
1000973638,148 St,0,3000
1000976448,140 St,12300,15800
1000976499,68 Ave,0,12700
1000984176,96 Ave,17400,17700
1000984352,168 St,4700,2400
1000984388,68 Ave,0,12700
1000977885,64 Ave,26500,23300
1000973759,20 Ave,1700,0
1000973760,104 Ave,31900,28300
1000984331,King George Blvd,40100,37700
1000984361,60 Ave,0,2400
1000984472,154 St,7400,7700
1000981173,King George Blvd,0,10500
1000981189,100 Ave,5000,0
1000973681,104 Ave,6600,5800
1000983257,Scott Rd,37100,36300
1000984488,160 St,6400,10200
1000980284,68 Ave,0,6600
1000974017,148 St,15800,9000
1000974114,156 St,0,600
1000974132,92 Ave,0,6100
1000982240,88 Ave,32300,27300
1000982435,68 Ave,0,2300
1000981299,20 Ave,1700,0
1000981382,184 St,6600,6600
1000976795,152 St,21400,22400
1000976855,88 Ave,25000,17000
1000977012,64 Ave,28400,26300
1000978552,168 St,4700,2400
1000978586,177B St,0,5400
1000980687,80 Ave,4400,5800
1000973127,Crescent Rd,10900,14100
1000973174,128 St,17400,19400
1000973322,144 St,3900,2500
1000982437,No 1 Hwy,93000,79000
1000982451,168 St,3100,3200
1000982581,Old Yale Rd,0,6300
1000982610,160 St,18700,17600
1000982642,Highway 10 (56 Ave),26900,35000
1000974734,148 St,5700,10000
1000974026,168 St,4800,6000
1000976514,King George Blvd,42500,42100
1000976574,140 St,17300,10900
1000978185,16 Ave,11400,8900
1000984739,124 St,0,2100
1000984753,60 Ave,12300,11400
1000984773,20 Ave,8400,7200
1000974263,172 St,0,500
1000974408,96 Ave,26900,25600
1000982522,120 St,34100,32100
1000978296,156 St,0,7200
1000978524,60 Ave,0,4700
1000974236,154 St,8100,7700
1000974398,72 Ave,20400,14600
1000985046,124 St,8800,9100
1000981623,168 St,5100,5600
1000981655,124 St,7000,7500
1000981666,150 St,0,7000
1000978741,60 Ave,10700,10100
1000978764,28 Ave,0,800
1000985547,192 St,8700,7600
1000980823,56 Ave,0,2200
1000980828,172 St,0,2100
1000980894,140 St,12300,15800
1000974536,72 Ave,31100,28100
1000974543,60 Ave,10700,10100
1000974674,184 St,4800,5700
1000982792,172 St,0,500
1000982838,132 St,10500,10800
1000983076,168 St,8500,7000
1000977748,Croydon Dr,2000,1800
1000978847,148 St,0,3000
1000978884,111 Ave,0,3200
1000978902,168 St,1200,1400
1000975496,20 Ave,1700,0
1000980937,New Mclellan Rd,2400,2600
1000980981,152 St,29500,32600
1000981142,152 St,16500,23100
1000980703,148 St,7200,6200
1000983121,84 Ave,9900,8400
1000983236,160 St,14700,12300
1000983499,King George Blvd,47100,55700
1000982967,192 St,0,2000
1000983231,144 St,0,4700
1000976723,No 1 Hwy,120000,110000
1000976960,124 St,8800,6600
1000976964,140 St,18000,17200
1000974983,144 St,15100,16000
1000975016,140 St,11700,7600
1000980926,152 St,20000,25300
1000980999,148 St,5000,6100
1000981035,192 St,9400,9800
1000976961,84 Ave,12800,13000
1000976980,111 Ave,0,3200
1000977094,156 St,7600,9100
1000983384,Highway 10 (56 Ave),26900,35000
1000983553,148 St,13400,15200
1000978587,134 St,0,2700
1000978674,76 Ave,14900,14400
1000978682,144 St,15100,16000
1000985418,76 Ave,0,300
1000983020,172 St,0,2100
1000977251,130 St,2400,2500
1000977314,156A St,0,1700
1000972634,156A St,0,1700
1000972710,96 Ave,14900,15000
1000972770,132 St,7900,8200
1000978994,99 Ave,0,2500
1000979008,186 St,0,3900
1000982025,134 St,0,2700
1000982140,184 St,6600,6600
1000983282,96 Ave,25800,23600
1000983432,80 Ave,13200,13400
1000983469,32 Ave,0,4000
1000979031,128 St,14300,11900
1000979139,56 Ave,0,2200
1000973026,72 Ave,33800,31000
1000981410,128 St,9900,8700
1000975118,80 Ave,17100,15300
1000983774,140 St,11700,7600
1000982410,102 Ave,0,6100
1000982501,168 St,5100,5600
1000977981,120 St,32500,28900
1000977993,160 St,0,7800
1000978219,104 Ave,31900,28300
1000979549,82 Ave,6000,8800
1000979595,156 St,10100,10400
1000979626,82 Ave,6000,8800
1000973918,132 St,14000,12900
1000981673,16 Ave,14000,11300
1000985584,128 St,13000,12200
