[
{
"json_featuretype":"CSV"
,"YEAR":2017
,"CLOVERDALE":74090
,"FLEETWOOD":62400
,"GUILDFORD":62990
,"NEWTON":137530
,"SOUTH_SURREY":92760
,"WHALLEY_INCLUDING_ CITY_CENTRE":104950
,"CITY_CENTRE":35470
,"SURREY_TOTAL":534720
}
,{
"json_featuretype":"CSV"
,"YEAR":2021
,"CLOVERDALE":78630
,"FLEETWOOD":66260
,"GUILDFORD":65260
,"NEWTON":146140
,"SOUTH_SURREY":102940
,"WHALLEY_INCLUDING_ CITY_CENTRE":115720
,"CITY_CENTRE":44060
,"SURREY_TOTAL":574950
}
,{
"json_featuretype":"CSV"
,"YEAR":2026
,"CLOVERDALE":86220
,"FLEETWOOD":69290
,"GUILDFORD":70200
,"NEWTON":156480
,"SOUTH_SURREY":112970
,"WHALLEY_INCLUDING_ CITY_CENTRE":130720
,"CITY_CENTRE":55170
,"SURREY_TOTAL":625880
}
,{
"json_featuretype":"CSV"
,"YEAR":2031
,"CLOVERDALE":97790
,"FLEETWOOD":71720
,"GUILDFORD":78580
,"NEWTON":164350
,"SOUTH_SURREY":124830
,"WHALLEY_INCLUDING_ CITY_CENTRE":150150
,"CITY_CENTRE":67500
,"SURREY_TOTAL":687420
}
,{
"json_featuretype":"CSV"
,"YEAR":2036
,"CLOVERDALE":107020
,"FLEETWOOD":74810
,"GUILDFORD":88260
,"NEWTON":169260
,"SOUTH_SURREY":136670
,"WHALLEY_INCLUDING_ CITY_CENTRE":170570
,"CITY_CENTRE":77900
,"SURREY_TOTAL":746590
}
,{
"json_featuretype":"CSV"
,"YEAR":2041
,"CLOVERDALE":113830
,"FLEETWOOD":77400
,"GUILDFORD":98280
,"NEWTON":171450
,"SOUTH_SURREY":145670
,"WHALLEY_INCLUDING_ CITY_CENTRE":194330
,"CITY_CENTRE":88710
,"SURREY_TOTAL":800960
}
,{
"json_featuretype":"CSV"
,"YEAR":2046
,"CLOVERDALE":118310
,"FLEETWOOD":78860
,"GUILDFORD":102330
,"NEWTON":171620
,"SOUTH_SURREY":150400
,"WHALLEY_INCLUDING_ CITY_CENTRE":213640
,"CITY_CENTRE":98290
,"SURREY_TOTAL":835160
}
]