,BRITISH_COLUMBIA,CITY_OF_SURREY,CITY_CENTRE,CLOVERDALE,FLEETWOOD,GUILDFORD,NEWTON,SOUTH_SURREY,   WHALLEY_EXCLUDING_CITY_CENTRE,  WHALLEY_INCLUDING_CITY_CENTRE
Total population by age groups,4400055,468250,22925,54390,59160,58180,132550,69060,71995,94920
  0 to 4 years,219665,29160,1325,4320,3285,2995,9545,2980,4710,6035
  5 to 9 years,218920,28800,960,3715,3680,3300,9130,3355,4660,5620
  10 to 14 years,238780,30785,960,3455,4130,4165,9120,4105,4855,5815
  15 to 19 years,275165,33130,1165,3340,4740,4900,9085,4695,5205,6370
    15 years,53725,6795,200,705,975,1035,1845,970,1070,1265
    16 years,54885,6695,200,675,1000,1020,1850,920,1030,1230
    17 years,55395,6655,205,640,1000,965,1815,1015,1020,1225
    18 years,55380,6630,255,675,950,950,1820,935,1050,1300
    19 years,55780,6355,305,650,815,930,1760,855,1035,1345
  20 to 24 years,279825,31090,1915,3385,4235,4125,8705,3530,5195,7105
  25 to 29 years,288780,32275,2345,4195,3595,3600,10390,2670,5475,7820
  30 to 34 years,275980,32150,1895,4550,3675,3315,10630,2780,5310,7200
  35 to 39 years,280870,32900,1725,4475,3950,3695,10280,3690,5085,6810
  40 to 44 years,313765,35030,1725,4290,4590,4730,9670,4750,5270,6995
  45 to 49 years,350600,36535,1890,4205,4765,5485,9190,5375,5625,7515
  50 to 54 years,354610,34340,1745,3810,4620,5015,8460,5490,5195,6945
  55 to 59 years,323335,29820,1395,3160,3710,3815,7670,5595,4470,5870
  60 to 64 years,291040,25670,1100,2510,3155,2965,6895,5355,3685,4790
  65 to 69 years,210905,18530,750,1790,2125,2060,5030,4185,2590,3340
  70 to 74 years,160710,13585,600,1195,1605,1500,3670,3100,1915,2515
  75 to 79 years,127480,10175,490,880,1315,1185,2390,2560,1355,1845
  80 to 84 years,96950,7400,420,630,1025,745,1535,2205,835,1255
  85 years and over,92675,6880,520,470,970,585,1140,2640,560,1075
Median age of the total population  ,41.9,37.5,37.6,35.2,37.8,38.8,34.8,47,35.5,36
% of the total population aged 15 and over  ,84.6,81,85.8,78.9,81.3,82,79,84.9,80.2,81.6
"  Males, total",2156605,231570,11690,26800,29020,28820,65950,32815,36470,48160
    0 to 4 years,112890,15115,655,2270,1715,1590,4960,1485,2440,3090
    5 to 9 years,112205,14820,505,1865,1840,1720,4735,1700,2445,2955
    10 to 14 years,122465,15955,485,1775,2130,2140,4735,2110,2590,3070
    15 to 19 years,141670,17230,590,1770,2530,2575,4730,2400,2630,3220
      15 years,27615,3535,100,375,505,550,980,475,550,645
      16 years,28470,3535,110,355,520,545,975,510,525,630
      17 years,28505,3450,100,340,550,510,920,515,510,615
      18 years,28425,3440,125,380,505,475,960,475,525,645
      19 years,28640,3270,155,325,455,500,885,425,525,685
    20 to 24 years,142290,15750,985,1670,2150,2050,4450,1805,2640,3625
    25 to 29 years,143475,15835,1255,2000,1790,1805,5070,1285,2640,3890
    30 to 34 years,135225,15405,985,2155,1755,1540,5095,1250,2625,3610
    35 to 39 years,135455,15650,885,2205,1805,1675,4930,1695,2465,3350
    40 to 44 years,151430,17090,905,2090,2190,2240,4795,2175,2690,3595
    45 to 49 years,170580,18250,1005,2110,2315,2680,4670,2530,2940,3945
    50 to 54 years,172060,17055,955,1845,2260,2495,4215,2615,2675,3625
    55 to 59 years,157455,14770,735,1535,1880,1935,3760,2620,2305,3040
    60 to 64 years,142645,12570,570,1225,1540,1520,3305,2550,1855,2425
    65 to 69 years,103790,9095,365,880,1010,985,2500,2075,1275,1645
    70 to 74 years,77350,6560,285,580,770,770,1745,1465,950,1235
    75 to 79 years,60720,4750,210,390,605,560,1145,1175,655,870
    80 to 84 years,42745,3240,175,270,420,340,685,935,410,585
    85 years and over,32155,2430,140,165,305,200,435,955,230,370
  Median age of the male population ,41.1,36.8,37.2,34.8,36.7,38.1,34.2,46.1,35.4,35.8
  % of the male population aged 15 and over ,83.9,80.2,86,77.9,80.4,81.1,78.1,83.9,79.5,81.1
"  Females, total",2243455,236685,11235,27585,30135,29355,66600,36245,35525,46760
    0 to 4 years,106775,14050,670,2050,1570,1405,4585,1495,2270,2940
    5 to 9 years,106715,13980,455,1855,1835,1575,4395,1650,2215,2665
    10 to 14 years,116310,14830,480,1680,2000,2030,4385,1995,2265,2745
    15 to 19 years,133500,15905,575,1570,2210,2320,4360,2290,2575,3150
      15 years,26105,3260,95,335,470,485,865,485,525,620
      16 years,26410,3160,90,320,480,470,875,410,510,600
      17 years,26885,3210,100,300,450,460,890,495,505,610
      18 years,26955,3185,125,295,445,470,860,460,530,660
      19 years,27140,3085,150,325,365,430,870,435,510,660
    20 to 24 years,137535,15335,930,1710,2085,2075,4255,1730,2550,3485
    25 to 29 years,145300,16440,1090,2200,1805,1795,5325,1385,2840,3925
    30 to 34 years,140760,16745,905,2395,1925,1770,5535,1530,2680,3585
    35 to 39 years,145415,17250,840,2275,2150,2020,5350,2000,2620,3460
    40 to 44 years,162330,17945,820,2205,2395,2490,4875,2580,2575,3400
    45 to 49 years,180025,18280,885,2095,2445,2810,4515,2845,2690,3570
    50 to 54 years,182550,17285,795,1965,2360,2525,4240,2880,2525,3320
    55 to 59 years,165880,15050,665,1625,1825,1880,3915,2975,2170,2830
    60 to 64 years,148400,13100,535,1280,1615,1445,3590,2805,1830,2365
    65 to 69 years,107115,9440,385,915,1115,1070,2535,2110,1310,1695
    70 to 74 years,83360,7025,310,620,835,730,1925,1640,965,1280
    75 to 79 years,66760,5425,280,490,705,625,1245,1380,700,980
    80 to 84 years,54205,4165,245,360,605,400,855,1275,425,670
    85 years and over,60520,4450,380,305,660,385,705,1685,330,710
  Median age of the female population ,42.7,38.2,37.9,35.7,38.9,39.3,35.4,47.6,35.6,36.1
  % of the female population aged 15 and over ,85.3,81.9,85.7,79.7,82.1,83,79.9,85.8,81,82.1
Total population 15 years and over by marital status,3722695,379505,19680,42890,48065,47725,104750,58620,57770,77445
  Married (and not separated) or living with a or common-law partner,2154575,231120,9180,27520,29275,27385,66115,37295,34345,43530
    Married (and not separated),1832605,210295,7355,23930,27320,24800,61750,33820,31325,38675
    Living common law,321965,20825,1825,3590,1955,2590,4360,3475,3025,4855
  Not living with a married spouse or common-law partner,1568120,148390,10500,15370,18800,20335,38640,21325,23420,33920
    Single (never legally married),1014265,100530,6760,10440,13235,14595,26560,12530,16410,23170
    Separated,102035,9695,820,1110,1035,1275,2625,1310,1515,2340
    Divorced,246515,19430,1740,2210,1965,2540,4630,3460,2885,4630
    Widowed,205300,18730,1175,1615,2560,1920,4820,4030,2605,3785
  Males 15 years and over by marital status,,,,,,,,,,
,1809045,185680,10045,20890,23335,23375,51525,27520,28995,39040
    Married (and not separated) or living with a or common-law partner,1074960,115300,4590,13700,14600,13630,33050,18540,17185,21775
      Married (and not separated),913435,104900,3670,11925,13620,12340,30875,16795,15675,19340
      Living common law,161530,10405,920,1775,980,1290,2180,1745,1510,2430
    Not living with a married spouse or common-law partner,734080,70380,5455,7190,8735,9745,18470,8985,11810,17265
      Single (never legally married),550835,54915,4025,5610,7135,7835,14645,6490,9175,13200
      Separated,43570,4060,400,440,420,505,1130,500,665,1065
      Divorced,98130,7765,790,820,720,1035,1790,1205,1400,2190
      Widowed,41550,3640,240,315,465,365,900,785,575,815
  Females 15 years and over by marital status,,,,,,,,,,
,1913650,193825,9635,22005,24730,24345,53230,31100,28775,38410
    Married (and not separated) or living with a or common-law partner,1079610,115820,4590,13815,14675,13755,33065,18755,17165,21755
      Married (and not separated),919175,105395,3680,12000,13695,12460,30875,17025,15650,19335
      Living common law,160435,10420,905,1815,975,1295,2185,1735,1515,2420
    Not living with a married spouse or common-law partner,834045,78005,5045,8185,10060,10590,20170,12345,11610,16655
      Single (never legally married),463435,45615,2735,4825,6100,6755,11915,6035,7235,9975
      Separated,58470,5635,425,665,615,770,1490,810,850,1275
      Divorced,148385,11665,950,1390,1245,1505,2840,2255,1485,2435
      Widowed,163750,15090,940,1300,2095,1550,3925,3245,2035,2970
Total number of persons in private households,,,,,,,,,,
,4324505,463340,22065,54110,58435,57880,131820,67340,71690,93755
  Number of persons not in census families,807655,59800,6425,6645,6215,7460,14720,8930,9400,15830
    Living with relatives,105450,15055,735,1355,2010,1800,5160,1040,2955,3690
    Living with non-relatives only,203285,14605,1745,1815,1455,1845,3280,1595,2865,4610
    Living alone,498925,30145,3940,3480,2750,3820,6275,6290,3590,7530
  Number of census family persons,3516850,403535,15645,47460,52220,50410,117100,58410,62285,77930
  Total number of males in private households,,,,,,,,,,
,2122315,229400,11320,26690,28790,28640,65495,32200,36270,47590
    Number of persons not in census families,,,,,,,,,,
,383540,28530,3725,3115,2700,3640,6935,3380,5040,8760
      Living with relatives,42525,5725,340,530,685,695,1900,395,1175,1515
      Living with non-relatives only,111940,8405,1120,955,790,1055,1915,785,1780,2900
      Living alone,229075,14400,2255,1625,1225,1885,3120,2195,2090,4345
    Number of census family persons,,,,,,,,,,
,1738780,200870,7595,23575,26095,25000,58560,28820,31230,38825
  Total number of females in private households,,,,,,,,,,
,2202185,233940,10750,27420,29645,29235,66330,35145,35420,46165
    Number of persons not in census families,,,,,,,,,,
,424115,31275,2700,3535,3515,3825,7785,5555,4365,7065
      Living with relatives,62920,9325,390,820,1320,1105,3260,645,1780,2175
      Living with non-relatives only,91350,6200,625,865,670,790,1360,810,1075,1705
      Living alone,269845,15745,1685,1850,1525,1930,3160,4095,1505,3185
    Number of census family persons,,,,,,,,,,
,1778070,202665,8050,23885,26130,25410,58540,29595,31055,39100
Total number of persons aged 65 years and over in private households,,,,,,,,,,
,643410,53505,2140,4765,6445,5970,13600,13340,7245,9385
  Number of persons not in census families aged 65 years and over,211820,16255,990,1445,1935,1835,4040,3870,2140,3130
    Living with relatives,32900,5500,135,435,810,565,2070,415,1070,1210
    Living with non-relatives only,13560,1070,65,115,110,135,220,210,210,275
    Living alone,165365,9680,785,900,1010,1135,1750,3240,865,1645
  Number of census family persons aged 65 years and over,431590,37255,1155,3320,4510,4140,9560,9465,5100,6250
  Total number of males aged 65 years and over in private households,,,,,,,,,,
,302315,25130,985,2230,2955,2805,6440,6185,3520,4505
    Number of persons not in census families aged 65 years and over,65455,4695,380,420,485,550,1110,1015,735,1120
      Living with relatives,7490,1305,35,100,175,120,495,95,280,315
      Living with non-relatives only,6765,540,40,60,45,75,105,100,115,160
      Living alone,51200,2850,300,260,260,360,510,820,345,645
    Number of census family persons aged 65 years and over      ,236860,20430,605,1815,2470,2255,5330,5175,2785,3385
  Total number of females aged 65 years and over in private households,,,,,,,,,,
,341095,28370,1160,2535,3490,3165,7155,7155,3720,4880
    Number of persons not in census families aged 65 years and over,146365,11555,610,1025,1450,1280,2930,2860,1405,2010
      Living with relatives,25405,4200,100,335,630,440,1575,325,790,895
      Living with non-relatives only,6790,525,20,60,65,60,120,115,95,115
      Living alone,114165,6830,485,635,750,775,1235,2420,520,1000
    Number of census family persons aged 65 years and over,194730,16820,550,1505,2040,1880,4230,4295,2315,2865
Total number of census families in private households,1238155,131070,5610,15675,16460,16100,36965,20510,19745,25355
  Size of census family: 2 persons,645245,55135,3030,6750,6245,6360,14210,10740,7805,10830
  Size of census family: 3 persons,263910,29295,1300,3585,3730,3800,8445,4040,4390,5690
  Size of census family: 4 persons,238530,32160,865,3890,4440,4040,9670,4180,5080,5940
  Size of census family: 5 or more persons,90475,14475,410,1445,2040,1905,4640,1555,2475,2890
Total number of census families in private households,1238155,131065,5605,15670,16455,16100,36965,20510,19745,25355
  Total couple families by family structure and number of children,1048350,111540,4325,13555,14110,13280,31705,18070,16490,20815
    Married couples,887990,101160,3420,11760,13135,11995,29520,16355,14980,18395
      Without children at home,422310,37575,1515,4420,4420,3950,10060,8105,5105,6615
      With children at home,465680,63585,1900,7340,8720,8040,19460,8240,9875,11780
          1 child,181895,21465,855,2565,2785,2760,6355,2985,3170,4025
          2 children,205505,28930,695,3490,4045,3570,8825,3830,4460,5165
          3 or more children,78280,13185,350,1285,1895,1710,4280,1430,2245,2595
    Common-law couples,160360,10380,915,1795,975,1290,2180,1725,1510,2420
      Without children at home,105420,6245,660,1085,535,730,1265,1160,805,1475
      With children at home,54935,4140,250,710,435,565,915,565,700,950
          1 child,27565,1990,155,365,190,275,415,280,315,470
          2 children,19150,1455,60,240,170,190,330,195,270,335
          3 or more children,8220,690,35,110,80,100,170,90,110,150
  Total lone-parent families by sex of parent and number of children,189805,19530,1280,2115,2350,2820,5265,2445,3255,4540
      Female parent,149010,15555,1065,1670,1870,2240,4255,1955,2500,3565
        1 child,90235,8795,700,950,1005,1305,2280,1165,1380,2080
        2 children,43935,4755,245,535,620,625,1370,630,730,980
        3 or more children,14835,2005,115,180,250,305,600,165,385,505
      Male parent,40795,3975,215,445,480,580,1010,490,760,975
        1 child,27280,2525,145,290,290,375,605,310,510,660
        2 children,10510,1085,45,130,140,140,305,150,175,220
        3 or more children,3005,365,25,35,55,60,100,25,70,95
Total children in census families in private households,1230340,160930,5710,18235,21655,21030,48425,19830,26050,31755
  Under six years of age,260215,34495,1510,5085,3925,3530,11305,3600,5535,7045
  6 to 14 years,409250,53390,1705,6325,7040,6795,16240,6760,8520,10220
  15 to 17 years,156650,19490,570,1950,2890,2900,5350,2825,3005,3575
  18 to 24 years,255855,34275,1130,3380,5035,4955,9600,4645,5530,6660
  25 years and over,148375,19275,795,1490,2760,2840,5935,1995,3455,4255
Average number of children at home per census family,1,1.2,1,1.2,1.3,1.3,1.3,1,1.3,1.3
Average number of persons per census family,2.8,3.1,2.8,3,3.2,3.1,3.2,2.8,3.2,3.1
Total number of private households by household type,1764635,152850,10035,18940,17805,19515,38475,26810,21275,31300
  Census family households,1183075,117500,5320,14875,14595,15005,31050,19940,16710,22035
    One-family only households,1041475,93780,4545,12730,11350,12545,22390,18320,11895,16445
      Couple family households,898030,80535,3580,11170,9880,10500,19120,16320,9960,13540
        Without children,458880,31255,1860,4525,3290,3610,6245,8460,3260,5125
        With children,439145,49280,1720,6645,6585,6890,12880,7860,6700,8410
      Lone-parent family households,143445,13245,965,1555,1475,2050,3265,2000,1935,2905
    Other family households,141605,23720,775,2145,3245,2460,8660,1620,4815,5585
      One-family households with persons not in a census family,91190,12040,515,1415,1610,1460,3715,1080,2250,2765
        Couple family households,66105,9475,335,1110,1325,1100,3065,820,1725,2060
          Without children,23805,2125,115,310,260,255,535,270,380,495
          With children,42300,7355,220,800,1060,840,2535,550,1345,1570
        Lone-parent family households,25085,2565,175,300,295,360,650,255,525,700
      Two-or-more-family households,50410,11675,260,735,1630,1005,4945,545,2565,2825
  Non-census family households,581565,35345,4710,4060,3215,4505,7425,6870,4560,9270
    One-person households,498925,30140,3940,3475,2750,3820,6275,6290,3590,7530
    Two-or-more-person households,82640,5200,765,585,465,685,1145,580,970,1740
Total number of private households by household size,1764640,152845,10030,18935,17805,19515,38475,26810,21270,31305
  1 person,498920,30145,3940,3480,2750,3825,6280,6290,3585,7530
  2 persons,613270,42950,3125,5910,4440,5365,8905,10130,5075,8200
  3 persons,264130,25100,1360,3395,3030,3450,6325,4035,3500,4865
  4 persons,237725,27760,865,3740,3780,3810,7460,4150,3955,4815
  5 persons,91600,13625,415,1490,1955,1725,4200,1525,2315,2730
  6 or more persons,58990,13275,330,925,1855,1340,5310,685,2835,3165
Total number of persons in private households,4324505,463335,22065,54110,58440,57875,131820,67340,71690,93755
Average number of persons in private households,2.5,3,2.2,2.9,3.3,3,3.4,2.5,3.4,3
Total number of occupied private dwellings by structural type of dwelling,1764640,152850,10030,18940,17805,19515,38475,26810,21270,31305
  Single-detached house,842120,64515,1155,10415,7450,7885,13170,16340,8105,9260
"  Apartment, building that has five or more storeys",143970,3795,2645,140,65,655,120,5,170,2810
  Movable dwelling,46960,1440,55,10,260,85,610,270,150,205
  Other dwelling,731590,83100,6180,8370,10035,10890,24580,10205,12845,19020
    Semi-detached house,52825,3345,170,485,335,70,645,1220,425,595
    Row house,130365,20895,985,3980,3005,1770,6190,3680,1295,2275
"    Apartment, duplex",184355,27410,720,2145,4895,2740,8880,1120,6910,7630
"    Apartment, building that has fewer than five storeys",361155,31345,4285,1745,1790,6310,8845,4170,4200,8485
    Other single-attached house,2880,100,15,15,10,0,20,20,20,35
Detailed mother tongue - Total population excluding institutional residents,4356205,465010,22265,54190,58650,57995,131925,68260,71715,93985
  Single responses,4273930,449775,21425,53195,56420,55865,126760,67375,68735,90155
    English,3062435,240490,12005,42210,27425,28550,49560,52380,28355,40365
    French,57280,3480,280,435,355,425,760,815,400,680
    Non-official languages,1154220,205815,9130,10545,28645,26895,76435,14180,39980,49110
      Selected Aboriginal languages,1210,65,5,5,0,5,15,5,20,35
        Atikamekw,0,0,0,0,0,0,0,0,0,0
"        Cree, n.o.s.",955,40,10,5,5,5,10,0,15,25
        Dene,70,5,0,0,0,0,0,0,5,0
        Innu/Montagnais,5,0,0,0,0,0,0,0,0,0
        Inuktitut,25,0,0,0,0,0,0,0,0,0
        Mi'kmaq,15,0,0,0,0,0,0,0,0,0
        Ojibway,140,10,5,5,0,0,5,0,5,5
        Oji-Cree,0,0,0,0,0,0,0,0,0,0
        Stoney,0,0,0,0,0,0,0,0,0,0
      Selected non-Aboriginal languages,1137425,204425,8995,10475,28460,26695,76050,14110,39640,48630
"        African languages, n.i.e.",620,195,40,10,10,55,40,5,30,70
        Afrikaans,2735,175,5,30,10,30,15,80,5,5
        Akan (Twi),460,150,25,5,30,25,50,5,10,40
        Albanian,1335,265,40,30,30,130,20,5,10,50
        Amharic,1255,290,45,5,55,55,80,0,55,100
        Arabic,13055,2925,215,120,480,995,620,80,410,630
        Armenian,1105,85,5,25,5,20,10,20,10,10
"        Bantu languages, n.i.e.",525,115,20,10,20,20,30,5,15,30
        Bengali,2410,465,40,10,60,90,155,20,90,130
        Berber languages (Kabyle),15,0,0,0,0,0,0,0,0,0
        Bisayan languages,3870,750,85,30,90,180,165,35,165,245
        Bosnian,1275,140,15,5,20,45,35,10,5,20
        Bulgarian,1945,90,10,5,20,15,15,20,0,10
        Burmese,945,250,80,10,15,45,15,5,75,155
        Cantonese,133245,3890,235,275,790,1055,650,340,540,780
"        Chinese, n.o.s.",120040,7765,715,375,1350,2175,845,1575,725,1440
        Creoles,640,215,20,10,15,45,60,5,65,80
        Croatian,7820,735,35,85,145,140,95,145,85,125
        Czech,5610,495,25,50,65,95,80,135,50,75
        Danish,5245,450,25,50,45,50,65,185,40,65
        Dutch,23080,1765,65,295,350,205,230,475,145,205
        Estonian,820,85,0,10,5,5,10,50,5,5
        Finnish,4095,275,25,30,20,50,40,80,40,60
        Flemish,445,40,5,5,5,5,5,15,0,5
        Fukien,1915,125,10,5,15,40,25,10,15,30
        German,73625,4910,215,690,515,600,830,1590,465,680
        Greek,6245,570,20,70,90,80,145,90,80,105
        Gujarati,6595,1240,45,45,110,100,685,65,190,235
        Hakka,1110,75,5,0,10,20,20,10,5,10
        Hebrew,1755,50,10,0,0,5,15,20,5,10
        Hindi,24635,12230,465,270,1455,535,5280,110,4115,4585
        Hungarian,9850,1030,85,95,110,210,205,160,155,245
        Ilocano,3755,655,85,20,135,125,130,15,145,225
"        Indo-Iranian languages, n.i.e.",470,125,5,0,20,0,65,5,25,30
        Italian,24060,1395,35,195,220,300,225,305,110,150
        Japanese,19670,950,60,95,125,185,175,185,120,180
        Khmer (Cambodian),1465,600,40,55,140,75,145,5,140,185
        Korean,48975,7745,570,765,1535,3275,285,1165,140,710
        Kurdish,1415,120,5,5,30,25,50,0,5,5
        Lao,1155,580,10,30,285,135,40,0,75,90
        Latvian,615,35,0,0,5,0,5,20,0,0
        Lingala,35,0,0,0,0,0,0,0,5,0
        Lithuanian,430,30,0,5,5,5,5,10,0,0
        Macedonian,270,15,0,0,5,5,0,5,5,5
        Malay,3535,355,65,30,60,85,50,35,35,100
        Malayalam,,,,,,,,,,
,1460,390,25,20,75,30,180,5,60,85
        Maltese,225,15,0,0,0,0,5,0,0,0
        Mandarin,94055,10050,745,375,1445,3300,1020,2705,470,1210
        Marathi,430,55,0,5,15,10,10,10,5,5
        Nepali,810,300,50,0,20,25,90,0,110,160
"        Niger-Congo languages, n.i.e.",470,135,30,10,10,25,25,0,30,65
        Norwegian,2370,205,10,25,25,10,30,65,35,45
        Oromo,325,45,5,0,0,20,15,0,5,5
        Panjabi (Punjabi),182920,93780,1190,3295,11010,2790,51170,1350,22985,24175
        Pashto,905,385,35,0,15,10,245,10,70,105
        Persian (Farsi),36045,2030,245,90,275,355,670,110,280,525
        Polish,17460,2740,265,250,385,790,415,265,365,635
        Portuguese,14605,1350,65,160,310,185,260,155,220,280
        Romanian,8330,630,60,60,70,150,110,110,65,130
        Rundi (Kirundi),135,45,10,0,0,5,15,0,15,25
        Russian,22645,1375,190,135,130,235,215,300,170,365
        Rwanda (Kinyarwanda),85,20,0,5,0,0,10,0,0,5
"        Semitic languages, n.i.e.",690,455,10,0,10,365,40,0,30,35
        Serbian,6655,460,50,35,25,110,70,120,50,95
        Serbo-Croatian,1430,80,5,10,10,15,15,20,5,15
        Shanghainese,1250,45,10,5,0,20,5,5,5,10
"        Sign languages, n.i.e.",645,90,0,20,15,10,35,5,10,15
        Sindhi,1770,210,15,15,35,10,95,20,20,30
        Sinhala (Sinhalese),1405,530,30,25,135,150,125,5,70,90
"        Sino-Tibetan languages, n.i.e.",775,305,40,0,20,25,5,5,210,250
"        Slavic languages, n.i.e.",495,40,0,5,10,5,5,5,10,15
        Slovak,3220,295,20,45,25,60,50,50,50,70
        Slovenian,1230,100,0,20,25,5,25,20,10,15
        Somali,975,535,35,0,10,65,365,0,65,100
        Spanish,40795,5860,500,595,625,800,1665,480,1195,1695
        Swahili,755,165,35,10,20,15,40,5,35,70
        Swedish,2735,145,5,15,10,30,15,45,15,20
"        Tagalog (Pilipino, Filipino)",66120,13745,1115,700,2590,3480,3105,430,2325,3440
        Taiwanese,5675,750,40,30,115,260,100,170,30,70
        Tamil,3135,530,25,40,100,85,185,10,80,100
        Telugu,565,100,15,5,5,10,35,10,25,40
        Thai,2405,200,30,15,45,25,35,30,25,60
        Tibetan languages,200,40,5,5,25,0,0,5,5,5
        Tigrigna,590,90,5,5,5,15,50,0,15,20
        Turkish,2885,190,20,10,20,50,55,30,10,30
        Ukrainian,9680,910,70,100,125,130,125,255,105,170
        Urdu,8450,4500,160,140,395,215,2770,115,705,865
        Vietnamese,25105,6035,350,315,1775,1460,855,60,1225,1575
        Yiddish,350,20,0,5,0,0,5,10,0,0
      Other languages,15585,1325,130,75,180,190,375,65,315,445
  Multiple responses,82280,15230,840,1000,2225,2130,5160,885,2985,3830
    English and French,8600,635,30,100,60,85,150,145,70,105
    English and non-official language,68800,14055,775,860,2080,1960,4875,675,2830,3605
    French and non-official language,3345,350,30,30,65,45,70,40,65,100
"    English, French and non-official language",1530,185,5,10,20,40,70,25,15,25
  Detailed mother tongue - Males excluding institutional residents,,,,,,,,,,
,2137245,230090,11395,26715,28840,28725,65560,32570,36295,47680
    Single responses,2098055,222615,10985,26230,27770,27670,62985,32160,34810,45800
      English,1526350,120780,6410,21035,13765,14505,25025,25215,14835,21245
      French,28315,1715,170,210,170,235,365,360,210,375
      Non-official languages,543395,100120,4415,4980,13840,12930,37590,6585,19760,24180
        Selected Aboriginal languages,540,20,5,0,0,0,5,0,10,15
          Atikamekw,0,0,0,0,0,0,0,0,0,0
"          Cree, n.o.s.",430,20,5,0,0,0,5,0,10,10
          Dene,35,0,0,0,0,0,0,0,0,0
          Innu/Montagnais,5,0,0,0,0,0,0,0,0,0
          Inuktitut,10,0,0,0,0,0,0,0,0,0
          Mi'kmaq,10,0,0,0,0,0,0,0,0,0
          Ojibway,50,0,5,0,0,0,0,0,0,0
          Oji-Cree,0,0,0,0,0,0,0,0,0,0
          Stoney,5,0,0,0,0,0,0,0,0,0
        Selected non-Aboriginal languages,535400,99455,4340,4950,13755,12840,37420,6560,19590,23930
"          African languages, n.i.e.",325,90,15,5,5,20,20,0,20,30
          Afrikaans,1330,85,5,20,5,15,5,40,5,5
          Akan (Twi),240,70,10,5,15,15,25,0,10,15
          Albanian,695,125,25,15,15,60,5,0,5,30
          Amharic,615,130,20,0,25,25,35,0,25,40
          Arabic,7505,1555,135,65,250,515,330,40,220,355
          Armenian,560,40,0,5,0,15,5,5,5,5
"          Bantu languages, n.i.e.",240,45,10,5,5,10,15,0,5,15
          Bengali,1265,235,25,0,30,40,80,10,40,65
          Berber languages (Kabyle),10,0,0,0,0,0,0,0,0,0
          Bisayan languages,1440,315,35,15,30,75,75,10,75,110
          Bosnian,635,75,5,5,10,25,15,5,5,10
          Bulgarian,955,45,5,5,10,5,5,10,5,5
          Burmese,485,135,40,0,5,30,10,0,50,95
          Cantonese,61790,1835,115,120,385,510,285,155,265,380
"          Chinese, n.o.s.",55740,3630,340,175,620,1035,390,730,350,690
          Creoles,315,100,10,5,5,20,30,5,35,40
          Croatian,3865,380,20,45,75,80,50,65,45,65
          Czech,2800,250,20,25,35,50,35,65,25,40
          Danish,2570,235,10,25,20,25,25,100,25,35
          Dutch,11185,825,35,145,155,100,105,210,80,110
          Estonian,345,35,0,5,5,5,0,20,0,5
          Finnish,1705,120,10,15,10,25,20,30,10,20
          Flemish,215,25,0,0,5,5,5,10,0,0
          Fukien,835,55,5,0,5,15,15,5,10,15
          German,35140,2285,105,320,230,290,385,720,230,335
          Greek,3360,320,10,30,50,50,75,50,55,60
          Gujarati,3060,605,25,20,60,50,340,30,90,110
          Hakka,475,35,5,0,0,5,10,5,0,0
          Hebrew,970,30,5,0,0,0,5,10,5,10
          Hindi,11840,5860,230,130,725,265,2490,55,1970,2200
          Hungarian,4915,520,40,50,55,110,100,80,85,130
          Ilocano,1460,285,35,5,60,50,60,5,60,95
"          Indo-Iranian languages, n.i.e.",270,70,5,0,15,0,30,0,15,20
          Italian,12180,765,15,100,110,170,125,170,70,80
          Japanese,6840,355,15,35,50,80,60,65,45,60
          Khmer (Cambodian),695,290,15,30,70,35,70,5,70,85
          Korean,22350,3675,265,355,735,1565,140,545,65,335
          Kurdish,775,70,5,5,20,10,25,0,0,5
          Lao,550,280,10,10,140,70,15,0,35,45
          Latvian,300,25,0,0,0,0,5,15,0,0
          Lingala,15,0,0,0,0,0,0,0,5,0
          Lithuanian,190,15,0,0,5,0,0,5,0,0
          Macedonian,130,5,0,0,5,0,0,0,0,0
          Malay,1590,160,35,15,20,40,20,10,15,50
          Malayalam,730,200,10,5,35,15,95,5,30,45
          Maltese,110,5,5,5,0,0,5,5,0,0
          Mandarin,43630,4855,360,175,720,1595,480,1300,220,580
          Marathi,225,25,0,0,10,5,5,5,5,0
          Nepali,430,155,20,0,15,10,50,5,60,85
"          Niger-Congo languages, n.i.e.",250,70,20,5,5,15,10,0,15,35
          Norwegian,1155,95,5,10,10,5,10,35,20,25
          Oromo,185,20,0,0,0,10,5,0,0,5
          Panjabi (Punjabi),90900,46790,575,1615,5445,1375,25605,665,11500,12080
          Pashto,485,190,15,0,5,10,115,5,40,55
          Persian (Farsi),18270,1045,130,50,145,185,325,60,145,275
          Polish,8185,1340,135,120,185,375,200,120,200,335
          Portuguese,6990,660,40,75,140,95,120,80,110,150
          Romanian,4110,320,35,30,35,75,55,55,35,70
          Rundi (Kirundi),60,25,5,0,0,0,10,0,5,15
          Russian,10300,630,85,70,60,105,85,135,80,170
          Rwanda (Kinyarwanda),40,5,0,0,0,0,5,0,0,0
"          Semitic languages, n.i.e.",350,225,5,0,0,185,25,0,15,20
          Serbian,3425,250,30,20,20,65,30,55,30,60
          Serbo-Croatian,675,40,0,10,5,5,10,10,5,5
          Shanghainese,530,20,0,0,5,5,0,0,0,5
"          Sign languages, n.i.e.",335,45,0,10,5,5,15,5,5,5
          Sindhi,795,100,10,10,15,5,40,10,10,15
          Sinhala (Sinhalese),715,260,15,15,70,70,65,0,30,45
"          Sino-Tibetan languages, n.i.e.",400,160,25,0,10,20,0,5,105,125
"          Slavic languages, n.i.e.",270,20,5,5,5,5,0,5,5,5
          Slovak,1440,130,5,15,10,30,25,20,25,30
          Slovenian,595,50,0,10,10,5,10,10,10,10
          Somali,495,260,15,0,5,25,175,0,35,55
          Spanish,19325,2835,245,285,305,370,775,225,625,875
          Swahili,390,85,15,5,15,10,25,0,25,35
          Swedish,1195,60,5,5,5,15,5,15,10,15
"          Tagalog (Pilipino, Filipino)",25835,5955,470,275,1165,1560,1355,115,1015,1490
          Taiwanese,2640,360,15,15,55,130,50,90,15,30
          Tamil,1640,275,15,20,45,45,105,0,40,55
          Telugu,295,55,5,5,5,5,20,5,15,20
          Thai,725,60,15,5,10,10,5,5,10,30
          Tibetan languages,110,20,0,5,10,5,0,5,0,0
          Tigrigna,290,50,5,0,0,5,25,0,10,15
          Turkish,1655,95,10,5,10,30,35,15,5,15
          Ukrainian,4220,390,30,45,60,60,50,100,45,80
          Urdu,4310,2280,80,65,195,105,1425,65,350,430
          Vietnamese,11745,2855,155,150,840,705,415,25,570,720
          Yiddish,180,10,0,0,0,0,0,5,0,0
        Other languages,7455,640,70,35,85,95,170,30,160,235
    Multiple responses,39185,7480,400,485,1070,1050,2580,405,1480,1885
      English and French,4065,295,15,40,20,50,75,70,30,40
      English and non-official language,32875,6915,370,425,1005,965,2435,300,1410,1785
      French and non-official language,1520,160,15,10,25,20,35,20,30,45
"      English, French and non-official language",725,105,5,5,15,15,40,15,10,10
  Detailed mother tongue - Females excluding institutional residents,,,,,,,,,,
,2218965,234915,10875,27480,29810,29275,66360,35695,35430,46300
    Single responses,2175875,227160,10435,26965,28655,28195,63780,35215,33925,44360
      English,1536085,119705,5605,21180,13660,14045,24530,27165,13520,19120
      French,28965,1765,120,220,190,190,400,455,190,310
      Non-official languages,610825,105695,4715,5565,14805,13960,38845,7595,20215,24930
        Selected Aboriginal languages,675,40,0,0,0,5,10,5,15,15
          Atikamekw,0,0,0,0,0,0,0,0,0,0
"          Cree, n.o.s.",525,25,5,0,5,5,10,5,5,10
          Dene,35,0,0,0,0,0,0,0,0,0
          Innu/Montagnais,0,0,0,0,0,0,0,0,0,0
          Inuktitut,15,0,0,0,0,0,0,0,0,0
          Mi'kmaq,5,0,0,0,0,0,0,0,0,0
          Ojibway,90,10,0,0,0,0,5,5,0,5
          Oji-Cree,0,0,0,0,0,0,0,0,0,0
          Stoney,0,0,0,0,0,0,0,0,0,0
        Selected non-Aboriginal languages,602020,104975,4655,5520,14705,13860,38630,7550,20050,24700
"          African languages, n.i.e.",295,105,25,5,0,35,25,5,15,40
          Afrikaans,1405,85,0,15,5,10,10,40,0,0
          Akan (Twi),220,80,15,5,20,10,25,0,5,20
          Albanian,635,140,15,20,15,70,10,0,5,15
          Amharic,640,160,25,5,25,30,50,0,35,55
          Arabic,5545,1375,80,55,230,485,290,40,195,270
          Armenian,545,45,0,20,0,10,0,10,0,5
"          Bantu languages, n.i.e.",290,65,10,5,10,10,20,5,10,20
          Bengali,1145,225,15,5,30,50,70,15,45,65
          Berber languages (Kabyle),5,0,0,0,0,0,0,0,0,5
          Bisayan languages,2430,440,45,20,55,105,95,25,85,135
          Bosnian,640,65,10,5,10,25,20,5,5,10
          Bulgarian,985,40,10,0,10,5,5,15,0,5
          Burmese,460,110,35,5,10,20,10,0,30,65
          Cantonese,71455,2050,120,155,410,545,360,180,270,395
"          Chinese, n.o.s.",64310,4135,370,195,735,1150,460,850,375,745
          Creoles,320,115,15,5,10,30,30,0,30,45
          Croatian,3960,355,15,45,70,60,45,75,40,55
          Czech,2810,250,10,25,35,45,40,75,25,35
          Danish,2675,220,10,20,25,20,35,85,15,25
          Dutch,11895,940,30,150,195,110,120,265,65,95
          Estonian,475,45,0,5,5,5,5,30,0,5
          Finnish,2390,165,15,20,10,25,20,45,25,40
          Flemish,235,15,0,0,0,5,0,10,0,0
          Fukien,1080,70,5,0,10,25,15,5,10,15
          German,38485,2625,105,375,285,310,445,870,235,345
          Greek,2885,255,10,35,40,30,70,35,30,40
          Gujarati,3535,635,20,25,50,50,345,35,100,120
          Hakka,630,40,5,0,10,15,5,5,5,5
          Hebrew,790,20,5,5,0,0,10,10,0,5
          Hindi,12795,6370,240,140,730,265,2785,60,2145,2385
          Hungarian,4940,510,45,45,60,105,105,85,70,115
          Ilocano,2290,370,50,15,70,70,70,10,85,130
"          Indo-Iranian languages, n.i.e.",205,55,0,0,10,0,35,0,5,15
          Italian,11880,635,20,90,110,130,100,140,45,65
          Japanese,12825,595,45,55,75,110,115,120,75,125
          Khmer (Cambodian),765,305,20,25,75,35,70,0,75,100
          Korean,26625,4065,300,410,805,1710,145,620,80,380
          Kurdish,645,50,0,5,15,15,20,0,0,5
          Lao,605,295,5,20,145,65,25,0,40,45
          Latvian,315,10,0,0,5,0,0,0,0,0
          Lingala,15,0,0,0,0,0,0,0,0,0
          Lithuanian,245,15,5,5,0,5,5,5,0,0
          Macedonian,140,10,0,5,5,0,0,0,5,5
          Malay,1950,195,30,15,35,45,30,20,20,55
          Malayalam,725,190,10,5,40,15,85,5,25,40
          Maltese,115,5,0,5,0,5,5,5,0,0
          Mandarin,50425,5195,380,200,725,1700,535,1405,250,630
          Marathi,205,30,0,0,10,5,5,5,0,5
          Nepali,380,145,25,0,10,10,45,5,45,75
"          Niger-Congo languages, n.i.e.",220,65,15,5,0,10,15,0,15,25
          Norwegian,1215,115,5,20,20,5,20,35,15,20
          Oromo,135,25,0,0,0,15,10,0,0,0
          Panjabi (Punjabi),92020,46995,610,1680,5560,1415,25565,680,11485,12095
          Pashto,415,195,20,0,10,5,130,0,35,50
          Persian (Farsi),17780,985,115,40,130,170,340,45,135,255
          Polish,9275,1405,130,125,200,415,215,145,165,295
          Portuguese,7615,695,20,90,175,90,145,70,110,130
          Romanian,4220,310,25,35,30,75,55,60,35,60
          Rundi (Kirundi),80,25,5,0,0,5,5,0,5,15
          Russian,12345,740,105,60,70,125,125,160,90,195
          Rwanda (Kinyarwanda),45,10,0,5,0,0,10,0,0,5
"          Semitic languages, n.i.e.",345,225,5,0,5,175,20,0,10,15
          Serbian,3230,210,20,15,10,45,35,65,20,35
          Serbo-Croatian,755,40,5,5,5,10,5,10,5,10
          Shanghainese,715,20,5,0,5,10,0,5,0,5
"          Sign languages, n.i.e.",305,50,0,10,5,5,20,0,5,5
          Sindhi,975,115,5,10,20,5,55,10,5,15
          Sinhala (Sinhalese),690,275,15,10,70,80,65,5,30,45
"          Sino-Tibetan languages, n.i.e.",375,145,20,0,10,5,5,0,105,120
"          Slavic languages, n.i.e.",225,15,0,0,0,5,0,0,5,5
          Slovak,1780,165,10,30,10,35,25,25,25,35
          Slovenian,635,55,0,10,15,0,10,10,0,5
          Somali,480,275,20,0,5,35,185,0,30,50
          Spanish,21465,3025,250,310,320,430,895,255,575,820
          Swahili,365,75,15,5,10,5,15,5,15,30
          Swedish,1540,85,0,10,5,15,10,30,10,15
"          Tagalog (Pilipino, Filipino)",40285,7785,640,425,1420,1925,1745,320,1305,1950
          Taiwanese,3040,390,20,20,65,135,45,85,20,40
          Tamil,1500,255,5,20,55,40,85,5,35,45
          Telugu,270,45,5,5,5,5,15,5,10,20
          Thai,1675,140,15,15,30,15,25,25,15,30
          Tibetan languages,85,20,0,5,10,0,0,0,0,0
          Tigrigna,305,35,0,0,5,5,20,0,5,5
          Turkish,1235,90,10,5,5,20,25,15,5,10
          Ukrainian,5465,520,35,60,65,75,70,155,55,95
          Urdu,4135,2215,80,75,200,110,1345,55,355,435
          Vietnamese,13360,3185,200,170,935,750,440,30,655,860
          Yiddish,170,5,0,0,0,0,0,5,0,0
        Other languages,8125,685,55,40,95,100,200,35,160,215
    Multiple responses,43090,7755,440,515,1155,1080,2585,480,1505,1945
      English and French,4535,340,15,60,35,35,75,70,45,60
      English and non-official language,35925,7140,405,430,1075,1000,2445,370,1420,1820
      French and non-official language,1825,190,15,20,40,20,35,20,35,50
"      English, French and non-official language",810,85,5,0,10,25,25,10,10,15
Knowledge of official languages - Total population excluding institutional residents,4356205,465005,22270,54195,58645,57995,131925,68260,71720,93985
  English only,3912950,413830,20235,50510,53010,52200,113720,61385,62765,83000
  French only,2045,225,25,20,25,25,70,15,40,65
  English and French,296645,21305,1025,2715,2160,2525,4970,5545,2355,3380
  Neither English nor French,144560,29645,980,945,3460,3245,13155,1305,6550,7530
  Knowledge of official languages - Males excluding institutional residents,,,,,,,,,,
,2137240,230090,11390,26715,28840,28725,65565,32565,36295,47680
    English only,1943760,208255,10450,25160,26530,26185,57950,29565,32415,42870
    French only,950,105,10,10,10,10,30,10,20,35
    English and French,132940,9540,535,1175,960,1170,2190,2400,1115,1645
    Neither English nor French,59590,12195,395,370,1335,1360,5395,595,2745,3135
  Knowledge of official languages - Females excluding institutional residents,,,,,,,,,,
,2218965,234915,10875,27480,29810,29275,66360,35690,35430,46300
    English only,1969190,205575,9785,25350,26475,26020,55770,31820,30355,40135
    French only,1100,125,15,10,15,15,40,10,20,35
    English and French,163710,11770,495,1540,1200,1355,2785,3150,1245,1735
    Neither English nor French,84965,17450,585,575,2115,1885,7765,710,3810,4395
First official language spoken - Total population excluding institutional residents,4356205,465005,22265,54195,58650,58000,131925,68260,71720,93985
  English,4143250,429840,20935,52710,54570,54015,117290,65935,64385,85315
  French,53725,3510,265,430,360,430,805,790,435,700
  English and French,16930,2410,120,130,325,355,795,260,425,540
  Neither English nor French,142305,29250,950,925,3395,3200,13030,1275,6480,7425
  First official language spoken - Males excluding institutional residents,,,,,,,,,,
,2137240,230095,11390,26710,28845,28720,65560,32570,36295,47685
    English,2044365,215225,10800,26095,27190,26970,59470,31525,33175,43970
    French,26660,1750,155,205,180,240,390,350,230,385
    English and French,7710,1120,60,50,165,170,370,115,190,245
    Neither English nor French,58510,12000,380,355,1305,1340,5335,575,2700,3080
  First official language spoken - Females excluding institutional residents,,,,,,,,,,
,2218965,234915,10875,27480,29805,29280,66360,35695,35425,46300
    English,2098880,214615,10135,26615,27380,27040,57820,34415,31210,41345
    French,27065,1760,105,225,175,195,415,440,210,310
    English and French,9220,1290,60,75,160,185,425,145,235,300
    Neither English nor French,83790,17255,570,565,2090,1855,7700,695,3775,4350
Detailed language spoken most often at home - Total population excluding institutional residents,4356205,465010,22265,54190,58645,58000,131920,68260,71720,93985
  Single responses,4193380,429585,20565,52410,53390,53060,119095,66660,64405,84975
    English,3506600,291155,14735,47110,34890,35980,63645,59255,35530,50265
    French,16685,1045,70,120,115,145,295,195,115,185
    Non-official languages,670095,137385,5765,5175,18385,16935,55155,7210,28765,34525
      Selected Aboriginal languages,170,5,0,0,0,0,5,0,5,0
        Atikamekw,0,0,0,0,0,0,0,0,0,0
"        Cree, n.o.s.",135,10,0,0,0,0,0,0,5,0
        Dene,10,0,0,0,0,0,0,0,0,0
        Innu/Montagnais,0,0,0,0,0,0,0,0,0,0
        Inuktitut,10,0,0,0,0,0,0,0,0,0
        Mi'kmaq,0,0,0,0,0,0,0,0,0,0
        Ojibway,15,0,0,0,0,0,5,0,0,0
        Oji-Cree,5,0,0,0,0,0,0,0,0,0
        Stoney,0,0,0,0,0,0,0,0,0,0
      Selected non-Aboriginal languages,665750,136800,5700,5150,18330,16880,54980,7185,28575,34275
"        African languages, n.i.e.",185,95,10,0,5,30,25,10,15,25
        Afrikaans,1380,85,0,20,0,15,5,40,0,0
        Akan (Twi),120,45,5,5,5,5,25,0,0,5
        Albanian,700,160,25,20,15,75,20,5,10,35
        Amharic,555,135,15,5,25,15,55,0,20,35
        Arabic,7635,1875,135,55,245,715,435,30,260,395
        Armenian,490,30,5,5,0,0,5,5,10,10
"        Bantu languages, n.i.e.",115,35,5,5,0,0,15,0,5,5
        Bengali,1465,305,40,0,50,55,110,5,45,85
        Berber languages (Kabyle),0,0,0,0,0,0,0,0,0,0
        Bisayan languages,1260,290,30,10,20,80,80,15,55,85
        Bosnian,705,75,10,0,10,35,15,0,5,15
        Bulgarian,1080,45,5,10,10,5,5,10,0,10
        Burmese,585,185,60,10,10,30,10,0,65,125
        Cantonese,103550,2680,195,140,595,740,415,190,400,600
"        Chinese, n.o.s.",81265,5385,510,230,905,1575,500,1200,470,980
        Creoles,315,130,10,5,5,50,25,5,35,40
        Croatian,2545,205,5,20,45,45,25,35,30,35
        Czech,1575,175,15,5,25,50,20,35,25,40
        Danish,325,10,0,0,0,0,0,5,0,0
        Dutch,2225,120,0,5,30,0,25,35,20,20
        Estonian,110,15,0,0,0,0,0,10,0,0
        Finnish,795,40,0,0,0,10,5,15,5,5
        Flemish,50,0,0,0,0,0,0,0,0,0
        Fukien,690,45,10,0,5,15,5,0,10,20
        German,11555,515,20,55,40,65,70,205,65,80
        Greek,2105,175,5,15,35,35,50,20,20,20
        Gujarati,3050,645,25,15,45,50,375,20,125,145
        Hakka,320,15,5,0,0,5,5,0,0,0
        Hebrew,785,10,0,0,0,0,0,0,0,5
        Hindi,12390,6885,250,115,795,265,2975,35,2450,2705
        Hungarian,2565,285,35,20,20,70,70,20,45,80
        Ilocano,1185,215,25,5,65,30,35,10,50,80
"        Indo-Iranian languages, n.i.e.",175,50,0,0,15,0,20,5,15,15
        Italian,6250,275,10,30,60,60,50,55,25,25
        Japanese,9540,440,30,30,55,100,75,90,60,90
        Khmer (Cambodian),750,330,25,30,85,25,75,0,90,120
        Korean,38810,6365,480,635,1260,2760,180,935,110,590
        Kurdish,950,70,0,5,15,20,25,0,5,5
        Lao,545,350,5,10,175,85,20,0,55,55
        Latvian,105,5,0,0,0,0,0,5,0,0
        Lingala,10,0,0,0,0,0,0,0,0,0
        Lithuanian,65,5,0,0,0,0,0,0,0,0
        Macedonian,140,5,0,0,0,0,0,0,0,0
        Malay,1320,150,50,15,20,30,20,10,15,60
        Malayalam,690,190,15,5,35,10,105,0,20,30
        Maltese,20,0,0,0,0,0,0,0,0,0
        Mandarin,78070,8580,660,295,1260,2820,845,2330,365,1025
        Marathi,230,25,0,0,10,5,0,5,0,0
        Nepali,525,200,25,0,15,15,65,0,80,110
"        Niger-Congo languages, n.i.e.",140,40,10,0,5,5,5,0,15,20
        Norwegian,160,20,0,0,5,0,5,10,5,5
        Oromo,180,30,0,0,0,25,10,0,5,0
        Panjabi (Punjabi),137385,73620,900,2185,8135,1770,41095,730,18810,19715
        Pashto,565,250,15,0,5,5,160,0,55,75
        Persian (Farsi),24745,1345,165,50,210,230,440,50,200,365
        Polish,6395,1305,145,110,180,425,175,80,195,340
        Portuguese,5190,440,25,30,110,60,85,30,90,115
        Romanian,4155,295,25,15,40,50,60,70,35,55
        Rundi (Kirundi),75,30,10,0,0,5,15,0,5,15
        Russian,12205,815,145,40,80,145,125,165,110,260
        Rwanda (Kinyarwanda),25,0,0,0,0,0,0,0,0,0
"        Semitic languages, n.i.e.",465,340,10,0,10,280,30,0,15,25
        Serbian,4020,240,30,10,15,60,40,50,25,55
        Serbo-Croatian,615,30,5,5,0,10,0,0,5,10
        Shanghainese,555,25,10,5,5,10,0,0,0,10
"        Sign languages, n.i.e.",985,125,5,20,25,15,35,10,10,20
        Sindhi,675,90,10,5,25,0,45,5,5,20
        Sinhala (Sinhalese),600,265,15,5,70,85,70,5,20,35
"        Sino-Tibetan languages, n.i.e.",620,250,30,0,5,25,5,0,190,215
"        Slavic languages, n.i.e.",75,5,0,0,5,0,0,0,5,0
        Slovak,1080,105,10,5,5,20,10,15,30,35
        Slovenian,165,10,0,0,0,0,0,0,0,0
        Somali,625,380,20,0,0,50,255,0,50,75
        Spanish,20580,3375,305,305,375,450,970,200,770,1075
        Swahili,250,70,15,0,5,15,20,0,20,35
        Swedish,430,15,0,0,0,5,0,5,0,5
"        Tagalog (Pilipino, Filipino)",29380,6410,580,205,1150,1650,1505,85,1235,1815
        Taiwanese,2910,445,20,10,65,150,60,125,20,40
        Tamil,1965,320,5,10,60,55,120,0,60,70
        Telugu,285,65,5,5,0,5,25,5,30,30
        Thai,850,80,15,0,15,15,10,5,20,40
        Tibetan languages,100,15,0,0,10,5,0,0,0,0
        Tigrigna,295,35,10,0,5,0,20,0,5,10
        Turkish,1365,70,5,0,0,30,25,5,0,5
        Ukrainian,1070,190,10,15,35,35,25,35,45,50
        Urdu,5430,3265,120,70,280,135,2085,70,510,630
        Vietnamese,17270,4440,265,200,1390,1045,575,40,925,1190
        Yiddish,10,0,0,0,0,0,0,0,0,0
      Other languages,4180,575,60,25,55,55,175,25,180,245
  Multiple responses,162825,35420,1700,1790,5255,4945,12830,1600,7315,9015
    English and French,4700,405,15,40,40,60,105,95,45,60
    English and non-official language,155065,34500,1650,1720,5140,4805,12570,1460,7155,8805
    French and non-official language,930,140,15,0,15,15,20,15,55,65
"    English, French and non-official language",2130,385,20,25,60,60,130,30,55,80
  Detailed language spoken most often at home - Males excluding institutional residents,,,,,,,,,,
,2137240,230090,11395,26715,28840,28720,65565,32570,36290,47680
    Single responses,2059465,212510,10540,25850,26255,26275,59135,31840,32620,43165
      English,1733775,144725,7690,23335,17250,18050,31745,28330,18330,26020
      French,8020,505,40,55,55,80,135,80,60,95
      Non-official languages,317675,67275,2805,2465,8945,8145,27255,3425,14240,17045
        Selected Aboriginal languages,85,5,0,0,0,0,0,0,0,0
          Atikamekw,0,0,0,0,0,0,0,0,0,0
"          Cree, n.o.s.",65,5,0,0,0,0,0,0,0,0
          Dene,5,0,0,0,0,0,0,0,0,0
          Innu/Montagnais,0,0,0,0,0,0,0,0,0,0
          Inuktitut,0,0,0,0,0,0,0,0,0,0
          Mi'kmaq,0,0,0,0,0,0,0,0,0,0
          Ojibway,10,0,0,0,0,0,0,0,0,0
          Oji-Cree,0,0,0,0,0,0,0,0,0,0
          Stoney,0,0,0,0,0,0,0,0,0,0
        Selected non-Aboriginal languages,315485,66995,2780,2450,8925,8115,27170,3415,14140,16915
"          African languages, n.i.e.",80,35,5,0,5,10,5,5,5,10
          Afrikaans,690,45,0,10,0,10,0,20,0,0
          Akan (Twi),55,20,0,0,0,5,10,0,0,5
          Albanian,350,80,20,10,5,30,5,0,5,25
          Amharic,245,55,5,0,15,10,20,0,10,15
          Arabic,4065,945,80,25,125,355,215,15,135,210
          Armenian,245,15,0,0,0,0,0,5,5,5
"          Bantu languages, n.i.e.",50,10,0,0,0,0,5,0,5,0
          Bengali,715,145,25,0,25,20,55,5,25,45
          Berber languages (Kabyle),0,0,0,0,0,0,0,0,0,0
          Bisayan languages,540,140,15,5,10,35,35,10,30,45
          Bosnian,365,40,5,0,10,20,5,0,0,5
          Bulgarian,530,25,0,5,5,5,0,5,0,5
          Burmese,320,105,35,5,5,15,5,0,35,70
          Cantonese,47580,1280,95,65,290,360,185,90,200,295
"          Chinese, n.o.s.",37740,2565,255,110,430,755,235,555,235,485
          Creoles,145,65,5,0,5,25,15,0,20,20
          Croatian,1200,100,0,10,20,25,10,15,15,20
          Czech,795,90,10,0,10,25,10,20,15,20
          Danish,160,5,0,0,0,0,0,0,0,5
          Dutch,1055,55,0,5,10,0,10,15,10,10
          Estonian,45,0,0,0,0,0,0,0,0,0
          Finnish,350,15,5,0,0,0,0,10,0,5
          Flemish,25,0,0,0,0,0,0,0,0,0
          Fukien,310,20,0,0,5,5,5,0,5,10
          German,5435,240,10,25,20,25,30,90,35,40
          Greek,1010,85,0,5,15,20,25,5,10,15
          Gujarati,1335,305,15,10,25,20,180,10,55,70
          Hakka,145,10,0,0,0,5,5,0,0,0
          Hebrew,395,5,0,0,0,0,0,5,0,5
          Hindi,5900,3305,115,50,390,135,1425,15,1175,1290
          Hungarian,1235,145,20,10,10,30,40,10,25,40
          Ilocano,530,105,15,0,35,15,15,10,25,40
"          Indo-Iranian languages, n.i.e.",90,30,0,0,10,0,10,0,10,10
          Italian,2730,130,5,15,25,30,30,25,10,15
          Japanese,3985,200,10,15,15,50,35,45,25,35
          Khmer (Cambodian),365,165,10,15,40,15,35,5,50,55
          Korean,17985,3030,230,300,610,1315,90,435,45,275
          Kurdish,490,40,0,5,10,10,10,0,0,5
          Lao,270,170,5,0,90,45,5,0,25,25
          Latvian,50,0,0,0,0,0,0,0,0,0
          Lingala,5,0,0,0,0,0,0,0,0,0
          Lithuanian,30,0,0,0,0,0,0,0,0,0
          Macedonian,70,0,0,0,0,0,0,0,0,0
          Malay,660,75,30,5,5,15,5,5,10,35
          Malayalam,350,95,10,0,10,5,50,0,10,20
          Maltese,5,0,0,0,0,0,0,0,0,0
          Mandarin,36945,4200,335,150,635,1375,405,1130,175,510
          Marathi,120,15,0,0,5,0,5,5,0,0
          Nepali,275,100,15,0,5,5,35,0,40,60
"          Niger-Congo languages, n.i.e.",65,15,5,0,0,0,5,0,5,10
          Norwegian,85,10,0,0,0,0,0,5,0,0
          Oromo,85,15,0,0,0,10,0,0,5,0
          Panjabi (Punjabi),67960,36650,430,1055,4040,875,20500,360,9395,9820
          Pashto,300,120,10,0,5,0,75,5,30,35
          Persian (Farsi),12090,665,80,30,105,120,210,25,100,175
          Polish,3065,645,75,60,90,205,85,30,95,170
          Portuguese,2405,215,10,15,50,30,40,15,45,60
          Romanian,2050,145,10,10,25,25,30,30,20,30
          Rundi (Kirundi),25,15,5,0,0,0,5,0,0,5
          Russian,5880,395,75,25,35,65,60,75,55,130
          Rwanda (Kinyarwanda),10,0,0,0,0,0,0,0,0,0
"          Semitic languages, n.i.e.",230,170,5,0,0,140,15,0,5,10
          Serbian,2020,135,15,5,10,35,25,25,15,35
          Serbo-Croatian,300,15,0,5,0,5,0,0,5,5
          Shanghainese,255,15,5,0,5,5,0,0,0,5
"          Sign languages, n.i.e.",540,60,5,10,15,5,15,5,10,15
          Sindhi,290,45,10,0,15,0,20,0,0,5
          Sinhala (Sinhalese),295,125,10,5,30,35,40,0,10,20
"          Sino-Tibetan languages, n.i.e.",315,135,15,0,0,20,0,0,95,110
"          Slavic languages, n.i.e.",35,0,0,0,5,0,0,0,0,0
          Slovak,510,50,5,5,0,10,5,10,15,20
          Slovenian,65,10,0,0,0,0,0,5,0,0
          Somali,310,185,15,0,0,25,120,0,30,40
          Spanish,10025,1625,160,140,170,210,460,90,395,550
          Swahili,130,40,10,0,0,10,10,0,10,20
          Swedish,195,5,0,0,0,0,0,0,0,0
"          Tagalog (Pilipino, Filipino)",12780,2920,250,80,535,750,695,30,570,820
          Taiwanese,1390,225,5,5,35,70,30,60,10,20
          Tamil,1010,160,0,5,25,30,70,0,35,35
          Telugu,145,35,0,5,0,5,10,0,15,20
          Thai,375,30,5,0,0,5,5,0,10,20
          Tibetan languages,55,10,0,0,5,5,0,0,0,0
          Tigrigna,135,20,5,0,0,0,5,0,5,5
          Turkish,720,35,0,0,5,20,15,0,0,0
          Ukrainian,475,95,10,5,20,15,15,20,20,30
          Urdu,2700,1625,60,30,125,65,1055,40,245,305
          Vietnamese,8090,2080,120,95,645,495,280,25,420,535
          Yiddish,5,0,0,0,0,0,0,0,0,0
        Other languages,2100,280,30,15,20,30,85,10,95,125
    Multiple responses,77775,17580,850,865,2590,2450,6425,725,3675,4520
      English and French,2240,170,10,15,20,30,40,35,10,20
      English and non-official language,74160,17175,830,835,2540,2375,6320,670,3610,4440
      French and non-official language,435,70,5,0,10,10,10,5,25,35
"      English, French and non-official language",945,165,5,10,25,35,55,15,20,30
  Detailed language spoken most often at home - Females excluding institutional residents,,,,,,,,,,
,2218965,234915,10875,27480,29805,29275,66360,35695,35425,46300
    Single responses,2133920,217070,10020,26555,27140,26785,59960,34820,31785,41810
      English,1772825,146430,7040,23780,17645,17935,31900,30925,17205,24240
      French,8665,540,30,65,60,60,160,110,60,90
      Non-official languages,352430,70100,2955,2710,9435,8790,27900,3785,14525,17485
        Selected Aboriginal languages,85,5,0,0,0,0,5,0,5,5
          Atikamekw,0,0,0,0,0,0,0,0,0,0
"          Cree, n.o.s.",65,5,0,0,0,0,0,0,5,0
          Dene,5,0,0,0,0,0,0,0,0,0
          Innu/Montagnais,0,0,0,0,0,0,0,0,0,0
          Inuktitut,5,0,0,0,0,0,0,0,0,0
          Mi'kmaq,0,0,0,0,0,0,0,0,0,0
          Ojibway,10,5,0,0,0,0,0,0,0,0
          Oji-Cree,0,0,0,0,0,0,0,0,0,0
          Stoney,0,0,0,0,0,0,0,0,0,0
        Selected non-Aboriginal languages,350260,69800,2925,2695,9405,8765,27805,3770,14435,17360
"          African languages, n.i.e.",105,50,5,0,5,15,15,5,10,15
          Afrikaans,695,45,0,10,0,5,5,20,0,0
          Akan (Twi),65,25,5,0,5,0,15,0,0,5
          Albanian,350,85,10,10,10,40,15,5,5,10
          Amharic,310,75,10,0,10,5,35,0,15,20
          Arabic,3575,935,60,25,120,365,220,15,130,190
          Armenian,240,10,0,5,0,0,0,5,0,5
"          Bantu languages, n.i.e.",65,20,5,5,0,0,10,0,0,0
          Bengali,750,160,20,0,30,30,60,5,25,40
          Berber languages (Kabyle),0,0,0,0,0,0,0,0,0,0
          Bisayan languages,725,150,15,5,10,45,45,5,25,40
          Bosnian,335,35,0,0,5,20,5,0,0,5
          Bulgarian,555,20,5,5,5,5,0,5,0,5
          Burmese,265,80,30,5,5,15,5,0,25,50
          Cantonese,55970,1405,105,80,300,385,235,100,200,305
"          Chinese, n.o.s.",43525,2825,255,120,480,820,265,645,240,495
          Creoles,165,65,5,5,0,25,15,0,15,25
          Croatian,1340,105,0,10,25,20,15,20,15,20
          Czech,775,85,5,5,15,25,10,15,15,15
          Danish,165,5,0,0,0,0,0,5,0,0
          Dutch,1170,65,5,5,15,5,15,20,5,10
          Estonian,70,10,0,0,0,0,0,10,0,0
          Finnish,445,25,5,5,0,5,5,10,5,5
          Flemish,25,0,0,0,0,0,0,0,0,0
          Fukien,380,25,5,0,0,10,0,0,5,10
          German,6120,280,10,30,25,35,40,115,35,40
          Greek,1095,85,0,10,15,15,30,10,5,10
          Gujarati,1710,340,10,10,20,25,195,15,65,80
          Hakka,175,10,0,0,0,5,5,0,5,0
          Hebrew,390,5,0,0,0,0,5,0,0,0
          Hindi,6490,3585,135,65,410,130,1545,20,1275,1410
          Hungarian,1330,145,20,10,10,40,35,10,25,40
          Ilocano,660,110,15,0,30,15,20,5,30,40
"          Indo-Iranian languages, n.i.e.",85,30,0,0,5,0,15,5,5,10
          Italian,3525,145,5,15,30,30,30,30,15,15
          Japanese,5555,240,10,20,40,50,40,50,35,50
          Khmer (Cambodian),385,165,15,15,40,10,40,0,45,60
          Korean,20830,3330,255,335,650,1450,90,495,60,310
          Kurdish,460,30,0,0,5,10,10,0,0,0
          Lao,275,170,0,5,90,40,10,0,25,25
          Latvian,50,0,0,0,0,0,0,0,0,0
          Lingala,5,0,0,0,0,0,0,0,0,0
          Lithuanian,30,5,5,0,0,0,0,5,0,0
          Macedonian,70,0,0,0,0,0,0,0,0,5
          Malay,660,75,15,10,10,15,15,5,10,25
          Malayalam,340,100,5,5,20,5,55,0,10,15
          Maltese,10,0,0,0,0,0,0,0,0,0
          Mandarin,41130,4380,330,145,625,1440,440,1205,190,520
          Marathi,110,15,0,0,5,0,0,5,0,0
          Nepali,250,100,15,0,5,5,30,0,40,50
"          Niger-Congo languages, n.i.e.",75,20,5,0,5,5,5,5,10,10
          Norwegian,75,15,0,0,5,0,5,5,0,0
          Oromo,90,15,0,0,0,10,5,0,0,0
          Panjabi (Punjabi),69430,36970,470,1125,4095,895,20590,370,9420,9890
          Pashto,265,125,5,0,0,0,85,5,25,35
          Persian (Farsi),12655,685,85,25,105,120,225,25,100,190
          Polish,3330,660,75,55,90,215,90,45,90,170
          Portuguese,2785,225,10,15,65,30,45,15,45,60
          Romanian,2105,150,15,10,20,25,30,35,15,30
          Rundi (Kirundi),45,15,5,0,0,5,10,0,0,5
          Russian,6320,425,75,20,40,80,65,90,55,125
          Rwanda (Kinyarwanda),20,0,0,0,0,0,0,0,0,0
"          Semitic languages, n.i.e.",235,170,5,0,5,140,10,0,5,10
          Serbian,1995,110,10,5,5,20,20,25,15,25
          Serbo-Croatian,315,10,0,0,0,5,0,0,5,5
          Shanghainese,300,15,5,0,0,5,0,5,0,5
"          Sign languages, n.i.e.",450,65,5,10,10,10,20,0,0,10
          Sindhi,380,50,5,5,10,0,25,5,0,10
          Sinhala (Sinhalese),305,135,5,5,35,50,30,5,15,20
"          Sino-Tibetan languages, n.i.e.",300,120,10,0,5,10,5,0,95,105
"          Slavic languages, n.i.e.",45,5,0,0,0,0,0,0,0,0
          Slovak,570,55,5,5,5,10,10,10,10,15
          Slovenian,100,5,0,0,5,0,0,5,0,0
          Somali,315,200,10,0,0,30,135,0,25,35
          Spanish,10560,1745,145,165,200,245,510,110,380,520
          Swahili,125,35,0,0,5,10,10,0,10,15
          Swedish,230,10,0,0,0,5,0,5,5,5
"          Tagalog (Pilipino, Filipino)",16595,3490,330,120,615,905,805,50,670,995
          Taiwanese,1515,225,10,5,30,75,25,60,15,25
          Tamil,960,155,5,5,35,30,55,0,30,30
          Telugu,140,35,0,5,0,5,10,0,10,15
          Thai,475,45,10,0,10,10,10,5,10,15
          Tibetan languages,45,5,0,0,10,0,0,0,0,0
          Tigrigna,160,15,5,0,5,0,10,0,5,5
          Turkish,640,35,5,0,0,15,15,5,0,0
          Ukrainian,595,95,5,10,15,25,15,15,25,25
          Urdu,2725,1645,60,40,155,70,1025,30,265,325
          Vietnamese,9180,2360,145,105,740,545,295,20,500,645
          Yiddish,5,0,0,0,0,0,0,0,0,0
        Other languages,2080,290,35,10,30,30,95,10,90,120
    Multiple responses,85050,17845,850,925,2665,2495,6400,875,3640,4490
      English and French,2465,235,10,25,20,25,65,60,30,40
      English and non-official language,80910,17325,820,885,2605,2425,6245,790,3545,4365
      French and non-official language,495,65,5,5,5,10,10,10,30,35
"      English, French and non-official language",1190,220,15,10,35,30,75,20,35,55
Detailed other language spoken regularly at home - Total population excluding institutional residents,4356205,465005,22265,54195,58650,58000,131920,68260,71720,93985
  None,3740260,364500,17595,47675,43805,43760,97645,60525,53495,71085
  Single responses,604490,99030,4580,6420,14660,14025,33725,7625,17990,22570
    English,249760,48470,2030,2400,7120,6795,17480,2940,9700,11730
    French,38180,2430,160,385,205,255,520,605,295,455
    Non-official languages,316555,48130,2390,3635,7335,6970,15725,4075,8000,10385
      Selected Aboriginal languages,850,40,10,0,0,5,10,5,15,20
        Atikamekw,0,0,0,0,0,0,0,0,0,0
"        Cree, n.o.s.",700,25,5,0,0,5,5,0,10,15
        Dene,30,0,0,0,0,0,5,0,0,0
        Innu/Montagnais,0,0,0,0,0,0,0,0,0,0
        Inuktitut,20,5,0,0,0,0,0,0,0,0
        Mi'kmaq,15,0,0,0,0,0,0,0,0,0
        Ojibway,80,5,0,0,0,5,5,0,5,0
        Oji-Cree,0,0,0,0,0,0,0,0,0,0
        Stoney,0,0,0,0,0,0,0,0,0,0
      Selected non-Aboriginal languages,305360,47505,2325,3590,7250,6885,15525,4035,7880,10210
"        African languages, n.i.e.",310,75,20,0,10,10,10,0,25,45
        Afrikaans,1340,65,5,5,5,15,5,20,5,10
        Akan (Twi),260,100,15,5,20,15,35,0,5,25
        Albanian,405,70,10,15,15,25,5,0,5,5
        Amharic,460,110,25,0,15,20,25,0,25,50
        Arabic,3845,825,55,35,160,235,160,40,140,195
        Armenian,320,40,0,5,5,20,0,10,5,0
"        Bantu languages, n.i.e.",220,35,0,5,10,5,5,0,5,5
        Bengali,570,105,5,0,10,20,30,5,40,40
        Berber languages (Kabyle),5,0,0,0,0,0,0,0,0,0
        Bisayan languages,920,215,30,15,25,40,45,10,45,75
        Bosnian,395,45,5,0,10,5,10,10,0,5
        Bulgarian,495,20,5,0,10,0,0,0,5,5
        Burmese,235,45,15,0,5,10,5,0,10,20
        Cantonese,29240,1070,75,105,195,240,220,110,120,195
"        Chinese, n.o.s.",20595,1430,100,80,280,395,180,245,145,245
        Creoles,485,145,10,10,15,40,40,5,25,35
        Croatian,3195,305,15,40,60,60,50,60,25,40
        Czech,1940,155,10,15,15,25,30,50,15,25
        Danish,1705,150,10,15,15,15,20,70,10,20
        Dutch,6930,550,10,85,130,60,70,145,40,45
        Estonian,235,25,0,0,0,0,0,20,5,0
        Finnish,1290,105,10,20,5,10,20,25,15,20
        Flemish,125,15,0,0,0,5,0,0,0,0
        Fukien,670,30,0,5,5,10,10,10,0,5
        German,23900,1555,65,205,175,195,285,500,140,205
        Greek,3310,330,10,60,50,45,70,50,45,60
        Gujarati,3190,505,20,40,65,45,235,55,55,70
        Hakka,315,15,0,0,5,5,5,5,0,5
        Hebrew,1085,35,5,5,0,5,5,5,5,10
        Hindi,12695,5600,195,155,665,275,2495,95,1715,1910
        Hungarian,2950,325,30,30,45,70,50,55,45,75
        Ilocano,950,155,25,10,20,45,25,5,30,55
"        Indo-Iranian languages, n.i.e.",175,40,0,0,0,5,20,5,5,5
        Italian,9605,590,20,100,100,115,85,125,50,70
        Japanese,9055,455,35,55,75,80,75,75,60,90
        Khmer (Cambodian),365,150,15,10,35,25,40,5,25,40
        Korean,6890,930,50,90,165,390,65,145,25,75
        Kurdish,270,20,5,0,0,5,10,0,0,0
        Lao,410,190,5,20,95,40,5,0,25,30
        Latvian,125,5,0,0,0,0,5,0,0,0
        Lingala,65,5,0,0,0,0,0,0,0,5
        Lithuanian,115,5,0,0,0,0,0,0,0,0
        Macedonian,65,5,0,5,0,0,0,0,0,0
        Malay,1445,170,15,10,30,50,25,15,20,40
        Malayalam,520,125,15,10,25,15,35,5,30,40
        Maltese,75,5,0,0,5,0,0,0,0,0
        Mandarin,17920,1500,75,70,195,530,190,325,115,185
        Marathi,130,20,5,0,5,5,10,5,0,0
        Nepali,155,65,10,0,10,0,20,5,15,30
"        Niger-Congo languages, n.i.e.",290,90,10,10,10,15,15,0,20,30
        Norwegian,720,60,0,5,10,5,15,15,5,10
        Oromo,65,5,0,0,0,0,5,0,0,0
        Panjabi (Punjabi),34010,14800,245,1055,2235,815,7215,570,2670,2915
        Pashto,235,100,10,0,5,0,80,0,5,15
        Persian (Farsi),7025,420,45,25,40,70,145,35,55,105
        Polish,5450,815,55,80,155,215,110,95,110,170
        Portuguese,5640,520,35,70,105,75,95,60,85,115
        Romanian,2405,210,20,20,10,75,35,25,20,40
        Rundi (Kirundi),45,20,0,0,5,5,5,0,5,5
        Russian,6140,330,45,40,30,65,55,75,25,65
        Rwanda (Kinyarwanda),30,10,0,5,0,0,5,0,0,5
"        Semitic languages, n.i.e.",160,105,0,0,0,85,15,0,0,0
        Serbian,1855,140,10,30,5,40,20,35,10,20
        Serbo-Croatian,435,25,0,0,5,5,5,10,5,5
        Shanghainese,485,30,5,0,0,5,5,10,0,0
"        Sign languages, n.i.e.",865,80,5,25,5,10,20,10,10,15
        Sindhi,930,90,5,15,10,0,45,15,5,10
        Sinhala (Sinhalese),575,215,10,20,60,45,40,0,40,45
"        Sino-Tibetan languages, n.i.e.",65,5,0,0,0,0,0,0,5,5
"        Slavic languages, n.i.e.",150,5,5,0,0,0,0,0,5,10
        Slovak,1035,115,5,20,5,30,25,20,15,20
        Slovenian,345,30,0,5,5,0,10,5,0,0
        Somali,365,150,10,0,5,25,100,0,10,20
        Spanish,20930,2310,185,270,250,310,650,265,385,570
        Swahili,580,125,20,10,15,15,40,0,20,40
        Swedish,1225,55,5,5,5,10,5,10,5,15
"        Tagalog (Pilipino, Filipino)",24810,4795,365,315,895,1140,1100,220,760,1130
        Taiwanese,2675,355,20,15,70,130,35,75,10,30
        Tamil,915,190,20,15,40,25,60,5,25,50
        Telugu,195,25,0,5,0,5,10,0,5,5
        Thai,1110,110,10,15,20,15,15,20,10,20
        Tibetan languages,50,15,0,0,5,0,0,5,0,0
        Tigrigna,180,35,0,5,0,5,20,0,5,10
        Turkish,1025,95,10,0,10,15,30,15,15,25
        Ukrainian,1930,175,20,20,25,20,20,40,25,45
        Urdu,2430,985,40,55,75,55,560,50,145,190
        Vietnamese,5945,1305,90,80,345,345,195,15,250,335
        Yiddish,85,10,0,0,0,0,0,10,0,0
      Other languages,10345,595,55,45,80,80,190,40,100,155
  Multiple responses,11455,1475,90,105,180,210,550,105,235,325
    English and French,1090,150,10,5,5,20,65,10,25,35
    English and non-official language,4540,805,35,45,105,110,350,35,125,165
    French and non-official language,5755,505,40,50,65,75,125,60,85,125
"    English, French and non-official language",65,10,0,0,0,0,10,0,0,5
  Detailed other language spoken regularly at home - Males excluding institutional residents,,,,,,,,,,
,2137240,230090,11395,26710,28840,28720,65565,32565,36290,47685
    None,1844650,180800,9120,23640,21585,21825,48425,29050,27155,36270
    Single responses,287270,48570,2225,3025,7175,6795,16845,3470,9030,11255
      English,122305,24470,1005,1180,3590,3355,9005,1390,4945,5950
      French,17315,1150,80,160,100,135,235,265,165,250
      Non-official languages,147655,22950,1135,1685,3485,3305,7610,1810,3920,5050
        Selected Aboriginal languages,400,10,0,0,0,0,0,0,5,10
          Atikamekw,0,0,0,0,0,0,0,0,0,0
"          Cree, n.o.s.",340,10,5,0,0,0,5,0,5,10
          Dene,15,0,0,0,0,0,0,0,0,0
          Innu/Montagnais,0,0,0,0,0,0,0,0,0,0
          Inuktitut,10,0,0,0,0,0,0,0,0,0
          Mi'kmaq,5,0,0,0,0,0,0,0,0,0
          Ojibway,30,5,0,0,0,0,0,0,0,0
          Oji-Cree,0,0,0,0,0,0,0,0,0,0
          Stoney,0,0,0,0,0,0,0,0,0,0
        Selected non-Aboriginal languages,142340,22675,1110,1670,3455,3270,7520,1790,3865,4975
"          African languages, n.i.e.",170,40,5,0,5,5,0,0,20,25
          Afrikaans,645,35,0,5,5,5,5,10,5,5
          Akan (Twi),135,55,5,5,10,5,15,5,10,15
          Albanian,200,35,5,10,5,10,0,0,0,5
          Amharic,220,50,10,0,10,10,10,0,10,20
          Arabic,2275,430,35,20,85,120,85,15,80,110
          Armenian,160,20,0,0,5,10,0,0,0,0
"          Bantu languages, n.i.e.",95,10,0,5,5,5,5,0,0,0
          Bengali,285,50,5,0,5,15,15,0,15,20
          Berber languages (Kabyle),0,0,0,0,0,0,0,0,0,0
          Bisayan languages,345,90,10,10,10,15,20,0,25,30
          Bosnian,190,30,0,0,5,5,10,5,0,5
          Bulgarian,215,10,5,0,5,0,0,0,0,0
          Burmese,110,20,10,0,5,5,0,0,5,10
          Cantonese,13950,490,35,50,105,100,105,55,60,90
"          Chinese, n.o.s.",9830,640,40,35,130,165,85,110,75,110
          Creoles,255,75,5,5,10,20,15,0,10,20
          Croatian,1580,160,10,25,30,35,25,30,10,20
          Czech,900,65,5,5,5,10,10,20,5,10
          Danish,765,70,5,5,10,5,10,25,10,10
          Dutch,3125,240,5,40,55,30,25,65,20,25
          Estonian,100,15,0,0,5,0,0,5,0,0
          Finnish,545,55,0,10,0,10,10,15,5,10
          Flemish,55,5,0,0,0,0,0,0,0,0
          Fukien,295,15,0,5,0,5,0,5,0,5
          German,10935,680,35,90,70,95,115,205,70,105
          Greek,1730,175,0,25,25,25,40,35,30,35
          Gujarati,1485,250,5,20,35,20,120,25,25,35
          Hakka,140,5,0,0,0,0,5,0,0,0
          Hebrew,575,20,5,0,0,5,0,0,5,5
          Hindi,6190,2715,100,75,325,125,1200,50,840,935
          Hungarian,1410,155,15,20,25,35,20,25,25,40
          Ilocano,360,60,5,5,15,15,5,0,15,25
"          Indo-Iranian languages, n.i.e.",90,15,0,0,0,0,10,5,0,5
          Italian,4715,305,10,50,45,65,40,65,30,40
          Japanese,3630,180,5,25,35,30,30,30,30,35
          Khmer (Cambodian),170,70,10,10,10,10,20,0,10,20
          Korean,3125,455,25,35,80,195,30,75,20,40
          Kurdish,160,10,5,0,0,5,5,0,0,5
          Lao,200,90,5,5,45,15,0,0,15,20
          Latvian,50,5,0,0,0,0,5,0,0,0
          Lingala,25,0,0,0,0,0,0,0,5,0
          Lithuanian,55,0,0,0,0,5,0,0,0,5
          Macedonian,30,5,0,0,0,0,0,0,0,0
          Malay,645,75,10,5,15,20,10,5,5,20
          Malayalam,260,60,5,0,10,5,20,0,10,20
          Maltese,30,0,0,0,5,0,0,0,0,0
          Mandarin,8145,715,40,30,95,255,90,155,50,85
          Marathi,65,10,0,0,0,5,0,0,0,0
          Nepali,80,35,5,0,5,0,10,0,10,10
"          Niger-Congo languages, n.i.e.",155,50,5,15,5,5,5,5,10,15
          Norwegian,335,25,5,5,5,0,5,5,0,5
          Oromo,40,0,0,0,0,0,0,0,0,0
          Panjabi (Punjabi),17040,7365,120,515,1080,425,3610,275,1340,1465
          Pashto,120,45,10,0,5,0,35,0,5,10
          Persian (Farsi),3725,225,20,15,15,45,75,20,35,55
          Polish,2475,380,30,35,70,90,50,35,65,95
          Portuguese,2625,230,20,30,40,40,40,25,45,55
          Romanian,1140,95,10,10,5,30,15,15,10,25
          Rundi (Kirundi),20,10,0,0,0,0,5,0,5,0
          Russian,2720,140,20,20,15,30,25,30,15,25
          Rwanda (Kinyarwanda),15,5,0,0,0,0,0,0,0,0
"          Semitic languages, n.i.e.",90,55,0,0,0,40,5,0,0,0
          Serbian,955,80,5,15,5,20,10,15,5,15
          Serbo-Croatian,190,15,0,0,5,0,5,5,0,0
          Shanghainese,220,15,0,0,0,5,5,0,0,0
"          Sign languages, n.i.e.",345,35,5,10,5,5,10,10,0,5
          Sindhi,395,40,0,5,5,0,20,5,5,5
          Sinhala (Sinhalese),285,105,5,10,30,25,20,0,20,20
"          Sino-Tibetan languages, n.i.e.",30,5,5,0,0,0,0,0,5,5
"          Slavic languages, n.i.e.",75,5,0,0,0,0,0,0,0,5
          Slovak,405,50,0,10,0,10,15,5,10,10
          Slovenian,155,15,0,5,5,0,0,0,0,0
          Somali,190,80,5,0,0,15,55,0,5,15
          Spanish,10065,1145,90,140,130,150,320,115,200,290
          Swahili,280,55,10,5,5,5,15,5,10,20
          Swedish,535,25,5,5,0,5,5,5,5,10
"          Tagalog (Pilipino, Filipino)",9040,1970,155,120,390,490,455,60,305,460
          Taiwanese,1275,165,10,5,35,60,15,35,0,15
          Tamil,480,95,10,10,15,10,30,5,10,20
          Telugu,100,15,0,0,0,0,10,0,5,0
          Thai,370,35,5,0,5,0,0,5,5,10
          Tibetan languages,30,5,0,5,0,0,0,0,0,0
          Tigrigna,85,15,0,5,0,0,10,0,5,0
          Turkish,575,50,5,5,5,5,15,10,10,10
          Ukrainian,835,75,10,5,10,10,10,15,10,20
          Urdu,1255,510,20,25,40,30,290,30,80,100
          Vietnamese,2885,635,40,35,175,170,95,0,115,155
          Yiddish,40,5,0,0,0,0,0,5,0,0
        Other languages,4910,260,25,20,30,30,90,20,45,70
    Multiple responses,5325,725,50,50,80,100,285,45,110,160
      English and French,495,80,10,0,0,15,35,5,15,20
      English and non-official language,2185,420,20,20,55,50,190,20,60,80
      French and non-official language,2610,225,20,30,20,30,60,30,40,55
"      English, French and non-official language",25,5,0,0,0,0,0,0,0,0
  Detailed other language spoken regularly at home - Females excluding institutional residents,,,,,,,,,,
,2218965,234915,10875,27480,29805,29275,66360,35695,35430,46300
    None,1895615,183705,8475,24035,22220,21940,49215,31475,26345,34815
    Single responses,317220,50460,2355,3395,7490,7225,16880,4155,8960,11320
      English,127455,24000,1030,1220,3530,3440,8475,1550,4755,5780
      French,20865,1285,80,225,105,120,285,340,125,205
      Non-official languages,168900,25185,1250,1950,3855,3670,8115,2270,4080,5330
        Selected Aboriginal languages,445,30,5,0,0,0,5,0,10,15
          Atikamekw,0,0,0,0,0,0,0,0,0,0
"          Cree, n.o.s.",360,20,5,0,0,5,5,0,5,10
          Dene,20,5,0,0,0,0,5,0,0,0
          Innu/Montagnais,0,0,0,0,0,0,0,0,0,0
          Inuktitut,10,0,0,0,0,0,0,5,0,0
          Mi'kmaq,5,0,0,0,0,0,0,0,0,0
          Ojibway,45,5,0,0,0,0,5,0,5,5
          Oji-Cree,0,0,0,0,0,0,0,0,0,0
          Stoney,0,0,0,0,0,0,0,0,0,0
        Selected non-Aboriginal languages,163020,24825,1215,1920,3805,3615,8010,2245,4015,5230
"          African languages, n.i.e.",140,40,15,0,5,10,5,0,10,20
          Afrikaans,690,30,0,0,5,10,5,10,5,5
          Akan (Twi),125,45,10,0,10,5,15,0,0,15
          Albanian,205,40,0,5,10,10,5,0,0,5
          Amharic,240,60,15,0,5,10,20,0,15,30
          Arabic,1565,400,20,20,75,110,80,25,60,85
          Armenian,165,15,0,5,0,5,0,5,5,5
"          Bantu languages, n.i.e.",125,20,5,0,5,10,5,0,0,5
          Bengali,285,55,0,5,0,10,20,5,20,20
          Berber languages (Kabyle),5,0,0,0,0,0,0,0,0,0
          Bisayan languages,575,120,20,10,15,25,25,5,20,40
          Bosnian,205,20,5,0,5,0,5,5,0,0
          Bulgarian,275,10,0,0,0,0,0,0,0,5
          Burmese,130,25,10,0,5,5,0,0,5,10
          Cantonese,15290,575,40,60,95,140,120,60,65,105
"          Chinese, n.o.s.",10760,785,65,45,150,230,90,140,65,130
          Creoles,235,70,5,5,10,20,20,0,10,15
          Croatian,1615,140,10,15,25,30,25,25,15,20
          Czech,1045,95,0,15,10,10,20,25,15,15
          Danish,940,80,10,5,10,10,5,35,5,10
          Dutch,3805,310,5,45,80,30,45,85,15,25
          Estonian,130,10,0,0,0,0,0,10,0,0
          Finnish,745,55,5,10,5,5,5,15,10,15
          Flemish,70,5,0,0,5,5,0,0,0,0
          Fukien,380,20,0,0,5,5,0,5,0,5
          German,12965,875,30,115,105,100,165,295,70,105
          Greek,1585,155,10,35,25,20,30,20,15,20
          Gujarati,1705,255,10,20,30,20,115,25,25,35
          Hakka,175,15,0,0,0,5,0,5,0,0
          Hebrew,510,15,0,0,0,5,0,5,0,0
          Hindi,6500,2890,100,80,345,150,1290,45,880,975
          Hungarian,1545,170,15,15,20,35,30,30,25,35
          Ilocano,590,90,10,0,10,25,15,5,25,35
"          Indo-Iranian languages, n.i.e.",85,15,0,0,0,0,10,0,5,0
          Italian,4890,280,5,50,50,55,40,60,20,30
          Japanese,5420,275,25,35,50,45,45,50,30,55
          Khmer (Cambodian),195,85,5,10,20,15,15,0,15,20
          Korean,3770,475,25,50,85,195,35,75,15,40
          Kurdish,110,10,0,0,0,0,5,0,0,0
          Lao,210,100,0,10,50,25,5,5,10,15
          Latvian,75,5,0,0,0,0,5,0,0,0
          Lingala,40,5,0,0,0,0,0,0,0,5
          Lithuanian,60,5,0,0,0,0,0,0,0,0
          Macedonian,35,5,0,0,0,0,0,0,0,0
          Malay,805,95,5,5,20,25,15,10,10,20
          Malayalam,260,65,10,0,15,5,20,0,10,15
          Maltese,45,0,0,0,0,0,0,0,0,0
          Mandarin,9775,785,40,45,100,275,100,170,60,95
          Marathi,65,10,0,0,0,5,5,0,0,0
          Nepali,75,30,10,0,5,0,10,0,5,15
"          Niger-Congo languages, n.i.e.",140,35,5,0,5,5,10,0,5,15
          Norwegian,385,35,0,5,5,0,10,10,5,5
          Oromo,25,5,0,0,0,0,0,0,5,0
          Panjabi (Punjabi),16970,7435,120,540,1150,395,3605,295,1330,1450
          Pashto,120,55,5,0,5,0,45,0,5,10
          Persian (Farsi),3300,195,20,10,25,25,75,15,25,45
          Polish,2975,435,25,40,80,120,60,55,45,75
          Portuguese,3015,295,20,40,60,40,55,35,45,60
          Romanian,1270,110,5,10,5,40,20,15,15,15
          Rundi (Kirundi),25,10,0,0,5,0,0,0,0,0
          Russian,3425,190,25,25,20,35,30,40,15,35
          Rwanda (Kinyarwanda),20,5,0,5,0,0,5,0,5,0
"          Semitic languages, n.i.e.",75,55,0,0,5,40,10,0,0,5
          Serbian,900,60,5,15,0,20,10,15,0,5
          Serbo-Croatian,240,10,5,0,0,0,5,5,0,5
          Shanghainese,265,15,0,0,0,5,5,5,0,0
"          Sign languages, n.i.e.",520,45,0,15,0,0,15,5,5,10
          Sindhi,530,50,0,5,5,0,30,5,5,5
          Sinhala (Sinhalese),290,105,0,10,30,25,20,0,20,20
"          Sino-Tibetan languages, n.i.e.",35,5,0,0,0,0,0,0,5,5
"          Slavic languages, n.i.e.",75,5,0,0,5,0,0,0,5,5
          Slovak,635,70,0,15,5,15,10,10,10,10
          Slovenian,185,20,0,0,5,0,5,0,5,5
          Somali,175,70,10,0,0,10,45,0,5,10
          Spanish,10865,1165,90,125,125,155,325,150,190,280
          Swahili,300,70,10,10,5,10,25,5,10,20
          Swedish,685,25,5,0,0,5,0,5,5,10
"          Tagalog (Pilipino, Filipino)",15770,2830,210,195,510,650,645,160,455,670
          Taiwanese,1395,185,10,10,35,65,20,40,5,15
          Tamil,430,100,10,5,20,15,35,0,15,25
          Telugu,90,10,0,0,0,0,5,0,0,0
          Thai,740,75,5,10,15,10,10,15,5,10
          Tibetan languages,20,5,0,0,0,0,0,0,0,0
          Tigrigna,90,20,0,0,0,5,10,0,5,5
          Turkish,445,50,5,5,5,10,20,5,5,5
          Ukrainian,1095,100,10,15,15,10,10,25,15,25
          Urdu,1170,475,25,30,35,25,275,25,70,90
          Vietnamese,3060,670,50,45,165,175,95,5,130,180
          Yiddish,50,5,0,0,0,0,0,5,0,5
        Other languages,5435,330,30,25,50,50,100,20,55,85
    Multiple responses,6130,750,45,50,100,110,265,55,120,170
      English and French,595,70,0,0,10,5,35,5,15,10
      English and non-official language,2350,390,20,25,50,60,155,20,65,80
      French and non-official language,3140,285,25,25,40,45,65,40,45,70
"      English, French and non-official language",40,5,0,0,0,0,5,0,0,0
